"Cites","Authors","Title","Year","Source","Publisher","ArticleURL","CitesURL","GSRank","QueryDate","Type","DOI","ISSN","CitationURL","Volume","Issue","StartPage","EndPage","ECC","CitesPerYear","CitesPerAuthor","AuthorCount","Age","Abstract","FullTextURL","RelatedURL"
20,"A Alba, JM Arranz, F Muñoz-Bullón","Re-employment probabilities of unemployment benefit recipients",2012,"Applied Economics","Taylor & Francis","https://www.tandfonline.com/doi/abs/10.1080/00036846.2011.579067","https://scholar.google.com/scholar?cites=18048093170604344785&as_sdt=2005&sciodt=0,5&hl=en",650,"2022-08-15 21:28:05","","10.1080/00036846.2011.579067",NA,NA,NA,NA,NA,NA,20,2,7,3,10,"… time of exhaustion of benefits. However, this happens only for workers receiving Unemployment Insurance … In particular, the effect of entitlement benefit duration on the hazard rate out of …","https://www.tandfonline.com/doi/pdf/10.1080/00036846.2011.579067","https://scholar.google.com/scholar?q=related:0YUGox21d_oJ:scholar.google.com/&scioq=duration+%22standard+error%22%7C%22standard+errors%22%7Cpbd%7C%22benefit+duration%22%7Cwba%7C%22weekly+benefit+amount%22%7C%22replacement+rate%22+%22unemployment+insurance%22&hl=en&as_sdt=0,5"
99,"A Barr, S Turner","Out of work and into school: Labor market policies and college enrollment during the Great Recession",2015,"Journal of Public Economics","Elsevier","https://www.sciencedirect.com/science/article/pii/S0047272714002552","https://scholar.google.com/scholar?cites=2762075605929279906&as_sdt=2005&sciodt=0,5&hl=en",598,"2022-08-15 21:28:05","","",NA,NA,NA,NA,NA,NA,99,14.14,50,2,7,"… impact of the length of unemployment insurance duration on the … , using the benefit duration available to individuals at the … We combine employment status and unemployment duration …","","https://scholar.google.com/scholar?q=related:osEvJiHdVCYJ:scholar.google.com/&scioq=duration+%22standard+error%22%7C%22standard+errors%22%7Cpbd%7C%22benefit+duration%22%7Cwba%7C%22weekly+benefit+amount%22%7C%22replacement+rate%22+%22unemployment+insurance%22&hl=en&as_sdt=0,5"
1,"A Bell, TJ Hedin, P Mannino, R Moghadam…","Estimating the Disparate Cumulative Impact of the Pandemic in Administrative Unemployment Insurance Data",2022,"AEA Papers and …","aeaweb.org","https://www.aeaweb.org/articles?id=10.1257/pandp.20221008","https://scholar.google.com/scholar?cites=10271289598398612999&as_sdt=2005&sciodt=0,5&hl=en",194,"2022-08-15 21:28:05","","",NA,NA,NA,NA,NA,NA,1,1,0,5,1,"… benefit duration well over 26 weeks. In regular economic times, considering mean total UI duration or … 7 It is also the case that not all claimants qualify for the maximum benefit duration, …","",""
98,"A Björklund","Unemployment and income distribution: time-series evidence from Sweden",1991,"The Scandinavian Journal of Economics","JSTOR","https://www.jstor.org/stable/3440187","https://scholar.google.com/scholar?cites=5544843596327457430&as_sdt=2005&sciodt=0,5&hl=en",568,"2022-08-15 21:28:05","","",NA,NA,NA,NA,NA,NA,98,3.16,98,1,31,"… For a long time, Swedish politicians have been devoted to keeping unemployment at low … Further, the Swedish unemployment insurance system replaces only about 70 per cent of …","","https://scholar.google.com/scholar?q=related:lpIyft8980wJ:scholar.google.com/&scioq=duration+%22standard+error%22%7C%22standard+errors%22%7Cpbd%7C%22benefit+duration%22%7Cwba%7C%22weekly+benefit+amount%22%7C%22replacement+rate%22+%22unemployment+insurance%22&hl=en&as_sdt=0,5"
17,"A De Serres, F Murtin","Unemployment at risk: the policy determinants of labour market exposure to economic shocks",2014,"Economic Policy","academic.oup.com","https://academic.oup.com/economicpolicy/article-abstract/29/80/603/2918410","https://scholar.google.com/scholar?cites=14830428245485307510&as_sdt=2005&sciodt=0,5&hl=en",983,"2022-08-15 21:28:05","","",NA,NA,NA,NA,NA,NA,17,2.13,9,2,8,"… duration is calculated as the average replacement rate over a period of 5 years divided by the initial replacement rate… average net replacement rate of unemployment insurance benefits, …","https://www.economic-policy.org/wp-content/uploads/2013/10/de-serres-murtin.pdf","https://scholar.google.com/scholar?q=related:dkYSD-pD0M0J:scholar.google.com/&scioq=duration+%22standard+error%22%7C%22standard+errors%22%7Cpbd%7C%22benefit+duration%22%7Cwba%7C%22weekly+benefit+amount%22%7C%22replacement+rate%22+%22unemployment+insurance%22&hl=en&as_sdt=0,5"
68,"A Ebenstein, K Stange","Does inconvenience explain low take‐up? Evidence from unemployment insurance",2010,"Journal of Policy Analysis and …","Wiley Online Library","https://onlinelibrary.wiley.com/doi/abs/10.1002/pam.20481","https://scholar.google.com/scholar?cites=13769475199815036781&as_sdt=2005&sciodt=0,5&hl=en",307,"2022-08-15 21:28:05","","10.1002/pam.20481",NA,NA,NA,NA,NA,NA,68,5.67,34,2,12,"… 23 A two-hour application time reduction is equivalent to a 1 … , a 40 percent replacement rate, and 14 weeks expected duration. … to that derived using our state-clustered standard errors. …","https://deepblue.lib.umich.edu/bitstream/handle/2027.42/64570/20481_ftp.pdf?sequence=1","https://scholar.google.com/scholar?q=related:ba-GjL0AF78J:scholar.google.com/&scioq=duration+%22standard+error%22%7C%22standard+errors%22%7Cpbd%7C%22benefit+duration%22%7Cwba%7C%22weekly+benefit+amount%22%7C%22replacement+rate%22+%22unemployment+insurance%22&hl=en&as_sdt=0,5"
13,"A Godøy, K Røed","Unemployment insurance and underemployment",2016,"Labour","Wiley Online Library","https://onlinelibrary.wiley.com/doi/abs/10.1111/labr.12066","https://scholar.google.com/scholar?cites=13222998598315759750&as_sdt=2005&sciodt=0,5&hl=en",361,"2022-08-15 21:28:05","","10.1111/labr.12066",NA,NA,NA,NA,NA,NA,13,2.17,7,2,6,"… , statistical inference is seriously limited by large standard errors. Based on Danish data, … maximum benefit duration is 24 months for all workers in the sample, the average spell duration …","https://www.econstor.eu/bitstream/10419/93290/1/dp7913.pdf","https://scholar.google.com/scholar?q=related:hlgZriqHgbcJ:scholar.google.com/&scioq=duration+%22standard+error%22%7C%22standard+errors%22%7Cpbd%7C%22benefit+duration%22%7Cwba%7C%22weekly+benefit+amount%22%7C%22replacement+rate%22+%22unemployment+insurance%22&hl=en&as_sdt=0,5"
881,"A Han, JA Hausman","Flexible parametric estimation of duration and competing risk models",1990,"Journal of applied Econometrics","Wiley Online Library","https://onlinelibrary.wiley.com/doi/abs/10.1002/jae.3950050102","https://scholar.google.com/scholar?cites=14114617686925188017&as_sdt=2005&sciodt=0,5&hl=en",366,"2022-08-15 21:28:05","","10.1002/jae.3950050102",NA,NA,NA,NA,NA,NA,881,27.53,441,2,32,"… duration and competing risks specifications. We find an important effect arising from the exhaustion of unemployment insurance … and federal rules which govern benefit duration. l 3 The …","","https://scholar.google.com/scholar?q=related:sRuf-QAy4cMJ:scholar.google.com/&scioq=duration+%22standard+error%22%7C%22standard+errors%22%7Cpbd%7C%22benefit+duration%22%7Cwba%7C%22weekly+benefit+amount%22%7C%22replacement+rate%22+%22unemployment+insurance%22&hl=en&as_sdt=0,5"
117,"A Holen","Effects of unemployment insurance entitlement on duration and job search outcome",1977,"ILR Review","journals.sagepub.com","https://journals.sagepub.com/doi/pdf/10.1177/001979397703000401","https://scholar.google.com/scholar?cites=10748150115783879190&as_sdt=2005&sciodt=0,5&hl=en",77,"2022-08-15 21:28:05","","10.1177/001979397703000401",NA,NA,NA,NA,NA,NA,117,2.6,117,1,45,"… The coefficient of weekly benefit amount in the earnings equation thus represents both the … via its effect on duration. The coefficient of 8.9 for the weekly benefit amount means that a $10 …","","https://scholar.google.com/scholar?q=related:Firfi5UZKZUJ:scholar.google.com/&scioq=duration+%22standard+error%22%7C%22standard+errors%22%7Cpbd%7C%22benefit+duration%22%7Cwba%7C%22weekly+benefit+amount%22%7C%22replacement+rate%22+%22unemployment+insurance%22&hl=en&as_sdt=0,5"
21,"A Holen, S Horowitz","Partial unemployment insurance benefits and the extent of partial unemployment",1974,"The journal of human resources","JSTOR","https://www.jstor.org/stable/144698","https://scholar.google.com/scholar?cites=9376147826504285387&as_sdt=2005&sciodt=0,5&hl=en",871,"2022-08-15 21:28:05","","",NA,NA,NA,NA,NA,NA,21,0.44,11,2,48,"… Partial unemployment insurance benefits are provided in all s … is often the weekly benefit amount which the receive if he … and part-time employment. The former refers to less than full-…","","https://scholar.google.com/scholar?q=related:y7xWcMXEHoIJ:scholar.google.com/&scioq=duration+%22standard+error%22%7C%22standard+errors%22%7Cpbd%7C%22benefit+duration%22%7Cwba%7C%22weekly+benefit+amount%22%7C%22replacement+rate%22+%22unemployment+insurance%22&hl=en&as_sdt=0,5"
50,"A Holen, SA Horowitz","The effect of unemployment insurance and eligibility enforcement on unemployment",1974,"The Journal of Law and Economics","journals.uchicago.edu","https://www.journals.uchicago.edu/doi/pdf/10.1086/466799","https://scholar.google.com/scholar?cites=2111540857222437805&as_sdt=2005&sciodt=0,5&hl=en",532,"2022-08-15 21:28:05","","10.1086/466799",NA,NA,NA,NA,NA,NA,50,1.04,25,2,48,"… the base period (year) or within the high quarter of the base period. … the average weekly benefit amount 5. claims exhaustions as … through which unemployment insurance liberality can …","","https://scholar.google.com/scholar?q=related:rZt34zizTR0J:scholar.google.com/&scioq=duration+%22standard+error%22%7C%22standard+errors%22%7Cpbd%7C%22benefit+duration%22%7Cwba%7C%22weekly+benefit+amount%22%7C%22replacement+rate%22+%22unemployment+insurance%22&hl=en&as_sdt=0,5"
21,"A Hornstein, M Yuan","Can a matching model explain the long-run increase in Canada's unemployment rate?",1999,"Canadian Journal of Economics","JSTOR","https://www.jstor.org/stable/136409","https://scholar.google.com/scholar?cites=7784707369625593078&as_sdt=2005&sciodt=0,5&hl=en",853,"2022-08-15 21:28:05","","",NA,NA,NA,NA,NA,NA,21,0.91,11,2,23,"… unemployment insurance … replacement rate as the expected value of unemployment benefits to an unemployed worker, based on the legislated replacement rate, the maximum duration …","","https://scholar.google.com/scholar?q=related:9iTmhhvWCGwJ:scholar.google.com/&scioq=duration+%22standard+error%22%7C%22standard+errors%22%7Cpbd%7C%22benefit+duration%22%7Cwba%7C%22weekly+benefit+amount%22%7C%22replacement+rate%22+%22unemployment+insurance%22&hl=en&as_sdt=0,5"
152,"A Karlström, M Palme, I Svensson","The employment effect of stricter rules for eligibility for DI: Evidence from a natural experiment in Sweden",2008,"Journal of public economics","Elsevier","https://www.sciencedirect.com/science/article/pii/S0047272708000765","https://scholar.google.com/scholar?cites=866506771726607124&as_sdt=2005&sciodt=0,5&hl=en",790,"2022-08-15 21:28:05","","",NA,NA,NA,NA,NA,NA,152,10.86,51,3,14,"… The unemployment insurance benefit consists of two parts: one basic … replacement rate for unemployment insurance has also been changed on several occasions during the time period …","http://www2.ne.su.se/paper/wp08_03.pdf","https://scholar.google.com/scholar?q=related:FCM8ZFFzBgwJ:scholar.google.com/&scioq=duration+%22standard+error%22%7C%22standard+errors%22%7Cpbd%7C%22benefit+duration%22%7Cwba%7C%22weekly+benefit+amount%22%7C%22replacement+rate%22+%22unemployment+insurance%22&hl=en&as_sdt=0,5"
4,"A Kelly","The performance of Illinois' unemployment insurance system over business cycles",1997,"International Journal of Public Administration","Taylor & Francis","https://www.tandfonline.com/doi/abs/10.1080/01900699708525267","https://scholar.google.com/scholar?cites=4598375577560642611&as_sdt=2005&sciodt=0,5&hl=en",876,"2022-08-15 21:28:05","","10.1080/01900699708525267",NA,NA,NA,NA,NA,NA,4,0.16,4,1,25,"… Initially, a few states borrowed from this fund for short time periods. The back-to-back recessions of … of wages replaced by Unemployment Insurance (the Replacement Rate). This ratio is …","","https://scholar.google.com/scholar?q=related:M3RVfDm20D8J:scholar.google.com/&scioq=duration+%22standard+error%22%7C%22standard+errors%22%7Cpbd%7C%22benefit+duration%22%7Cwba%7C%22weekly+benefit+amount%22%7C%22replacement+rate%22+%22unemployment+insurance%22&hl=en&as_sdt=0,5"
41,"A Kuhn, S Staubli, JP Wuellrich, J Zweimüller","Fatal attraction? Extended unemployment benefits, labor force exits, and mortality",2020,"Journal of Public Economics","Elsevier","https://www.sciencedirect.com/science/article/pii/S0047272719301483","https://scholar.google.com/scholar?cites=2124849954550656576&as_sdt=2005&sciodt=0,5&hl=en",880,"2022-08-15 21:28:05","","",NA,NA,NA,NA,NA,NA,41,20.5,10,4,2,"… change in Austria's unemployment insurance system that … pension and unemployment insurance (UI) system during that time. … -region level, all standard errors we report are adjusted for …","https://www.nber.org/system/files/working_papers/w25124/w25124.pdf","https://scholar.google.com/scholar?q=related:QC7_lcb7fB0J:scholar.google.com/&scioq=duration+%22standard+error%22%7C%22standard+errors%22%7Cpbd%7C%22benefit+duration%22%7Cwba%7C%22weekly+benefit+amount%22%7C%22replacement+rate%22+%22unemployment+insurance%22&hl=en&as_sdt=0,5"
23,"A Lauringson","Disincentive effects of unemployment insurance benefits: maximum benefit duration versus benefit level",2011,"Baltic Journal of Economics","Taylor & Francis","https://www.tandfonline.com/doi/abs/10.1080/1406099X.2011.10840489","https://scholar.google.com/scholar?cites=11433776798882835695&as_sdt=2005&sciodt=0,5&hl=en",6,"2022-08-15 21:28:05","","10.1080/1406099X.2011.10840489",NA,NA,NA,NA,NA,NA,23,2.09,23,1,11,"… duration of unemployment insurance benefit is longer. The unemployed eligible for shorter unemployment insurance … time-varying covariates: 1) as a replacement rate, 2) as a grouped …","https://www.tandfonline.com/doi/pdf/10.1080/1406099X.2011.10840489","https://scholar.google.com/scholar?q=related:76yDemvvrJ4J:scholar.google.com/&scioq=duration+%22standard+error%22%7C%22standard+errors%22%7Cpbd%7C%22benefit+duration%22%7Cwba%7C%22weekly+benefit+amount%22%7C%22replacement+rate%22+%22unemployment+insurance%22&hl=en&as_sdt=0,5"
16,"A Lichter, A Schiprowski","Benefit duration, job search behavior and re-employment",2021,"Journal of Public Economics","Elsevier","https://www.sciencedirect.com/science/article/pii/S0047272720301900","https://scholar.google.com/scholar?cites=5593399018374186918&as_sdt=2005&sciodt=0,5&hl=en",39,"2022-08-15 21:28:05","","",NA,NA,NA,NA,NA,NA,16,16,8,2,1,"… unemployment insurance (UI) scheme in 2008, which increased the potential benefit duration … cohort, we find that the PBD extension prolonged the duration of UI receipt for this group …","https://www.econstor.eu/bitstream/10419/226837/1/ECONtribute-037-2020.pdf","https://scholar.google.com/scholar?q=related:pkc2qcW-n00J:scholar.google.com/&scioq=duration+%22standard+error%22%7C%22standard+errors%22%7Cpbd%7C%22benefit+duration%22%7Cwba%7C%22weekly+benefit+amount%22%7C%22replacement+rate%22+%22unemployment+insurance%22&hl=en&as_sdt=0,5"
39,"A Light, Y Omori","Unemployment insurance and job quits",2004,"Journal of Labor Economics","journals.uchicago.edu","https://www.journals.uchicago.edu/doi/abs/10.1086/380406","https://scholar.google.com/scholar?cites=1453338942445599317&as_sdt=2005&sciodt=0,5&hl=en",452,"2022-08-15 21:28:05","","10.1086/380406",NA,NA,NA,NA,NA,NA,39,2.17,20,2,18,"… second period, individuals remain employed at their period 1 … {l}$$ hours of nonwork time per period, and in period 1 they … could potentially bias our standard errors. This aggregation …","","https://scholar.google.com/scholar?q=related:VTq2ahFMKxQJ:scholar.google.com/&scioq=duration+%22standard+error%22%7C%22standard+errors%22%7Cpbd%7C%22benefit+duration%22%7Cwba%7C%22weekly+benefit+amount%22%7C%22replacement+rate%22+%22unemployment+insurance%22&hl=en&as_sdt=0,5"
37,"A Lindner, B Reizer","Front-Loading the Unemployment Benefit: An Empirical Assessment",2020,"American Economic Journal: Applied Economics","aeaweb.org","https://www.aeaweb.org/articles?id=10.1257/app.20180138","https://scholar.google.com/scholar?cites=13159378766563157039&as_sdt=2005&sciodt=0,5&hl=en",824,"2022-08-15 21:28:05","","",NA,NA,NA,NA,NA,NA,37,18.5,19,2,2,"… on the optimal time profile of unemployment insurance (eg, … on the effect of unemployment insurance on job quality. … the UI replacement rate or benefit duration on reemployment wages …","https://discovery.ucl.ac.uk/id/eprint/10081315/1/Lindner_app.20180138.pdf","https://scholar.google.com/scholar?q=related:L6TQTUSBn7YJ:scholar.google.com/&scioq=duration+%22standard+error%22%7C%22standard+errors%22%7Cpbd%7C%22benefit+duration%22%7Cwba%7C%22weekly+benefit+amount%22%7C%22replacement+rate%22+%22unemployment+insurance%22&hl=en&as_sdt=0,5"
95,"A McKay, R Reis","Optimal automatic stabilizers",2021,"The Review of Economic Studies","academic.oup.com","https://academic.oup.com/restud/article-abstract/88/5/2375/6174002","https://scholar.google.com/scholar?cites=7698357449434296462&as_sdt=2005&sciodt=0,5&hl=en",721,"2022-08-15 21:28:05","","",NA,NA,NA,NA,NA,NA,95,95,48,2,1,"… We introduce unemployment insurance and progressive … We calculate the optimal unemployment replacement rate and … adjusts the tax instruments every period in response to …","https://www.nber.org/system/files/working_papers/w22359/w22359.pdf","https://scholar.google.com/scholar?q=related:jnCDB1AP1moJ:scholar.google.com/&scioq=duration+%22standard+error%22%7C%22standard+errors%22%7Cpbd%7C%22benefit+duration%22%7Cwba%7C%22weekly+benefit+amount%22%7C%22replacement+rate%22+%22unemployment+insurance%22&hl=en&as_sdt=0,5"
69,"A Moreira, ÁA Domínguez, C Antunes…","Austerity-driven labour market reforms in southern Europe: Eroding the security of labour market insiders",2015,"… Journal of Social …","journals.sagepub.com","https://journals.sagepub.com/doi/abs/10.1177/138826271501700204","https://scholar.google.com/scholar?cites=6028731245963973526&as_sdt=2005&sciodt=0,5&hl=en",906,"2022-08-15 21:28:05","","10.1177/138826271501700204",NA,NA,NA,NA,NA,NA,69,9.86,17,4,7,"… and duration of unemployment insurance benefits. The cap on unemployment insurance benefits … the gross replacement rate for an individual with the following characteristics: – Age 35 …","https://repositorio.ul.pt/bitstream/10451/22585/1/ICS_AMoreira_Austeridade_ARI.pdf","https://scholar.google.com/scholar?q=related:lhP7aSBbqlMJ:scholar.google.com/&scioq=duration+%22standard+error%22%7C%22standard+errors%22%7Cpbd%7C%22benefit+duration%22%7Cwba%7C%22weekly+benefit+amount%22%7C%22replacement+rate%22+%22unemployment+insurance%22&hl=en&as_sdt=0,5"
287,"A Nekoei, A Weber","Does extending unemployment benefits improve job quality?",2017,"American Economic Review","aeaweb.org","https://www.aeaweb.org/articles?id=10.1257/aer.20150528","https://scholar.google.com/scholar?cites=13126906792680445266&as_sdt=2005&sciodt=0,5&hl=en",463,"2022-08-15 21:28:05","","",NA,NA,NA,NA,NA,NA,287,57.4,144,2,5,"… The positive effect of unemployment insurance (UI) on unemployment duration is one of the … We begin by studying how an extension of the potential UI benefit duration affects laid-off …","https://www.econstor.eu/bitstream/10419/115109/1/wp1404.pdf","https://scholar.google.com/scholar?q=related:UlVhuS0kLLYJ:scholar.google.com/&scioq=duration+%22standard+error%22%7C%22standard+errors%22%7Cpbd%7C%22benefit+duration%22%7Cwba%7C%22weekly+benefit+amount%22%7C%22replacement+rate%22+%22unemployment+insurance%22&hl=en&as_sdt=0,5"
13,"A Pollak","Unemployment, human capital depreciation, and unemployment insurance policy",2013,"Journal of Applied Econometrics","Wiley Online Library","https://onlinelibrary.wiley.com/doi/abs/10.1002/jae.2275","https://scholar.google.com/scholar?cites=16722058076073540997&as_sdt=2005&sciodt=0,5&hl=en",435,"2022-08-15 21:28:05","","10.1002/jae.2275",NA,NA,NA,NA,NA,NA,13,1.44,13,1,9,"… unemployment insurance (UI) systems in Germany and the USA during the 1990s, the time period … The maximum benefit duration was 12 months for workers under the age of 42, but it …","","https://scholar.google.com/scholar?q=related:hb3QETmvEOgJ:scholar.google.com/&scioq=duration+%22standard+error%22%7C%22standard+errors%22%7Cpbd%7C%22benefit+duration%22%7Cwba%7C%22weekly+benefit+amount%22%7C%22replacement+rate%22+%22unemployment+insurance%22&hl=en&as_sdt=0,5"
2,"A Pollak","Employment Insurance: Interregional Redistribution versus Protection against Changing Labour Market Conditions",2019,"Canadian Public Policy","utpjournals.press","https://www.utpjournals.press/doi/abs/10.3138/cpp.2018-053","https://scholar.google.com/scholar?cites=11061379317089910504&as_sdt=2005&sciodt=0,5&hl=en",847,"2022-08-15 21:28:05","","10.3138/cpp.2018-053",NA,NA,NA,NA,NA,NA,2,0.67,2,1,3,"… properties of the Canadian unemployment insurance system, … conditions and thus varies over time with the state of the … particular benefit duration, as well as the maximum duration …","","https://scholar.google.com/scholar?q=related:6D7_GOLpgZkJ:scholar.google.com/&scioq=duration+%22standard+error%22%7C%22standard+errors%22%7Cpbd%7C%22benefit+duration%22%7Cwba%7C%22weekly+benefit+amount%22%7C%22replacement+rate%22+%22unemployment+insurance%22&hl=en&as_sdt=0,5"
22,"A Schiprowski","The role of caseworkers in unemployment insurance: Evidence from unplanned absences",2020,"Journal of Labor Economics","journals.uchicago.edu","https://www.journals.uchicago.edu/doi/abs/10.1086/706092","https://scholar.google.com/scholar?cites=8527171236300290444&as_sdt=2005&sciodt=0,5&hl=en",142,"2022-08-15 21:28:05","","10.1086/706092",NA,NA,NA,NA,NA,NA,22,11,22,1,2,"… unemployment (520 days is the maximum potential benefit duration in the sample). The solid … The unemployment duration is capped at 520 days (12.3% of the sample). Standard errors …","https://www.econstor.eu/bitstream/10419/171024/1/dp11040.pdf","https://scholar.google.com/scholar?q=related:jHmbfg-ZVnYJ:scholar.google.com/&scioq=duration+%22standard+error%22%7C%22standard+errors%22%7Cpbd%7C%22benefit+duration%22%7Cwba%7C%22weekly+benefit+amount%22%7C%22replacement+rate%22+%22unemployment+insurance%22&hl=en&as_sdt=0,5"
180,"AB Atkinson, J Gomulka, J Micklewright…","Unemployment benefit, duration and incentives in Britain: how robust is the evidence?",1984,"Journal of Public …","Elsevier","https://www.sciencedirect.com/science/article/pii/0047272784900653","https://scholar.google.com/scholar?cites=1279926636962867166&as_sdt=2005&sciodt=0,5&hl=en",21,"2022-08-15 21:28:05","","",NA,NA,NA,NA,NA,NA,180,4.74,45,4,38,"… , different specifications of the replacement rate, different time periods, and the inclusion/… The person who expects to find a significant disincentive of unemployment insurance will no …","https://www.academia.edu/download/50212801/0047-2727_2884_2990065-320161109-13833-16k7dji.pdf","https://scholar.google.com/scholar?q=related:3me7tn42wxEJ:scholar.google.com/&scioq=duration+%22standard+error%22%7C%22standard+errors%22%7Cpbd%7C%22benefit+duration%22%7Cwba%7C%22weekly+benefit+amount%22%7C%22replacement+rate%22+%22unemployment+insurance%22&hl=en&as_sdt=0,5"
395,"AB Krueger, A Mueller","Job search and unemployment insurance: New evidence from time use data",2010,"Journal of Public Economics","Elsevier","https://www.sciencedirect.com/science/article/pii/S0047272709001625","https://scholar.google.com/scholar?cites=16101401286367181146&as_sdt=2005&sciodt=0,5&hl=en",22,"2022-08-15 21:28:05","","",NA,NA,NA,NA,NA,NA,395,32.92,198,2,12,"… of worker i in state s, s ist is time allocated to job search (in minutes per day) of individual i in state s and time t, wba ist is the maximum weekly benefit amount, X i is a set of controls such …","https://www.econstor.eu/bitstream/10419/35182/1/578090686.pdf","https://scholar.google.com/scholar?q=related:WvnuOymrc98J:scholar.google.com/&scioq=duration+%22standard+error%22%7C%22standard+errors%22%7Cpbd%7C%22benefit+duration%22%7Cwba%7C%22weekly+benefit+amount%22%7C%22replacement+rate%22+%22unemployment+insurance%22&hl=en&as_sdt=0,5"
300,"AB Krueger, A Mueller, SJ Davis, A Şahin","Job search, emotional well-being, and job finding in a period of mass unemployment: Evidence from high frequency longitudinal data [with comments and discussion]",2011,"Brookings Papers on Economic …","JSTOR","https://www.jstor.org/stable/41228523","https://scholar.google.com/scholar?cites=7915607417697912680&as_sdt=2005&sciodt=0,5&hl=en",655,"2022-08-15 21:28:05","","",NA,NA,NA,NA,NA,NA,300,27.27,75,4,11,"… We find that the amount of time devoted to job search declines … around the time that extended unemployment insurance (UI) … not shown because the standard errors are usually small (…","https://www.econstor.eu/bitstream/10419/46145/1/66106591X.pdf","https://scholar.google.com/scholar?q=related:aMdU-QHj2W0J:scholar.google.com/&scioq=duration+%22standard+error%22%7C%22standard+errors%22%7Cpbd%7C%22benefit+duration%22%7Cwba%7C%22weekly+benefit+amount%22%7C%22replacement+rate%22+%22unemployment+insurance%22&hl=en&as_sdt=0,5"
22,"AC Johnston","Unemployment insurance taxes and labor demand: Quasi-experimental evidence from administrative data",2021,"American Economic Journal: Economic Policy","aeaweb.org","https://www.aeaweb.org/doi/10.1257/pol.20190031","https://scholar.google.com/scholar?cites=10041273274331462117&as_sdt=2005&sciodt=0,5&hl=en",332,"2022-08-15 21:28:05","","10.1257/pol.20190031",NA,NA,NA,NA,NA,NA,22,22,22,1,1,"… Throughout the analysis, standard errors are clustered at the firm level to account for correlated outcomes within a firm over time. To assess the influence of unobserved firm differences …","https://www.econstor.eu/bitstream/10419/216429/1/dp13117.pdf","https://scholar.google.com/scholar?q=related:5XkmkdfEWYsJ:scholar.google.com/&scioq=duration+%22standard+error%22%7C%22standard+errors%22%7Cpbd%7C%22benefit+duration%22%7Cwba%7C%22weekly+benefit+amount%22%7C%22replacement+rate%22+%22unemployment+insurance%22&hl=en&as_sdt=0,5"
130,"AC Johnston, A Mas","Potential unemployment insurance duration and labor supply: The individual and market-level response to a benefit cut",2018,"Journal of Political Economy","journals.uchicago.edu","https://www.journals.uchicago.edu/doi/abs/10.1086/699973","https://scholar.google.com/scholar?cites=5935012520659753953&as_sdt=2005&sciodt=0,5&hl=en",100,"2022-08-15 21:28:05","","10.1086/699973",NA,NA,NA,NA,NA,NA,130,32.5,65,2,4,"… knowledge, this was the first time states cut UI benefit durations. … the duration of UI benefits to below 26 weeks, the duration … UI benefit duration on the duration of UI receipt, the length of …","https://www.nber.org/system/files/working_papers/w22411/w22411.pdf","https://scholar.google.com/scholar?q=related:4ZtrR3FmXVIJ:scholar.google.com/&scioq=duration+%22standard+error%22%7C%22standard+errors%22%7Cpbd%7C%22benefit+duration%22%7Cwba%7C%22weekly+benefit+amount%22%7C%22replacement+rate%22+%22unemployment+insurance%22&hl=en&as_sdt=0,5"
115,"AI Mueller, J Rothstein…","Unemployment insurance and disability insurance in the Great Recession",2016,"Journal of Labor …","journals.uchicago.edu","https://www.journals.uchicago.edu/doi/abs/10.1086/683140","https://scholar.google.com/scholar?cites=4843557154085176899&as_sdt=2005&sciodt=0,5&hl=en",162,"2022-08-15 21:28:05","","10.1086/683140",NA,NA,NA,NA,NA,NA,115,19.17,38,3,6,"… final exhaustions measure, controlling for state and month effects, is 0.24, with a standard error of 0.03. When we exclude the June–August 2010 period, the elasticity rises to 0.28. …","https://www.nber.org/system/files/working_papers/w19672/w19672.pdf","https://scholar.google.com/scholar?q=related:Q4aMwpHFN0MJ:scholar.google.com/&scioq=duration+%22standard+error%22%7C%22standard+errors%22%7Cpbd%7C%22benefit+duration%22%7Cwba%7C%22weekly+benefit+amount%22%7C%22replacement+rate%22+%22unemployment+insurance%22&hl=en&as_sdt=0,5"
15,"B Beach, J Lopresti","Losing by less? Import competition, unemployment insurance generosity, and crime",2019,"Economic Inquiry","Wiley Online Library","https://onlinelibrary.wiley.com/doi/abs/10.1111/ecin.12758","https://scholar.google.com/scholar?cites=1094936086824926069&as_sdt=2005&sciodt=0,5&hl=en",448,"2022-08-15 21:28:05","","10.1111/ecin.12758",NA,NA,NA,NA,NA,NA,15,5,8,2,3,"… the base period multiplied by a replacement rate—approximately … It is worth noting, however, that unless our standard errors … It would take a 74% increase in our standard errors to fail to …","https://brianbbeach.github.io/Materials/Publications/2019_Losing_by_less_EI.pdf","https://scholar.google.com/scholar?q=related:dbv02pH-MQ8J:scholar.google.com/&scioq=duration+%22standard+error%22%7C%22standard+errors%22%7Cpbd%7C%22benefit+duration%22%7Cwba%7C%22weekly+benefit+amount%22%7C%22replacement+rate%22+%22unemployment+insurance%22&hl=en&as_sdt=0,5"
28,"B Bieszk-Stolorz, I Markowicz","Influence of unemployment benefit on duration of registered unemployment spells",2015,"Equilibrium. Quarterly Journal …","economic-research.pl","http://www.economic-research.pl/Journals/index.php/eq/article/view/212","https://scholar.google.com/scholar?cites=15655354149119793662&as_sdt=2005&sciodt=0,5&hl=en",717,"2022-08-15 21:28:05","","",NA,NA,NA,NA,NA,NA,28,4,14,2,7,"… They adopted the age thresholds reflecting the potential benefit duration as the non-linearity … have left the labour office register within the period of time shorter than t0. The value exp(β+…","http://www.economic-research.pl/Journals/index.php/eq/article/download/212/180","https://scholar.google.com/scholar?q=related:_hk5K6f9QtkJ:scholar.google.com/&scioq=duration+%22standard+error%22%7C%22standard+errors%22%7Cpbd%7C%22benefit+duration%22%7Cwba%7C%22weekly+benefit+amount%22%7C%22replacement+rate%22+%22unemployment+insurance%22&hl=en&as_sdt=0,5"
21,"B Eugster","Effects of a higher replacement rate on unemployment durations, employment, and earnings",2015,"Swiss Journal of Economics and Statistics","Springer","https://link.springer.com/article/10.1007/BF03399412","https://scholar.google.com/scholar?cites=9362466773203862788&as_sdt=2005&sciodt=0,5&hl=en",32,"2022-08-15 21:28:05","","10.1007/BF03399412",NA,NA,NA,NA,NA,NA,21,3,21,1,7,"… on the unemployment insurance contribution time before … benefit duration was decreased from 24 to 18 months. This paper exploits a less-known feature of the unemployment insurance …","https://link.springer.com/content/pdf/10.1007/BF03399412.pdf","https://scholar.google.com/scholar?q=related:BMU2_uwp7oEJ:scholar.google.com/&scioq=duration+%22standard+error%22%7C%22standard+errors%22%7Cpbd%7C%22benefit+duration%22%7Cwba%7C%22weekly+benefit+amount%22%7C%22replacement+rate%22+%22unemployment+insurance%22&hl=en&as_sdt=0,5"
82,"B Eugster, R Lalive, A Steinhauer…","Culture, work attitudes, and job search: Evidence from the Swiss language border",2017,"Journal of the …","academic.oup.com","https://academic.oup.com/jeea/article-abstract/15/5/1056/2965617","https://scholar.google.com/scholar?cites=10686015121181829785&as_sdt=2005&sciodt=0,5&hl=en",675,"2022-08-15 21:28:05","","",NA,NA,NA,NA,NA,NA,82,16.4,21,4,5,"… At the time of our analysis, maximum benefit duration is … unemployment insurance claim. About 5.2% of all unemployment spells are still in progress at the end of our observation period. …","https://academic.oup.com/jeea/article/15/5/1056/2965617","https://scholar.google.com/scholar?q=related:mep-wiJaTJQJ:scholar.google.com/&scioq=duration+%22standard+error%22%7C%22standard+errors%22%7Cpbd%7C%22benefit+duration%22%7Cwba%7C%22weekly+benefit+amount%22%7C%22replacement+rate%22+%22unemployment+insurance%22&hl=en&as_sdt=0,5"
34,"B Fitzenberger, RA Wilke","New insights into unemployment duration and post unemployment earnings in Germany",2010,"Oxford Bulletin of Economics and …","Wiley Online Library","https://onlinelibrary.wiley.com/doi/abs/10.1111/j.1468-0084.2010.00597.x","https://scholar.google.com/scholar?cites=13552915470506976110&as_sdt=2005&sciodt=0,5&hl=en",897,"2022-08-15 21:28:05","","10.1111/j.1468-0084.2010.00597.x",NA,NA,NA,NA,NA,NA,34,2.83,17,2,12,"… length of benefit entitlement periods. Changes in benefit levels over the course of an unemployment spell are a feature of all unemployment insurance … in benefit duration on the …","http://citeseerx.ist.psu.edu/viewdoc/download?doi=10.1.1.620.8816&rep=rep1&type=pdf","https://scholar.google.com/scholar?q=related:buN2YtCgFbwJ:scholar.google.com/&scioq=duration+%22standard+error%22%7C%22standard+errors%22%7Cpbd%7C%22benefit+duration%22%7Cwba%7C%22weekly+benefit+amount%22%7C%22replacement+rate%22+%22unemployment+insurance%22&hl=en&as_sdt=0,5"
30,"B Fortin, P Lanoie, C Laporte","Is workers' compensation a substitute for unemployment insurance?",1999,"Journal of Risk and Uncertainty","Springer","https://link.springer.com/article/10.1023/A:1007890630779","https://scholar.google.com/scholar?cites=4230058036778675209&as_sdt=2005&sciodt=0,5&hl=en",820,"2022-08-15 21:28:05","","10.1023/A:1007890630779",NA,NA,NA,NA,NA,NA,30,1.3,10,3,23,"… Note, however, that the standard errors of the corresponding estimated coefficients are … used to generate consistent standard errors estimates, such an approach would be highly time-…","https://www.researchgate.net/profile/Bernard-Fortin-2/publication/5152213_Is_Workers%27_Compensation_a_Substitute_for_Unemployment_Insurance/links/0c960524efbe0b7a04000000/Is-Workers-Compensation-a-Substitute-for-Unemployment-Insurance.pdf","https://scholar.google.com/scholar?q=related:Cax6ZV8vtDoJ:scholar.google.com/&scioq=duration+%22standard+error%22%7C%22standard+errors%22%7Cpbd%7C%22benefit+duration%22%7Cwba%7C%22weekly+benefit+amount%22%7C%22replacement+rate%22+%22unemployment+insurance%22&hl=en&as_sdt=0,5"
16,"B Guler, T Taskin","Does unemployment insurance crowd out home production?",2013,"European Economic Review","Elsevier","https://www.sciencedirect.com/science/article/pii/S001429211300055X","https://scholar.google.com/scholar?cites=15187731818660403559&as_sdt=2005&sciodt=0,5&hl=en",302,"2022-08-15 21:28:05","","",NA,NA,NA,NA,NA,NA,16,1.78,8,2,9,"… In particular, the average fraction of time spent in home production for unemployed is decreasing from 0.19 to 0.15 as we increase replacement rate from 0.20 to 0.90 gradually. We also …","http://citeseerx.ist.psu.edu/viewdoc/download?doi=10.1.1.890.8009&rep=rep1&type=pdf","https://scholar.google.com/scholar?q=related:Z5km-56pxdIJ:scholar.google.com/&scioq=duration+%22standard+error%22%7C%22standard+errors%22%7Cpbd%7C%22benefit+duration%22%7Cwba%7C%22weekly+benefit+amount%22%7C%22replacement+rate%22+%22unemployment+insurance%22&hl=en&as_sdt=0,5"
386,"B Holmlund","Unemployment insurance in theory and practice",1998,"Scandinavian Journal of economics","Wiley Online Library","https://onlinelibrary.wiley.com/doi/abs/10.1111/1467-9442.00093","https://scholar.google.com/scholar?cites=16683301779593408498&as_sdt=2005&sciodt=0,5&hl=en",33,"2022-08-15 21:28:05","","10.1111/1467-9442.00093",NA,NA,NA,NA,NA,NA,386,16.08,386,1,24,"… economic analysis of unemployment insurance provides a good … unemployment insurance as it has evolved since the 1970s. … time period, but the assumption of infinite benefit duration …","https://www.diva-portal.org/smash/get/diva2:128654/FULLTEXT01.pdf","https://scholar.google.com/scholar?q=related:8q9OnZP-hucJ:scholar.google.com/&scioq=duration+%22standard+error%22%7C%22standard+errors%22%7Cpbd%7C%22benefit+duration%22%7Cwba%7C%22weekly+benefit+amount%22%7C%22replacement+rate%22+%22unemployment+insurance%22&hl=en&as_sdt=0,5"
31,"B McCall, W Chi","Unemployment insurance, unemployment durations and re-employment wages",2008,"Economics Letters","Elsevier","https://www.sciencedirect.com/science/article/pii/S0165176507002236","https://scholar.google.com/scholar?cites=1174818200317751574&as_sdt=2005&sciodt=0,5&hl=en",27,"2022-08-15 21:28:05","","",NA,NA,NA,NA,NA,NA,31,2.21,16,2,14,"… State Unemployment Insurance Laws … weekly benefit amount (WBA) that individual's qualified for. We also determined whether a state required a waiting period, the maximum duration …","https://scholar.google.comftp://dlib.info/opt/ReDIF/RePEc/hrr/papers/0306.pdf","https://scholar.google.com/scholar?q=related:FnGawe3KTRAJ:scholar.google.com/&scioq=duration+%22standard+error%22%7C%22standard+errors%22%7Cpbd%7C%22benefit+duration%22%7Cwba%7C%22weekly+benefit+amount%22%7C%22replacement+rate%22+%22unemployment+insurance%22&hl=en&as_sdt=0,5"
85,"BD Meyer","Unemployment and workers' compensation programmes: rationale, design, labour supply and income support",2002,"Fiscal Studies","Wiley Online Library","https://onlinelibrary.wiley.com/doi/abs/10.1111/j.1475-5890.2002.tb00053.x","https://scholar.google.com/scholar?cites=13083115836955557671&as_sdt=2005&sciodt=0,5&hl=en",515,"2022-08-15 21:28:05","","10.1111/j.1475-5890.2002.tb00053.x",NA,NA,NA,NA,NA,NA,85,4.25,85,1,20,"… In this paper, I will focus on unemployment insurance (UI) … of 26 and base period earnings divided by three times the … the minimum and maximum weekly benefit amount (WBA). The …","https://voices.uchicago.edu/brucemeyer/files/2019/11/MeyerFiscalStudies2002.pdf","https://scholar.google.com/scholar?q=related:J_8FUYmQkLUJ:scholar.google.com/&scioq=duration+%22standard+error%22%7C%22standard+errors%22%7Cpbd%7C%22benefit+duration%22%7Cwba%7C%22weekly+benefit+amount%22%7C%22replacement+rate%22+%22unemployment+insurance%22&hl=en&as_sdt=0,5"
17,"BD Meyer, WKC Mok","A short review of recent evidence on the disincentive effects of unemployment insurance and new evidence from New York State",2014,"National Tax Journal","journals.uchicago.edu","https://www.journals.uchicago.edu/doi/abs/10.17310/ntj.2014.1.07","https://scholar.google.com/scholar?cites=10350749626228379851&as_sdt=2005&sciodt=0,5&hl=en",111,"2022-08-15 21:28:05","","10.17310/ntj.2014.1.07",NA,NA,NA,NA,NA,NA,17,2.13,9,2,8,"… on the effect ofUI on claim duration from a 36 percent … standard errors in the con however, because of the possibility of common shocks to a given earnin quarter, the standard errors …","http://harris.uchicago.edu/files/shortreview.pdf","https://scholar.google.com/scholar?q=related:y5BZxvE_pY8J:scholar.google.com/&scioq=duration+%22standard+error%22%7C%22standard+errors%22%7Cpbd%7C%22benefit+duration%22%7Cwba%7C%22weekly+benefit+amount%22%7C%22replacement+rate%22+%22unemployment+insurance%22&hl=en&as_sdt=0,5"
256,"BP McCall","Unemployment insurance rules, joblessness, and part-time work",1996,"Econometrica: Journal of the Econometric Society","JSTOR","https://www.jstor.org/stable/2171865","https://scholar.google.com/scholar?cites=10885561967374304644&as_sdt=2005&sciodt=0,5&hl=en",88,"2022-08-15 21:28:05","","",NA,NA,NA,NA,NA,NA,256,9.85,256,1,26,"… Thus, the maximum benefit duration was set at the maximum duration of regular benefits for the state of residence. This was 26 weeks for all states in the sample except Massachusetts …","","https://scholar.google.com/scholar?q=related:hAXZZe9IEZcJ:scholar.google.com/&scioq=duration+%22standard+error%22%7C%22standard+errors%22%7Cpbd%7C%22benefit+duration%22%7Cwba%7C%22weekly+benefit+amount%22%7C%22replacement+rate%22+%22unemployment+insurance%22&hl=en&as_sdt=0,5"
92,"BP McCall","The impact of unemployment insurance benefit levels on recipiency",1995,"Journal of Business & Economic Statistics","Taylor & Francis","https://www.tandfonline.com/doi/abs/10.1080/07350015.1995.10524593","https://scholar.google.com/scholar?cites=5137282803093378999&as_sdt=2005&sciodt=0,5&hl=en",130,"2022-08-15 21:28:05","","10.1080/07350015.1995.10524593",NA,NA,NA,NA,NA,NA,92,3.41,92,1,27,"… recrplency among those eligible for unemployment insurance benefits. Using a sample from the CPS DWS, it was found that raising the replacement rate increases the likelihood of UI re…","https://amstat.tandfonline.com/doi/pdf/10.1080/07350015.1995.10524593","https://scholar.google.com/scholar?q=related:t5carX1LS0cJ:scholar.google.com/&scioq=duration+%22standard+error%22%7C%22standard+errors%22%7Cpbd%7C%22benefit+duration%22%7Cwba%7C%22weekly+benefit+amount%22%7C%22replacement+rate%22+%22unemployment+insurance%22&hl=en&as_sdt=0,5"
194,"C Belzil","Unemployment insurance and subsequent job duration: Job matching versus unobserved heterogeneity",2001,"Journal of applied econometrics","Wiley Online Library","https://onlinelibrary.wiley.com/doi/abs/10.1002/jae.618","https://scholar.google.com/scholar?cites=11707678008879322943&as_sdt=2005&sciodt=0,5&hl=en",4,"2022-08-15 21:28:05","","10.1002/jae.618",NA,NA,NA,NA,NA,NA,194,9.24,194,1,21,"… The analysis presented in this paper is based on a multi-state duration model which is used to estimate the effects of unemployment insurance benefit duration on subsequent job match …","https://www.econstor.eu/bitstream/10419/20957/1/dp116.pdf","https://scholar.google.com/scholar?q=related:P5fnfx4HeqIJ:scholar.google.com/&scioq=duration+%22standard+error%22%7C%22standard+errors%22%7Cpbd%7C%22benefit+duration%22%7Cwba%7C%22weekly+benefit+amount%22%7C%22replacement+rate%22+%22unemployment+insurance%22&hl=en&as_sdt=0,5"
67,"C Belzil","Unemployment insurance and unemployment over time: An analysis with event history data",1995,"The Review of Economics and Statistics","JSTOR","https://www.jstor.org/stable/2109997","https://scholar.google.com/scholar?cites=8145239260469407298&as_sdt=2005&sciodt=0,5&hl=en",72,"2022-08-15 21:28:05","","",NA,NA,NA,NA,NA,NA,67,2.48,67,1,27,"… as benefit duration or benefit level to infer how Unemployment Insurance and the duration of … Given that, in most western countries, UI parameters such as benefit duration and benefit …","","https://scholar.google.com/scholar?q=related:Qi7YuvOzCXEJ:scholar.google.com/&scioq=duration+%22standard+error%22%7C%22standard+errors%22%7Cpbd%7C%22benefit+duration%22%7Cwba%7C%22weekly+benefit+amount%22%7C%22replacement+rate%22+%22unemployment+insurance%22&hl=en&as_sdt=0,5"
9,"C Belzil","Some estimates of the effects of unemployment insurance on re-employment duration",1994,"Economics Letters","Elsevier","https://www.sciencedirect.com/science/article/pii/0165176594900116","https://scholar.google.com/scholar?cites=836221402003482375&as_sdt=2005&sciodt=0,5&hl=en",91,"2022-08-15 21:28:05","","",NA,NA,NA,NA,NA,NA,9,0.32,9,1,28,"… at benefit duration using two distinct approaches depending on whether the benefit duration … spell, the individual becomes re-eligible for the same maximum benefit duration period, this …","","https://scholar.google.com/scholar?q=related:Byf_Q-_amgsJ:scholar.google.com/&scioq=duration+%22standard+error%22%7C%22standard+errors%22%7Cpbd%7C%22benefit+duration%22%7Cwba%7C%22weekly+benefit+amount%22%7C%22replacement+rate%22+%22unemployment+insurance%22&hl=en&as_sdt=0,5"
10,"C Belzil","On the empirical relationship between unemployment duration, unemployment insurance and voluntary unemployment",1992,"Economics Letters","Elsevier","https://www.sciencedirect.com/science/article/pii/016517659290296B","https://scholar.google.com/scholar?cites=11007797693662459359&as_sdt=2005&sciodt=0,5&hl=en",189,"2022-08-15 21:28:05","","",NA,NA,NA,NA,NA,NA,10,0.33,10,1,30,"… In a certain sense, this result may be viewed as a more general extension of the well-known result about the effects of benefit duration exhaustion on the escape rate out of …","","https://scholar.google.com/scholar?q=related:33UdOq6Nw5gJ:scholar.google.com/&scioq=duration+%22standard+error%22%7C%22standard+errors%22%7Cpbd%7C%22benefit+duration%22%7Cwba%7C%22weekly+benefit+amount%22%7C%22replacement+rate%22+%22unemployment+insurance%22&hl=en&as_sdt=0,5"
56,"C Boone, A Dube, L Goodman, E Kaplan","Unemployment insurance generosity and aggregate employment",2021,"American Economic Journal …","aeaweb.org","https://www.aeaweb.org/articles?id=10.1257/pol.20160613","https://scholar.google.com/scholar?cites=7218710450989638059&as_sdt=2005&sciodt=0,5&hl=en",98,"2022-08-15 21:28:05","","",NA,NA,NA,NA,NA,NA,56,56,14,4,1,"… county-specific time invariant measure of treatment, treatc, which we define as the difference in time-averaged maximum benefit duration in a given county during the “treatment period” (…","https://www.econstor.eu/bitstream/10419/161062/1/dp10439.pdf","https://scholar.google.com/scholar?q=related:qyGjp-gCLmQJ:scholar.google.com/&scioq=duration+%22standard+error%22%7C%22standard+errors%22%7Cpbd%7C%22benefit+duration%22%7Cwba%7C%22weekly+benefit+amount%22%7C%22replacement+rate%22+%22unemployment+insurance%22&hl=en&as_sdt=0,5"
116,"C Davidson, SA Woodbury","Optimal unemployment insurance",1997,"Journal of Public Economics","Elsevier","https://www.sciencedirect.com/science/article/pii/S0047272796016234","https://scholar.google.com/scholar?cites=2181677783442089728&as_sdt=2005&sciodt=0,5&hl=en",56,"2022-08-15 21:28:05","","",NA,NA,NA,NA,NA,NA,116,4.64,58,2,25,"… Thus, an optimal program must include an infinite potential duration of benefits. In Section 3.2, we solve for the optimal replacement rate under a program in which benefits are offered …","https://research.upjohn.org/cgi/viewcontent.cgi?article=1052&context=up_workingpapers","https://scholar.google.com/scholar?q=related:AGdtkGLgRh4J:scholar.google.com/&scioq=duration+%22standard+error%22%7C%22standard+errors%22%7Cpbd%7C%22benefit+duration%22%7Cwba%7C%22weekly+benefit+amount%22%7C%22replacement+rate%22+%22unemployment+insurance%22&hl=en&as_sdt=0,5"
12,"C Hall","Do interactions between unemployment insurance and sickness insurance affect transitions to employment?",2011,"Labour","Wiley Online Library","https://onlinelibrary.wiley.com/doi/abs/10.1111/j.1467-9914.2011.00532.x","https://scholar.google.com/scholar?cites=8672423322676196705&as_sdt=2005&sciodt=0,5&hl=en",710,"2022-08-15 21:28:05","","10.1111/j.1467-9914.2011.00532.x",NA,NA,NA,NA,NA,NA,12,1.09,12,1,11,"… length of the sanction period … SI replacement rate was 80 per cent of the previous wage. For the unemployed, it was 80 per cent of the wage prior to unemployment. The replacement rate …","https://www.econstor.eu/bitstream/10419/45760/1/577936654.pdf","https://scholar.google.com/scholar?q=related:YXXtQRCjWngJ:scholar.google.com/&scioq=duration+%22standard+error%22%7C%22standard+errors%22%7Cpbd%7C%22benefit+duration%22%7Cwba%7C%22weekly+benefit+amount%22%7C%22replacement+rate%22+%22unemployment+insurance%22&hl=en&as_sdt=0,5"
231,"C Landais","Assessing the welfare effects of unemployment benefits using the regression kink design",2015,"American Economic Journal: Economic Policy","aeaweb.org","https://www.aeaweb.org/articles?id=10.1257/pol.20130248","https://scholar.google.com/scholar?cites=3013375007029030514&as_sdt=2005&sciodt=0,5&hl=en",256,"2022-08-15 21:28:05","","",NA,NA,NA,NA,NA,NA,231,33,231,1,7,"… and liquidity effects of unemployment insurance (UI ) using variations along the time profile of … in the benefit level as well as the benefit duration. Importantly, this strategy only relies on …","http://eprints.lse.ac.uk/64565/1/Regression%20kink%20design.pdf","https://scholar.google.com/scholar?q=related:cm4BdZqo0SkJ:scholar.google.com/&scioq=duration+%22standard+error%22%7C%22standard+errors%22%7Cpbd%7C%22benefit+duration%22%7Cwba%7C%22weekly+benefit+amount%22%7C%22replacement+rate%22+%22unemployment+insurance%22&hl=en&as_sdt=0,5"
29,"C Landais, A Nekoei, P Nilsson, D Seim…","Risk-based selection in unemployment insurance: Evidence and implications",2021,"American Economic …","aeaweb.org","https://www.aeaweb.org/articles?id=10.1257/aer.20180820","https://scholar.google.com/scholar?cites=1520735121645480590&as_sdt=2005&sciodt=0,5&hl=en",852,"2022-08-15 21:28:05","","",NA,NA,NA,NA,NA,NA,29,29,6,5,1,"… -time evidence on the presence and severity of risk-based selection into unemployment insurance … The graph shows first that the replacement rate for b1 is close to exactly 80 percent on …","http://eprints.lse.ac.uk/108448/1/Risk_based_Selection_in_Unemployment_Insurance.pdf","https://scholar.google.com/scholar?q=related:jqojM4m8GhUJ:scholar.google.com/&scioq=duration+%22standard+error%22%7C%22standard+errors%22%7Cpbd%7C%22benefit+duration%22%7Cwba%7C%22weekly+benefit+amount%22%7C%22replacement+rate%22+%22unemployment+insurance%22&hl=en&as_sdt=0,5"
99,"C Landais, P Michaillat, E Saez","A macroeconomic approach to optimal unemployment insurance: Applications",2018,"American Economic Journal …","aeaweb.org","https://www.aeaweb.org/articles?id=10.1257/pol.20160462","https://scholar.google.com/scholar?cites=1647695792777955998&as_sdt=2005&sciodt=0,5&hl=en",40,"2022-08-15 21:28:05","","",NA,NA,NA,NA,NA,NA,99,24.75,33,3,4,"… To synthesize the actual generosity of UI—both level and duration of benefits—we construct an effective replacement rate by averaging the replacement rate among all eligible …","https://drive.google.com/file/d/1ifTTjzTXCEmDVNPvrG7D_TeTYyORQ68K/view","https://scholar.google.com/scholar?q=related:nopv-pfK3RYJ:scholar.google.com/&scioq=duration+%22standard+error%22%7C%22standard+errors%22%7Cpbd%7C%22benefit+duration%22%7Cwba%7C%22weekly+benefit+amount%22%7C%22replacement+rate%22+%22unemployment+insurance%22&hl=en&as_sdt=0,5"
129,"C Landais, P Michaillat, E Saez","A macroeconomic approach to optimal unemployment insurance: Theory",2018,"American Economic Journal …","aeaweb.org","https://www.aeaweb.org/doi/10.1257/pol.20150088","https://scholar.google.com/scholar?cites=8087162316490330377&as_sdt=2005&sciodt=0,5&hl=en",68,"2022-08-15 21:28:05","","10.1257/pol.20150088",NA,NA,NA,NA,NA,NA,129,32.25,43,3,4,"… the optimal UI replacement rate equals the Baily-Chetty replacement rate plus a correction … duration with respect to the replacement rate. This elasticity is denoted ε R m and defined by …","https://drive.google.com/file/d/19nSJm7CAc3Qhr90elTnvRNHWgeLiZFAk/view","https://scholar.google.com/scholar?q=related:CdFUe0dfO3AJ:scholar.google.com/&scioq=duration+%22standard+error%22%7C%22standard+errors%22%7Cpbd%7C%22benefit+duration%22%7Cwba%7C%22weekly+benefit+amount%22%7C%22replacement+rate%22+%22unemployment+insurance%22&hl=en&as_sdt=0,5"
103,"C Michelacci, H Ruffo","Optimal life cycle unemployment insurance",2015,"American Economic Review","aeaweb.org","https://www.aeaweb.org/articles?id=10.1257/aer.20111559","https://scholar.google.com/scholar?cites=17737366996750044405&as_sdt=2005&sciodt=0,5&hl=en",208,"2022-08-15 21:28:05","","",NA,NA,NA,NA,NA,NA,103,14.71,52,2,7,"… as the optimal replacement rate of a worker whose human capital at the time of … 2007; and Chetty 2008), we find that the optimal replacement rate—0.51—is close to the actual US level. …","http://www.eief.it/files/2015/02/michelacci_ruffo_aer_2015.pdf","https://scholar.google.com/scholar?q=related:9QwGlE7JJ_YJ:scholar.google.com/&scioq=duration+%22standard+error%22%7C%22standard+errors%22%7Cpbd%7C%22benefit+duration%22%7Cwba%7C%22weekly+benefit+amount%22%7C%22replacement+rate%22+%22unemployment+insurance%22&hl=en&as_sdt=0,5"
54,"C Ochsen, H Welsch","Who benefits from labor market institutions? Evidence from surveys of life satisfaction",2012,"Journal of Economic Psychology","Elsevier","https://www.sciencedirect.com/science/article/pii/S0167487011001255","https://scholar.google.com/scholar?cites=18315385609501868968&as_sdt=2005&sciodt=0,5&hl=en",461,"2022-08-15 21:28:05","","",NA,NA,NA,NA,NA,NA,54,5.4,27,2,10,"… and a higher benefit replacement rate increase the life satisfaction of … to employment protection and unemployment insurance. … of benefit duration in the period 1960–1995, which is the …","","https://scholar.google.com/scholar?q=related:qAOpOixSLf4J:scholar.google.com/&scioq=duration+%22standard+error%22%7C%22standard+errors%22%7Cpbd%7C%22benefit+duration%22%7Cwba%7C%22weekly+benefit+amount%22%7C%22replacement+rate%22+%22unemployment+insurance%22&hl=en&as_sdt=0,5"
5,"C Riddell, P Kuhn","The Long-Term Effects of Unemployment Insurance: Evidence from New Brunswick and Maine, 1940-1991",2010,"Industrial and Labor Relations Review","researchgate.net","https://www.researchgate.net/profile/Chris-Riddell-2/publication/46529836_The_Long-Term_Effects_of_Unemployment_Insurance_Evidence_from_New_Brunswick_and_Maine_1940-1991/links/0a85e53a1d0c3a25cb000000/The-Long-Term-Effects-of-Unemployment-Insurance-Evidence-from-New-Brunswick-and-Maine-1940-1991.pdf","https://scholar.google.com/scholar?cites=2728423941685977428&as_sdt=2005&sciodt=0,5&hl=en",636,"2022-08-15 21:28:05","PDF","",NA,NA,NA,NA,NA,NA,5,0.42,3,2,12,"… of unemployment insurance (UI) might examine the impact of the benefit replacement rate … Finally, the Canadian program underwent some dramatic changes during our sample period…","https://www.researchgate.net/profile/Chris-Riddell-2/publication/46529836_The_Long-Term_Effects_of_Unemployment_Insurance_Evidence_from_New_Brunswick_and_Maine_1940-1991/links/0a85e53a1d0c3a25cb000000/The-Long-Term-Effects-of-Unemployment-Insurance-Evidence-from-New-Brunswick-and-Maine-1940-1991.pdf","https://scholar.google.com/scholar?q=related:VCHdgB5P3SUJ:scholar.google.com/&scioq=duration+%22standard+error%22%7C%22standard+errors%22%7Cpbd%7C%22benefit+duration%22%7Cwba%7C%22weekly+benefit+amount%22%7C%22replacement+rate%22+%22unemployment+insurance%22&hl=en&as_sdt=0,5"
153,"C Wang, SD Williamson","Moral hazard, optimal unemployment insurance, and experience rating",2002,"Journal of monetary Economics","Elsevier","https://www.sciencedirect.com/science/article/pii/S0304393202001745","https://scholar.google.com/scholar?cites=18148212464646895983&as_sdt=2005&sciodt=0,5&hl=en",110,"2022-08-15 21:28:05","","",NA,NA,NA,NA,NA,NA,153,7.65,77,2,20,"… as being of critical importance for the design of unemployment insurance (UI) systems. A dynamic … In particular, we are interested in the effects of the replacement rate, the duration of UI …","https://citeseerx.ist.psu.edu/viewdoc/download?doi=10.1.1.189.1184&rep=rep1&type=pdf","https://scholar.google.com/scholar?q=related:bzmYTxVn2_sJ:scholar.google.com/&scioq=duration+%22standard+error%22%7C%22standard+errors%22%7Cpbd%7C%22benefit+duration%22%7Cwba%7C%22weekly+benefit+amount%22%7C%22replacement+rate%22+%22unemployment+insurance%22&hl=en&as_sdt=0,5"
18,"CC Carvalho, R Corbi, R Narita","Unintended consequences of unemployment insurance: Evidence from stricter eligibility criteria in Brazil",2018,"Economics Letters","Elsevier","https://www.sciencedirect.com/science/article/pii/S0165176517304329","https://scholar.google.com/scholar?cites=14349107601043929741&as_sdt=2005&sciodt=0,5&hl=en",763,"2022-08-15 21:28:05","","",NA,NA,NA,NA,NA,NA,18,4.5,6,3,4,"… Unemployment insurance (UI) is a mechanism of … in level and potential UI duration distort the unemployment spell of … Standard errors are clustered by sector and shown in parentheses. …","http://www.repec.eae.fea.usp.br/documentos/Carvalho_Corbi_Narita_16WP.pdf","https://scholar.google.com/scholar?q=related:jboUnFZFIscJ:scholar.google.com/&scioq=duration+%22standard+error%22%7C%22standard+errors%22%7Cpbd%7C%22benefit+duration%22%7Cwba%7C%22weekly+benefit+amount%22%7C%22replacement+rate%22+%22unemployment+insurance%22&hl=en&as_sdt=0,5"
172,"CC Coile, PB Levine","Labor market shocks and retirement: Do government programs matter?",2007,"Journal of Public Economics","Elsevier","https://www.sciencedirect.com/science/article/pii/S0047272707000096","https://scholar.google.com/scholar?cites=6032830955042377549&as_sdt=2005&sciodt=0,5&hl=en",276,"2022-08-15 21:28:05","","",NA,NA,NA,NA,NA,NA,172,11.47,86,2,15,"… whether more generous Unemployment Insurance (UI) … to delay retirement for the period that benefits are available or for … maximum weekly benefit amount within states over time and …","https://www.nber.org/system/files/working_papers/w12559/w12559.pdf","https://scholar.google.com/scholar?q=related:TQ9IUcrruFMJ:scholar.google.com/&scioq=duration+%22standard+error%22%7C%22standard+errors%22%7Cpbd%7C%22benefit+duration%22%7Cwba%7C%22weekly+benefit+amount%22%7C%22replacement+rate%22+%22unemployment+insurance%22&hl=en&as_sdt=0,5"
9,"CI Lee","The impact of taxing unemployment insurance benefits on unemployment duration and post-unemployment earnings",2000,"International Tax and Public Finance","Springer","https://link.springer.com/article/10.1023/A:1008741607468","https://scholar.google.com/scholar?cites=4547725003627012222&as_sdt=2005&sciodt=0,5&hl=en",119,"2022-08-15 21:28:05","","10.1023/A:1008741607468",NA,NA,NA,NA,NA,NA,9,0.41,9,1,22,"… reason for conducting this regression is to examine whether treating the durations of special benefit recipients as if they are censored at the exhaustion of the regular benefit duration …","","https://scholar.google.com/scholar?q=related:fqBZwcvDHD8J:scholar.google.com/&scioq=duration+%22standard+error%22%7C%22standard+errors%22%7Cpbd%7C%22benefit+duration%22%7Cwba%7C%22weekly+benefit+amount%22%7C%22replacement+rate%22+%22unemployment+insurance%22&hl=en&as_sdt=0,5"
23,"CJ O'Leary, RG Spiegelman…","Do bonus offers shorten unemployment insurance spells? Results from the Washington experiment",1995,"Journal of Policy Analysis …","Wiley Online Library","https://onlinelibrary.wiley.com/doi/abs/10.2307/3325152","https://scholar.google.com/scholar?cites=13688012221219074146&as_sdt=2005&sciodt=0,5&hl=en",103,"2022-08-15 21:28:05","","10.2307/3325152",NA,NA,NA,NA,NA,NA,23,0.85,8,3,27,"… weekly benefit amount (WBA) or 2 x WBA. the medium bonus is 4 x WBA, and the high bonus is 6 x WBA… -namely the weekly benefit amount (WBA) and base period earnings (BPE). …","","https://scholar.google.com/scholar?q=related:YvD3zpeW9b0J:scholar.google.com/&scioq=duration+%22standard+error%22%7C%22standard+errors%22%7Cpbd%7C%22benefit+duration%22%7Cwba%7C%22weekly+benefit+amount%22%7C%22replacement+rate%22+%22unemployment+insurance%22&hl=en&as_sdt=0,5"
181,"CJ Simon","Frictional unemployment and the role of industrial diversity",1988,"The Quarterly Journal of Economics","academic.oup.com","https://academic.oup.com/qje/article-abstract/103/4/715/1942290","https://scholar.google.com/scholar?cites=11062147059529882974&as_sdt=2005&sciodt=0,5&hl=en",845,"2022-08-15 21:28:05","","",NA,NA,NA,NA,NA,NA,181,5.32,181,1,34,"… across industries, cities, and time. Even if the expected rate of … hiring that occurs both at the same time and in the same city. … before-tax unemployment insurance replacement rate. More …","","https://scholar.google.com/scholar?q=related:Xh1pECSkhJkJ:scholar.google.com/&scioq=duration+%22standard+error%22%7C%22standard+errors%22%7Cpbd%7C%22benefit+duration%22%7Cwba%7C%22weekly+benefit+amount%22%7C%22replacement+rate%22+%22unemployment+insurance%22&hl=en&as_sdt=0,5"
28,"CL Rogers","Expectations of unemployment insurance and unemployment duration",1998,"Journal of Labor Economics","journals.uchicago.edu","https://www.journals.uchicago.edu/doi/abs/10.1086/209901","https://scholar.google.com/scholar?cites=10035100122519999800&as_sdt=2005&sciodt=0,5&hl=en",282,"2022-08-15 21:28:05","","10.1086/209901",NA,NA,NA,NA,NA,NA,28,1.17,28,1,24,"… Search theory suggests that a higher benefit ratio (the weekly benefit amount divided by the highest quarterly earnings in the base period) increases the value of being employed. This …","","https://scholar.google.com/scholar?q=related:OJVIqGTWQ4sJ:scholar.google.com/&scioq=duration+%22standard+error%22%7C%22standard+errors%22%7Cpbd%7C%22benefit+duration%22%7Cwba%7C%22weekly+benefit+amount%22%7C%22replacement+rate%22+%22unemployment+insurance%22&hl=en&as_sdt=0,5"
0,"CL Scott III","Effects of Differing Unemployment Insurance Taxable Wage Bases on System Capacity",1986,"Journal of Risk and Insurance","JSTOR","https://www.jstor.org/stable/252394","",697,"2022-08-15 21:28:05","","",NA,NA,NA,NA,NA,NA,0,0,0,1,36,"… only to cover changes in the weekly benefit amount (WBA). The WBA is the amount a UI … to receive the Average Weekly Benefit Amount for the Average Potential Duration. Benefits …","","https://scholar.google.com/scholar?q=related:jUvhEyWgS6gJ:scholar.google.com/&scioq=duration+%22standard+error%22%7C%22standard+errors%22%7Cpbd%7C%22benefit+duration%22%7Cwba%7C%22weekly+benefit+amount%22%7C%22replacement+rate%22+%22unemployment+insurance%22&hl=en&as_sdt=0,5"
43,"CN East, E Kuka","Reexamining the consumption smoothing benefits of Unemployment Insurance",2015,"Journal of Public Economics","Elsevier","https://www.sciencedirect.com/science/article/pii/S0047272715001565","https://scholar.google.com/scholar?cites=14600099006053622473&as_sdt=2005&sciodt=0,5&hl=en",217,"2022-08-15 21:28:05","","",NA,NA,NA,NA,NA,NA,43,6.14,22,2,7,"… for other changes occurring across states and over time. With our preferred model we find that a 10 percentage point increase in the replacement rate leads to a 1.0% reduction in the …","http://www.chloeneast.com/uploads/8/9/9/7/8997263/east_kuka_jpube2015.pdf","https://scholar.google.com/scholar?q=related:ySJc_bD4ncoJ:scholar.google.com/&scioq=duration+%22standard+error%22%7C%22standard+errors%22%7Cpbd%7C%22benefit+duration%22%7Cwba%7C%22weekly+benefit+amount%22%7C%22replacement+rate%22+%22unemployment+insurance%22&hl=en&as_sdt=0,5"
8,"D Aaronson, SA Brave, RA Butters, M Fogarty…","Forecasting unemployment insurance claims in realtime with Google Trends",2022,"International Journal of …","Elsevier","https://www.sciencedirect.com/science/article/pii/S0169207021000649","https://scholar.google.com/scholar?cites=132164839575811913&as_sdt=2005&sciodt=0,5&hl=en",784,"2022-08-15 21:28:05","","",NA,NA,NA,NA,NA,NA,8,8,2,5,1,"… turn use to forecast the demand for unemployment insurance in real time during recessions. … Trends Ratio term and its standard error. Standard errors are estimated by 10,000 event-…","","https://scholar.google.com/scholar?q=related:SXe2qjiL1QEJ:scholar.google.com/&scioq=duration+%22standard+error%22%7C%22standard+errors%22%7Cpbd%7C%22benefit+duration%22%7Cwba%7C%22weekly+benefit+amount%22%7C%22replacement+rate%22+%22unemployment+insurance%22&hl=en&as_sdt=0,5"
678,"D Acemoglu, R Shimer","Productivity gains from unemployment insurance",2000,"European economic review","Elsevier","https://www.sciencedirect.com/science/article/pii/S0014292100000350","https://scholar.google.com/scholar?cites=9845876460300173743&as_sdt=2005&sciodt=0,5&hl=en",78,"2022-08-15 21:28:05","","",NA,NA,NA,NA,NA,NA,678,30.82,339,2,22,"… Moderate increases in the replacement rate or the duration of unemployment benefits lead … unemployment insurance to match US policy. To get an average benefit duration of six months…","https://www.nber.org/system/files/working_papers/w7352/w7352.pdf","https://scholar.google.com/scholar?q=related:r4GSlnmUo4gJ:scholar.google.com/&scioq=duration+%22standard+error%22%7C%22standard+errors%22%7Cpbd%7C%22benefit+duration%22%7Cwba%7C%22weekly+benefit+amount%22%7C%22replacement+rate%22+%22unemployment+insurance%22&hl=en&as_sdt=0,5"
35,"D Béland, J Myles","Varieties of federalism, institutional legacies, and social policy: Comparing old‐age and unemployment insurance reform in Canada",2012,"International Journal of Social Welfare","Wiley Online Library","https://onlinelibrary.wiley.com/doi/abs/10.1111/j.1468-2397.2011.00838.x","https://scholar.google.com/scholar?cites=12463452587382065617&as_sdt=2005&sciodt=0,5&hl=en",962,"2022-08-15 21:28:05","","10.1111/j.1468-2397.2011.00838.x",NA,NA,NA,NA,NA,NA,35,3.5,18,2,10,"… departing trends witnessed in the field of unemployment insurance. As shown, this absence … as the plan to double the CPP replacement rate proposed by the Canadian Labour Congress…","https://www.academia.edu/download/52620854/j.1468-2397.2011.00838.x20170414-14968-16q672e.pdf","https://scholar.google.com/scholar?q=related:0cnUERgU96wJ:scholar.google.com/&scioq=duration+%22standard+error%22%7C%22standard+errors%22%7Cpbd%7C%22benefit+duration%22%7Cwba%7C%22weekly+benefit+amount%22%7C%22replacement+rate%22+%22unemployment+insurance%22&hl=en&as_sdt=0,5"
153,"D Card, A Johnston, P Leung, A Mas…","The effect of unemployment benefits on the duration of unemployment insurance receipt: New evidence from a regression kink design in Missouri, 2003-2013",2015,"American Economic …","aeaweb.org","https://www.aeaweb.org/articles?id=10.1257/aer.p20151061","https://scholar.google.com/scholar?cites=10066445609253492882&as_sdt=2005&sciodt=0,5&hl=en",16,"2022-08-15 21:28:05","","",NA,NA,NA,NA,NA,NA,153,21.86,31,5,7,"… opportunity to investigate the Great Recession period. We find that the elasticity of UI duration with respect to the weekly benefit amount is around 0.35 during the pre-recession period …","https://www.nber.org/system/files/working_papers/w20869/w20869.pdf","https://scholar.google.com/scholar?q=related:klhYgvIys4sJ:scholar.google.com/&scioq=duration+%22standard+error%22%7C%22standard+errors%22%7Cpbd%7C%22benefit+duration%22%7Cwba%7C%22weekly+benefit+amount%22%7C%22replacement+rate%22+%22unemployment+insurance%22&hl=en&as_sdt=0,5"
205,"D Card, PB Levine","Unemployment insurance taxes and the cyclical and seasonal properties of unemployment",1994,"Journal of public Economics","Elsevier","https://www.sciencedirect.com/science/article/pii/0047272794900116","https://scholar.google.com/scholar?cites=12500471575939672073&as_sdt=2005&sciodt=0,5&hl=en",406,"2022-08-15 21:28:05","","",NA,NA,NA,NA,NA,NA,205,7.32,103,2,28,"… period t have the simple form O,f’(N,), where f is an increasing and strictly concave production function and 0, denotes a relative demand shocks in period t… and the net replacement rate. …","https://www.nber.org/system/files/working_papers/w4030/w4030.pdf","https://scholar.google.com/scholar?q=related:CWjAAKuYeq0J:scholar.google.com/&scioq=duration+%22standard+error%22%7C%22standard+errors%22%7Cpbd%7C%22benefit+duration%22%7Cwba%7C%22weekly+benefit+amount%22%7C%22replacement+rate%22+%22unemployment+insurance%22&hl=en&as_sdt=0,5"
523,"D Card, PB Levine","Extended benefits and the duration of UI spells: evidence from the New Jersey extended benefit program",2000,"Journal of Public economics","Elsevier","https://www.sciencedirect.com/science/article/pii/S0047272799001139","https://scholar.google.com/scholar?cites=3916925203867274585&as_sdt=2005&sciodt=0,5&hl=en",413,"2022-08-15 21:28:05","","",NA,NA,NA,NA,NA,NA,523,23.77,262,2,22,"… This paper examines the impact on the duration of unemployment insurance receipt of a … Unfortunately, however, the standard errors for the estimated impacts are so large that we …","https://www.nber.org/system/files/working_papers/w6714/w6714.pdf","https://scholar.google.com/scholar?q=related:WY1IXLi2WzYJ:scholar.google.com/&scioq=duration+%22standard+error%22%7C%22standard+errors%22%7Cpbd%7C%22benefit+duration%22%7Cwba%7C%22weekly+benefit+amount%22%7C%22replacement+rate%22+%22unemployment+insurance%22&hl=en&as_sdt=0,5"
581,"D Card, R Chetty, A Weber","Cash-on-hand and competing models of intertemporal behavior: New evidence from the labor market",2007,"The Quarterly journal of economics","academic.oup.com","https://academic.oup.com/qje/article-abstract/122/4/1511/1850504","https://scholar.google.com/scholar?cites=4018424792583942720&as_sdt=2005&sciodt=0,5&hl=en",896,"2022-08-15 21:28:05","","",NA,NA,NA,NA,NA,NA,581,38.73,194,3,15,"… of a discontinuity in the unemployment insurance (UI) benefit … across spells by clustering the standard errors by person. In … replacement rate in period t of the unemployment spell and σ …","https://www.nber.org/system/files/working_papers/w12639/w12639.pdf","https://scholar.google.com/scholar?q=related:QLKW7g5QxDcJ:scholar.google.com/&scioq=duration+%22standard+error%22%7C%22standard+errors%22%7Cpbd%7C%22benefit+duration%22%7Cwba%7C%22weekly+benefit+amount%22%7C%22replacement+rate%22+%22unemployment+insurance%22&hl=en&as_sdt=0,5"
10,"D Fackler, J Stegmaier, E Weigt","Does extended unemployment benefit duration ameliorate the negative employment effects of job loss?",2019,"Labour Economics","Elsevier","https://www.sciencedirect.com/science/article/pii/S0927537119300181","https://scholar.google.com/scholar?cites=9707483733145252302&as_sdt=2005&sciodt=0,5&hl=en",86,"2022-08-15 21:28:05","","",NA,NA,NA,NA,NA,NA,10,3.33,3,3,3,"… the effects of extended PBD on UI benefit duration and non-employment duration. We then … in Germany is covered by the unemployment insurance and eligible to receive unemployment …","https://www.iwh-halle.de/ueber-das-iwh/veranstaltungen/?tx_iwhsolr_main%5Bsearch_action%5D=searchNews&tx_iwhsolr_main%5BeventTypes%5D=&tx_iwhsolr_main%5Bpage%5D=19&cHash=fe4fb005e531dec3db592b150c5aca37","https://scholar.google.com/scholar?q=related:znEB2QXpt4YJ:scholar.google.com/&scioq=duration+%22standard+error%22%7C%22standard+errors%22%7Cpbd%7C%22benefit+duration%22%7Cwba%7C%22weekly+benefit+amount%22%7C%22replacement+rate%22+%22unemployment+insurance%22&hl=en&as_sdt=0,5"
0,"D Kessler, D Hevenstone, L Vandecasteele…","Weathering the storm together: Does unemployment insurance help couples avoid divorce?",2022,"Journal of European …","arbor.bfh.ch","https://arbor.bfh.ch/17106","",562,"2022-08-15 21:28:05","","",NA,NA,NA,NA,NA,NA,0,0,0,4,1,"… This study examines whether unemployment insurance benefit … that reduced unemployment insurance maximum benefit duration. We … reductions in unemployment insurance generosity. …","",""
65,"D Metcalf, SJ Nickell, N Floros","Still searching for an explanation of unemployment in interwar Britain",1982,"Journal of Political Economy","journals.uchicago.edu","https://www.journals.uchicago.edu/doi/pdf/10.1086/261063","https://scholar.google.com/scholar?cites=8178883341946893697&as_sdt=2005&sciodt=0,5&hl=en",746,"2022-08-15 21:28:05","","10.1086/261063",NA,NA,NA,NA,NA,NA,65,1.63,22,3,40,"… for the interwar period. Postwar the numerator is unemployment insurance benefit per … be applied, during the postwar period the replacement rate must be reduced by 2.5 percent. …","","https://scholar.google.com/scholar?q=related:gbUa4BA7gXEJ:scholar.google.com/&scioq=duration+%22standard+error%22%7C%22standard+errors%22%7Cpbd%7C%22benefit+duration%22%7Cwba%7C%22weekly+benefit+amount%22%7C%22replacement+rate%22+%22unemployment+insurance%22&hl=en&as_sdt=0,5"
16,"DA Anderson","Compensating wage differentials and the optimal provision of unemployment insurance",1994,"Southern Economic Journal","JSTOR","https://www.jstor.org/stable/1060573","https://scholar.google.com/scholar?cites=2259853723752877728&as_sdt=2005&sciodt=0,5&hl=en",317,"2022-08-15 21:28:05","","",NA,NA,NA,NA,NA,NA,16,0.57,16,1,28,"… in the average replacement rate for … replacement rate from 0 0.5 would increase spell duration by one week, for example, then the $1.00 expenditure will lead to an increase in s duration …","http://theunbrokenwindow.com/Labor%20Economics/Dave%20and%20UI.pdf","https://scholar.google.com/scholar?q=related:oE6iEP2cXB8J:scholar.google.com/&scioq=duration+%22standard+error%22%7C%22standard+errors%22%7Cpbd%7C%22benefit+duration%22%7Cwba%7C%22weekly+benefit+amount%22%7C%22replacement+rate%22+%22unemployment+insurance%22&hl=en&as_sdt=0,5"
498,"DA Black, JA Smith, MC Berger, BJ Noel","Is the threat of reemployment services more effective than the services themselves? Evidence from random assignment in the UI system",2003,"American economic review","aeaweb.org","https://www.aeaweb.org/articles?id=10.1257/000282803769206313","https://scholar.google.com/scholar?cites=1882794665379487572&as_sdt=2005&sciodt=0,5&hl=en",629,"2022-08-15 21:28:05","","",NA,NA,NA,NA,NA,NA,498,26.21,125,4,19,"… profiles” Unemployment Insurance (UI) claimants based on the predicted length of their unem… the wisdom of using the expected benefit duration as a means of allocating treatment. They …","https://pietroichino.it/wp-content/uploads/2013/09/Black_Smith_Berger_Noel.pdf","https://scholar.google.com/scholar?q=related:VN_xzsUHIRoJ:scholar.google.com/&scioq=duration+%22standard+error%22%7C%22standard+errors%22%7Cpbd%7C%22benefit+duration%22%7Cwba%7C%22weekly+benefit+amount%22%7C%22replacement+rate%22+%22unemployment+insurance%22&hl=en&as_sdt=0,5"
28,"DA Follmann, MS Goldberg, L May","Personal characteristics, unemployment insurance, and the duration of unemployment",1990,"Journal of Econometrics","Elsevier","https://www.sciencedirect.com/science/article/pii/030440769090004D","https://scholar.google.com/scholar?cites=10369598969930035379&as_sdt=2005&sciodt=0,5&hl=en",289,"2022-08-15 21:28:05","","",NA,NA,NA,NA,NA,NA,28,0.88,9,3,32,"… The key idea of this paper is that a hazard function for the entire time … at the spike is 0.1713 with a standard error of 0.0581. … provides a value of 0.0571 with a standard error of 0.0327. …","","https://scholar.google.com/scholar?q=related:s7DvmVI36I8J:scholar.google.com/&scioq=duration+%22standard+error%22%7C%22standard+errors%22%7Cpbd%7C%22benefit+duration%22%7Cwba%7C%22weekly+benefit+amount%22%7C%22replacement+rate%22+%22unemployment+insurance%22&hl=en&as_sdt=0,5"
71,"DA Green, TC Sargent","Unemployment insurance and job durations: seasonal and non-seasonal jobs",1998,"canadian Journal of Economics","JSTOR","https://www.jstor.org/stable/136322","https://scholar.google.com/scholar?cites=15964907071039367513&as_sdt=2005&sciodt=0,5&hl=en",392,"2022-08-15 21:28:05","","",NA,NA,NA,NA,NA,NA,71,2.96,36,2,24,"… also a defining feature of maximum benefit duration. Benefit entitlement was calculated under a three-phase system, with the first two phases depending on the length of the individual's …","","https://scholar.google.com/scholar?q=related:WWlsOWW-jt0J:scholar.google.com/&scioq=duration+%22standard+error%22%7C%22standard+errors%22%7Cpbd%7C%22benefit+duration%22%7Cwba%7C%22weekly+benefit+amount%22%7C%22replacement+rate%22+%22unemployment+insurance%22&hl=en&as_sdt=0,5"
131,"DA Green, WC Riddell","Qualifying for unemployment insurance: An empirical analysis",1997,"The Economic Journal","academic.oup.com","https://academic.oup.com/ej/article-abstract/107/440/67/5144318","https://scholar.google.com/scholar?cites=10283606765151438939&as_sdt=2005&sciodt=0,5&hl=en",49,"2022-08-15 21:28:05","","",NA,NA,NA,NA,NA,NA,131,5.24,66,2,25,"… Regional differentiation is also a feature of maximum benefit duration. Benefit duration is determined in three phases, the first two depending on the length of the individual's previous …","","https://scholar.google.com/scholar?q=related:W8inNt61to4J:scholar.google.com/&scioq=duration+%22standard+error%22%7C%22standard+errors%22%7Cpbd%7C%22benefit+duration%22%7Cwba%7C%22weekly+benefit+amount%22%7C%22replacement+rate%22+%22unemployment+insurance%22&hl=en&as_sdt=0,5"
86,"DA Green, WC Riddell","The economic effects of unemployment insurance in Canada: an empirical analysis of UI disentitlement",1993,"Journal of labor economics","journals.uchicago.edu","https://www.journals.uchicago.edu/doi/abs/10.1086/298330","https://scholar.google.com/scholar?cites=5284956195727858405&as_sdt=2005&sciodt=0,5&hl=en",395,"2022-08-15 21:28:05","","10.1086/298330",NA,NA,NA,NA,NA,NA,86,2.97,43,2,29,"… ) earnings replacement rate. Although this implied a 20% increase in the net replacement rate, … in the minimum qualifying period and the increase in the maximum duration of benefits. In …","","https://scholar.google.com/scholar?q=related:5drbu6jvV0kJ:scholar.google.com/&scioq=duration+%22standard+error%22%7C%22standard+errors%22%7Cpbd%7C%22benefit+duration%22%7Cwba%7C%22weekly+benefit+amount%22%7C%22replacement+rate%22+%22unemployment+insurance%22&hl=en&as_sdt=0,5"
13,"DGC Britto, P Pinotti, B Sampaio","The effect of job loss and unemployment insurance on crime in Brazil",2022,"Econometrica","Wiley Online Library","https://onlinelibrary.wiley.com/doi/abs/10.3982/ECTA18984","https://scholar.google.com/scholar?cites=10313376475450263996&as_sdt=2005&sciodt=0,5&hl=en",260,"2022-08-15 21:28:05","","10.3982/ECTA18984",NA,NA,NA,NA,NA,NA,13,13,4,3,1,"… time and time spent on the job (ie, what we previously called the incapacitation effect of employment): if time … do not directly observe potential benefit duration. Workers initially receiving …","https://onlinelibrary.wiley.com/doi/pdf/10.3982/ECTA18984","https://scholar.google.com/scholar?q=related:vEkVBkN5II8J:scholar.google.com/&scioq=duration+%22standard+error%22%7C%22standard+errors%22%7Cpbd%7C%22benefit+duration%22%7Cwba%7C%22weekly+benefit+amount%22%7C%22replacement+rate%22+%22unemployment+insurance%22&hl=en&as_sdt=0,5"
1230,"DH Autor, MG Duggan","The rise in the disability rolls and the decline in unemployment",2003,"The Quarterly Journal of Economics","academic.oup.com","https://academic.oup.com/qje/article-abstract/118/1/157/1917020","https://scholar.google.com/scholar?cites=13576700764189134693&as_sdt=2005&sciodt=0,5&hl=en",832,"2022-08-15 21:28:05","","",NA,NA,NA,NA,NA,NA,1230,64.74,615,2,19,"… frame) in high versus low replacement rate states. To identify … We compare steady states of a discrete time Markov model … DI applicants collect unemployment insurance benefits during …","https://repository.upenn.edu/cgi/viewcontent.cgi?article=1052&context=hcmg_papers","https://scholar.google.com/scholar?q=related:ZY9En2kharwJ:scholar.google.com/&scioq=duration+%22standard+error%22%7C%22standard+errors%22%7Cpbd%7C%22benefit+duration%22%7Cwba%7C%22weekly+benefit+amount%22%7C%22replacement+rate%22+%22unemployment+insurance%22&hl=en&as_sdt=0,5"
132,"DH Klepinger, TR Johnson, JM Joesch","Effects of unemployment insurance work-search requirements: The Maryland experiment",2002,"ILR Review","journals.sagepub.com","https://journals.sagepub.com/doi/abs/10.1177/001979390205600101","https://scholar.google.com/scholar?cites=15063148835452073757&as_sdt=2005&sciodt=0,5&hl=en",836,"2022-08-15 21:28:05","","10.1177/001979390205600101",NA,NA,NA,NA,NA,NA,132,6.6,44,3,20,"… he Unemployment Insurance (UI) program is designed to provide temporary income support … We tested the time pattern of UI exit for claimants in each treatment against the time pattern …","http://pinguet.free.fr/klepinger2002.pdf","https://scholar.google.com/scholar?q=related:Hbf1zw4OC9EJ:scholar.google.com/&scioq=duration+%22standard+error%22%7C%22standard+errors%22%7Cpbd%7C%22benefit+duration%22%7Cwba%7C%22weekly+benefit+amount%22%7C%22replacement+rate%22+%22unemployment+insurance%22&hl=en&as_sdt=0,5"
16,"DL Fuller","Adverse selection and moral hazard: Quantitative implications for unemployment insurance",2014,"Journal of Monetary Economics","Elsevier","https://www.sciencedirect.com/science/article/pii/S0304393213001463","https://scholar.google.com/scholar?cites=2634238661480241756&as_sdt=2005&sciodt=0,5&hl=en",663,"2022-08-15 21:28:05","","",NA,NA,NA,NA,NA,NA,16,2,16,1,8,"… imply consumption increases over the duration of non-… the replacement rate, this appears reasonable given the lack of precautionary savings in the model. The unemployment insurance …","http://www.fullerecon.com/jme2.pdf","https://scholar.google.com/scholar?q=related:XFohFxuyjiQJ:scholar.google.com/&scioq=duration+%22standard+error%22%7C%22standard+errors%22%7Cpbd%7C%22benefit+duration%22%7Cwba%7C%22weekly+benefit+amount%22%7C%22replacement+rate%22+%22unemployment+insurance%22&hl=en&as_sdt=0,5"
10,"DL Smith, JB Wenger","State unemployment insurance trust solvency and benefit generosity",2013,"Journal of Policy Analysis and …","Wiley Online Library","https://onlinelibrary.wiley.com/doi/abs/10.1002/pam.21701","https://scholar.google.com/scholar?cites=1150825261297744935&as_sdt=2005&sciodt=0,5&hl=en",451,"2022-08-15 21:28:05","","10.1002/pam.21701",NA,NA,NA,NA,NA,NA,10,1.11,5,2,9,"… In our sample, among states that index their maximum weekly benefit amount to wages, 22 … replacement rate over time. Interestingly, very nearly as much within-state variation (over time…","http://citeseerx.ist.psu.edu/viewdoc/download?doi=10.1.1.186.2950&rep=rep1&type=pdf","https://scholar.google.com/scholar?q=related:J7wyUnqN-A8J:scholar.google.com/&scioq=duration+%22standard+error%22%7C%22standard+errors%22%7Cpbd%7C%22benefit+duration%22%7Cwba%7C%22weekly+benefit+amount%22%7C%22replacement+rate%22+%22unemployment+insurance%22&hl=en&as_sdt=0,5"
97,"DM Blau, PK Robins","Job search, wage offers, and unemployment insurance",1986,"Journal of public Economics","Elsevier","https://www.sciencedirect.com/science/article/pii/0047272786900022","https://scholar.google.com/scholar?cites=16519961897038047971&as_sdt=2005&sciodt=0,5&hl=en",131,"2022-08-15 21:28:05","","",NA,NA,NA,NA,NA,NA,97,2.69,49,2,36,"… length of the spell, we test models both with and without time dependence. The time dependent models use the same specifications for time as … “The replacement rate is set equal to zero …","","https://scholar.google.com/scholar?q=related:4-rwn9GxQuUJ:scholar.google.com/&scioq=duration+%22standard+error%22%7C%22standard+errors%22%7Cpbd%7C%22benefit+duration%22%7Cwba%7C%22weekly+benefit+amount%22%7C%22replacement+rate%22+%22unemployment+insurance%22&hl=en&as_sdt=0,5"
113,"DR Howell, M Rehm","Unemployment compensation and high European unemployment: a reassessment with new benefit indicators",2009,"Oxford Review of Economic Policy","academic.oup.com","https://academic.oup.com/oxrep/article-abstract/25/1/60/360262","https://scholar.google.com/scholar?cites=4815502277956002678&as_sdt=2005&sciodt=0,5&hl=en",891,"2022-08-15 21:28:05","","",NA,NA,NA,NA,NA,NA,113,8.69,57,2,13,"… regressions on the OECD's gross replacement rate (GRR), … their months of UI [unemployment insurance] entitlement. Benefit … They find that the OECD's replacement rate and duration of …","https://scholarworks.umass.edu/cgi/viewcontent.cgi?article=1170&context=peri_workingpapers","https://scholar.google.com/scholar?q=related:duOm5M4Z1EIJ:scholar.google.com/&scioq=duration+%22standard+error%22%7C%22standard+errors%22%7Cpbd%7C%22benefit+duration%22%7Cwba%7C%22weekly+benefit+amount%22%7C%22replacement+rate%22+%22unemployment+insurance%22&hl=en&as_sdt=0,5"
83,"DS Hamermesh","Entitlement effects, unemployment insurance and employment decisions",1979,"Economic Inquiry","Wiley Online Library","https://onlinelibrary.wiley.com/doi/abs/10.1111/j.1465-7295.1979.tb00532.x","https://scholar.google.com/scholar?cites=2806131804799647483&as_sdt=2005&sciodt=0,5&hl=en",63,"2022-08-15 21:28:05","","10.1111/j.1465-7295.1979.tb00532.x",NA,NA,NA,NA,NA,NA,83,1.93,83,1,43,"… For women in the second and third subsamples we use imputed 1970 earnings to impute a weekly benefit amount and potential duration based upon the statutory provisions in the state …","","https://scholar.google.com/scholar?q=related:-z4CSgJi8SYJ:scholar.google.com/&scioq=duration+%22standard+error%22%7C%22standard+errors%22%7Cpbd%7C%22benefit+duration%22%7Cwba%7C%22weekly+benefit+amount%22%7C%22replacement+rate%22+%22unemployment+insurance%22&hl=en&as_sdt=0,5"
12,"DS Hamermesh","A note on income and substitution effects in search unemployment",1977,"The Economic Journal","JSTOR","https://www.jstor.org/stable/2232090","https://scholar.google.com/scholar?cites=3834341260833471836&as_sdt=2005&sciodt=0,5&hl=en",321,"2022-08-15 21:28:05","","",NA,NA,NA,NA,NA,NA,12,0.27,12,1,45,"… unemployment insurance benefit and a lump-sum redundancy payment, it is the only available study of income maintenance and unemployment duration … with a standard error of 0213.1 …","","https://scholar.google.com/scholar?q=related:XD2avw9RNjUJ:scholar.google.com/&scioq=duration+%22standard+error%22%7C%22standard+errors%22%7Cpbd%7C%22benefit+duration%22%7Cwba%7C%22weekly+benefit+amount%22%7C%22replacement+rate%22+%22unemployment+insurance%22&hl=en&as_sdt=0,5"
1,"DS Hwang","The Effects of Unemployment Benefits and Compulsory Severance Pay on Labor Market Participation and Unemployment Spell in Korea",2004,"Korea Labor Institute","","","https://scholar.google.com/scholar?cites=8239171540348479638&as_sdt=2005&sciodt=0,5&hl=en",807,"2022-08-15 21:28:05","CITATION","",NA,NA,NA,NA,NA,NA,1,0.06,1,1,18,"","","https://scholar.google.com/scholar?q=related:lqj66dxqV3IJ:scholar.google.com/&scioq=duration+%22standard+error%22%7C%22standard+errors%22%7Cpbd%7C%22benefit+duration%22%7Cwba%7C%22weekly+benefit+amount%22%7C%22replacement+rate%22+%22unemployment+insurance%22&hl=en&as_sdt=0,5"
9,"DS Lee, P Leung, CJ O'Leary, Z Pei…","Are sufficient statistics necessary? nonparametric measurement of deadweight loss from unemployment insurance",2021,"Journal of Labor …","journals.uchicago.edu","https://www.journals.uchicago.edu/doi/abs/10.1086/711594","https://scholar.google.com/scholar?cites=3957139564466625762&as_sdt=2005&sciodt=0,5&hl=en",157,"2022-08-15 21:28:05","","10.1086/711594",NA,NA,NA,NA,NA,NA,9,9,2,5,1,"… weekly benefit amount. For the marginal dollar that is transferred to inframarginal UI claimants via an increase in the weekly benefit amount… of initial claim duration with respect to wba in …","https://www.nber.org/system/files/working_papers/w25574/w25574.pdf","https://scholar.google.com/scholar?q=related:4lyt0neV6jYJ:scholar.google.com/&scioq=duration+%22standard+error%22%7C%22standard+errors%22%7Cpbd%7C%22benefit+duration%22%7Cwba%7C%22weekly+benefit+amount%22%7C%22replacement+rate%22+%22unemployment+insurance%22&hl=en&as_sdt=0,5"
86,"DT Mortensen","A structural model of unemployment insurance benefit effects on the incidence and duration of unemployment",1990,"Advances in the Theory and Measurement of …","Springer","https://link.springer.com/chapter/10.1007/978-1-349-10688-2_3","https://scholar.google.com/scholar?cites=2893853287754054889&as_sdt=2005&sciodt=0,5&hl=en",146,"2022-08-15 21:28:05","","10.1007/978-1-349-10688-2_3",NA,NA,NA,NA,NA,NA,86,2.69,86,1,32,"… The reported estimate of y is 0.129 with an estimated standard error of 0.057 for a subs ample of 246 'job losers on layoff' and 0.417 with an estimated standard error of 0.070 for a …","","https://scholar.google.com/scholar?q=related:6TytoDsIKSgJ:scholar.google.com/&scioq=duration+%22standard+error%22%7C%22standard+errors%22%7Cpbd%7C%22benefit+duration%22%7Cwba%7C%22weekly+benefit+amount%22%7C%22replacement+rate%22+%22unemployment+insurance%22&hl=en&as_sdt=0,5"
0,"DW Stevens","THE ASKING WAGE-DURATION OF UNEMPLOYMENT RELATION REVISITED.",1977,"Southern Economic Journal","search.ebscohost.com","https://search.ebscohost.com/login.aspx?direct=true&profile=ehost&scope=site&authtype=crawler&jrnl=00384038&AN=4627065&h=6jSegoZk0GHQsubhQlsGe5jBqjjWckenVNqPmVrklxAfC8TC5eQHtJf5zfYkXl0xPKjeQ4CH21KzoXvq0eciTA%3D%3D&crl=c","",734,"2022-08-15 21:28:05","","",NA,NA,NA,NA,NA,NA,0,0,0,1,45,"… ) of the unemployment insurance beneﬁts that … weekly beneﬁt amount implies a lesser willingness or opportunity for this group to make downward adjustments in asking wages over time…","","https://scholar.google.com/scholar?q=related:e4NBDag1ub4J:scholar.google.com/&scioq=duration+%22standard+error%22%7C%22standard+errors%22%7Cpbd%7C%22benefit+duration%22%7Cwba%7C%22weekly+benefit+amount%22%7C%22replacement+rate%22+%22unemployment+insurance%22&hl=en&as_sdt=0,5"
62,"E Bratberg, K Vaage","Spell durations with long unemployment insurance periods",2000,"Labour Economics","Elsevier","https://www.sciencedirect.com/science/article/pii/S0927537199000366","https://scholar.google.com/scholar?cites=11887548234870332139&as_sdt=2005&sciodt=0,5&hl=en",275,"2022-08-15 21:28:05","","",NA,NA,NA,NA,NA,NA,62,2.82,31,2,22,"… potential incentive effect of a fixed unemployment insurance period. We compare two large … the Norwegian unemployment insurance system, which makes the potential benefit duration …","","https://scholar.google.com/scholar?q=related:65rE_SIO-aQJ:scholar.google.com/&scioq=duration+%22standard+error%22%7C%22standard+errors%22%7Cpbd%7C%22benefit+duration%22%7Cwba%7C%22weekly+benefit+amount%22%7C%22replacement+rate%22+%22unemployment+insurance%22&hl=en&as_sdt=0,5"
35,"E Devos, S Rahman","Labor unemployment insurance and firm cash holdings",2018,"Journal of Corporate Finance","Elsevier","https://www.sciencedirect.com/science/article/pii/S0929119917303097","https://scholar.google.com/scholar?cites=5474422520729123382&as_sdt=2005&sciodt=0,5&hl=en",505,"2022-08-15 21:28:05","","",NA,NA,NA,NA,NA,NA,35,8.75,18,2,4,"… The level and duration of the UI benefit payments depends on workers' … base period. From each publication, we collect the maximum weekly benefit amount and the maximum duration a …","https://fardapaper.ir/mohavaha/uploads/2018/03/Fardapaper-Labor-unemployment-insurance-and-firm-cash-holdings.pdf","https://scholar.google.com/scholar?q=related:Njp1IkcO-UsJ:scholar.google.com/&scioq=duration+%22standard+error%22%7C%22standard+errors%22%7Cpbd%7C%22benefit+duration%22%7Cwba%7C%22weekly+benefit+amount%22%7C%22replacement+rate%22+%22unemployment+insurance%22&hl=en&as_sdt=0,5"
96,"E Karni","Optimal unemployment insurance: A survey",1999,"Southern economic journal","Wiley Online Library","https://onlinelibrary.wiley.com/doi/abs/10.1002/j.2325-8012.1999.tb00259.x","https://scholar.google.com/scholar?cites=11792896036176234853&as_sdt=2005&sciodt=0,5&hl=en",567,"2022-08-15 21:28:05","","10.1002/j.2325-8012.1999.tb00259.x",NA,NA,NA,NA,NA,NA,96,4.17,96,1,23,"… Unemployment insurance improves the allocation of risk bearing at the cost of reduced incen… Insured employees are entitled to VI benefits at a constant replacement rate, b. per period; …","https://www.academia.edu/download/30908343/oui.pdf","https://scholar.google.com/scholar?q=related:ZYllpXbIqKMJ:scholar.google.com/&scioq=duration+%22standard+error%22%7C%22standard+errors%22%7Cpbd%7C%22benefit+duration%22%7Cwba%7C%22weekly+benefit+amount%22%7C%22replacement+rate%22+%22unemployment+insurance%22&hl=en&as_sdt=0,5"
57,"E Kuka","Quantifying the benefits of social insurance: unemployment insurance and health",2020,"Review of Economics and Statistics","direct.mit.edu","https://direct.mit.edu/rest/article-abstract/102/3/490/96788","https://scholar.google.com/scholar?cites=16798747861836545433&as_sdt=2005&sciodt=0,5&hl=en",409,"2022-08-15 21:28:05","","",NA,NA,NA,NA,NA,NA,57,28.5,57,1,2,"… the average simulated replacement rate in each state in 1993, the first year of my period of … While the average replacement rate for the 1993–2015 period is 41%, with an average real (…","https://www.nber.org/system/files/working_papers/w24766/w24766.pdf","https://scholar.google.com/scholar?q=related:mb0eQC0kIekJ:scholar.google.com/&scioq=duration+%22standard+error%22%7C%22standard+errors%22%7Cpbd%7C%22benefit+duration%22%7Cwba%7C%22weekly+benefit+amount%22%7C%22replacement+rate%22+%22unemployment+insurance%22&hl=en&as_sdt=0,5"
73,"E Moretti","Do wages compensate for risk of unemployment? Parametric and semiparametric evidence from seasonal jobs",2000,"Journal of Risk and Uncertainty","Springer","https://link.springer.com/article/10.1023/A:1007862603025","https://scholar.google.com/scholar?cites=1131413789597509563&as_sdt=2005&sciodt=0,5&hl=en",886,"2022-08-15 21:28:05","","10.1023/A:1007862603025",NA,NA,NA,NA,NA,NA,73,3.32,73,1,22,"… replacement rate is more than twice the typical replacement rate in the United States. … it to government provided unemployment insurance. Concluding remarks are found in Section 6. …","","https://scholar.google.com/scholar?q=related:uyfw3tiWsw8J:scholar.google.com/&scioq=duration+%22standard+error%22%7C%22standard+errors%22%7Cpbd%7C%22benefit+duration%22%7Cwba%7C%22weekly+benefit+amount%22%7C%22replacement+rate%22+%22unemployment+insurance%22&hl=en&as_sdt=0,5"
0,"E Nyahoho","Limits to the social dumping argument: the case of unemployment insurance in the North American Free Trade Agreement",2007,"Journal of Economic & Social Policy","search.informit.org","https://search.informit.org/doi/pdf/10.3316/ielapa.200808550","",910,"2022-08-15 21:28:05","","10.3316/ielapa.200808550",NA,NA,NA,NA,NA,NA,0,0,0,1,15,"… period. Forty-two states use one of these methods-the most common being the 1.5 times HQW and from 26 to 40 times the weekly benefit amount (WBA). … the reference period ($3200 in …","https://citeseerx.ist.psu.edu/viewdoc/download?doi=10.1.1.885.4442&rep=rep1&type=pdf","https://scholar.google.com/scholar?q=related:Tc2WDv2s85gJ:scholar.google.com/&scioq=duration+%22standard+error%22%7C%22standard+errors%22%7Cpbd%7C%22benefit+duration%22%7Cwba%7C%22weekly+benefit+amount%22%7C%22replacement+rate%22+%22unemployment+insurance%22&hl=en&as_sdt=0,5"
52,"E Renahy, C Mitchell, A Molnar…","Connections between unemployment insurance, poverty and health: a systematic review",2018,"… European Journal of …","academic.oup.com","https://academic.oup.com/eurpub/article-abstract/28/2/269/4817423","https://scholar.google.com/scholar?cites=16398110308774837750&as_sdt=2005&sciodt=0,5&hl=en",140,"2022-08-15 21:28:05","","",NA,NA,NA,NA,NA,NA,52,13,13,4,4,"… duration (ie the time UI is available during unemployment) and waiting period (ie the time … In this study, UI generosity is an index defined by replacement rate, benefit duration and …","https://academic.oup.com/eurpub/article/28/2/269/4817423","https://scholar.google.com/scholar?q=related:9v0x5nHKkeMJ:scholar.google.com/&scioq=duration+%22standard+error%22%7C%22standard+errors%22%7Cpbd%7C%22benefit+duration%22%7Cwba%7C%22weekly+benefit+amount%22%7C%22replacement+rate%22+%22unemployment+insurance%22&hl=en&as_sdt=0,5"
23,"EJ Bird, PA Hagstrom","The wealth effects of income insurance",1999,"Review of Income and Wealth","Wiley Online Library","https://onlinelibrary.wiley.com/doi/abs/10.1111/j.1475-4991.1999.tb00344.x","https://scholar.google.com/scholar?cites=2735221769237315143&as_sdt=2005&sciodt=0,5&hl=en",870,"2022-08-15 21:28:05","","10.1111/j.1475-4991.1999.tb00344.x",NA,NA,NA,NA,NA,NA,23,1,12,2,23,"… period, and who had no imputed asset data. Furthermore, since unemployment insurance … that the wealth elasticity of UI using the replacement rate method is - 0.075, roughly one-half …","","https://scholar.google.com/scholar?q=related:Rz5OEbV19SUJ:scholar.google.com/&scioq=duration+%22standard+error%22%7C%22standard+errors%22%7Cpbd%7C%22benefit+duration%22%7Cwba%7C%22weekly+benefit+amount%22%7C%22replacement+rate%22+%22unemployment+insurance%22&hl=en&as_sdt=0,5"
8,"EJ Levin, RE Wright","Unemployment insurance, moral hazard, and economic growth",2001,"International Advances in Economic Research","Springer","https://link.springer.com/article/10.1007/BF02295767","https://scholar.google.com/scholar?cites=13667569127508460624&as_sdt=2005&sciodt=0,5&hl=en",213,"2022-08-15 21:28:05","","10.1007/BF02295767",NA,NA,NA,NA,NA,NA,8,0.38,4,2,21,"… replacement rate for single workers 13 months into unemployment, indicating that the replacement rate changed markedly over the sample period. … in Germany over the 34-year period. …","https://www.researchgate.net/profile/Robert-Wright-33/publication/225334428_Unemployment_insurance_moral_hazard_and_economic_growth/links/55be393608ae092e96651008/Unemployment-insurance-moral-hazard-and-economic-growth.pdf","https://scholar.google.com/scholar?q=related:UMQ8JLX1rL0J:scholar.google.com/&scioq=duration+%22standard+error%22%7C%22standard+errors%22%7Cpbd%7C%22benefit+duration%22%7Cwba%7C%22weekly+benefit+amount%22%7C%22replacement+rate%22+%22unemployment+insurance%22&hl=en&as_sdt=0,5"
506,"EM Engen, J Gruber","Unemployment insurance and precautionary saving",2001,"Journal of monetary Economics","Elsevier","https://www.sciencedirect.com/science/article/pii/S0304393201000514","https://scholar.google.com/scholar?cites=13396155283986636546&as_sdt=2005&sciodt=0,5&hl=en",79,"2022-08-15 21:28:05","","",NA,NA,NA,NA,NA,NA,506,24.1,253,2,21,"… and the limited time of eligibility for unemployment insurance, should … replacement rate by half, which represents a move from roughly the median to the 10th percentile replacement rate …","https://www.nber.org/system/files/working_papers/w5252/w5252.pdf","https://scholar.google.com/scholar?q=related:At_-QUG06LkJ:scholar.google.com/&scioq=duration+%22standard+error%22%7C%22standard+errors%22%7Cpbd%7C%22benefit+duration%22%7Cwba%7C%22weekly+benefit+amount%22%7C%22replacement+rate%22+%22unemployment+insurance%22&hl=en&as_sdt=0,5"
8,"ES Filiz","The effect of unemployment insurance generosity on unemployment duration and labor market transitions",2017,"Labour","Wiley Online Library","https://onlinelibrary.wiley.com/doi/abs/10.1111/labr.12104","https://scholar.google.com/scholar?cites=3942545129339300193&as_sdt=2005&sciodt=0,5&hl=en",168,"2022-08-15 21:28:05","","10.1111/labr.12104",NA,NA,NA,NA,NA,NA,8,1.6,8,1,5,"… This paper examines the impact of unemployment insurance (UI) benefit generosity on labor … I find that unemployment benefit duration is increased by approximately 0.07 weeks per …","","https://scholar.google.com/scholar?q=related:YSk3Gei7tjYJ:scholar.google.com/&scioq=duration+%22standard+error%22%7C%22standard+errors%22%7Cpbd%7C%22benefit+duration%22%7Cwba%7C%22weekly+benefit+amount%22%7C%22replacement+rate%22+%22unemployment+insurance%22&hl=en&as_sdt=0,5"
59,"F Alvarez-Parra, JM Sanchez","Unemployment insurance with a hidden labor market",2009,"Journal of Monetary Economics","Elsevier","https://www.sciencedirect.com/science/article/pii/S030439320900124X","https://scholar.google.com/scholar?cites=14729040160115143597&as_sdt=2005&sciodt=0,5&hl=en",530,"2022-08-15 21:28:05","","",NA,NA,NA,NA,NA,NA,59,4.54,30,2,13,"… While coverage, replacement rate, and benefit duration are … modifies the standard unemployment insurance problem in … one-period feasible actions and M the set of one-period best …","","https://scholar.google.com/scholar?q=related:rTMg4vwPaMwJ:scholar.google.com/&scioq=duration+%22standard+error%22%7C%22standard+errors%22%7Cpbd%7C%22benefit+duration%22%7Cwba%7C%22weekly+benefit+amount%22%7C%22replacement+rate%22+%22unemployment+insurance%22&hl=en&as_sdt=0,5"
7,"F Cirelli, E Espino, JM Sánchez","Designing unemployment insurance for developing countries",2021,"Journal of Development Economics","Elsevier","https://www.sciencedirect.com/science/article/pii/S0304387820301401","https://scholar.google.com/scholar?cites=5189933226661991815&as_sdt=2005&sciodt=0,5&hl=en",922,"2022-08-15 21:28:05","","",NA,NA,NA,NA,NA,NA,7,7,2,3,1,"… The system is substantially different than a severance payment system, with the only similarity being that the replacement rate is equal to 1 in the period after transitioning from formality …","https://www.researchgate.net/profile/Juan-Sanchez-183/publication/346099538_Household_Financial_Distress_and_the_Burden_of_Aggregate_Shocks/links/6056077c92851cd8ce556109/Household-Financial-Distress-and-the-Burden-of-Aggregate-Shocks.pdf","https://scholar.google.com/scholar?q=related:h1Uvr8VYBkgJ:scholar.google.com/&scioq=duration+%22standard+error%22%7C%22standard+errors%22%7Cpbd%7C%22benefit+duration%22%7Cwba%7C%22weekly+benefit+amount%22%7C%22replacement+rate%22+%22unemployment+insurance%22&hl=en&as_sdt=0,5"
19,"F Gerard, G Gonzaga","Informal labor and the efficiency cost of social programs: Evidence from unemployment insurance in brazil",2021,"American Economic Journal: Economic Policy","aeaweb.org","https://www.aeaweb.org/doi/10.1257/pol.20180072","https://scholar.google.com/scholar?cites=4569907628324707604&as_sdt=2005&sciodt=0,5&hl=en",511,"2022-08-15 21:28:05","","10.1257/pol.20180072",NA,NA,NA,NA,NA,NA,19,19,10,2,1,"… unemployment insurance (UI) by combining an optimal UI framework with comprehensive data from Brazil. Using quasi-experimental variation in potential UI duration, … standard errors at …","https://www.aeaweb.org/content/file?id=13397","https://scholar.google.com/scholar?q=related:FF2kisaSaz8J:scholar.google.com/&scioq=duration+%22standard+error%22%7C%22standard+errors%22%7Cpbd%7C%22benefit+duration%22%7Cwba%7C%22weekly+benefit+amount%22%7C%22replacement+rate%22+%22unemployment+insurance%22&hl=en&as_sdt=0,5"
128,"F Welch","What have we learned from empirical studies of unemployment insurance?",1977,"ILR Review","journals.sagepub.com","https://journals.sagepub.com/doi/pdf/10.1177/001979397703000402","https://scholar.google.com/scholar?cites=7535500216919035939&as_sdt=2005&sciodt=0,5&hl=en",61,"2022-08-15 21:28:05","","10.1177/001979397703000402",NA,NA,NA,NA,NA,NA,128,2.84,128,1,45,"… is very likely correlated with time worked in another. Notice, too, that … WBA on post-earnings are positive when duration is held constant, it would appear on the surface that were duration …","","https://scholar.google.com/scholar?q=related:I5BWwoV5k2gJ:scholar.google.com/&scioq=duration+%22standard+error%22%7C%22standard+errors%22%7Cpbd%7C%22benefit+duration%22%7Cwba%7C%22weekly+benefit+amount%22%7C%22replacement+rate%22+%22unemployment+insurance%22&hl=en&as_sdt=0,5"
34,"FC Newton, HS Rosen","Unemployment insurance, income taxation, and duration of unemployment: Evidence from Georgia",1979,"Southern Economic Journal","JSTOR","https://www.jstor.org/stable/1057476","https://scholar.google.com/scholar?cites=17159186395075038764&as_sdt=2005&sciodt=0,5&hl=en",57,"2022-08-15 21:28:05","","",NA,NA,NA,NA,NA,NA,34,0.79,17,2,43,"… standard error 0.778.) Turning now to our main interest, the impact of the parameters of the unemployment insurance … relationship between them and duration of unemployment is non-…","","https://scholar.google.com/scholar?q=related:LM4p8RytIe4J:scholar.google.com/&scioq=duration+%22standard+error%22%7C%22standard+errors%22%7Cpbd%7C%22benefit+duration%22%7Cwba%7C%22weekly+benefit+amount%22%7C%22replacement+rate%22+%22unemployment+insurance%22&hl=en&as_sdt=0,5"
52,"FJ Tannery","Search effort and unemployment insurance reconsidered",1983,"The Journal of Human Resources","JSTOR","https://www.jstor.org/stable/145211","https://scholar.google.com/scholar?cites=10342933948358796245&as_sdt=2005&sciodt=0,5&hl=en",253,"2022-08-15 21:28:05","","",NA,NA,NA,NA,NA,NA,52,1.33,52,1,39,"… period were estimated from information on wages, average workweek, and length of time on the … 8 In a broader study, we also examine the influence of the weekly benefit amount on the …","","https://scholar.google.com/scholar?q=related:1SNBd6B7iY8J:scholar.google.com/&scioq=duration+%22standard+error%22%7C%22standard+errors%22%7Cpbd%7C%22benefit+duration%22%7Cwba%7C%22weekly+benefit+amount%22%7C%22replacement+rate%22+%22unemployment+insurance%22&hl=en&as_sdt=0,5"
18,"FM Bremus, V Kuzin","Unemployment and portfolio choice: Does persistence matter?",2014,"Journal of Macroeconomics","Elsevier","https://www.sciencedirect.com/science/article/pii/S0164070414000287","https://scholar.google.com/scholar?cites=6209304420176533150&as_sdt=2005&sciodt=0,5&hl=en",560,"2022-08-15 21:28:05","","",NA,NA,NA,NA,NA,NA,18,2.25,9,2,8,"… A high expected mean duration of the long-term … Concerning the gross replacement rate for unemployment benefits, … by a sufficient level of unemployment insurance in our model. …","https://www.econstor.eu/bitstream/10419/56771/1/689530277.pdf","https://scholar.google.com/scholar?q=related:npbiynjhK1YJ:scholar.google.com/&scioq=duration+%22standard+error%22%7C%22standard+errors%22%7Cpbd%7C%22benefit+duration%22%7Cwba%7C%22weekly+benefit+amount%22%7C%22replacement+rate%22+%22unemployment+insurance%22&hl=en&as_sdt=0,5"
17,"FP Stafford","More on unemployment insurance as insurance",1977,"ILR Review","journals.sagepub.com","https://journals.sagepub.com/doi/pdf/10.1177/001979397703000412","https://scholar.google.com/scholar?cites=5210791960870706796&as_sdt=2005&sciodt=0,5&hl=en",894,"2022-08-15 21:28:05","","10.1177/001979397703000412",NA,NA,NA,NA,NA,NA,17,0.38,17,1,45,"… waiting period, nineteen for a three-week waiting period, and two for a four-week waiting … is referred to as the replacement rate. To estimate the replacement rate for any given household …","","https://scholar.google.com/scholar?q=related:bN4oMq5zUEgJ:scholar.google.com/&scioq=duration+%22standard+error%22%7C%22standard+errors%22%7Cpbd%7C%22benefit+duration%22%7Cwba%7C%22weekly+benefit+amount%22%7C%22replacement+rate%22+%22unemployment+insurance%22&hl=en&as_sdt=0,5"
28,"G Betcherman","Structural unemployment: How important are labour market policies and institutions?",2000,"Canadian Public Policy/Analyse de Politiques","JSTOR","https://www.jstor.org/stable/3552508","https://scholar.google.com/scholar?cites=8715948263096070334&as_sdt=2005&sciodt=0,5&hl=en",917,"2022-08-15 21:28:05","","",NA,NA,NA,NA,NA,NA,28,1.27,28,1,22,"… record must look beyond unemployment insurance, taxes, unions, and labour law. … levels and benefit duration. However, in NL's model, the replacement rate and duration are each …","https://www.researchgate.net/profile/Gordon-Betcherman-2/publication/5008206_Structural_Unemployment_How_Important_Are_Labour_Market_Policies_and_Institutions/links/00b4953c659553530e000000/Structural-Unemployment-How-Important-Are-Labour-Market-Policies-and-Institutions.pdf","https://scholar.google.com/scholar?q=related:vjCGJsRE9XgJ:scholar.google.com/&scioq=duration+%22standard+error%22%7C%22standard+errors%22%7Cpbd%7C%22benefit+duration%22%7Cwba%7C%22weekly+benefit+amount%22%7C%22replacement+rate%22+%22unemployment+insurance%22&hl=en&as_sdt=0,5"
37,"G Flaig, H Rottmann","Labour market institutions and unemployment: an international panel data analysis",2013,"Empirica","Springer","https://link.springer.com/article/10.1007/s10663-012-9208-5","https://scholar.google.com/scholar?cites=16023712316767683461&as_sdt=2005&sciodt=0,5&hl=en",713,"2022-08-15 21:28:05","","10.1007/s10663-012-9208-5",NA,NA,NA,NA,NA,NA,37,4.11,19,2,9,"… This indicator does not capture only the gross unemployment replacement rate but also other dimension of the generosity of the unemployment insurance system as the duration of …","","https://scholar.google.com/scholar?q=related:hUP9b3SpX94J:scholar.google.com/&scioq=duration+%22standard+error%22%7C%22standard+errors%22%7Cpbd%7C%22benefit+duration%22%7Cwba%7C%22weekly+benefit+amount%22%7C%22replacement+rate%22+%22unemployment+insurance%22&hl=en&as_sdt=0,5"
19,"G Giupponi, C Landais, A Lapeyre","Should We Insure Workers or Jobs During Recessions?",2022,"Journal of Economic Perspectives","aeaweb.org","https://www.aeaweb.org/doi/10.1257/jep.36.2.29","https://scholar.google.com/scholar?cites=7629754074984662232&as_sdt=2005&sciodt=0,5&hl=en",397,"2022-08-15 21:28:05","","10.1257/jep.36.2.29",NA,NA,NA,NA,NA,NA,19,19,6,3,1,"… unemployment insurance or into more generous short-time … choice between unemployment insurance and short-time work, … B plots unemployment insurance potential benefit duration as …","https://pubs.aeaweb.org/doi/pdf/10.1257/jep.36.2.29","https://scholar.google.com/scholar?q=related:2MQMM-hU4mkJ:scholar.google.com/&scioq=duration+%22standard+error%22%7C%22standard+errors%22%7Cpbd%7C%22benefit+duration%22%7Cwba%7C%22weekly+benefit+amount%22%7C%22replacement+rate%22+%22unemployment+insurance%22&hl=en&as_sdt=0,5"
28,"G Joseph, T Weitzenblum","Optimal unemployment insurance: transitional dynamics vs. steady state",2003,"Review of Economic Dynamics","Elsevier","https://www.sciencedirect.com/science/article/pii/S1094202503000218","https://scholar.google.com/scholar?cites=12056842143466584652&as_sdt=2005&sciodt=0,5&hl=en",84,"2022-08-15 21:28:05","","",NA,NA,NA,NA,NA,NA,28,1.47,14,2,19,"… by a low steady state optimal replacement rate, such a policy … The analysis of unemployment insurance (UI) has given rise … unemployment duration with respect to the replacement rate …","","https://scholar.google.com/scholar?q=related:TPpIsgyCUqcJ:scholar.google.com/&scioq=duration+%22standard+error%22%7C%22standard+errors%22%7Cpbd%7C%22benefit+duration%22%7Cwba%7C%22weekly+benefit+amount%22%7C%22replacement+rate%22+%22unemployment+insurance%22&hl=en&as_sdt=0,5"
5,"G Pisauro","The beneficial effects of generous unemployment benefits on profits and employment",2002,"European Journal of Political Economy","Elsevier","https://www.sciencedirect.com/science/article/pii/S0176268002001179","https://scholar.google.com/scholar?cites=3009427294161704725&as_sdt=2005&sciodt=0,5&hl=en",750,"2022-08-15 21:28:05","","",NA,NA,NA,NA,NA,NA,5,0.25,5,1,20,"… to provide supplementary unemployment insurance to their … the basic motivation of unemployment insurance: to provide … the wage, the replacement rate, and the duration of benefits. …","","https://scholar.google.com/scholar?q=related:FZff7S2iwykJ:scholar.google.com/&scioq=duration+%22standard+error%22%7C%22standard+errors%22%7Cpbd%7C%22benefit+duration%22%7Cwba%7C%22weekly+benefit+amount%22%7C%22replacement+rate%22+%22unemployment+insurance%22&hl=en&as_sdt=0,5"
154,"G Solon","Work incentive effects of taxing unemployment benefits",1985,"Econometrica: Journal of the Econometric Society","JSTOR","https://www.jstor.org/stable/1911237","https://scholar.google.com/scholar?cites=7530602802932232478&as_sdt=2005&sciodt=0,5&hl=en",71,"2022-08-15 21:28:05","","",NA,NA,NA,NA,NA,NA,154,4.16,154,1,37,"… Before 1979, unemployment insurance (UI) benefits were not treated as taxable income in … in the duration equation. The coefficient of WBA, 8, measures WBA's duration effect for …","","https://scholar.google.com/scholar?q=related:HjFWtVkTgmgJ:scholar.google.com/&scioq=duration+%22standard+error%22%7C%22standard+errors%22%7Cpbd%7C%22benefit+duration%22%7Cwba%7C%22weekly+benefit+amount%22%7C%22replacement+rate%22+%22unemployment+insurance%22&hl=en&as_sdt=0,5"
38,"G Solon","Labor supply effects of extended unemployment benefits",1979,"The Journal of Human Resources","JSTOR","https://www.jstor.org/stable/145646","https://scholar.google.com/scholar?cites=7308079041001722068&as_sdt=2005&sciodt=0,5&hl=en",108,"2022-08-15 21:28:05","","",NA,NA,NA,NA,NA,NA,38,0.88,38,1,43,"… of unemployment insurance (UI) … period;5 UERATE = average unemployment rate in New York during the respondent's six-month post-exhaustion period; WBA = weekly benefit amount (…","","https://scholar.google.com/scholar?q=related:1JBi_SqDa2UJ:scholar.google.com/&scioq=duration+%22standard+error%22%7C%22standard+errors%22%7Cpbd%7C%22benefit+duration%22%7Cwba%7C%22weekly+benefit+amount%22%7C%22replacement+rate%22+%22unemployment+insurance%22&hl=en&as_sdt=0,5"
24,"G Solon","The effects of unemployment insurance eligibility rules on job quitting behavior",1984,"The Journal of Human Resources","JSTOR","https://www.jstor.org/stable/145420","https://scholar.google.com/scholar?cites=17098962154028943764&as_sdt=2005&sciodt=0,5&hl=en",492,"2022-08-15 21:28:05","","",NA,NA,NA,NA,NA,NA,24,0.63,24,1,38,"… The standard error estimates and associated hypothesis tests assume that the inclusion of time effects in the regressions has purged the quit rate data of serial correlation. First-order …","http://citeseerx.ist.psu.edu/viewdoc/download?doi=10.1.1.17.3476&rep=rep1&type=pdf","https://scholar.google.com/scholar?q=related:lEm-Iny3S-0J:scholar.google.com/&scioq=duration+%22standard+error%22%7C%22standard+errors%22%7Cpbd%7C%22benefit+duration%22%7Cwba%7C%22weekly+benefit+amount%22%7C%22replacement+rate%22+%22unemployment+insurance%22&hl=en&as_sdt=0,5"
18,"G Yaniv","Unemployment insurance benefits and the supply of labor of an employed worker",1982,"Journal of Public Economics","Elsevier","https://www.sciencedirect.com/science/article/pii/0047272782900263","https://scholar.google.com/scholar?cites=13187195682544157791&as_sdt=2005&sciodt=0,5&hl=en",262,"2022-08-15 21:28:05","","",NA,NA,NA,NA,NA,NA,18,0.45,18,1,40,"… Abstracting first from the existence of a waiting period and a limitation on benefit duration, the main properties of labor supply behavior over time are derived in … A limit on benefit duration …","","https://scholar.google.com/scholar?q=related:XwScwZpUArcJ:scholar.google.com/&scioq=duration+%22standard+error%22%7C%22standard+errors%22%7Cpbd%7C%22benefit+duration%22%7Cwba%7C%22weekly+benefit+amount%22%7C%22replacement+rate%22+%22unemployment+insurance%22&hl=en&as_sdt=0,5"
21,"G Yaniv","Fraudulent collection of unemployment benefits: A theoretical analysis with reference to income tax evasion",1986,"Journal of Public Economics","Elsevier","https://www.sciencedirect.com/science/article/pii/0047272786900575","https://scholar.google.com/scholar?cites=7706189764394587852&as_sdt=2005&sciodt=0,5&hl=en",800,"2022-08-15 21:28:05","","",NA,NA,NA,NA,NA,NA,21,0.58,21,1,36,"… of the waiting period and maximum benefit duration (assuming that T is sufficiently large). … this period. Hence, a genuine claimant will always exhaust his maximum benefit duration (…","","https://scholar.google.com/scholar?q=related:zJZ99sLi8WoJ:scholar.google.com/&scioq=duration+%22standard+error%22%7C%22standard+errors%22%7Cpbd%7C%22benefit+duration%22%7Cwba%7C%22weekly+benefit+amount%22%7C%22replacement+rate%22+%22unemployment+insurance%22&hl=en&as_sdt=0,5"
0,"GJ Elterich","BENEFITS TO AGRICULTURAL WORKERS UNDER THE UNEMPLOYMENT COMPENSATION",1978,"Agricultural Economics Research","books.google.com","https://books.google.com/books?hl=en&lr=&id=v5J6n13rc9sC&oi=fnd&pg=PA23&dq=duration+%22standard+error%22%7C%22standard+errors%22%7Cpbd%7C%22benefit+duration%22%7Cwba%7C%22weekly+benefit+amount%22%7C%22replacement+rate%22+%22unemployment+insurance%22&ots=uG6phuzmC3&sig=D3xtVMVKYBsika2mDWcVt_2PN9c","",988,"2022-08-15 21:28:05","HTML","",NA,NA,NA,NA,NA,NA,0,0,0,1,44,"… affected by the law, and these force, either for a sufficient number Unemployment insurance … They result from the weekly benefit amount and duration of weeks of compensable …","https://books.google.com/books?hl=en&lr=&id=v5J6n13rc9sC&oi=fnd&pg=PA23&dq=duration+%22standard+error%22%7C%22standard+errors%22%7Cpbd%7C%22benefit+duration%22%7Cwba%7C%22weekly+benefit+amount%22%7C%22replacement+rate%22+%22unemployment+insurance%22&ots=uG6phuzmC3&sig=D3xtVMVKYBsika2mDWcVt_2PN9c","https://scholar.google.com/scholar?q=related:AFt-TXoSetMJ:scholar.google.com/&scioq=duration+%22standard+error%22%7C%22standard+errors%22%7Cpbd%7C%22benefit+duration%22%7Cwba%7C%22weekly+benefit+amount%22%7C%22replacement+rate%22+%22unemployment+insurance%22&hl=en&as_sdt=0,5"
76,"GR Hartley, JC Van Ours, M Vodopivec","Incentive effects of unemployment insurance savings accounts: evidence from Chile",2011,"Labour Economics","Elsevier","https://www.sciencedirect.com/science/article/pii/S0927537111000728","https://scholar.google.com/scholar?cites=2873578706705503985&as_sdt=2005&sciodt=0,5&hl=en",74,"2022-08-15 21:28:05","","",NA,NA,NA,NA,NA,NA,76,6.91,25,3,11,"… replacement rate and longer potential benefit duration. … be members of the Unemployment Insurance System, we were … a subsequent activity in the period January 2004–December 2006…","https://www.econstor.eu/bitstream/10419/36281/1/618961151.pdf","https://scholar.google.com/scholar?q=related:8dZO35sA4ScJ:scholar.google.com/&scioq=duration+%22standard+error%22%7C%22standard+errors%22%7Cpbd%7C%22benefit+duration%22%7Cwba%7C%22weekly+benefit+amount%22%7C%22replacement+rate%22+%22unemployment+insurance%22&hl=en&as_sdt=0,5"
74,"H Bennmarker, K Carling, B Holmlund","Do benefit hikes damage job finding? Evidence from Swedish unemployment insurance reforms",2007,"Labour","Wiley Online Library","https://onlinelibrary.wiley.com/doi/abs/10.1111/j.1467-9914.2006.00363.x","https://scholar.google.com/scholar?cites=4242174257208091830&as_sdt=2005&sciodt=0,5&hl=en",197,"2022-08-15 21:28:05","","10.1111/j.1467-9914.2006.00363.x",NA,NA,NA,NA,NA,NA,74,4.93,25,3,15,"… The replacement rate was reduced to 80 per cent from 1 … replacement rate to 80 per cent from 1 September 1997. This statutory replacement rate has remained constant over the period …","https://www.econstor.eu/bitstream/10419/78692/1/50444624X.pdf","https://scholar.google.com/scholar?q=related:tuQxzAI73zoJ:scholar.google.com/&scioq=duration+%22standard+error%22%7C%22standard+errors%22%7Cpbd%7C%22benefit+duration%22%7Cwba%7C%22weekly+benefit+amount%22%7C%22replacement+rate%22+%22unemployment+insurance%22&hl=en&as_sdt=0,5"
20,"H Bennmarker, L Calmfors, A Seim","Earned income tax credits, unemployment benefits and wages: empirical evidence from Sweden",2014,"IZA Journal of Labor Policy","Springer","https://link.springer.com/article/10.1186/s40173-014-0026-1","https://scholar.google.com/scholar?cites=8354125588967637967&as_sdt=2005&sciodt=0,5&hl=en",641,"2022-08-15 21:28:05","HTML","10.1186/s40173-014-0026-1",NA,NA,NA,NA,NA,NA,20,2.5,7,3,8,"… net replacement rate as the one that each worker would obtain as a member of an unemployment insurance fund. … cover the period 2006-09. Throughout the analysis, we report robust …","https://link.springer.com/article/10.1186/s40173-014-0026-1","https://scholar.google.com/scholar?q=related:z8NqC_bQ73MJ:scholar.google.com/&scioq=duration+%22standard+error%22%7C%22standard+errors%22%7Cpbd%7C%22benefit+duration%22%7Cwba%7C%22weekly+benefit+amount%22%7C%22replacement+rate%22+%22unemployment+insurance%22&hl=en&as_sdt=0,5"
0,"H Malisoff","Duration Issues in Unemployment Insurance: A Preliminary Report",1962,"The Journal of Insurance","JSTOR","https://www.jstor.org/stable/250464","",396,"2022-08-15 21:28:05","","",NA,NA,NA,NA,NA,NA,0,0,0,1,60,"… benefit-duration period with return to employment. This is the frictional unemployment for whiclh unemployment insurance … are exhausted, unemployment insurance duration has always …","",""
19,"H Saffer","The effects of unemployment insurance on temporary and permanent layoffs",1983,"The Review of Economics and Statistics","JSTOR","https://www.jstor.org/stable/1935935","https://scholar.google.com/scholar?cites=13193348167273870063&as_sdt=2005&sciodt=0,5&hl=en",848,"2022-08-15 21:28:05","","",NA,NA,NA,NA,NA,NA,19,0.49,19,1,39,"… for a temporary period, layoffs … replacement rate, the elasticities, holding income taxes constant, are comparable. The elasticities of temporary layoffs with respect to the replacement rate …","","https://scholar.google.com/scholar?q=related:7_JovEEwGLcJ:scholar.google.com/&scioq=duration+%22standard+error%22%7C%22standard+errors%22%7Cpbd%7C%22benefit+duration%22%7Cwba%7C%22weekly+benefit+amount%22%7C%22replacement+rate%22+%22unemployment+insurance%22&hl=en&as_sdt=0,5"
15,"H Sahin, AB Kizilirmak","Determinants of duration of unemployment insurance benefits in Turkey",2007,"Applied Economics Letters","Taylor & Francis","https://www.tandfonline.com/doi/abs/10.1080/13504850600592473","https://scholar.google.com/scholar?cites=14762132786850134807&as_sdt=2005&sciodt=0,5&hl=en",223,"2022-08-15 21:28:05","","10.1080/13504850600592473",NA,NA,NA,NA,NA,NA,15,1,8,2,15,"… The effect of education on benefit duration is also reflected in the job type dummies. Professionals, technicians and associate professionals, the job types that require the highest skill …","https://www.tandfonline.com/doi/pdf/10.1080/13504850600592473","https://scholar.google.com/scholar?q=related:F3tZd46h3cwJ:scholar.google.com/&scioq=duration+%22standard+error%22%7C%22standard+errors%22%7Cpbd%7C%22benefit+duration%22%7Cwba%7C%22weekly+benefit+amount%22%7C%22replacement+rate%22+%22unemployment+insurance%22&hl=en&as_sdt=0,5"
0,"HA Ahmed","Is there a long-run relationship between the unemployment insurance and the labor force participation rate in the USA? A nonlinear analysis",2022,"EconomiA","emerald.com","https://www.emerald.com/insight/content/doi/10.1108/ECON-05-2022-0006/full/html","",658,"2022-08-15 21:28:05","HTML","10.1108/ECON-05-2022-0006",NA,NA,NA,NA,NA,NA,0,0,0,1,1,"… cut at the times of high unemployment during the Great Recession period. This study, however, finds limited effects of shortened benefit duration on the long-term unemployment rate. …","https://www.emerald.com/insight/content/doi/10.1108/ECON-05-2022-0006/full/html",""
99,"HA Hopenhayn, JP Nicolini","Optimal unemployment insurance and employment history",2009,"The Review of Economic Studies","academic.oup.com","https://academic.oup.com/restud/article-abstract/76/3/1049/1590660","https://scholar.google.com/scholar?cites=12788599208441628817&as_sdt=2005&sciodt=0,5&hl=en",199,"2022-08-15 21:28:05","","",NA,NA,NA,NA,NA,NA,99,7.62,50,2,13,"… unemployment insurance design in a model of multiple unemployment spells. We model unemployment insurance … analysis to contracts where the replacement rate is fixed over time. …","","https://scholar.google.com/scholar?q=related:kUgBIjk7erEJ:scholar.google.com/&scioq=duration+%22standard+error%22%7C%22standard+errors%22%7Cpbd%7C%22benefit+duration%22%7Cwba%7C%22weekly+benefit+amount%22%7C%22replacement+rate%22+%22unemployment+insurance%22&hl=en&as_sdt=0,5"
897,"HA Hopenhayn, JP Nicolini","Optimal unemployment insurance",1997,"Journal of political economy","journals.uchicago.edu","https://www.journals.uchicago.edu/doi/abs/10.1086/262078","https://scholar.google.com/scholar?cites=15625429524858153752&as_sdt=2005&sciodt=0,5&hl=en",497,"2022-08-15 21:28:05","","10.1086/262078",NA,NA,NA,NA,NA,NA,897,35.88,449,2,25,"… length of benefits in his sample has a mean of 34 weeks, and the mean replacement rate (… For this sample, the Kaplan-Meier estimate for the hazard rate at the time of expiration of …","http://hassler-j.iies.su.se/COURSES/DynPubFinFudan/Papers/HopenHaynNicolini1997.pdf","https://scholar.google.com/scholar?q=related:GCsSpF2t2NgJ:scholar.google.com/&scioq=duration+%22standard+error%22%7C%22standard+errors%22%7Cpbd%7C%22benefit+duration%22%7Cwba%7C%22weekly+benefit+amount%22%7C%22replacement+rate%22+%22unemployment+insurance%22&hl=en&as_sdt=0,5"
21,"HL Shaefer, L Wu","Unemployment insurance and low-educated, single, working mothers before and after welfare reform",2011,"Social service review","journals.uchicago.edu","https://www.journals.uchicago.edu/doi/abs/10.1086/660861","https://scholar.google.com/scholar?cites=1347403653426157951&as_sdt=2005&sciodt=0,5&hl=en",437,"2022-08-15 21:28:05","","10.1086/660861",NA,NA,NA,NA,NA,NA,21,1.91,11,2,11,"… used to allow comparison of a prereform period (1990–94) and postreform period (2001–5) that are … Standard errors are clustered to account for the use of multiple observations for each …","https://www.econstor.eu/bitstream/10419/64387/1/668053011.pdf","https://scholar.google.com/scholar?q=related:f5mH43vwshIJ:scholar.google.com/&scioq=duration+%22standard+error%22%7C%22standard+errors%22%7Cpbd%7C%22benefit+duration%22%7Cwba%7C%22weekly+benefit+amount%22%7C%22replacement+rate%22+%22unemployment+insurance%22&hl=en&as_sdt=0,5"
104,"HS Farber, J Rothstein, RG Valletta","The effect of extended unemployment insurance benefits: Evidence from the 2012-2013 phase-out",2015,"American Economic Review","aeaweb.org","https://www.aeaweb.org/articles?id=10.1257/aer.p20151088","https://scholar.google.com/scholar?cites=17309216703737530672&as_sdt=2005&sciodt=0,5&hl=en",808,"2022-08-15 21:28:05","","",NA,NA,NA,NA,NA,NA,104,14.86,35,3,7,"… These are typically 26 weeks, so the maximum duration of benefits during the period we study was 99 weeks (26 weeks regular benefits, 53 weeks EUC, 20 weeks EB).A few states cut …","https://www.econstor.eu/bitstream/10419/107573/1/dp8784.pdf","https://scholar.google.com/scholar?q=related:MImIRuKwNvAJ:scholar.google.com/&scioq=duration+%22standard+error%22%7C%22standard+errors%22%7Cpbd%7C%22benefit+duration%22%7Cwba%7C%22weekly+benefit+amount%22%7C%22replacement+rate%22+%22unemployment+insurance%22&hl=en&as_sdt=0,5"
0,"HS ROSEN","FLOYD C. NEWTON",1979,"… Economic Journal Cumulative Index: Volumes 1-49 …","JAI Press","","",821,"2022-08-15 21:28:05","CITATION","",NA,NA,NA,NA,NA,NA,0,0,0,1,43,"","","https://scholar.google.com/scholar?q=related:Nknxtpu13_kJ:scholar.google.com/&scioq=duration+%22standard+error%22%7C%22standard+errors%22%7Cpbd%7C%22benefit+duration%22%7Cwba%7C%22weekly+benefit+amount%22%7C%22replacement+rate%22+%22unemployment+insurance%22&hl=en&as_sdt=0,5"
42,"I Cebrian, C García, J Muro, L Toharia, E Villagómez","The influence of unemployment benefits on unemployment duration: evidence from Spain",1996,"Labour","Wiley Online Library","https://onlinelibrary.wiley.com/doi/abs/10.1111/j.1467-9914.1996.tb00084.x","https://scholar.google.com/scholar?cites=940902283533793832&as_sdt=2005&sciodt=0,5&hl=en",683,"2022-08-15 21:28:05","","10.1111/j.1467-9914.1996.tb00084.x",NA,NA,NA,NA,NA,NA,42,1.62,8,5,26,"… duration of unemployment spells and the possible incidence of unemployment insurance on … We can obtain the “replacement rate” dividing the income the individuals receive as a …","https://www.academia.edu/download/51247592/j.1467-9914.1996.tb00084.x20170108-6275-ev313e.pdf","https://scholar.google.com/scholar?q=related:KLpiSqTBDg0J:scholar.google.com/&scioq=duration+%22standard+error%22%7C%22standard+errors%22%7Cpbd%7C%22benefit+duration%22%7Cwba%7C%22weekly+benefit+amount%22%7C%22replacement+rate%22+%22unemployment+insurance%22&hl=en&as_sdt=0,5"
173,"I Marinescu","The general equilibrium impacts of unemployment insurance: Evidence from a large online job board",2017,"Journal of Public Economics","Elsevier","https://www.sciencedirect.com/science/article/pii/S0047272717300348","https://scholar.google.com/scholar?cites=13994659325012035351&as_sdt=2005&sciodt=0,5&hl=en",11,"2022-08-15 21:28:05","","",NA,NA,NA,NA,NA,NA,173,34.6,173,1,5,"… To identify the impact of unemployment insurance on … in potential unemployment benefits duration (PBD) induced by the … to unemployment insurance is given by βΔ PBD/(Δ PBD/PBD) = …","https://www.nber.org/system/files/working_papers/w22447/w22447.pdf","https://scholar.google.com/scholar?q=related:F0fzW4IEN8IJ:scholar.google.com/&scioq=duration+%22standard+error%22%7C%22standard+errors%22%7Cpbd%7C%22benefit+duration%22%7Cwba%7C%22weekly+benefit+amount%22%7C%22replacement+rate%22+%22unemployment+insurance%22&hl=en&as_sdt=0,5"
8,"I Marinescu","Online job search and unemployment insurance during the Great Recession",2013,"Manuscript, University of Chicago","cep.lse.ac.uk","https://cep.lse.ac.uk/seminarpapers/26-02-13-IM.pdf","https://scholar.google.com/scholar?cites=9498734333863729165&as_sdt=2005&sciodt=0,5&hl=en",43,"2022-08-15 21:28:05","PDF","",NA,NA,NA,NA,NA,NA,8,0.89,8,1,9,"… unemployment insurance on reservation wages. I find that an increase in unemployment benefit duration … which an increase in PBD affects unemployment duration is a decrease in job …","https://cep.lse.ac.uk/seminarpapers/26-02-13-IM.pdf","https://scholar.google.com/scholar?q=related:DRjB2YxI0oMJ:scholar.google.com/&scioq=duration+%22standard+error%22%7C%22standard+errors%22%7Cpbd%7C%22benefit+duration%22%7Cwba%7C%22weekly+benefit+amount%22%7C%22replacement+rate%22+%22unemployment+insurance%22&hl=en&as_sdt=0,5"
0,"I Marinescu","Reprint of: The general equilibrium impacts of unemployment insurance: Evidence from a large online job board",2019,"Journal of Public Economics","Elsevier","https://www.sciencedirect.com/science/article/pii/S004727271930026X","",235,"2022-08-15 21:28:05","","",NA,NA,NA,NA,NA,NA,0,0,0,1,3,"… To identify the impact of unemployment insurance on … in potential unemployment benefits duration (PBD) induced by the … to unemployment insurance is given by βΔ PBD/(Δ PBD/PBD) = …","","https://scholar.google.com/scholar?q=related:jSmSNmoiHicJ:scholar.google.com/&scioq=duration+%22standard+error%22%7C%22standard+errors%22%7Cpbd%7C%22benefit+duration%22%7Cwba%7C%22weekly+benefit+amount%22%7C%22replacement+rate%22+%22unemployment+insurance%22&hl=en&as_sdt=0,5"
51,"I Marinescu, D Skandalis","Unemployment insurance and job search behavior",2021,"The Quarterly Journal of Economics","academic.oup.com","https://academic.oup.com/qje/article-abstract/136/2/887/5948104","https://scholar.google.com/scholar?cites=6955008881301038364&as_sdt=2005&sciodt=0,5&hl=en",42,"2022-08-15 21:28:05","","",NA,NA,NA,NA,NA,NA,51,51,26,2,1,"… the individual reaction to unemployment insurance, under the … eligible for the same benefit duration. We provide evidence … of the elapsed unemployment duration on target wages. We …","https://conference.iza.org/conference_files/DATA_2019/marinescu_i1517.pdf","https://scholar.google.com/scholar?q=related:HKWic7onhWAJ:scholar.google.com/&scioq=duration+%22standard+error%22%7C%22standard+errors%22%7Cpbd%7C%22benefit+duration%22%7Cwba%7C%22weekly+benefit+amount%22%7C%22replacement+rate%22+%22unemployment+insurance%22&hl=en&as_sdt=0,5"
19,"I Marinescu, D Skandalis, D Zhao","The impact of the federal pandemic unemployment compensation on job search and vacancy creation",2021,"Journal of Public Economics","Elsevier","https://www.sciencedirect.com/science/article/pii/S0047272721001079","https://scholar.google.com/scholar?cites=9702455459138730000&as_sdt=2005&sciodt=0,5&hl=en",823,"2022-08-15 21:28:05","","",NA,NA,NA,NA,NA,NA,19,19,6,3,1,"… benefit replacement rate due to the FPUC leads to a 3.6% decline in job applications. At the same time, … regarding the desirability of high unemployment insurance in March-July 2020. …","https://www.nber.org/system/files/working_papers/w28567/w28567.pdf","https://scholar.google.com/scholar?q=related:EHgDk9ULpoYJ:scholar.google.com/&scioq=duration+%22standard+error%22%7C%22standard+errors%22%7Cpbd%7C%22benefit+duration%22%7Cwba%7C%22weekly+benefit+amount%22%7C%22replacement+rate%22+%22unemployment+insurance%22&hl=en&as_sdt=0,5"
0,"I Petrunyk, C Pfeifer","Diverse effects of shorter potential unemployment benefit duration on labor market outcomes in Germany",2022,"LABOUR","Wiley Online Library","https://onlinelibrary.wiley.com/doi/abs/10.1111/labr.12221","",299,"2022-08-15 21:28:05","","10.1111/labr.12221",NA,NA,NA,NA,NA,NA,0,0,0,2,1,"… These differences can lead to lower monetary UB payments (for the same UB duration and replacement rate) for women and heterogenous treatment effects between men and women. …","https://onlinelibrary.wiley.com/doi/pdf/10.1111/labr.12221","https://scholar.google.com/scholar?q=related:9r9AI4dbZwUJ:scholar.google.com/&scioq=duration+%22standard+error%22%7C%22standard+errors%22%7Cpbd%7C%22benefit+duration%22%7Cwba%7C%22weekly+benefit+amount%22%7C%22replacement+rate%22+%22unemployment+insurance%22&hl=en&as_sdt=0,5"
8,"IA Gutierrez","Job insecurity, unemployment insurance and on-the-job search. Evidence from older American workers",2016,"Labour Economics","Elsevier","https://www.sciencedirect.com/science/article/pii/S0927537116300252","https://scholar.google.com/scholar?cites=12256135173097809416&as_sdt=2005&sciodt=0,5&hl=en",279,"2022-08-15 21:28:05","","",NA,NA,NA,NA,NA,NA,8,1.33,8,1,6,"… I analyse how unemployment insurance (UI) affects on-the-… deviation in the potential replacement rate from UI (about 12.5 … the worker in period 1 and r is the effective replacement rate. …","","https://scholar.google.com/scholar?q=related:CGaqDwGKFqoJ:scholar.google.com/&scioq=duration+%22standard+error%22%7C%22standard+errors%22%7Cpbd%7C%22benefit+duration%22%7Cwba%7C%22weekly+benefit+amount%22%7C%22replacement+rate%22+%22unemployment+insurance%22&hl=en&as_sdt=0,5"
101,"J Aidukaite","The formation of social insurance institutions of the Baltic States in the post-socialist era",2006,"Journal of European Social Policy","journals.sagepub.com","https://journals.sagepub.com/doi/abs/10.1177/0958928706065597","https://scholar.google.com/scholar?cites=3200694651429782482&as_sdt=2005&sciodt=0,5&hl=en",955,"2022-08-15 21:28:05","","10.1177/0958928706065597",NA,NA,NA,NA,NA,NA,101,6.31,101,1,16,"… Here we also include unemployment insurance and family benefits, given … , unemployment insurance in Lithuania is closest to the basic security model (given the low replacement rate …","https://www.diva-portal.org/smash/record.jsf?pid=diva2:16647","https://scholar.google.com/scholar?q=related:0gP31NMmaywJ:scholar.google.com/&scioq=duration+%22standard+error%22%7C%22standard+errors%22%7Cpbd%7C%22benefit+duration%22%7Cwba%7C%22weekly+benefit+amount%22%7C%22replacement+rate%22+%22unemployment+insurance%22&hl=en&as_sdt=0,5"
6,"J Boone","Unemployment insurance and workers' mobility",2004,"Journal of Institutional and Theoretical Economics …","JSTOR","https://www.jstor.org/stable/40752458","https://scholar.google.com/scholar?cites=614073342537598787&as_sdt=2005&sciodt=0,5&hl=en",901,"2022-08-15 21:28:05","","",NA,NA,NA,NA,NA,NA,6,0.33,6,1,18,"… ) at time t, and u{t) the number of unemployed agents at time t. Of the m2nx{t) agents in sector 1 that are matched with a job in 2 at time t… raises welfare if the replacement rate is below the …","","https://scholar.google.com/scholar?q=related:Q4f9l3OghQgJ:scholar.google.com/&scioq=duration+%22standard+error%22%7C%22standard+errors%22%7Cpbd%7C%22benefit+duration%22%7Cwba%7C%22weekly+benefit+amount%22%7C%22replacement+rate%22+%22unemployment+insurance%22&hl=en&as_sdt=0,5"
119,"J Boone, JC Van Ours","Modeling financial incentives to get the unemployed back to work",2006,"Journal of Institutional and Theoretical Economics …","JSTOR","https://www.jstor.org/stable/40752579","https://scholar.google.com/scholar?cites=14929400035400482506&as_sdt=2005&sciodt=0,5&hl=en",730,"2022-08-15 21:28:05","","",NA,NA,NA,NA,NA,NA,119,7.44,60,2,16,"… period of unemployment insurance benefits is followed by a … that in OECD countries the unemployment insurance. In principle, … we vary the replacement rate. We know that lowering the …","https://www.econstor.eu/bitstream/10419/20948/1/dp108.pdf","https://scholar.google.com/scholar?q=related:yv6_mzviL88J:scholar.google.com/&scioq=duration+%22standard+error%22%7C%22standard+errors%22%7Cpbd%7C%22benefit+duration%22%7Cwba%7C%22weekly+benefit+amount%22%7C%22replacement+rate%22+%22unemployment+insurance%22&hl=en&as_sdt=0,5"
121,"J Boone, P Fredriksson, B Holmlund…","Optimal unemployment insurance with monitoring and sanctions",2007,"The economic …","academic.oup.com","https://academic.oup.com/ej/article-abstract/117/518/399/5087918","https://scholar.google.com/scholar?cites=7040949962988639661&as_sdt=2005&sciodt=0,5&hl=en",70,"2022-08-15 21:28:05","","",NA,NA,NA,NA,NA,NA,121,8.07,30,4,15,"… a time limit on benefit duration. Also note that unemployment goes up by moving from the optimal uniform system to exogenous time … Also note that the optimal UI replacement rate is …","http://citeseerx.ist.psu.edu/viewdoc/download?doi=10.1.1.456.632&rep=rep1&type=pdf","https://scholar.google.com/scholar?q=related:rdU80a96tmEJ:scholar.google.com/&scioq=duration+%22standard+error%22%7C%22standard+errors%22%7Cpbd%7C%22benefit+duration%22%7Cwba%7C%22weekly+benefit+amount%22%7C%22replacement+rate%22+%22unemployment+insurance%22&hl=en&as_sdt=0,5"
97,"J Clasen, E Viebrock","Voluntary unemployment insurance and trade union membership: Investigating the connections in Denmark and Sweden",2008,"Journal of Social Policy","cambridge.org","https://www.cambridge.org/core/journals/journal-of-social-policy/article/voluntary-unemployment-insurance-and-trade-union-membership-investigating-the-connections-in-denmark-and-sweden/AF1FB4198125A28A122A5F1BA0FB7FAC","https://scholar.google.com/scholar?cites=1885521864578553149&as_sdt=2005&sciodt=0,5&hl=en",667,"2022-08-15 21:28:05","","",NA,NA,NA,NA,NA,NA,97,6.93,49,2,14,"… During the 1970s, the coverage of unemployment insurance was widened to part-time … the nominal 80 per cent replacement rate. In 2003, the average replacement rate was 63 per cent …","https://core.ac.uk/download/pdf/28965892.pdf","https://scholar.google.com/scholar?q=related:PdVvWiW4KhoJ:scholar.google.com/&scioq=duration+%22standard+error%22%7C%22standard+errors%22%7Cpbd%7C%22benefit+duration%22%7Cwba%7C%22weekly+benefit+amount%22%7C%22replacement+rate%22+%22unemployment+insurance%22&hl=en&as_sdt=0,5"
33,"J Coglianese","Do Unemployment Insurance Extensions Reduce Employment?",2015,"Role of Macro Effects.” Federal Reserve Bank of …","johncoglianese.com","https://www.johncoglianese.com/publication/ui-extensions/ui-extensions.pdf","https://scholar.google.com/scholar?cites=5100484526010370035&as_sdt=2005&sciodt=0,5&hl=en",218,"2022-08-15 21:28:05","PDF","",NA,NA,NA,NA,NA,NA,33,4.71,33,1,7,"… The Bureau of Labor Statistics releases standard errors for the survey-based measure of unemployment. While these standard errors vary across states and over time, they typically …","https://www.johncoglianese.com/publication/ui-extensions/ui-extensions.pdf","https://scholar.google.com/scholar?q=related:84c5I6ePyEYJ:scholar.google.com/&scioq=duration+%22standard+error%22%7C%22standard+errors%22%7Cpbd%7C%22benefit+duration%22%7Cwba%7C%22weekly+benefit+amount%22%7C%22replacement+rate%22+%22unemployment+insurance%22&hl=en&as_sdt=0,5"
93,"J Cylus, MM Glymour…","Health effects of unemployment benefit program generosity",2015,"American journal of …","ajph.aphapublications.org","https://ajph.aphapublications.org/doi/abs/10.2105/AJPH.2014.302253","https://scholar.google.com/scholar?cites=7557796694915325261&as_sdt=2005&sciodt=0,5&hl=en",919,"2022-08-15 21:28:05","","10.2105/AJPH.2014.302253",NA,NA,NA,NA,NA,NA,93,13.29,31,3,7,"… were receiving benefits in the period 2008 to 2011, only 52% of … maximum state unemployment insurance benefits obtained … When we adjusted the replacement rate for household size …","https://www.ncbi.nlm.nih.gov/pmc/articles/PMC4318319/","https://scholar.google.com/scholar?q=related:TZ0MFQ2w4mgJ:scholar.google.com/&scioq=duration+%22standard+error%22%7C%22standard+errors%22%7Cpbd%7C%22benefit+duration%22%7Cwba%7C%22weekly+benefit+amount%22%7C%22replacement+rate%22+%22unemployment+insurance%22&hl=en&as_sdt=0,5"
57,"J Gruber","Unemployment insurance, consumption smoothing, and private insurance: Evidence from the PSID and CEX",1998,"Research in Employment Policy","core.ac.uk","https://core.ac.uk/download/pdf/22861439.pdf","https://scholar.google.com/scholar?cites=13416121109122857904&as_sdt=2005&sciodt=0,5&hl=en",458,"2022-08-15 21:28:05","PDF","",NA,NA,NA,NA,NA,NA,57,2.38,57,1,24,"… , or the labor supply of other family members, then the replacement rate itself does not measure the effect of UI on … Sample is those becoming unemployed from period t-1 to period t. …","https://core.ac.uk/download/pdf/22861439.pdf","https://scholar.google.com/scholar?q=related:sDvjLBGjL7oJ:scholar.google.com/&scioq=duration+%22standard+error%22%7C%22standard+errors%22%7Cpbd%7C%22benefit+duration%22%7Cwba%7C%22weekly+benefit+amount%22%7C%22replacement+rate%22+%22unemployment+insurance%22&hl=en&as_sdt=0,5"
12,"J Heese, G Pérez-Cavazos","The effect of retaliation costs on employee whistleblowing",2021,"Journal of Accounting and Economics","Elsevier","https://www.sciencedirect.com/science/article/pii/S0165410120300872","https://scholar.google.com/scholar?cites=16963413482058500238&as_sdt=2005&sciodt=0,5&hl=en",850,"2022-08-15 21:28:05","","",NA,NA,NA,NA,NA,NA,12,12,6,2,1,"… We use large increases in unemployment insurance (UI) benefits to study the effects of … the product of the maximum weekly benefit amount and the maximum duration allowed in year t, …","https://dash.harvard.edu/bitstream/handle/1/37372513/heese%2Cperez-cavazos_the-effect-of-retaliation-costs.pdf?sequence=1&isAllowed=y","https://scholar.google.com/scholar?q=related:jkgrmK8mausJ:scholar.google.com/&scioq=duration+%22standard+error%22%7C%22standard+errors%22%7Cpbd%7C%22benefit+duration%22%7Cwba%7C%22weekly+benefit+amount%22%7C%22replacement+rate%22+%22unemployment+insurance%22&hl=en&as_sdt=0,5"
217,"J Huo, M Nelson, JD Stephens","Decommodification and activation in social democratic policy: resolving the paradox",2008,"Journal of European Social …","journals.sagepub.com","https://journals.sagepub.com/doi/abs/10.1177/0958928707084449","https://scholar.google.com/scholar?cites=2418422021182853113&as_sdt=2005&sciodt=0,5&hl=en",540,"2022-08-15 21:28:05","","10.1177/0958928707084449",NA,NA,NA,NA,NA,NA,217,15.5,72,3,14,"… The duration of unemployment replacement rate is the maximum number of weeks that … unemployment insurance after registering as unemployed. The two cases with unlimited duration, …","https://www.researchgate.net/profile/John-Stephens-11/publication/252668070_Decommodification_and_Activation_in_Social_Democratic_Policy_Resolving_the_Paradox/links/53dfd6600cf2aede4b494b8a/Decommodification-and-Activation-in-Social-Democratic-Policy-Resolving-the-Paradox.pdf","https://scholar.google.com/scholar?q=related:-Q-W0QP2jyEJ:scholar.google.com/&scioq=duration+%22standard+error%22%7C%22standard+errors%22%7Cpbd%7C%22benefit+duration%22%7Cwba%7C%22weekly+benefit+amount%22%7C%22replacement+rate%22+%22unemployment+insurance%22&hl=en&as_sdt=0,5"
142,"J Kettunen","Education and unemployment duration",1997,"Economics of education review","Elsevier","https://www.sciencedirect.com/science/article/pii/S027277579600057X","https://scholar.google.com/scholar?cites=13963720604531142309&as_sdt=2005&sciodt=0,5&hl=en",498,"2022-08-15 21:28:05","","",NA,NA,NA,NA,NA,NA,142,5.68,142,1,25,"… The estimates of the structural parameters and their standard errors do not change very … Members of unemployment insurance (UI) funds, ie members of labor unions in the Finnish …","https://www.academia.edu/download/35320811/EducUnemplDurationExcerpt.pdf","https://scholar.google.com/scholar?q=related:pa7hJ-gZycEJ:scholar.google.com/&scioq=duration+%22standard+error%22%7C%22standard+errors%22%7Cpbd%7C%22benefit+duration%22%7Cwba%7C%22weekly+benefit+amount%22%7C%22replacement+rate%22+%22unemployment+insurance%22&hl=en&as_sdt=0,5"
27,"J Kettunen","The effects of education on the duration of unemployment",1994,"Labour","Wiley Online Library","https://onlinelibrary.wiley.com/doi/abs/10.1111/j.1467-9914.1994.tb00230.x","https://scholar.google.com/scholar?cites=3178634050375653611&as_sdt=2005&sciodt=0,5&hl=en",745,"2022-08-15 21:28:05","","10.1111/j.1467-9914.1994.tb00230.x",NA,NA,NA,NA,NA,NA,27,0.96,27,1,28,"… The standard errors of the estimated parameters are obtained from the estimated … Members of the unemployment insurance (UI) funds, ie members of the labour unions in the Finnish …","","https://scholar.google.com/scholar?q=related:6xia49PGHCwJ:scholar.google.com/&scioq=duration+%22standard+error%22%7C%22standard+errors%22%7Cpbd%7C%22benefit+duration%22%7Cwba%7C%22weekly+benefit+amount%22%7C%22replacement+rate%22+%22unemployment+insurance%22&hl=en&as_sdt=0,5"
10,"J Larrimore, J Mortenson, D Splinter","Earnings shocks and stabilization during COVID-19",2022,"Journal of Public Economics","Elsevier","https://www.sciencedirect.com/science/article/pii/S0047272721002334","https://scholar.google.com/scholar?cites=13683198541616752265&as_sdt=2005&sciodt=0,5&hl=en",873,"2022-08-15 21:28:05","","",NA,NA,NA,NA,NA,NA,10,10,3,3,1,"… unemployment insurance replacement rate calculations that compare weekly unemployment insurance … have a replacement rate of over 100 percent if the duration of unemployment is …","https://www.ncbi.nlm.nih.gov/pmc/articles/PMC8730490/","https://scholar.google.com/scholar?q=related:iaY1sJN85L0J:scholar.google.com/&scioq=duration+%22standard+error%22%7C%22standard+errors%22%7Cpbd%7C%22benefit+duration%22%7Cwba%7C%22weekly+benefit+amount%22%7C%22replacement+rate%22+%22unemployment+insurance%22&hl=en&as_sdt=0,5"
81,"J Malley, H Molana","Output, unemployment and Okun's law: Some evidence from the G7",2008,"Economics Letters","Elsevier","https://www.sciencedirect.com/science/article/pii/S0165176508001857","https://scholar.google.com/scholar?cites=14656744049550627237&as_sdt=2005&sciodt=0,5&hl=en",982,"2022-08-15 21:28:05","","",NA,NA,NA,NA,NA,NA,81,5.79,41,2,14,"… To assess the statistical significance of u ― t ^ on a period-by-period basis … are the bootstrapped standard errors for the final period. An … Productivity gains from unemployment …","https://www.academia.edu/download/48900110/j.econlet.2008.06.01320160916-12041-5g3k0x.pdf","https://scholar.google.com/scholar?q=related:pRFJ7Q43Z8sJ:scholar.google.com/&scioq=duration+%22standard+error%22%7C%22standard+errors%22%7Cpbd%7C%22benefit+duration%22%7Cwba%7C%22weekly+benefit+amount%22%7C%22replacement+rate%22+%22unemployment+insurance%22&hl=en&as_sdt=0,5"
49,"J Micklewright, G Nagy","The effect of monitoring unemployment insurance recipients on unemployment duration: Evidence from a field experiment",2010,"Labour Economics","Elsevier","https://www.sciencedirect.com/science/article/pii/S0927537109001134","https://scholar.google.com/scholar?cites=6655943047532252940&as_sdt=2005&sciodt=0,5&hl=en",182,"2022-08-15 21:28:05","","",NA,NA,NA,NA,NA,NA,49,4.08,25,2,12,"… Section 3 reports results which show marked differences between the sexes in the effect of treatment on benefit duration and outflows to employment. Treatment has quite a large effect …","https://eprints.ncrm.ac.uk/1294/1/0610_monitoring_unemployment_insurance.pdf","https://scholar.google.com/scholar?q=related:DA9k4e-oXlwJ:scholar.google.com/&scioq=duration+%22standard+error%22%7C%22standard+errors%22%7Cpbd%7C%22benefit+duration%22%7Cwba%7C%22weekly+benefit+amount%22%7C%22replacement+rate%22+%22unemployment+insurance%22&hl=en&as_sdt=0,5"
71,"J Rothstein, RG Valletta","Scraping by: Income and program participation after the loss of extended unemployment benefits",2017,"Journal of Policy Analysis and …","Wiley Online Library","https://onlinelibrary.wiley.com/doi/abs/10.1002/pam.22018","https://scholar.google.com/scholar?cites=9920647101307764439&as_sdt=2005&sciodt=0,5&hl=en",942,"2022-08-15 21:28:05","","10.1002/pam.22018",NA,NA,NA,NA,NA,NA,71,14.2,36,2,5,"… model the optimal duration of unemployment insurance as one that … time. We are unable to distinguish whether these individuals were eligible for less than the maximum benefit duration …","https://www.nber.org/system/files/working_papers/w23528/w23528.pdf","https://scholar.google.com/scholar?q=related:1z51D_o3rYkJ:scholar.google.com/&scioq=duration+%22standard+error%22%7C%22standard+errors%22%7Cpbd%7C%22benefit+duration%22%7Cwba%7C%22weekly+benefit+amount%22%7C%22replacement+rate%22+%22unemployment+insurance%22&hl=en&as_sdt=0,5"
6,"J Saarela","Replacement rates and labour market behaviour",2006,"Socio-Economic Planning Sciences","Elsevier","https://www.sciencedirect.com/science/article/pii/S0038012105000212","https://scholar.google.com/scholar?cites=18082950397346061040&as_sdt=2005&sciodt=0,5&hl=en",843,"2022-08-15 21:28:05","","",NA,NA,NA,NA,NA,NA,6,0.38,6,1,16,"… Unemployment insurance recipients are found to be less sensitive to changes in the replacement rate … also seeks to identify period-specific effects of the replacement rate variable. In …","http://citeseerx.ist.psu.edu/viewdoc/download?doi=10.1.1.493.2286&rep=rep1&type=pdf","https://scholar.google.com/scholar?q=related:8BrSLJSL8_oJ:scholar.google.com/&scioq=duration+%22standard+error%22%7C%22standard+errors%22%7Cpbd%7C%22benefit+duration%22%7Cwba%7C%22weekly+benefit+amount%22%7C%22replacement+rate%22+%22unemployment+insurance%22&hl=en&as_sdt=0,5"
11,"J Schwartz","Unemployment insurance and the business cycle: what adjustments are needed?",2013,"Southern Economic Journal","Wiley Online Library","https://onlinelibrary.wiley.com/doi/abs/10.4284/0038-4038-2010.321","https://scholar.google.com/scholar?cites=13628266096170357627&as_sdt=2005&sciodt=0,5&hl=en",155,"2022-08-15 21:28:05","","10.4284/0038-4038-2010.321",NA,NA,NA,NA,NA,NA,11,1.22,11,1,9,"… When the government adjusts both the benefit amount and its duration, the optimal policy during downturns is a reduction in the replacement rate. This mitigates the decline in job …","https://ecomod.net/system/files/JSchwartz%20-%20ECOMOD%20Revised%20-%20Optimal%20UI%20Extensions%20%20v1.pdf","https://scholar.google.com/scholar?q=related:e9O7Ds9TIb0J:scholar.google.com/&scioq=duration+%22standard+error%22%7C%22standard+errors%22%7Cpbd%7C%22benefit+duration%22%7Cwba%7C%22weekly+benefit+amount%22%7C%22replacement+rate%22+%22unemployment+insurance%22&hl=en&as_sdt=0,5"
13,"J Schwartz","Do temporary extensions to unemployment insurance benefits matter? The effects of the US standby extended benefit program",2013,"Applied Economics","Taylor & Francis","https://www.tandfonline.com/doi/abs/10.1080/00036846.2011.613799","https://scholar.google.com/scholar?cites=3412487182922028727&as_sdt=2005&sciodt=0,5&hl=en",196,"2022-08-15 21:28:05","","10.1080/00036846.2011.613799",NA,NA,NA,NA,NA,NA,13,1.44,13,1,9,"… late 1970s, which determines benefit duration by the amount of time the claimant works and … The authors estimate that an increase in benefit duration of 1 week increases the length of …","https://www.tandfonline.com/doi/pdf/10.1080/00036846.2011.613799","https://scholar.google.com/scholar?q=related:txakQgOXWy8J:scholar.google.com/&scioq=duration+%22standard+error%22%7C%22standard+errors%22%7Cpbd%7C%22benefit+duration%22%7Cwba%7C%22weekly+benefit+amount%22%7C%22replacement+rate%22+%22unemployment+insurance%22&hl=en&as_sdt=0,5"
10,"J Zweimüller","Unemployment insurance and the labor market",2018,"Labour Economics","Elsevier","https://www.sciencedirect.com/science/article/pii/S0927537118300757","https://scholar.google.com/scholar?cites=11526964678600811065&as_sdt=2005&sciodt=0,5&hl=en",316,"2022-08-15 21:28:05","","",NA,NA,NA,NA,NA,NA,10,2.5,10,1,4,"… duration of UI benefits was extended to a hitherto unkown extent, with many states granting a maximum UI benefit duration of 99 … We assume a net replacement rate of UI benefits of 55 …","https://www.econstor.eu/bitstream/10419/192886/1/econwp276.pdf","https://scholar.google.com/scholar?q=related:OeJ5fk0B-J8J:scholar.google.com/&scioq=duration+%22standard+error%22%7C%22standard+errors%22%7Cpbd%7C%22benefit+duration%22%7Cwba%7C%22weekly+benefit+amount%22%7C%22replacement+rate%22+%22unemployment+insurance%22&hl=en&as_sdt=0,5"
479,"JB Cullen, J Gruber","Does unemployment insurance crowd out spousal labor supply?",2000,"Journal of labor Economics","journals.uchicago.edu","https://www.journals.uchicago.edu/doi/abs/10.1086/209969","https://scholar.google.com/scholar?cites=14918252029401359085&as_sdt=2005&sciodt=0,5&hl=en",446,"2022-08-15 21:28:05","","10.1086/209969",NA,NA,NA,NA,NA,NA,479,21.77,240,2,22,"… with the potential bias from endogenous duration, is to pursue the analysis using monthly observations on labor supply and to correct the standard errors for the correlation within spells. …","","https://scholar.google.com/scholar?q=related:7eI3Mi5HCM8J:scholar.google.com/&scioq=duration+%22standard+error%22%7C%22standard+errors%22%7Cpbd%7C%22benefit+duration%22%7Cwba%7C%22weekly+benefit+amount%22%7C%22replacement+rate%22+%22unemployment+insurance%22&hl=en&as_sdt=0,5"
23,"JB Grossman","The work disincentive effect of extended unemployment compensation: recent evidence",1989,"The Review of Economics and Statistics","JSTOR","https://www.jstor.org/stable/1928063","https://scholar.google.com/scholar?cites=11260601523790552768&as_sdt=2005&sciodt=0,5&hl=en",926,"2022-08-15 21:28:05","","",NA,NA,NA,NA,NA,NA,23,0.7,23,1,33,"… in a given week, t, depends on: the potential maximum duration of FSC benefits in that week, P (t);5 the weekly benefit amount, B,; the pre-unemployment weekly wage, wpi; the monthly …","","https://scholar.google.com/scholar?q=related:wB7CtmyxRZwJ:scholar.google.com/&scioq=duration+%22standard+error%22%7C%22standard+errors%22%7Cpbd%7C%22benefit+duration%22%7Cwba%7C%22weekly+benefit+amount%22%7C%22replacement+rate%22+%22unemployment+insurance%22&hl=en&as_sdt=0,5"
20,"JC Gordon","The Perils of Vanguardism: Explaining radical cuts to unemployment insurance in Sweden",2019,"Socio-Economic Review","academic.oup.com","https://academic.oup.com/ser/article-abstract/17/4/947/4652991","https://scholar.google.com/scholar?cites=18003274042075674439&as_sdt=2005&sciodt=0,5&hl=en",964,"2022-08-15 21:28:05","","",NA,NA,NA,NA,NA,NA,20,6.67,20,1,3,"… unemployment insurance: imposing 5 waiting days, reducing the maximum replacement rate … What is notable about this period of reforms is that the changes that reduced generosity the …","https://www.researchgate.net/profile/Joshua-Gordon/publication/323587316_The_perils_of_vanguardism_Explaining_radical_cuts_to_unemployment_insurance_in_Sweden/links/5caf9fb24585156cd7915c29/The-perils-of-vanguardism-Explaining-radical-cuts-to-unemployment-insurance-in-Sweden.pdf","https://scholar.google.com/scholar?q=related:R3fuF1t62PkJ:scholar.google.com/&scioq=duration+%22standard+error%22%7C%22standard+errors%22%7Cpbd%7C%22benefit+duration%22%7Cwba%7C%22weekly+benefit+amount%22%7C%22replacement+rate%22+%22unemployment+insurance%22&hl=en&as_sdt=0,5"
468,"JC Ham, SA Rea Jr","Unemployment insurance and male unemployment duration in Canada",1987,"Journal of labor Economics","journals.uchicago.edu","https://www.journals.uchicago.edu/doi/abs/10.1086/298150","https://scholar.google.com/scholar?cites=9442678872044917481&as_sdt=2005&sciodt=0,5&hl=en",46,"2022-08-15 21:28:05","","10.1086/298150",NA,NA,NA,NA,NA,NA,468,13.37,234,2,35,"… introduction of a more generous unemployment insurance … The changes in the unemployment insurance system that took place in … In forming standard errors and test statistics, we ignore …","","https://scholar.google.com/scholar?q=related:6dJSmGciC4MJ:scholar.google.com/&scioq=duration+%22standard+error%22%7C%22standard+errors%22%7Cpbd%7C%22benefit+duration%22%7Cwba%7C%22weekly+benefit+amount%22%7C%22replacement+rate%22+%22unemployment+insurance%22&hl=en&as_sdt=0,5"
244,"JC Van Ours, M Vodopivec","Does reducing unemployment insurance generosity reduce job match quality?",2008,"Journal of Public Economics","Elsevier","https://www.sciencedirect.com/science/article/pii/S0047272707000904","https://scholar.google.com/scholar?cites=70189250396194013&as_sdt=2005&sciodt=0,5&hl=en",3,"2022-08-15 21:28:05","","",NA,NA,NA,NA,NA,NA,244,17.43,122,2,14,"… length of the entitlement period for unemployment insurance … 1998 reform of Slovenia's unemployment insurance law, we … of changes in potential benefit duration (PBD) on the quality of …","https://core.ac.uk/download/pdf/192831313.pdf","https://scholar.google.com/scholar?q=related:3YTqWMBc-QAJ:scholar.google.com/&scioq=duration+%22standard+error%22%7C%22standard+errors%22%7Cpbd%7C%22benefit+duration%22%7Cwba%7C%22weekly+benefit+amount%22%7C%22replacement+rate%22+%22unemployment+insurance%22&hl=en&as_sdt=0,5"
239,"JC Van Ours, M Vodopivec","How shortening the potential duration of unemployment benefits affects the duration of unemployment: Evidence from a natural experiment",2006,"Journal of Labor economics","journals.uchicago.edu","https://www.journals.uchicago.edu/doi/abs/10.1086/499976","https://scholar.google.com/scholar?cites=13893501522942223391&as_sdt=2005&sciodt=0,5&hl=en",18,"2022-08-15 21:28:05","","10.1086/499976",NA,NA,NA,NA,NA,NA,239,14.94,120,2,16,"… of shortening the potential duration of unemployment insurance (UI) … PBD, arguably the major contribution of this article is to clearly pinpoint causality—namely, that shortening the PBD …","","https://scholar.google.com/scholar?q=related:H-RRMQaiz8AJ:scholar.google.com/&scioq=duration+%22standard+error%22%7C%22standard+errors%22%7Cpbd%7C%22benefit+duration%22%7Cwba%7C%22weekly+benefit+amount%22%7C%22replacement+rate%22+%22unemployment+insurance%22&hl=en&as_sdt=0,5"
114,"JE Stiglitz, J Yun","Integration of unemployment insurance with retirement insurance",2005,"Journal of public economics","Elsevier","https://www.sciencedirect.com/science/article/pii/S0047272705000277","https://scholar.google.com/scholar?cites=2434037838633355949&as_sdt=2005&sciodt=0,5&hl=en",864,"2022-08-15 21:28:05","","",NA,NA,NA,NA,NA,NA,114,6.71,57,2,17,"… Conversely, when the unemployment benefit r is large–as when the replacement rate approaches unity–then the individual can rely totally on first period savings to smooth consumption …","https://www.nber.org/system/files/working_papers/w9199/w9199.pdf","https://scholar.google.com/scholar?q=related:rcqZpYRwxyEJ:scholar.google.com/&scioq=duration+%22standard+error%22%7C%22standard+errors%22%7Cpbd%7C%22benefit+duration%22%7Cwba%7C%22weekly+benefit+amount%22%7C%22replacement+rate%22+%22unemployment+insurance%22&hl=en&as_sdt=0,5"
27,"JF Schmieder, S Trenkle","Disincentive effects of unemployment benefits and the role of caseworkers",2020,"Journal of Public Economics","Elsevier","https://www.sciencedirect.com/science/article/pii/S0047272719301574","https://scholar.google.com/scholar?cites=10073292667491224861&as_sdt=2005&sciodt=0,5&hl=en",166,"2022-08-15 21:28:05","","",NA,NA,NA,NA,NA,NA,27,13.5,14,2,2,"… has documented that the unemployment duration of unemployment insurance (UI) recipients … potential benefit duration of the unemployed, which we will investigate in the next section. …","https://www.econstor.eu/bitstream/10419/141627/1/dp9868.pdf","https://scholar.google.com/scholar?q=related:HY1cfE-Gy4sJ:scholar.google.com/&scioq=duration+%22standard+error%22%7C%22standard+errors%22%7Cpbd%7C%22benefit+duration%22%7Cwba%7C%22weekly+benefit+amount%22%7C%22replacement+rate%22+%22unemployment+insurance%22&hl=en&as_sdt=0,5"
73,"JF Schmieder, T Von Wachter, S Bender","The long-term effects of UI extensions on employment",2012,"American Economic Review","aeaweb.org","https://www.aeaweb.org/articles?id=10.1257/aer.102.3.514","https://scholar.google.com/scholar?cites=5708529803267926&as_sdt=2005&sciodt=0,5&hl=en",383,"2022-08-15 21:28:05","","",NA,NA,NA,NA,NA,NA,73,7.3,24,3,10,"… the period from 1987 to 1999 unemployed workers were eligible to receive UI benefits at a fixed replacement rate for a fixed number of months. (See SVB for details.) The duration was a …","http://citeseerx.ist.psu.edu/viewdoc/download?doi=10.1.1.371.1351&rep=rep1&type=pdf","https://scholar.google.com/scholar?q=related:Vg8dq-BHFAAJ:scholar.google.com/&scioq=duration+%22standard+error%22%7C%22standard+errors%22%7Cpbd%7C%22benefit+duration%22%7Cwba%7C%22weekly+benefit+amount%22%7C%22replacement+rate%22+%22unemployment+insurance%22&hl=en&as_sdt=0,5"
300,"JF Schmieder, T Von Wachter…","The effects of extended unemployment insurance over the business cycle: Evidence from regression discontinuity estimates over 20 years",2012,"The Quarterly Journal of …","academic.oup.com","https://academic.oup.com/qje/article-abstract/127/2/701/1825004","https://scholar.google.com/scholar?cites=8737134780122490437&as_sdt=2005&sciodt=0,5&hl=en",47,"2022-08-15 21:28:05","","",NA,NA,NA,NA,NA,NA,300,30,100,3,10,"… the fact that in Germany, potential UI benefit duration is a function of exact age which is … unemployment insurance system. By deriving the welfare effects of extensions in the duration of …","https://www.nber.org/system/files/working_papers/w17813/w17813.pdf","https://scholar.google.com/scholar?q=related:RWbpi8qJQHkJ:scholar.google.com/&scioq=duration+%22standard+error%22%7C%22standard+errors%22%7Cpbd%7C%22benefit+duration%22%7Cwba%7C%22weekly+benefit+amount%22%7C%22replacement+rate%22+%22unemployment+insurance%22&hl=en&as_sdt=0,5"
19,"JF Schmieder, T von Wachter","A context-robust measure of the disincentive cost of unemployment insurance",2017,"American Economic Review","aeaweb.org","https://www.aeaweb.org/articles?id=10.1257/aer.p20171026","https://scholar.google.com/scholar?cites=4477836728320082092&as_sdt=2005&sciodt=0,5&hl=en",31,"2022-08-15 21:28:05","","",NA,NA,NA,NA,NA,NA,19,3.8,10,2,5,"… time model of an individual who becomes unemployed and claims UI benefits at time t = 0 with a finite time … , a given increase in potential benefit duration leads to a much larger effective …","http://www.econ.ucla.edu/tvwachter/papers/SchmiedervWachter_2017_AEAPP_23jan_final.pdf","https://scholar.google.com/scholar?q=related:rEC3ocd4JD4J:scholar.google.com/&scioq=duration+%22standard+error%22%7C%22standard+errors%22%7Cpbd%7C%22benefit+duration%22%7Cwba%7C%22weekly+benefit+amount%22%7C%22replacement+rate%22+%22unemployment+insurance%22&hl=en&as_sdt=0,5"
261,"JF Schmieder, T von Wachter, S Bender","The effect of unemployment benefits and nonemployment durations on wages",2016,"American Economic Review","aeaweb.org","https://www.aeaweb.org/articles?id=10.1257/aer.20141566","https://scholar.google.com/scholar?cites=3065386793756885555&as_sdt=2005&sciodt=0,5&hl=en",739,"2022-08-15 21:28:05","","",NA,NA,NA,NA,NA,NA,261,43.5,87,3,6,"… We estimate that unemployment insurance (UI ) extensions reduce reemployment … replacement rate of 63 percent for an individual without children.This paper focuses on the time period …","http://www.econ.ucla.edu/tvwachter/papers/SchmiederVonwachterBender_June2015.pdf","https://scholar.google.com/scholar?q=related:M4INPQxxiioJ:scholar.google.com/&scioq=duration+%22standard+error%22%7C%22standard+errors%22%7Cpbd%7C%22benefit+duration%22%7Cwba%7C%22weekly+benefit+amount%22%7C%22replacement+rate%22+%22unemployment+insurance%22&hl=en&as_sdt=0,5"
420,"JH Abbring, GJ Van den Berg…","The effect of unemployment insurance sanctions on the transition rate from unemployment to employment",2005,"The economic …","academic.oup.com","https://academic.oup.com/ej/article-abstract/115/505/602/5085711","https://scholar.google.com/scholar?cites=17192533019620911275&as_sdt=2005&sciodt=0,5&hl=en",816,"2022-08-15 21:28:05","","",NA,NA,NA,NA,NA,NA,420,24.71,140,3,17,"… duration data covering the population of individuals who started collecting unemployment insurance … in the iteration of the ML procedure and standard errors are conditional on this. The …","","https://scholar.google.com/scholar?q=related:q6it_7AlmO4J:scholar.google.com/&scioq=duration+%22standard+error%22%7C%22standard+errors%22%7Cpbd%7C%22benefit+duration%22%7Cwba%7C%22weekly+benefit+amount%22%7C%22replacement+rate%22+%22unemployment+insurance%22&hl=en&as_sdt=0,5"
0,"JH Park","The Effects of Unemployment Insurance on the Duration of Unempolyment and Labor Force Participation",1988,"Journal of Labour Economics","koreascience.or.kr","https://www.koreascience.or.kr/article/JAKO198811919821444.page","",423,"2022-08-15 21:28:05","","",NA,NA,NA,NA,NA,NA,0,0,0,1,34,"… In e quation 4 of Tab le 2 where both WBA and WE appear in explanatory variab les the coefficient on WBA has a positive sign and is highly significant while the coefficient on WE is …","https://www.koreascience.or.kr/article/JAKO198811919821444.pdf","https://scholar.google.com/scholar?q=related:0SXainNy2_cJ:scholar.google.com/&scioq=duration+%22standard+error%22%7C%22standard+errors%22%7Cpbd%7C%22benefit+duration%22%7Cwba%7C%22weekly+benefit+amount%22%7C%22replacement+rate%22+%22unemployment+insurance%22&hl=en&as_sdt=0,5"
29,"JI García‐Pérez","Job separation in a non‐stationary search model: a structural estimation to evaluate alternative unemployment insurance systems",2006,"Journal of Applied Econometrics","Wiley Online Library","https://onlinelibrary.wiley.com/doi/abs/10.1002/jae.818","https://scholar.google.com/scholar?cites=3836667804831839435&as_sdt=2005&sciodt=0,5&hl=en",454,"2022-08-15 21:28:05","","10.1002/jae.818",NA,NA,NA,NA,NA,NA,29,1.81,29,1,16,"… pattern after that, the expected duration in unemployment reduces by 9% (13.2… unemployment insurance system in Spain. We find that a non-monotonic pattern in the replacement rate …","http://citeseerx.ist.psu.edu/viewdoc/download?doi=10.1.1.532.4962&rep=rep1&type=pdf","https://scholar.google.com/scholar?q=related:y_QtfAqVPjUJ:scholar.google.com/&scioq=duration+%22standard+error%22%7C%22standard+errors%22%7Cpbd%7C%22benefit+duration%22%7Cwba%7C%22weekly+benefit+amount%22%7C%22replacement+rate%22+%22unemployment+insurance%22&hl=en&as_sdt=0,5"
17,"JJ Hughes, J Peoples, R Perlman","The differential impact of unemployment insurance on unemployment duration by income level",1996,"International Journal of …","emerald.com","https://www.emerald.com/insight/content/doi/10.1108/01437729610112349/full/html","https://scholar.google.com/scholar?cites=15928459418539610256&as_sdt=2005&sciodt=0,5&hl=en",818,"2022-08-15 21:28:05","","10.1108/01437729610112349",NA,NA,NA,NA,NA,NA,17,0.65,6,3,26,"… of unemployment insurance (UI) on unemployment duration … The literature on the impact of UI on unemployment duration … on the grounds that duration is an important component of …","https://scholar.archive.org/work/sw4epm4ifjc7pcdrzbtlwitkmq/access/wayback/http://www.mcb.co.uk:80/services/articles/literati/pdfs/ijm172.pdf","https://scholar.google.com/scholar?q=related:kFBH1XJBDd0J:scholar.google.com/&scioq=duration+%22standard+error%22%7C%22standard+errors%22%7Cpbd%7C%22benefit+duration%22%7Cwba%7C%22weekly+benefit+amount%22%7C%22replacement+rate%22+%22unemployment+insurance%22&hl=en&as_sdt=0,5"
1,"JL Hotchkiss, RE Moore","The relative effects of unemployment insurance parameters on transitional labor supply decisions",1994,"Eastern Economic Journal","JSTOR","https://www.jstor.org/stable/40325540","https://scholar.google.com/scholar?cites=14519660258530066907&as_sdt=2005&sciodt=0,5&hl=en",680,"2022-08-15 21:28:05","","",NA,NA,NA,NA,NA,NA,1,0.04,1,2,28,"… The point estimates and standard errors for the parameters corresponding to probability of … Similarly, the higher the average full-time we earnings, the more likely a searcher is to be …","","https://scholar.google.com/scholar?q=related:24EKoRMygMkJ:scholar.google.com/&scioq=duration+%22standard+error%22%7C%22standard+errors%22%7Cpbd%7C%22benefit+duration%22%7Cwba%7C%22weekly+benefit+amount%22%7C%22replacement+rate%22+%22unemployment+insurance%22&hl=en&as_sdt=0,5"
34,"JM ARRANZ, J Muro","Recurrent unemployment, welfare benefits and heterogeneity",2004,"International Review of Applied Economics","Taylor & Francis","https://www.tandfonline.com/doi/abs/10.1080/0269217042000266436","https://scholar.google.com/scholar?cites=7928185193399554721&as_sdt=2005&sciodt=0,5&hl=en",898,"2022-08-15 21:28:05","","10.1080/0269217042000266436",NA,NA,NA,NA,NA,NA,34,1.89,17,2,18,"… replacement rate does not affect the hazard rate of the unemployed,9 however, the longer the entitlement duration… of unemployment benefits in Spain: Unemployment Insurance (UI) and …","https://www.academia.edu/download/51247593/Recurrent_unemployment_welfare_benefits_20170108-6275-1enr1iu.pdf","https://scholar.google.com/scholar?q=related:oZIXlm2SBm4J:scholar.google.com/&scioq=duration+%22standard+error%22%7C%22standard+errors%22%7Cpbd%7C%22benefit+duration%22%7Cwba%7C%22weekly+benefit+amount%22%7C%22replacement+rate%22+%22unemployment+insurance%22&hl=en&as_sdt=0,5"
4,"JM Arranz, C Garcia-Serrano","The 'effective'measure of unemployment benefit duration: data on spells or individuals?",2013,"Applied Economics Letters","Taylor & Francis","https://www.tandfonline.com/doi/abs/10.1080/13504851.2013.806780","https://scholar.google.com/scholar?cites=6196896610523984158&as_sdt=2005&sciodt=0,5&hl=en",69,"2022-08-15 21:28:05","","10.1080/13504851.2013.806780",NA,NA,NA,NA,NA,NA,4,0.44,2,2,9,"… same individual during a certain period of time. This richness of … period or all ongoing spells?; all spells of benefit of each person or only the ones concerning unemployment insurance?; …","https://www.researchgate.net/profile/Carlos-Garcia-Serrano/publication/253237609_The_effective'_measure_of_unemployment_benefit_duration_data_on_spells_or_individuals/links/56fd505908aec6a45b6c675f/The-effective-measure-of-unemployment-benefit-duration-data-on-spells-or-individuals.pdf","https://scholar.google.com/scholar?q=related:HrEafKLM_1UJ:scholar.google.com/&scioq=duration+%22standard+error%22%7C%22standard+errors%22%7Cpbd%7C%22benefit+duration%22%7Cwba%7C%22weekly+benefit+amount%22%7C%22replacement+rate%22+%22unemployment+insurance%22&hl=en&as_sdt=0,5"
3,"JM Arranz, C García-Serrano","Does unemployment benefit duration affect inflows into unemployment? The impact of a law change for older workers",2020,"The Journal of the Economics of Ageing","Elsevier","https://www.sciencedirect.com/science/article/pii/S2212828X20300438","https://scholar.google.com/scholar?cites=5919677903582816393&as_sdt=2005&sciodt=0,5&hl=en",15,"2022-08-15 21:28:05","","",NA,NA,NA,NA,NA,NA,3,1.5,2,2,2,"… duration of unemployment benefits influence the entry of older workers into unemployment insurance… the age pattern of inflows intro unemployment insurance before and after the reform…","","https://scholar.google.com/scholar?q=related:iWjIg7DrJlIJ:scholar.google.com/&scioq=duration+%22standard+error%22%7C%22standard+errors%22%7Cpbd%7C%22benefit+duration%22%7Cwba%7C%22weekly+benefit+amount%22%7C%22replacement+rate%22+%22unemployment+insurance%22&hl=en&as_sdt=0,5"
16,"JM Arranz, F Munoz-Bullon, J Muro","Do unemployment benefit legislative changes affect job finding?",2009,"Moneda y Crédito","academia.edu","https://www.academia.edu/download/4461778/add70344_bjjlrongxs.pdf","https://scholar.google.com/scholar?cites=12170205029652162482&as_sdt=2005&sciodt=0,5&hl=en",558,"2022-08-15 21:28:05","PDF","",NA,NA,NA,NA,NA,NA,16,1.23,5,3,13,"… unemployment insurance benefits and in entitlement duration. For this purpose, we compare unemployment insurance … Indeed, the maximum replacement rate among workers eligible …","https://www.academia.edu/download/4461778/add70344_bjjlrongxs.pdf","https://scholar.google.com/scholar?q=related:sucWdP5A5agJ:scholar.google.com/&scioq=duration+%22standard+error%22%7C%22standard+errors%22%7Cpbd%7C%22benefit+duration%22%7Cwba%7C%22weekly+benefit+amount%22%7C%22replacement+rate%22+%22unemployment+insurance%22&hl=en&as_sdt=0,5"
173,"JM Poterba, LH Summers","Unemployment benefits and labor market transitions: A multinomial logit model with errors in classification",1995,"The Review of Economics and Statistics","JSTOR","https://www.jstor.org/stable/2109860","https://scholar.google.com/scholar?cites=7699753871632062642&as_sdt=2005&sciodt=0,5&hl=en",342,"2022-08-15 21:28:05","","",NA,NA,NA,NA,NA,NA,173,6.41,87,2,27,"… the effect of unemployment insurance on the duration of … We focus on the effect of unemployment insurance (UI) benefits … The first is the unemployment benefit replacement rate. A …","","https://scholar.google.com/scholar?q=related:sliR6FkF22oJ:scholar.google.com/&scioq=duration+%22standard+error%22%7C%22standard+errors%22%7Cpbd%7C%22benefit+duration%22%7Cwba%7C%22weekly+benefit+amount%22%7C%22replacement+rate%22+%22unemployment+insurance%22&hl=en&as_sdt=0,5"
37,"JO Hairault, F Langot, S Ménard…","Optimal unemployment insurance for older workers",2012,"Journal of Public …","Elsevier","https://www.sciencedirect.com/science/article/pii/S0047272712000151","https://scholar.google.com/scholar?cites=12532707338052424171&as_sdt=2005&sciodt=0,5&hl=en",191,"2022-08-15 21:28:05","","",NA,NA,NA,NA,NA,NA,37,3.7,9,4,10,"… the unemployment insurance agency takes advantage of the retirement period to tax pensions at a rate dependent on the length of … replacement rate for individuals who are eligible for …","https://hal.archives-ouvertes.fr/hal-01292095/file/12-07.pdf","https://scholar.google.com/scholar?q=related:69GLPuwe7a0J:scholar.google.com/&scioq=duration+%22standard+error%22%7C%22standard+errors%22%7Cpbd%7C%22benefit+duration%22%7Cwba%7C%22weekly+benefit+amount%22%7C%22replacement+rate%22+%22unemployment+insurance%22&hl=en&as_sdt=0,5"
7,"JPZ Chahad, R Fernandes","Unemployment insurance and transitions in the labor market: An evaluation of the Brazilian program",2002,"Brazilian Review Of …","bibliotecadigital.fgv.br","https://bibliotecadigital.fgv.br/ojs/index.php/bre/article/view/2737/0","https://scholar.google.com/scholar?cites=17984857334435801493&as_sdt=2005&sciodt=0,5&hl=en",380,"2022-08-15 21:28:05","","",NA,NA,NA,NA,NA,NA,7,0.35,4,2,20,"… Unemployment Insurance (UI) program on individual transitions among different labor market states in order to verify whether the VI affects the duration of … a higher replacement rate. Our …","https://bibliotecadigital.fgv.br/ojs/index.php/bre/article/download/2737/1677","https://scholar.google.com/scholar?q=related:lekfM3UMl_kJ:scholar.google.com/&scioq=duration+%22standard+error%22%7C%22standard+errors%22%7Cpbd%7C%22benefit+duration%22%7Cwba%7C%22weekly+benefit+amount%22%7C%22replacement+rate%22+%22unemployment+insurance%22&hl=en&as_sdt=0,5"
7,"JR Neill","A welfare-theoretic evaluation of unemployment insurance",1989,"Public Finance Quarterly","journals.sagepub.com","https://journals.sagepub.com/doi/abs/10.1177/109114218901700405","https://scholar.google.com/scholar?cites=8889446548243822733&as_sdt=2005&sciodt=0,5&hl=en",137,"2022-08-15 21:28:05","","10.1177/109114218901700405",NA,NA,NA,NA,NA,NA,7,0.21,7,1,33,"… duration is unaffected by WBA (MCL), the other under the assumption that the increase in duration per $1 increase in WBA … a maximum weekly benefit amount, the average WBA for one …","","https://scholar.google.com/scholar?q=related:jTjljYmoXXsJ:scholar.google.com/&scioq=duration+%22standard+error%22%7C%22standard+errors%22%7Cpbd%7C%22benefit+duration%22%7Cwba%7C%22weekly+benefit+amount%22%7C%22replacement+rate%22+%22unemployment+insurance%22&hl=en&as_sdt=0,5"
405,"JS Costain, M Reiter","Business cycles, unemployment insurance, and the calibration of matching models",2008,"Journal of Economic Dynamics and control","Elsevier","https://www.sciencedirect.com/science/article/pii/S0165188907001200","https://scholar.google.com/scholar?cites=6086339766589285264&as_sdt=2005&sciodt=0,5&hl=en",64,"2022-08-15 21:28:05","","",NA,NA,NA,NA,NA,NA,405,28.93,203,2,14,"… benefit duration rather than to benefit levels per se. Also, LN99 ran a GLS regression with random country effects and fixed time … The standard errors on our policy estimates are far from …","https://www.econstor.eu/bitstream/10419/76544/1/cesifo_wp1008.pdf","https://scholar.google.com/scholar?q=related:kGPjWcUFd1QJ:scholar.google.com/&scioq=duration+%22standard+error%22%7C%22standard+errors%22%7Cpbd%7C%22benefit+duration%22%7Cwba%7C%22weekly+benefit+amount%22%7C%22replacement+rate%22+%22unemployment+insurance%22&hl=en&as_sdt=0,5"
160,"JS Flemming","Aspects of optimal unemployment insurance: Search, leisure, savings and capital market imperfections",1978,"Journal of Public Economics","Elsevier","https://www.sciencedirect.com/science/article/pii/0047272778900543","https://scholar.google.com/scholar?cites=14347478898868377902&as_sdt=2005&sciodt=0,5&hl=en",924,"2022-08-15 21:28:05","","",NA,NA,NA,NA,NA,NA,160,3.64,160,1,44,"… For ‘reasonable’ parameter values the optimal replacement rate (ratio of benefits to gross … Since most people work for about 40 years we took 7;;i‘=20, although with a mean duration …","","https://scholar.google.com/scholar?q=related:Lll21Qp8HMcJ:scholar.google.com/&scioq=duration+%22standard+error%22%7C%22standard+errors%22%7Cpbd%7C%22benefit+duration%22%7Cwba%7C%22weekly+benefit+amount%22%7C%22replacement+rate%22+%22unemployment+insurance%22&hl=en&as_sdt=0,5"
36,"JT Addison, JAF Machado…","The Reservation Wage Unemployment Duration Nexus*",2013,"Oxford Bulletin of …","Wiley Online Library","https://onlinelibrary.wiley.com/doi/abs/10.1111/j.1468-0084.2012.00717.x","https://scholar.google.com/scholar?cites=6772915531728027690&as_sdt=2005&sciodt=0,5&hl=en",732,"2022-08-15 21:28:05","","10.1111/j.1468-0084.2012.00717.x",NA,NA,NA,NA,NA,NA,36,4,12,3,9,"… , unemployment insurance rules can be manipulated via changes in the replacement rate and/or the maximum duration … ‘social help’ for unemployment insurance benefits proper, etc. In …","https://dro.dur.ac.uk/12506/1/12506.pdf","https://scholar.google.com/scholar?q=related:KgBgqso6_l0J:scholar.google.com/&scioq=duration+%22standard+error%22%7C%22standard+errors%22%7Cpbd%7C%22benefit+duration%22%7Cwba%7C%22weekly+benefit+amount%22%7C%22replacement+rate%22+%22unemployment+insurance%22&hl=en&as_sdt=0,5"
201,"JT Addison, MKL Blackburn","The effects of unemployment insurance on postunemployment earnings",2000,"Labour economics","Elsevier","https://www.sciencedirect.com/science/article/pii/S0927537199000263","https://scholar.google.com/scholar?cites=1716247470616034720&as_sdt=2005&sciodt=0,5&hl=en",151,"2022-08-15 21:28:05","","",NA,NA,NA,NA,NA,NA,201,9.14,101,2,22,"… Given the universal finding that unemployment insurance (UI) extends the length of unemployment … Instead of using the actual replacement rate of zero, we used the replacement rate …","http://citeseerx.ist.psu.edu/viewdoc/download?doi=10.1.1.462.1333&rep=rep1&type=pdf","https://scholar.google.com/scholar?q=related:oD27QPtV0RcJ:scholar.google.com/&scioq=duration+%22standard+error%22%7C%22standard+errors%22%7Cpbd%7C%22benefit+duration%22%7Cwba%7C%22weekly+benefit+amount%22%7C%22replacement+rate%22+%22unemployment+insurance%22&hl=en&as_sdt=0,5"
51,"JT Addison, P Portugal","How do different entitlements to unemployment benefits affect the transitions from unemployment into employment?",2008,"Economics Letters","Elsevier","https://www.sciencedirect.com/science/article/pii/S0165176508002334","https://scholar.google.com/scholar?cites=7828658225991599382&as_sdt=2005&sciodt=0,5&hl=en",148,"2022-08-15 21:28:05","","",NA,NA,NA,NA,NA,NA,51,3.64,26,2,14,"… and potential duration of unemployment insurance benefits. … However, the unemployment insurance replacement rate is in … the role of potential benefit duration. Under Portuguese law, …","https://www.econstor.eu/bitstream/10419/34722/1/545572088.pdf","https://scholar.google.com/scholar?q=related:FkUrtC37pGwJ:scholar.google.com/&scioq=duration+%22standard+error%22%7C%22standard+errors%22%7Cpbd%7C%22benefit+duration%22%7Cwba%7C%22weekly+benefit+amount%22%7C%22replacement+rate%22+%22unemployment+insurance%22&hl=en&as_sdt=0,5"
88,"JW Budd, BP McCall","The effect of unions on the receipt of unemployment insurance benefits",1997,"ILR Review","journals.sagepub.com","https://journals.sagepub.com/doi/abs/10.1177/001979399705000306","https://scholar.google.com/scholar?cites=14704515908655338547&as_sdt=2005&sciodt=0,5&hl=en",246,"2022-08-15 21:28:05","","10.1177/001979399705000306",NA,NA,NA,NA,NA,NA,88,3.52,44,2,25,"… payment and the duration of payments are also typically linked to the unemployed worker's employment and earnings history, with a minimum and a maximum weekly benefit amount.2 …","","https://scholar.google.com/scholar?q=related:M1R7oU_vEMwJ:scholar.google.com/&scioq=duration+%22standard+error%22%7C%22standard+errors%22%7Cpbd%7C%22benefit+duration%22%7Cwba%7C%22weekly+benefit+amount%22%7C%22replacement+rate%22+%22unemployment+insurance%22&hl=en&as_sdt=0,5"
40,"JW Budd, BP McCall","Unions and unemployment insurance benefits receipt: Evidence from the current population survey",2004,"… Relations: A Journal of Economy and …","Wiley Online Library","https://onlinelibrary.wiley.com/doi/abs/10.1111/j.0019-8676.2004.00332.x","https://scholar.google.com/scholar?cites=15403589036223784696&as_sdt=2005&sciodt=0,5&hl=en",681,"2022-08-15 21:28:05","","10.1111/j.0019-8676.2004.00332.x",NA,NA,NA,NA,NA,NA,40,2.22,20,2,18,"… 6 We also include those who lost part-time jobs in the sample. Thus it … unemployment insurance benefits). Reported estimates are the estimated marginal effects (with standard errors in …","","https://scholar.google.com/scholar?q=related:-GY44p2KxNUJ:scholar.google.com/&scioq=duration+%22standard+error%22%7C%22standard+errors%22%7Cpbd%7C%22benefit+duration%22%7Cwba%7C%22weekly+benefit+amount%22%7C%22replacement+rate%22+%22unemployment+insurance%22&hl=en&as_sdt=0,5"
149,"JW Hsu, DA Matsa, BT Melzer","Unemployment insurance as a housing market stabilizer",2018,"American Economic Review","aeaweb.org","https://www.aeaweb.org/articles?id=10.1257%2Faer.20140989&utm_source=TrendMD&utm_medium=cpc&utm_campaign=American_Economic_Review_TrendMD_1","https://scholar.google.com/scholar?cites=12476302241143624597&as_sdt=2005&sciodt=0,5&hl=en",153,"2022-08-15 21:28:05","","",NA,NA,NA,NA,NA,NA,149,37.25,50,3,4,"… unemployment insurance (UI) on the housing market. Exploiting heterogeneity in UI generosity across US states and over time, … isolate differences in benefit duration alone by replacing …","","https://scholar.google.com/scholar?q=related:lZPGOcm6JK0J:scholar.google.com/&scioq=duration+%22standard+error%22%7C%22standard+errors%22%7Cpbd%7C%22benefit+duration%22%7Cwba%7C%22weekly+benefit+amount%22%7C%22replacement+rate%22+%22unemployment+insurance%22&hl=en&as_sdt=0,5"
108,"K Burdett, R Lagos, R Wright","An on‐the‐job search model of crime, inequality, and unemployment",2004,"International Economic Review","Wiley Online Library","https://onlinelibrary.wiley.com/doi/abs/10.1111/j.0020-6598.2004.00283.x","https://scholar.google.com/scholar?cites=16645941468650874076&as_sdt=2005&sciodt=0,5&hl=en",860,"2022-08-15 21:28:05","","10.1111/j.0020-6598.2004.00283.x",NA,NA,NA,NA,NA,NA,108,6,36,3,18,"… For example, we find that increasing the unemployment insurance replacement rate from 53 … We assume for simplicity that the release rate ρ does not depend on time served, and that ex…","https://www.academia.edu/download/146536/1nplupkfb4wyan9.pdf","https://scholar.google.com/scholar?q=related:3CThXpJDAucJ:scholar.google.com/&scioq=duration+%22standard+error%22%7C%22standard+errors%22%7Cpbd%7C%22benefit+duration%22%7Cwba%7C%22weekly+benefit+amount%22%7C%22replacement+rate%22+%22unemployment+insurance%22&hl=en&as_sdt=0,5"
303,"K Carling, B Holmlund, A Vejsiu","Do benefit cuts boost job finding? Swedish evidence from the 1990s",2001,"The Economic Journal","Wiley Online Library","https://onlinelibrary.wiley.com/doi/abs/10.1111/1468-0297.00659","https://scholar.google.com/scholar?cites=18162102950724740281&as_sdt=2005&sciodt=0,5&hl=en",394,"2022-08-15 21:28:05","","10.1111/1468-0297.00659",NA,NA,NA,NA,NA,NA,303,14.43,101,3,21,"… cut the replacement rate in unemployment insurance from 80… 1990s, the maximum replacement rate among workers eligible … We control for time effects by the time dummy and for group …","https://www.econstor.eu/bitstream/10419/82203/1/wp99-08.pdf","https://scholar.google.com/scholar?q=related:uaQFIGjADPwJ:scholar.google.com/&scioq=duration+%22standard+error%22%7C%22standard+errors%22%7Cpbd%7C%22benefit+duration%22%7Cwba%7C%22weekly+benefit+amount%22%7C%22replacement+rate%22+%22unemployment+insurance%22&hl=en&as_sdt=0,5"
325,"K Carling, PA Edin, A Harkman, B Holmlund","Unemployment duration, unemployment benefits, and labor market programs in Sweden",1996,"Journal of Public Economics","Elsevier","https://www.sciencedirect.com/science/article/pii/0047272795014993","https://scholar.google.com/scholar?cites=12724102647020931202&as_sdt=2005&sciodt=0,5&hl=en",538,"2022-08-15 21:28:05","","",NA,NA,NA,NA,NA,NA,325,12.5,81,4,26,"… The framework is a standard search model augmented to account for two institutional features of the Swedish unemployment insurance (UI) system: the fixed benefit period and the …","https://www.researchgate.net/profile/Kenneth-Carling/publication/4750258_Unemployment_Duration_Unemployment_Benefits_and_Labour_Market_Programmes_in_Sweden/links/59e9e4030f7e9bc89bcaea14/Unemployment-Duration-Unemployment-Benefits-and-Labour-Market-Programmes-in-Sweden.pdf","https://scholar.google.com/scholar?q=related:gkhKOfEXlbAJ:scholar.google.com/&scioq=duration+%22standard+error%22%7C%22standard+errors%22%7Cpbd%7C%22benefit+duration%22%7Cwba%7C%22weekly+benefit+amount%22%7C%22replacement+rate%22+%22unemployment+insurance%22&hl=en&as_sdt=0,5"
10,"K Farrants, C Bambra","Neoliberalism and the recommodification of health inequalities: A case study of the Swedish welfare state 1980 to 2011",2018,"Scandinavian Journal of Public …","journals.sagepub.com","https://journals.sagepub.com/doi/abs/10.1177/1403494817709191","https://scholar.google.com/scholar?cites=2307147600380599902&as_sdt=2005&sciodt=0,5&hl=en",978,"2022-08-15 21:28:05","","10.1177/1403494817709191",NA,NA,NA,NA,NA,NA,10,2.5,5,2,4,"… The net replacement rate in the Swedish unemployment insurance was well above the … remains from other time-varying factors that we missed by controlling for time. Further, we have …","https://eprints.ncl.ac.uk/file_store/production/240224/25D651A9-930D-429A-804D-014A45D89509.pdf","https://scholar.google.com/scholar?q=related:Xp4UzYSiBCAJ:scholar.google.com/&scioq=duration+%22standard+error%22%7C%22standard+errors%22%7Cpbd%7C%22benefit+duration%22%7Cwba%7C%22weekly+benefit+amount%22%7C%22replacement+rate%22+%22unemployment+insurance%22&hl=en&as_sdt=0,5"
69,"K Kroft","Takeup, social multipliers and optimal social insurance",2008,"Journal of Public Economics","Elsevier","https://www.sciencedirect.com/science/article/pii/S0047272707001028","https://scholar.google.com/scholar?cites=5010834935111570193&as_sdt=2005&sciodt=0,5&hl=en",177,"2022-08-15 21:28:05","","",NA,NA,NA,NA,NA,NA,69,4.93,69,1,14,"… the optimal provision of unemployment insurance (UI) in a … optimal replacement rate in terms of the takeup and duration … takeup and yield an optimal replacement rate around 60% of …","http://www.korykroft.com/files/JPubE_final.pdf","https://scholar.google.com/scholar?q=related:EVNxL9MPikUJ:scholar.google.com/&scioq=duration+%22standard+error%22%7C%22standard+errors%22%7Cpbd%7C%22benefit+duration%22%7Cwba%7C%22weekly+benefit+amount%22%7C%22replacement+rate%22+%22unemployment+insurance%22&hl=en&as_sdt=0,5"
251,"K Kroft, MJ Notowidigdo","Should unemployment insurance vary with the unemployment rate? Theory and evidence",2016,"The Review of Economic Studies","academic.oup.com","https://academic.oup.com/restud/article-abstract/83/3/1092/2461292","https://scholar.google.com/scholar?cites=12069152170718141448&as_sdt=2005&sciodt=0,5&hl=en",41,"2022-08-15 21:28:05","","",NA,NA,NA,NA,NA,NA,251,41.83,126,2,6,"… duration and D B = ∑ t = 0 B − 1 S t be the worker's expected benefit duration (ie the length of time … We define the elasticity of unemployment duration and benefit duration with respect to …","https://www.nber.org/system/files/working_papers/w17173/w17173.pdf","https://scholar.google.com/scholar?q=related:CBzKQ_Q9fqcJ:scholar.google.com/&scioq=duration+%22standard+error%22%7C%22standard+errors%22%7Cpbd%7C%22benefit+duration%22%7Cwba%7C%22weekly+benefit+amount%22%7C%22replacement+rate%22+%22unemployment+insurance%22&hl=en&as_sdt=0,5"
130,"K Mitman, S Rabinovich","Optimal unemployment insurance in an equilibrium business-cycle model",2015,"Journal of Monetary Economics","Elsevier","https://www.sciencedirect.com/science/article/pii/S0304393214001664","https://scholar.google.com/scholar?cites=275720673137677714&as_sdt=2005&sciodt=0,5&hl=en",83,"2022-08-15 21:28:05","","",NA,NA,NA,NA,NA,NA,130,18.57,65,2,7,"… the average replacement rate of unemployment insurance. A benefit duration scheme that … 1(b) illustrates the same result for the optimal duration of benefits: optimal benefit duration is …","https://www.amherst.edu/system/files/media/MitmanRabinovichJMEWeb.pdf","https://scholar.google.com/scholar?q=related:klWay32O0wMJ:scholar.google.com/&scioq=duration+%22standard+error%22%7C%22standard+errors%22%7Cpbd%7C%22benefit+duration%22%7Cwba%7C%22weekly+benefit+amount%22%7C%22replacement+rate%22+%22unemployment+insurance%22&hl=en&as_sdt=0,5"
18,"K Mitman, S Rabinovich","Whether, when and how to extend unemployment benefits: Theory and application to COVID-19",2021,"Journal of Public Economics","Elsevier","https://www.sciencedirect.com/science/article/pii/S0047272721000839","https://scholar.google.com/scholar?cites=7692991483173611405&as_sdt=2005&sciodt=0,5&hl=en",885,"2022-08-15 21:28:05","","",NA,NA,NA,NA,NA,NA,18,18,9,2,1,"… response of unemployment insurance to … duration with respect to unemployment benefits of 0.12 . Finally, we normalize the wage to 1, so that b is interpreted as a replacement rate. We …","https://www.ncbi.nlm.nih.gov/pmc/articles/PMC8677353/","https://scholar.google.com/scholar?q=related:jSerpv7-wmoJ:scholar.google.com/&scioq=duration+%22standard+error%22%7C%22standard+errors%22%7Cpbd%7C%22benefit+duration%22%7Cwba%7C%22weekly+benefit+amount%22%7C%22replacement+rate%22+%22unemployment+insurance%22&hl=en&as_sdt=0,5"
28,"K Nelson, D Fredriksson, T Korpi…","The social policy indicators (SPIN) database",2020,"… Journal of Social …","Wiley Online Library","https://onlinelibrary.wiley.com/doi/abs/10.1111/ijsw.12418","https://scholar.google.com/scholar?cites=727196515188282020&as_sdt=2005&sciodt=0,5&hl=en",958,"2022-08-15 21:28:05","","10.1111/ijsw.12418",NA,NA,NA,NA,NA,NA,28,14,7,4,2,"… Typically, we also lack information on benefit duration (eg, whether benefits are received for one … Besides unemployment insurance, the various benefit packages in the dataset include …","https://onlinelibrary.wiley.com/doi/pdfdirect/10.1111/ijsw.12418","https://scholar.google.com/scholar?q=related:pBKzsWCFFwoJ:scholar.google.com/&scioq=duration+%22standard+error%22%7C%22standard+errors%22%7Cpbd%7C%22benefit+duration%22%7Cwba%7C%22weekly+benefit+amount%22%7C%22replacement+rate%22+%22unemployment+insurance%22&hl=en&as_sdt=0,5"
48,"K Røed, L Westlie","Unemployment insurance in welfare states: the impacts of soft duration constraints",2012,"Journal of the European Economic …","academic.oup.com","https://academic.oup.com/jeea/article-abstract/10/3/518/2298448","https://scholar.google.com/scholar?cites=14569742584239494223&as_sdt=2005&sciodt=0,5&hl=en",261,"2022-08-15 21:28:05","","",NA,NA,NA,NA,NA,NA,48,4.8,24,2,10,"… Most of the results are illustrated graphically, and, for expository reasons, without confidence intervals (we report standard errors or confidence intervals for the key results, though). …","https://www.sv.uio.no/esop/english/publications/articles/2012/roed-unemployment.pdf","https://scholar.google.com/scholar?q=related:TxR6wq8fMsoJ:scholar.google.com/&scioq=duration+%22standard+error%22%7C%22standard+errors%22%7Cpbd%7C%22benefit+duration%22%7Cwba%7C%22weekly+benefit+amount%22%7C%22replacement+rate%22+%22unemployment+insurance%22&hl=en&as_sdt=0,5"
25,"K Røed, P Jensen, A Thoursie","Unemployment duration and unemployment insurance: a comparative analysis based on Scandinavian micro data",2008,"Oxford Economic Papers","academic.oup.com","https://academic.oup.com/oep/article-abstract/60/2/254/2361983","https://scholar.google.com/scholar?cites=7069315314109579989&as_sdt=2005&sciodt=0,5&hl=en",230,"2022-08-15 21:28:05","","",NA,NA,NA,NA,NA,NA,25,1.79,8,3,14,"… 4 In the period covered by our data, the maximum benefit duration period in Norway is three years. In order to improve job search incentives and reduce costs, it was reduced to two …","http://citeseerx.ist.psu.edu/viewdoc/download?doi=10.1.1.911.4467&rep=rep1&type=pdf","https://scholar.google.com/scholar?q=related:1QK7xtJAG2IJ:scholar.google.com/&scioq=duration+%22standard+error%22%7C%22standard+errors%22%7Cpbd%7C%22benefit+duration%22%7Cwba%7C%22weekly+benefit+amount%22%7C%22replacement+rate%22+%22unemployment+insurance%22&hl=en&as_sdt=0,5"
278,"K Røed, T Zhang","Does unemployment compensation affect unemployment duration?",2003,"The Economic Journal","academic.oup.com","https://academic.oup.com/ej/article-abstract/113/484/190/5079524","https://scholar.google.com/scholar?cites=8069264038268716819&as_sdt=2005&sciodt=0,5&hl=en",481,"2022-08-15 21:28:05","","",NA,NA,NA,NA,NA,NA,278,14.63,139,2,19,"… The Norwegian unemployment insurance system is … cut‐off period, after which a new 80‐week period could start at a … variable, without correcting standard errors for the fact that it is ‘…","http://citeseerx.ist.psu.edu/viewdoc/download?doi=10.1.1.198.6351&rep=rep1&type=pdf","https://scholar.google.com/scholar?q=related:E0fX1-PI-28J:scholar.google.com/&scioq=duration+%22standard+error%22%7C%22standard+errors%22%7Cpbd%7C%22benefit+duration%22%7Cwba%7C%22weekly+benefit+amount%22%7C%22replacement+rate%22+%22unemployment+insurance%22&hl=en&as_sdt=0,5"
92,"K Røed, T Zhang","Unemployment duration and economic incentives—a quasi random-assignment approach",2005,"European economic review","Elsevier","https://www.sciencedirect.com/science/article/pii/S0014292104000595","https://scholar.google.com/scholar?cites=40062434119986184&as_sdt=2005&sciodt=0,5&hl=en",570,"2022-08-15 21:28:05","","",NA,NA,NA,NA,NA,NA,92,5.41,46,2,17,"… unemployment insurance replacement ratio, but that the effects vary considerably among individuals. There is negative duration … of interest together with their standard errors. The first …","","https://scholar.google.com/scholar?q=related:CCyPUpJUjgAJ:scholar.google.com/&scioq=duration+%22standard+error%22%7C%22standard+errors%22%7Cpbd%7C%22benefit+duration%22%7Cwba%7C%22weekly+benefit+amount%22%7C%22replacement+rate%22+%22unemployment+insurance%22&hl=en&as_sdt=0,5"
0,"K Sehnbruch, R Carranza Navarrete…","Unemployment Insurance in Transition and Developing Countries: Moral Hazard vs. Liquidity Constraints in Chile",2022,"The Journal of …","Taylor & Francis","https://www.tandfonline.com/doi/abs/10.1080/00220388.2022.2096444","",974,"2022-08-15 21:28:05","","10.1080/00220388.2022.2096444",NA,NA,NA,NA,NA,NA,0,0,0,3,1,"… developed during this transition period to becoming a country … of the Chilean unemployment insurance system and … month of unemployment the replacement rate is maintained constant …","https://www.tandfonline.com/doi/pdf/10.1080/00220388.2022.2096444",""
272,"K Tatsiramos","Unemployment insurance in Europe: unemployment duration and subsequent employment stability",2009,"Journal of the European economic association","academic.oup.com","https://academic.oup.com/jeea/article-abstract/7/6/1225/2295832","https://scholar.google.com/scholar?cites=3295913496171740718&as_sdt=2005&sciodt=0,5&hl=en",48,"2022-08-15 21:28:05","","",NA,NA,NA,NA,NA,NA,272,20.92,272,1,13,"… effect of unemployment insurance on unemployment and subsequent employment duration in … Given our data, the exact benefit duration is not available. What is observed is whether the …","https://www.econstor.eu/bitstream/10419/33875/1/516439251.pdf","https://scholar.google.com/scholar?q=related:Ln67vdxvvS0J:scholar.google.com/&scioq=duration+%22standard+error%22%7C%22standard+errors%22%7Cpbd%7C%22benefit+duration%22%7Cwba%7C%22weekly+benefit+amount%22%7C%22replacement+rate%22+%22unemployment+insurance%22&hl=en&as_sdt=0,5"
63,"K Tatsiramos","Geographic labour mobility and unemployment insurance in Europe",2009,"Journal of population Economics","Springer","https://link.springer.com/article/10.1007/s00148-008-0194-7","https://scholar.google.com/scholar?cites=16165364543582139619&as_sdt=2005&sciodt=0,5&hl=en",181,"2022-08-15 21:28:05","","10.1007/s00148-008-0194-7",NA,NA,NA,NA,NA,NA,63,4.85,63,1,13,"… relatively short duration, … unemployment insurance, although Spain resembles more to the Continental countries. In particular, for the UK, the flat rate corresponds to a replacement rate …","https://www.econstor.eu/bitstream/10419/20517/1/dp1253.pdf","https://scholar.google.com/scholar?q=related:43TolGfpVuAJ:scholar.google.com/&scioq=duration+%22standard+error%22%7C%22standard+errors%22%7Cpbd%7C%22benefit+duration%22%7Cwba%7C%22weekly+benefit+amount%22%7C%22replacement+rate%22+%22unemployment+insurance%22&hl=en&as_sdt=0,5"
26,"K Tatsiramos","Unemployment benefits and job match quality",2014,"IZA World of Labor","econstor.eu","https://www.econstor.eu/handle/10419/125266","https://scholar.google.com/scholar?cites=3997383131093686104&as_sdt=2005&sciodt=0,5&hl=en",386,"2022-08-15 21:28:05","","",NA,NA,NA,NA,NA,NA,26,3.25,26,1,8,"… Unemployment insurance (UI) provides the unemployed … benefit duration at the individual level due to different employment histories, create substantial variation in the maximum period …","https://www.econstor.eu/bitstream/10419/125266/1/iza-wol-044.pdf","https://scholar.google.com/scholar?q=related:WFf6V8eOeTcJ:scholar.google.com/&scioq=duration+%22standard+error%22%7C%22standard+errors%22%7Cpbd%7C%22benefit+duration%22%7Cwba%7C%22weekly+benefit+amount%22%7C%22replacement+rate%22+%22unemployment+insurance%22&hl=en&as_sdt=0,5"
7,"K Tatsiramos","Do unemployment benefits help those seeking work to obtain better jobs?",2014,"IZA World of Labor","nottingham-repository.worktribe.com","https://nottingham-repository.worktribe.com/index.php/outputs?Year=2014&Type=Journal+Article&page=56","https://scholar.google.com/scholar?cites=6873938280425290906&as_sdt=2005&sciodt=0,5&hl=en",603,"2022-08-15 21:28:05","","",NA,NA,NA,NA,NA,NA,7,0.88,7,1,8,"… Unemployment insurance (UI) provides the unemployed … benefit duration at the individual level due to different employment histories, create substantial variation in the maximum period …","https://nottingham-repository.worktribe.com/index.php/preview/729840/unemployment-benefits-and-job-match-quality.pdf","https://scholar.google.com/scholar?q=related:mny1RHIiZV8J:scholar.google.com/&scioq=duration+%22standard+error%22%7C%22standard+errors%22%7Cpbd%7C%22benefit+duration%22%7Cwba%7C%22weekly+benefit+amount%22%7C%22replacement+rate%22+%22unemployment+insurance%22&hl=en&as_sdt=0,5"
93,"K Tatsiramos","Job displacement and the transitions to re-employment and early retirement for non-employed older workers",2010,"European Economic Review","Elsevier","https://www.sciencedirect.com/science/article/pii/S001429210900110X","https://scholar.google.com/scholar?cites=13893219664011388548&as_sdt=2005&sciodt=0,5&hl=en",827,"2022-08-15 21:28:05","","",NA,NA,NA,NA,NA,NA,93,7.75,93,1,12,"… aged at least 55 at the time of restructuring, who may draw them … replacement rate for unemployment insurance recipients is 70% for the first 180 days and 60% thereafter. The duration …","","https://scholar.google.com/scholar?q=related:hObey6yhzsAJ:scholar.google.com/&scioq=duration+%22standard+error%22%7C%22standard+errors%22%7Cpbd%7C%22benefit+duration%22%7Cwba%7C%22weekly+benefit+amount%22%7C%22replacement+rate%22+%22unemployment+insurance%22&hl=en&as_sdt=0,5"
709,"KA Couch, DW Placzek","Earnings losses of displaced workers revisited",2010,"American Economic Review","aeaweb.org","https://www.aeaweb.org/articles?id=10.1257/aer.100.1.572","https://scholar.google.com/scholar?cites=15189650231725757003&as_sdt=2005&sciodt=0,5&hl=en",838,"2022-08-15 21:28:05","","",NA,NA,NA,NA,NA,NA,709,59.08,355,2,12,"… However, the standard errors associated with the matching, fixed-effects, and time trend … losses among job separators who do not collect Unemployment Insurance (UI) benefits. Long-…","","https://scholar.google.com/scholar?q=related:S5JxVGh6zNIJ:scholar.google.com/&scioq=duration+%22standard+error%22%7C%22standard+errors%22%7Cpbd%7C%22benefit+duration%22%7Cwba%7C%22weekly+benefit+amount%22%7C%22replacement+rate%22+%22unemployment+insurance%22&hl=en&as_sdt=0,5"
54,"KJ Murphy","The impact of unemployment insurance taxes on wages",2007,"Labour Economics","Elsevier","https://www.sciencedirect.com/science/article/pii/S0927537106000078","https://scholar.google.com/scholar?cites=10262261072954356097&as_sdt=2005&sciodt=0,5&hl=en",959,"2022-08-15 21:28:05","","",NA,NA,NA,NA,NA,NA,54,3.6,54,1,15,"… The third tax system variable, UI Replacement Rate, never … point increase in benefit replacement rate reduces male hourly … Coefficient estimates on the benefit replacement rate for …","","https://scholar.google.com/scholar?q=related:gXHD9RLgao4J:scholar.google.com/&scioq=duration+%22standard+error%22%7C%22standard+errors%22%7Cpbd%7C%22benefit+duration%22%7Cwba%7C%22weekly+benefit+amount%22%7C%22replacement+rate%22+%22unemployment+insurance%22&hl=en&as_sdt=0,5"
186,"KP Classen","The effect of unemployment insurance on the duration of unemployment and subsequent earnings",1977,"Industrial and Labor relations review","JSTOR","https://www.jstor.org/stable/2523101","https://scholar.google.com/scholar?cites=5685741186106282214&as_sdt=2005&sciodt=0,5&hl=en",5,"2022-08-15 21:28:05","","",NA,NA,NA,NA,NA,NA,186,4.13,186,1,45,"… The WBA coefficient in the duration equation was significantly greater for nonrecalls than it was for recalls; in the earnings equations the WBA coefficient was insignificant for both recalls …","","https://scholar.google.com/scholar?q=related:5lCsAnzP504J:scholar.google.com/&scioq=duration+%22standard+error%22%7C%22standard+errors%22%7Cpbd%7C%22benefit+duration%22%7Cwba%7C%22weekly+benefit+amount%22%7C%22replacement+rate%22+%22unemployment+insurance%22&hl=en&as_sdt=0,5"
15,"L Brown, C Ferrall","Unemployment insurance and the business cycle",2003,"International Economic Review","Wiley Online Library","https://onlinelibrary.wiley.com/doi/abs/10.1111/1468-2354.t01-1-00092","https://scholar.google.com/scholar?cites=5485608376508083233&as_sdt=2005&sciodt=0,5&hl=en",725,"2022-08-15 21:28:05","","10.1111/1468-2354.t01-1-00092",NA,NA,NA,NA,NA,NA,15,0.79,8,2,19,"… benefit duration faced by workers during this period varied with the unemployment rate over time … The parameters are based on the mean unemployment rate over this period of 9.4%. …","http://qed.econ.queensu.ca/pub/faculty/ferrall/papers/ui.pdf","https://scholar.google.com/scholar?q=related:IeyrIsHLIEwJ:scholar.google.com/&scioq=duration+%22standard+error%22%7C%22standard+errors%22%7Cpbd%7C%22benefit+duration%22%7Cwba%7C%22weekly+benefit+amount%22%7C%22replacement+rate%22+%22unemployment+insurance%22&hl=en&as_sdt=0,5"
8,"L Cottier, K Degen, R Lalive","Can unemployment benefit cuts improve employment and earnings?",2020,"Empirical Economics","Springer","https://link.springer.com/article/10.1007/s00181-019-01677-6","https://scholar.google.com/scholar?cites=5849633324958510868&as_sdt=2005&sciodt=0,5&hl=en",85,"2022-08-15 21:28:05","","10.1007/s00181-019-01677-6",NA,NA,NA,NA,NA,NA,8,4,3,3,2,"… of unemployment insurance is the potential duration of unemployment benefits (PBD). We … We analyze a reform to Swiss unemployment insurance that reduced PBD from 24 months to …","https://serval.unil.ch/resource/serval:BIB_3419181A042A.P001/REF.pdf","https://scholar.google.com/scholar?q=related:FG9wMIQSLlEJ:scholar.google.com/&scioq=duration+%22standard+error%22%7C%22standard+errors%22%7Cpbd%7C%22benefit+duration%22%7Cwba%7C%22weekly+benefit+amount%22%7C%22replacement+rate%22+%22unemployment+insurance%22&hl=en&as_sdt=0,5"
25,"L Finamor, D Scott","Labor market trends and unemployment insurance generosity during the pandemic",2021,"Economics Letters","Elsevier","https://www.sciencedirect.com/science/article/pii/S0165176520304821","https://scholar.google.com/scholar?cites=14303624448090502066&as_sdt=2005&sciodt=0,5&hl=en",66,"2022-08-15 21:28:05","","",NA,NA,NA,NA,NA,NA,25,25,13,2,1,"… worked over time depending on their ex-post replacement rate. We … FPUC replacement rate places her in replacement rate quintile g . … Standard errors are clustered at the worker level. …","https://lucasfinamor.github.io/files/Finamor_Scott_2021_Manuscript.pdf","https://scholar.google.com/scholar?q=related:svMG1aaugMYJ:scholar.google.com/&scioq=duration+%22standard+error%22%7C%22standard+errors%22%7Cpbd%7C%22benefit+duration%22%7Cwba%7C%22weekly+benefit+amount%22%7C%22replacement+rate%22+%22unemployment+insurance%22&hl=en&as_sdt=0,5"
29,"L Høgedahl, K Kongshøj","New trajectories of unionization in the Nordic Ghent countries: Changing labour market and welfare institutions",2017,"European Journal of Industrial …","journals.sagepub.com","https://journals.sagepub.com/doi/abs/10.1177/0959680116687666","https://scholar.google.com/scholar?cites=9489687268785241602&as_sdt=2005&sciodt=0,5&hl=en",688,"2022-08-15 21:28:05","","10.1177/0959680116687666",NA,NA,NA,NA,NA,NA,29,5.8,15,2,5,"… duration… unemployment insurance, given the high replacement rate below the benefit ceiling. In short, we have seen how some of the traits that have set Nordic unemployment insurance …","https://vbn.aau.dk/ws/files/271715918/Ghent_EJIR.pdf","https://scholar.google.com/scholar?q=related:Ar593UoksoMJ:scholar.google.com/&scioq=duration+%22standard+error%22%7C%22standard+errors%22%7Cpbd%7C%22benefit+duration%22%7Cwba%7C%22weekly+benefit+amount%22%7C%22replacement+rate%22+%22unemployment+insurance%22&hl=en&as_sdt=0,5"
122,"L Inderbitzin, S Staubli, J Zweimüller","Extended unemployment benefits and early retirement: Program complementarity and program substitution",2016,"American Economic Journal …","aeaweb.org","https://www.aeaweb.org/articles?id=10.1257/pol.20130315","https://scholar.google.com/scholar?cites=17459053725968137628&as_sdt=2005&sciodt=0,5&hl=en",794,"2022-08-15 21:28:05","","",NA,NA,NA,NA,NA,NA,122,20.33,41,3,6,"… We explore how extended unemployment insurance (UI ) … Extending the potential duration of unemployment insurance (UI… We assume a net replacement rate of UI benefits of 55 …","https://www.econstor.eu/bitstream/10419/71684/1/742073912.pdf","https://scholar.google.com/scholar?q=related:nH3KmtwES_IJ:scholar.google.com/&scioq=duration+%22standard+error%22%7C%22standard+errors%22%7Cpbd%7C%22benefit+duration%22%7Cwba%7C%22weekly+benefit+amount%22%7C%22replacement+rate%22+%22unemployment+insurance%22&hl=en&as_sdt=0,5"
11,"L Kawano, S LaLumia","How Income Changes During Unemployment Evidence from Tax Return Data",2017,"Journal of Human Resources","jhr.uwpress.org","http://jhr.uwpress.org/content/52/2/418.short","https://scholar.google.com/scholar?cites=3862856060792106554&as_sdt=2005&sciodt=0,5&hl=en",902,"2022-08-15 21:28:05","","",NA,NA,NA,NA,NA,NA,11,2.2,6,2,5,"… period of unemployment is associated with a 20 percent reduction in annual household wage earnings. Unemployment insurance (… the maximum weekly benefit amount at the time of an …","http://citeseerx.ist.psu.edu/viewdoc/download?doi=10.1.1.716.4508&rep=rep1&type=pdf","https://scholar.google.com/scholar?q=related:Om76-R6fmzUJ:scholar.google.com/&scioq=duration+%22standard+error%22%7C%22standard+errors%22%7Cpbd%7C%22benefit+duration%22%7Cwba%7C%22weekly+benefit+amount%22%7C%22replacement+rate%22+%22unemployment+insurance%22&hl=en&as_sdt=0,5"
490,"L Kenworthy, L McCall","Inequality, public opinion and redistribution",2008,"Socio-Economic Review","academic.oup.com","https://academic.oup.com/ser/article-abstract/6/1/35/1701573","https://scholar.google.com/scholar?cites=1763321331760075256&as_sdt=2005&sciodt=0,5&hl=en",923,"2022-08-15 21:28:05","","",NA,NA,NA,NA,NA,NA,490,35,245,2,14,"… We examine over-time trends in eight nations during the … does not take into account eligibility criteria or benefit duration. … The generosity of unemployment insurance was increased in …","https://academic.oup.com/ser/article-pdf/6/1/35/4761357/mwm006.pdf","https://scholar.google.com/scholar?q=related:-JFtpGiTeBgJ:scholar.google.com/&scioq=duration+%22standard+error%22%7C%22standard+errors%22%7Cpbd%7C%22benefit+duration%22%7Cwba%7C%22weekly+benefit+amount%22%7C%22replacement+rate%22+%22unemployment+insurance%22&hl=en&as_sdt=0,5"
2,"L Lardaro","The Sensitivity of Unemployment Insurance Exhaustion to Extended and Federal Supplemental Benefits: A Cross-Sectional Analysis",NA,"Northeast Journal of Business and Economics","","","https://scholar.google.com/scholar?cites=5666936676925251150&as_sdt=2005&sciodt=0,5&hl=en",687,"2022-08-15 21:28:05","CITATION","",NA,NA,NA,NA,NA,NA,2,0,2,1,NA,"","","https://scholar.google.com/scholar?q=related:Th7DCOIApU4J:scholar.google.com/&scioq=duration+%22standard+error%22%7C%22standard+errors%22%7Cpbd%7C%22benefit+duration%22%7Cwba%7C%22weekly+benefit+amount%22%7C%22replacement+rate%22+%22unemployment+insurance%22&hl=en&as_sdt=0,5"
6,"L Lusher, GC Schnorr, RLC Taylor","Unemployment insurance as a worker indiscipline device? Evidence from scanner data",2022,"American Economic Journal …","aeaweb.org","https://www.aeaweb.org/articles?id=10.1257/app.20190007","https://scholar.google.com/scholar?cites=15263630337313879742&as_sdt=2005&sciodt=0,5&hl=en",38,"2022-08-15 21:28:05","","",NA,NA,NA,NA,NA,NA,6,6,2,3,1,"… In this section, we first detail the expansions in unemployment insurance potential benefit duration during the period of our study. We then provide evidence for two key prerequisites for …","https://www.econstor.eu/bitstream/10419/232857/1/dp14105.pdf","https://scholar.google.com/scholar?q=related:vjZ47utO09MJ:scholar.google.com/&scioq=duration+%22standard+error%22%7C%22standard+errors%22%7Cpbd%7C%22benefit+duration%22%7Cwba%7C%22weekly+benefit+amount%22%7C%22replacement+rate%22+%22unemployment+insurance%22&hl=en&as_sdt=0,5"
183,"L Scruggs","The generosity of social insurance, 1971–2002",2006,"Oxford review of economic policy","academic.oup.com","https://academic.oup.com/oxrep/article-abstract/22/3/349/418916","https://scholar.google.com/scholar?cites=17670612976881065661&as_sdt=2005&sciodt=0,5&hl=en",888,"2022-08-15 21:28:05","","",NA,NA,NA,NA,NA,NA,183,11.44,183,1,16,"… replacement rate for pensioners and unemployment benefit recipients fell dramatically. This period … It is driven by Italy’s extremely low unemployment insurance replacement rate. If Italy …","https://www.researchgate.net/profile/Lyle-Scruggs/publication/5216333_The_Generosity_of_Social_Insurance_1971--2002/links/00b7d524a09ec77905000000/The-Generosity-of-Social-Insurance-1971--2002.pdf?_sg%5B0%5D=started_experiment_milestone&origin=journalDetail","https://scholar.google.com/scholar?q=related:vV5nKuGgOvUJ:scholar.google.com/&scioq=duration+%22standard+error%22%7C%22standard+errors%22%7Cpbd%7C%22benefit+duration%22%7Cwba%7C%22weekly+benefit+amount%22%7C%22replacement+rate%22+%22unemployment+insurance%22&hl=en&as_sdt=0,5"
1057,"LF Katz, BD Meyer","The impact of the potential duration of unemployment benefits on the duration of unemployment",1990,"Journal of public economics","Elsevier","https://www.sciencedirect.com/science/article/pii/004727279290056L","https://scholar.google.com/scholar?cites=16759278710779006978&as_sdt=2005&sciodt=0,5&hl=en",60,"2022-08-15 21:28:05","","",NA,NA,NA,NA,NA,NA,1057,33.03,529,2,32,"… of unemployment insurance are measured using functions of the benefit level and the length … increase in potential benefit duration increases the average duration of the unemployment …","https://www.nber.org/system/files/working_papers/w2741/w2741.pdf","https://scholar.google.com/scholar?q=related:AtC_ZzHrlOgJ:scholar.google.com/&scioq=duration+%22standard+error%22%7C%22standard+errors%22%7Cpbd%7C%22benefit+duration%22%7Cwba%7C%22weekly+benefit+amount%22%7C%22replacement+rate%22+%22unemployment+insurance%22&hl=en&as_sdt=0,5"
474,"LF Katz, BD Meyer","Unemployment insurance, recall expectations, and unemployment outcomes",1990,"The Quarterly Journal of Economics","academic.oup.com","https://academic.oup.com/qje/article-abstract/105/4/973/1929213","https://scholar.google.com/scholar?cites=11763821665051540765&as_sdt=2005&sciodt=0,5&hl=en",453,"2022-08-15 21:28:05","","",NA,NA,NA,NA,NA,NA,474,14.81,237,2,32,"… to a much higher replacement rate in Pennsylvania. Regular … duration of 30 weeks, while Missouri had a maximum potential duration of 26 weeks with variation in the potential duration …","https://www.nber.org/system/files/working_papers/w2594/w2594.pdf","https://scholar.google.com/scholar?q=related:Hf1wGnp9QaMJ:scholar.google.com/&scioq=duration+%22standard+error%22%7C%22standard+errors%22%7Cpbd%7C%22benefit+duration%22%7Cwba%7C%22weekly+benefit+amount%22%7C%22replacement+rate%22+%22unemployment+insurance%22&hl=en&as_sdt=0,5"
123,"LM Kahn","Labor market policy: A comparative view on the costs and benefits of labor market flexibility",2012,"Journal of Policy Analysis and Management","Wiley Online Library","https://onlinelibrary.wiley.com/doi/abs/10.1002/pam.20602","https://scholar.google.com/scholar?cites=18019619599767333137&as_sdt=2005&sciodt=0,5&hl=en",742,"2022-08-15 21:28:05","","10.1002/pam.20602",NA,NA,NA,NA,NA,NA,123,12.3,123,1,10,"… a high replacement rate and the longest potential duration.3… recently reduced the maximum duration of UI benefits to two … could be when unemployment insurance causes workers to …","https://www.econstor.eu/bitstream/10419/39054/1/633158038.pdf","https://scholar.google.com/scholar?q=related:EWnMz42MEvoJ:scholar.google.com/&scioq=duration+%22standard+error%22%7C%22standard+errors%22%7Cpbd%7C%22benefit+duration%22%7Cwba%7C%22weekly+benefit+amount%22%7C%22replacement+rate%22+%22unemployment+insurance%22&hl=en&as_sdt=0,5"
126,"LN Christofides, CJ McKenna","Unemployment insurance and job duration in Canada",1996,"Journal of Labor Economics","journals.uchicago.edu","https://www.journals.uchicago.edu/doi/abs/10.1086/209812","https://scholar.google.com/scholar?cites=2536034572414123340&as_sdt=2005&sciodt=0,5&hl=en",318,"2022-08-15 21:28:05","","10.1086/209812",NA,NA,NA,NA,NA,NA,126,4.85,63,2,26,"… , the estimated coefficient, its standard error, and the variable mean are … the unemployment insurance variable. The results on personal characteristics in table 2 indicate that job duration …","","https://scholar.google.com/scholar?q=related:TH3a0gHOMSMJ:scholar.google.com/&scioq=duration+%22standard+error%22%7C%22standard+errors%22%7Cpbd%7C%22benefit+duration%22%7Cwba%7C%22weekly+benefit+amount%22%7C%22replacement+rate%22+%22unemployment+insurance%22&hl=en&as_sdt=0,5"
38,"LN Christofides, CJ McKenna","Unemployment insurance and moral hazard in employment",1995,"Economics Letters","Elsevier","https://www.sciencedirect.com/science/article/pii/0165176595006734","https://scholar.google.com/scholar?cites=15354207231812519649&as_sdt=2005&sciodt=0,5&hl=en",340,"2022-08-15 21:28:05","","",NA,NA,NA,NA,NA,NA,38,1.41,19,2,27,"… of unemployment insurance (UI) provisions on the duration … possible association between job duration and UI regulations, … with employees because in the period under study there was …","","https://scholar.google.com/scholar?q=related:4UbrkyAaFdUJ:scholar.google.com/&scioq=duration+%22standard+error%22%7C%22standard+errors%22%7Cpbd%7C%22benefit+duration%22%7Cwba%7C%22weekly+benefit+amount%22%7C%22replacement+rate%22+%22unemployment+insurance%22&hl=en&as_sdt=0,5"
2,"LP Geerdsen, SV Lyk-Jensen, CD Weatherall","Accelerating the transition to employment at benefit exhaustion: still possible after four years of unemployment?",2018,"Empirical Economics","Springer","https://link.springer.com/article/10.1007/s00181-017-1236-3","https://scholar.google.com/scholar?cites=16076302961799404008&as_sdt=2005&sciodt=0,5&hl=en",375,"2022-08-15 21:28:05","","10.1007/s00181-017-1236-3",NA,NA,NA,NA,NA,NA,2,0.5,1,3,4,"… We describe the Danish unemployment insurance system and the economic situation … , no new reforms affect the maximum PBD during our analysis period, 1998 to 2003. Footnote 6 …","","https://scholar.google.com/scholar?q=related:6BmdK16AGt8J:scholar.google.com/&scioq=duration+%22standard+error%22%7C%22standard+errors%22%7Cpbd%7C%22benefit+duration%22%7Cwba%7C%22weekly+benefit+amount%22%7C%22replacement+rate%22+%22unemployment+insurance%22&hl=en&as_sdt=0,5"
169,"M Baker","Unemployment duration: compositional effects and cyclical variability",1992,"The American Economic Review","JSTOR","https://www.jstor.org/stable/2117618","https://scholar.google.com/scholar?cites=863839584437700630&as_sdt=2005&sciodt=0,5&hl=en",937,"2022-08-15 21:28:05","","",NA,NA,NA,NA,NA,NA,169,5.63,169,1,30,"… of layoff spells truncated at one year is 0.288 with a standard error of 0.163. … ple of unemployment insurance (UI) claimants (Bruce D. Meyer, 1990) provides evidence that the duration …","","https://scholar.google.com/scholar?q=related:FohUdYb5_AsJ:scholar.google.com/&scioq=duration+%22standard+error%22%7C%22standard+errors%22%7Cpbd%7C%22benefit+duration%22%7Cwba%7C%22weekly+benefit+amount%22%7C%22replacement+rate%22+%22unemployment+insurance%22&hl=en&as_sdt=0,5"
143,"M Baker, SA Rea Jr","Employment spells and unemployment insurance eligibility requirements",1998,"Review of Economics and Statistics","direct.mit.edu","https://direct.mit.edu/rest/article-abstract/80/1/80/57063","https://scholar.google.com/scholar?cites=7584814416303785073&as_sdt=2005&sciodt=0,5&hl=en",627,"2022-08-15 21:28:05","","",NA,NA,NA,NA,NA,NA,143,5.96,72,2,24,"… unemployment insurance (UI) benefits in any succeeding period of joblessness affect the duration … the test, we use the sample variation in the test statistic to estimate its standard error. …","","https://scholar.google.com/scholar?q=related:cYQMi4asQmkJ:scholar.google.com/&scioq=duration+%22standard+error%22%7C%22standard+errors%22%7Cpbd%7C%22benefit+duration%22%7Cwba%7C%22weekly+benefit+amount%22%7C%22replacement+rate%22+%22unemployment+insurance%22&hl=en&as_sdt=0,5"
153,"M Biewen, S Steffes","Unemployment persistence: Is there evidence for stigma effects?",2010,"Economics Letters","Elsevier","https://www.sciencedirect.com/science/article/pii/S0165176509003784","https://scholar.google.com/scholar?cites=15792219148592290038&as_sdt=2005&sciodt=0,5&hl=en",929,"2022-08-15 21:28:05","","",NA,NA,NA,NA,NA,NA,153,12.75,77,2,12,"… period (state dependence). As discussed above, this may be due to different mechanisms such as disincentives of unemployment insurance, … in the previous period is larger in times of …","https://www.econstor.eu/bitstream/10419/24753/1/dp08057.pdf","https://scholar.google.com/scholar?q=related:9hj3FqU7KdsJ:scholar.google.com/&scioq=duration+%22standard+error%22%7C%22standard+errors%22%7Cpbd%7C%22benefit+duration%22%7Cwba%7C%22weekly+benefit+amount%22%7C%22replacement+rate%22+%22unemployment+insurance%22&hl=en&as_sdt=0,5"
6,"M Bosch","Does unemployment insurance offer incentives to take jobs in the formal sector?",2016,"IZA World of Labor","wol.iza.org","https://wol.iza.org/articles/does-unemployment-insurance-offer-incentives-to-take-jobs-in-the-formal-sector/long","https://scholar.google.com/scholar?cites=500840144574915196&as_sdt=2005&sciodt=0,5&hl=en",602,"2022-08-15 21:28:05","HTML","",NA,NA,NA,NA,NA,NA,6,1,6,1,6,"… to the unemployment insurance scheme, but have not done so long enough to reach the vesting period, … to an increase in the benefit duration. In both cases, evidence indicates that the …","https://wol.iza.org/articles/does-unemployment-insurance-offer-incentives-to-take-jobs-in-the-formal-sector/long","https://scholar.google.com/scholar?q=related:fKKkOnVX8wYJ:scholar.google.com/&scioq=duration+%22standard+error%22%7C%22standard+errors%22%7Cpbd%7C%22benefit+duration%22%7Cwba%7C%22weekly+benefit+amount%22%7C%22replacement+rate%22+%22unemployment+insurance%22&hl=en&as_sdt=0,5"
386,"M Browning, TF Crossley","Unemployment insurance benefit levels and consumption changes",2001,"Journal of public Economics","Elsevier","https://www.sciencedirect.com/science/article/pii/S0047272700000840","https://scholar.google.com/scholar?cites=2998176851815828&as_sdt=2005&sciodt=0,5&hl=en",408,"2022-08-15 21:28:05","","",NA,NA,NA,NA,NA,NA,386,18.38,193,2,21,"… suffers a job loss, so let period t be the period before the job separation and period t+1 the … the replacement rate but not the permanent shock; that is instruments for the replacement rate. …","https://openresearch-repository.anu.edu.au/bitstream/1885/40229/2/DP405.pdf","https://scholar.google.com/scholar?q=related:lO05ctOmCgAJ:scholar.google.com/&scioq=duration+%22standard+error%22%7C%22standard+errors%22%7Cpbd%7C%22benefit+duration%22%7Cwba%7C%22weekly+benefit+amount%22%7C%22replacement+rate%22+%22unemployment+insurance%22&hl=en&as_sdt=0,5"
205,"M Browning, TF Crossley","Shocks, stocks, and socks: Smoothing consumption over a temporary income loss",2009,"Journal of the European Economic …","academic.oup.com","https://academic.oup.com/jeea/article-abstract/7/6/1169/2295825","https://scholar.google.com/scholar?cites=8819105809751250967&as_sdt=2005&sciodt=0,5&hl=en",944,"2022-08-15 21:28:05","","",NA,NA,NA,NA,NA,NA,205,15.77,103,2,13,"… in the unemployment insurance system over our sample period we show that … replacement rate below the statutory rate. 5. Social Assistance can also top up unemployment insurance …","https://ora.ox.ac.uk/objects/uuid:5b51df21-c0a7-4b23-928c-146657e82f3a/files/m7e422cfcdaaf44f77e488e4ac5ff0508","https://scholar.google.com/scholar?q=related:F5jOIgLCY3oJ:scholar.google.com/&scioq=duration+%22standard+error%22%7C%22standard+errors%22%7Cpbd%7C%22benefit+duration%22%7Cwba%7C%22weekly+benefit+amount%22%7C%22replacement+rate%22+%22unemployment+insurance%22&hl=en&as_sdt=0,5"
17,"M Burda, M Harding, J Hausman","A Bayesian semiparametric competing risk model with unobserved heterogeneity",2015,"Journal of Applied …","Wiley Online Library","https://onlinelibrary.wiley.com/doi/abs/10.1002/jae.2368","https://scholar.google.com/scholar?cites=11325999744376916567&as_sdt=2005&sciodt=0,5&hl=en",781,"2022-08-15 21:28:05","","10.1002/jae.2368",NA,NA,NA,NA,NA,NA,17,2.43,6,3,7,"… duration model) as a special case. We apply our method to analyzing the determinants of unemployment duration among unemployment insurance … changing the replacement rate. The …","https://dspace.mit.edu/bitstream/handle/1721.1/103974/Hausman_A%20Bayesian.pdf?sequence=1&isAllowed=y","https://scholar.google.com/scholar?q=related:V0rAgcIILp0J:scholar.google.com/&scioq=duration+%22standard+error%22%7C%22standard+errors%22%7Cpbd%7C%22benefit+duration%22%7Cwba%7C%22weekly+benefit+amount%22%7C%22replacement+rate%22+%22unemployment+insurance%22&hl=en&as_sdt=0,5"
299,"M Caliendo, K Tatsiramos…","Benefit duration, unemployment duration and job match quality: a regression‐discontinuity approach",2013,"Journal of applied …","Wiley Online Library","https://onlinelibrary.wiley.com/doi/abs/10.1002/jae.2293","https://scholar.google.com/scholar?cites=14058468219662446539&as_sdt=2005&sciodt=0,5&hl=en",17,"2022-08-15 21:28:05","","10.1002/jae.2293",NA,NA,NA,NA,NA,NA,299,33.22,100,3,9,"… One common feature in the design of most unemployment insurance (UI) systems in the … of a limited benefit duration. The non-stationarity that arises because of limited benefit duration …","https://www.econstor.eu/bitstream/10419/35918/1/618744061.pdf","https://scholar.google.com/scholar?q=related:yy8ZX1y2GcMJ:scholar.google.com/&scioq=duration+%22standard+error%22%7C%22standard+errors%22%7Cpbd%7C%22benefit+duration%22%7Cwba%7C%22weekly+benefit+amount%22%7C%22replacement+rate%22+%22unemployment+insurance%22&hl=en&as_sdt=0,5"
161,"M Centeno","The match quality gains from unemployment insurance",2004,"Journal of Human resources","jhr.uwpress.org","http://jhr.uwpress.org/content/XXXIX/3/839.short","https://scholar.google.com/scholar?cites=1395993693355190336&as_sdt=2005&sciodt=0,5&hl=en",124,"2022-08-15 21:28:05","","",NA,NA,NA,NA,NA,NA,161,8.94,161,1,18,"… These papers focus on UI duration and explore the change in the initial entitlement period … positive impact of the maximum benefit duration on subsequent job duration for a sample of …","https://core.ac.uk/download/pdf/6363192.pdf","https://scholar.google.com/scholar?q=related:QCgfKd6QXxMJ:scholar.google.com/&scioq=duration+%22standard+error%22%7C%22standard+errors%22%7Cpbd%7C%22benefit+duration%22%7Cwba%7C%22weekly+benefit+amount%22%7C%22replacement+rate%22+%22unemployment+insurance%22&hl=en&as_sdt=0,5"
28,"M Centeno, AA Novo","The impact of unemployment insurance generosity on match quality distribution",2006,"Economics Letters","Elsevier","https://www.sciencedirect.com/science/article/pii/S0165176506001832","https://scholar.google.com/scholar?cites=265227247060287029&as_sdt=2005&sciodt=0,5&hl=en",455,"2022-08-15 21:28:05","","",NA,NA,NA,NA,NA,NA,28,1.75,14,2,16,"… UI duration and finds a weak positive impact of the maximum benefit duration on subsequent job duration… hazard model of job duration, finding a positive impact of UI on expected match …","https://www.bportugal.pt/sites/default/files/anexos/papers/wp200612.pdf","https://scholar.google.com/scholar?q=related:NX7IpcZGrgMJ:scholar.google.com/&scioq=duration+%22standard+error%22%7C%22standard+errors%22%7Cpbd%7C%22benefit+duration%22%7Cwba%7C%22weekly+benefit+amount%22%7C%22replacement+rate%22+%22unemployment+insurance%22&hl=en&as_sdt=0,5"
43,"M Centeno, ÁA Novo","The impact of unemployment insurance on the job match quality: a quantile regression approach",2006,"Empirical Economics","Springer","https://link.springer.com/article/10.1007/s00181-006-0061-x","https://scholar.google.com/scholar?cites=17250349171680872296&as_sdt=2005&sciodt=0,5&hl=en",329,"2022-08-15 21:28:05","","10.1007/s00181-006-0061-x",NA,NA,NA,NA,NA,NA,43,2.69,22,2,16,"… period rule implemented in Canada in 1977 and finds a weak positive impact of the maximum benefit duration on subsequent job duration … hazard model of job duration, finds a positive …","","https://scholar.google.com/scholar?q=related:aAd-5SyNZe8J:scholar.google.com/&scioq=duration+%22standard+error%22%7C%22standard+errors%22%7Cpbd%7C%22benefit+duration%22%7Cwba%7C%22weekly+benefit+amount%22%7C%22replacement+rate%22+%22unemployment+insurance%22&hl=en&as_sdt=0,5"
3,"M Chan, M Michaelides, S Zhang","Who Receives Unemployment Insurance?",2014,"Research in Applied …","opus.lib.uts.edu.au","https://opus.lib.uts.edu.au/handle/10453/33633","https://scholar.google.com/scholar?cites=15874601604388637020&as_sdt=2005&sciodt=0,5&hl=en",577,"2022-08-15 21:28:05","","",NA,NA,NA,NA,NA,NA,3,0.38,1,3,8,"… In separate analyses, we find that recipients in services had much lower WBA and were … eligible to receive half the WBA until he/she finds a full-time job or he/she exhausts benefits. …","https://opus.lib.uts.edu.au/bitstream/10453/33633/1/5954-22426-1-PB.pdf","https://scholar.google.com/scholar?q=related:XEluTA3qTdwJ:scholar.google.com/&scioq=duration+%22standard+error%22%7C%22standard+errors%22%7Cpbd%7C%22benefit+duration%22%7Cwba%7C%22weekly+benefit+amount%22%7C%22replacement+rate%22+%22unemployment+insurance%22&hl=en&as_sdt=0,5"
16,"M Coles, A Masters","Duration‐dependent unemployment insurance payments and equilibrium unemployment",2004,"Economica","Wiley Online Library","https://onlinelibrary.wiley.com/doi/abs/10.1111/j.0013-0427.2004.00358.x","https://scholar.google.com/scholar?cites=11880317886416465264&as_sdt=2005&sciodt=0,5&hl=en",422,"2022-08-15 21:28:05","","10.1111/j.0013-0427.2004.00358.x",NA,NA,NA,NA,NA,NA,16,0.89,8,2,18,"… unemployment insurance system in the United States is considered to be T=2 quarters with a replacement rate … b 0 are chosen to approximate this replacement rate while matching the …","https://www.albany.edu/~am755146/papers/ymlatest.pdf","https://scholar.google.com/scholar?q=related:cK2STixe36QJ:scholar.google.com/&scioq=duration+%22standard+error%22%7C%22standard+errors%22%7Cpbd%7C%22benefit+duration%22%7Cwba%7C%22weekly+benefit+amount%22%7C%22replacement+rate%22+%22unemployment+insurance%22&hl=en&as_sdt=0,5"
62,"M Coles, A Masters","Optimal unemployment insurance in a matching equilibrium",2006,"Journal of labor Economics","journals.uchicago.edu","https://www.journals.uchicago.edu/doi/abs/10.1086/497820","https://scholar.google.com/scholar?cites=15194838061208664522&as_sdt=2005&sciodt=0,5&hl=en",572,"2022-08-15 21:28:05","","10.1086/497820",NA,NA,NA,NA,NA,NA,62,3.88,31,2,16,"… This article considers optimal unemployment insurance (UI) in … gain than a policy that simply varies UI payments by duration. … employed for a certain length of time to become reentitled to …","http://citeseerx.ist.psu.edu/viewdoc/download?doi=10.1.1.70.9101&rep=rep1&type=pdf","https://scholar.google.com/scholar?q=related:ynntAbbo3tIJ:scholar.google.com/&scioq=duration+%22standard+error%22%7C%22standard+errors%22%7Cpbd%7C%22benefit+duration%22%7Cwba%7C%22weekly+benefit+amount%22%7C%22replacement+rate%22+%22unemployment+insurance%22&hl=en&as_sdt=0,5"
19,"M Corak, SRG Jones","The persistence of Unemployment: How important were regional extended unemployment insurance benefits?",1995,"Canadian Journal of Economics","JSTOR","https://www.jstor.org/stable/136048","https://scholar.google.com/scholar?cites=10470527553146444177&as_sdt=2005&sciodt=0,5&hl=en",229,"2022-08-15 21:28:05","","",NA,NA,NA,NA,NA,NA,19,0.7,10,2,27,"… We also examine the time-series properties of the number of ui claimants by benefit phase, … in potential benefit duration caused by regionally extended benefits may lengthen the time …","","https://scholar.google.com/scholar?q=related:kdk7mFXJTpEJ:scholar.google.com/&scioq=duration+%22standard+error%22%7C%22standard+errors%22%7Cpbd%7C%22benefit+duration%22%7Cwba%7C%22weekly+benefit+amount%22%7C%22replacement+rate%22+%22unemployment+insurance%22&hl=en&as_sdt=0,5"
5,"M Cozzi","Optimal unemployment insurance in GE: A robust calibration approach",2012,"Economics Letters","Elsevier","https://www.sciencedirect.com/science/article/pii/S0165176512002078","https://scholar.google.com/scholar?cites=4499816037787664602&as_sdt=2005&sciodt=0,5&hl=en",355,"2022-08-15 21:28:05","","",NA,NA,NA,NA,NA,NA,5,0.5,5,1,10,"… the optimal replacement rate of a public unemployment insurance (UI… The UI scheme is specified as a fixed replacement rate ( θ ) of … Time is discrete and the agents are ex-ante identical. …","https://www.econstor.eu/bitstream/10419/67765/1/667033777.pdf","https://scholar.google.com/scholar?q=related:2oDwZtiOcj4J:scholar.google.com/&scioq=duration+%22standard+error%22%7C%22standard+errors%22%7Cpbd%7C%22benefit+duration%22%7Cwba%7C%22weekly+benefit+amount%22%7C%22replacement+rate%22+%22unemployment+insurance%22&hl=en&as_sdt=0,5"
111,"M Dolls, C Fuest, D Neumann, A Peichl","An unemployment insurance scheme for the euro area? A comparison of different alternatives using microdata",2018,"International Tax and Public …","Springer","https://link.springer.com/article/10.1007/s10797-017-9440-9","https://scholar.google.com/scholar?cites=12978433691657448343&as_sdt=2005&sciodt=0,5&hl=en",102,"2022-08-15 21:28:05","","10.1007/s10797-017-9440-9",NA,NA,NA,NA,NA,NA,111,27.75,28,4,4,"… We find that a basic EMU-UI scheme with a replacement rate of 50%, a maximum duration of benefit receipt of 12 months and a broad coverage of all new unemployed with previous …","https://www.econstor.eu/bitstream/10419/123223/1/cesifo_wp5581.pdf","https://scholar.google.com/scholar?q=related:lys0DK6oHLQJ:scholar.google.com/&scioq=duration+%22standard+error%22%7C%22standard+errors%22%7Cpbd%7C%22benefit+duration%22%7Cwba%7C%22weekly+benefit+amount%22%7C%22replacement+rate%22+%22unemployment+insurance%22&hl=en&as_sdt=0,5"
14,"M Dolls, C Fuest, D Neumann, A Peichl","An unemployment insurance scheme for the euro area: evidence at the micro level",2014,"seminar “Economic shock …","euroframe.org","https://www.euroframe.org/files/user_upload/euroframe/docs/2014/Session%205/EUROF14_Dolls_etal.pdf","https://scholar.google.com/scholar?cites=18085063483225224270&as_sdt=2005&sciodt=0,5&hl=en",371,"2022-08-15 21:28:05","PDF","",NA,NA,NA,NA,NA,NA,14,1.75,4,4,8,"… unemployment insurance scheme for the euro area which provides a basic level of income insurance in terms of its replacement rate … contribution period to the unemployment insurance …","https://www.euroframe.org/files/user_upload/euroframe/docs/2014/Session%205/EUROF14_Dolls_etal.pdf","https://scholar.google.com/scholar?q=related:TjQHUmsN-_oJ:scholar.google.com/&scioq=duration+%22standard+error%22%7C%22standard+errors%22%7Cpbd%7C%22benefit+duration%22%7Cwba%7C%22weekly+benefit+amount%22%7C%22replacement+rate%22+%22unemployment+insurance%22&hl=en&as_sdt=0,5"
402,"M Feldstein","The effect of unemployment insurance on temporary layoff unemployment",1978,"The American Economic Review","JSTOR","https://www.jstor.org/stable/1811316","https://scholar.google.com/scholar?cites=15598658229122165886&as_sdt=2005&sciodt=0,5&hl=en",169,"2022-08-15 21:28:05","","",NA,NA,NA,NA,NA,NA,402,9.14,402,1,44,"… focused on the potential effect of UI on duration. This focus on … paper implies that unemployment insurance has a powerful effect … Unemployment insurance also has a …","","https://scholar.google.com/scholar?q=related:fuyMnwORedgJ:scholar.google.com/&scioq=duration+%22standard+error%22%7C%22standard+errors%22%7Cpbd%7C%22benefit+duration%22%7Cwba%7C%22weekly+benefit+amount%22%7C%22replacement+rate%22+%22unemployment+insurance%22&hl=en&as_sdt=0,5"
307,"M Feldstein, J Poterba","Unemployment insurance and reservation wages",1984,"Journal of public Economics","Elsevier","https://www.sciencedirect.com/science/article/pii/0047272784900707","https://scholar.google.com/scholar?cites=17106578331705707618&as_sdt=2005&sciodt=0,5&hl=en",135,"2022-08-15 21:28:05","","",NA,NA,NA,NA,NA,NA,307,8.08,154,2,38,"… is the effect of unemployment insurance on reservation wages. … We measure his replacement rate as $100 divided by 70 percent of … from 0.7 to 0.5 reduces the expected duration of …","https://www.nber.org/system/files/working_papers/w1011/w1011.pdf","https://scholar.google.com/scholar?q=related:Yoy2r1vGZu0J:scholar.google.com/&scioq=duration+%22standard+error%22%7C%22standard+errors%22%7Cpbd%7C%22benefit+duration%22%7Cwba%7C%22weekly+benefit+amount%22%7C%22replacement+rate%22+%22unemployment+insurance%22&hl=en&as_sdt=0,5"
48,"M Galizzi, LI Boden","The return to work of injured workers: evidence from matched unemployment insurance and workers' compensation data",2003,"Labour Economics","Elsevier","https://www.sciencedirect.com/science/article/pii/S0927537103000149","https://scholar.google.com/scholar?cites=1155063257245461836&as_sdt=2005&sciodt=0,5&hl=en",977,"2022-08-15 21:28:05","","",NA,NA,NA,NA,NA,NA,48,2.53,24,2,19,"… benefit level or in the replacement rate (measured by the … time of the departure from the firm (or, in our case, at the time … as a determinant of the length of time off work is problematic. …","https://www.academia.edu/download/46073606/s0927-5371_2803_2900014-920160530-27135-1ddpkrr.pdf","https://scholar.google.com/scholar?q=related:TK04pembBxAJ:scholar.google.com/&scioq=duration+%22standard+error%22%7C%22standard+errors%22%7Cpbd%7C%22benefit+duration%22%7Cwba%7C%22weekly+benefit+amount%22%7C%22replacement+rate%22+%22unemployment+insurance%22&hl=en&as_sdt=0,5"
35,"M Hagedorn, A Kaul, T Mennel","An adverse selection model of optimal unemployment insurance",2010,"Journal of Economic Dynamics and …","Elsevier","https://www.sciencedirect.com/science/article/pii/S0165188909001936","https://scholar.google.com/scholar?cites=9547484282935085746&as_sdt=2005&sciodt=0,5&hl=en",561,"2022-08-15 21:28:05","","",NA,NA,NA,NA,NA,NA,35,2.92,12,3,12,"… Any value of the entitlement V ̲ can be mapped one-to-one to a “certainty equivalent replacement rate”, ie to a percentage of the wage w which is consumed every period and which …","https://www.econstor.eu/bitstream/10419/39447/1/362830096.pdf","https://scholar.google.com/scholar?q=related:sor43l56f4QJ:scholar.google.com/&scioq=duration+%22standard+error%22%7C%22standard+errors%22%7Cpbd%7C%22benefit+duration%22%7Cwba%7C%22weekly+benefit+amount%22%7C%22replacement+rate%22+%22unemployment+insurance%22&hl=en&as_sdt=0,5"
1490,"M Hagedorn, I Manovskii","The cyclical behavior of equilibrium unemployment and vacancies revisited",2008,"American Economic Review","aeaweb.org","https://www.aeaweb.org/articles?id=10.1257/aer.98.4.1692","https://scholar.google.com/scholar?cites=353688780120530225&as_sdt=2005&sciodt=0,5&hl=en",656,"2022-08-15 21:28:05","","",NA,NA,NA,NA,NA,NA,1490,106.43,745,2,14,"… typical replacement ratio of unemployment insurance. Thus, … the typical unemployment insurance replacement rate. This … We choose the model period to be one-twelfth of a quarter (< …","https://www.econstor.eu/bitstream/10419/153287/1/ecbwp0853.pdf","https://scholar.google.com/scholar?q=related:MR0gVBKO6AQJ:scholar.google.com/&scioq=duration+%22standard+error%22%7C%22standard+errors%22%7Cpbd%7C%22benefit+duration%22%7Cwba%7C%22weekly+benefit+amount%22%7C%22replacement+rate%22+%22unemployment+insurance%22&hl=en&as_sdt=0,5"
8,"M Kohara, M Sasaki, T Machikita","Is longer unemployment rewarded with longer job tenure?",2013,"Journal of the Japanese and …","Elsevier","https://www.sciencedirect.com/science/article/pii/S0889158313000300","https://scholar.google.com/scholar?cites=17371550911601175316&as_sdt=2005&sciodt=0,5&hl=en",830,"2022-08-15 21:28:05","","",NA,NA,NA,NA,NA,NA,8,0.89,3,3,9,"… duration and the subsequent job duration. … of unemployment insurance, we secondly show an even greater negative effect of unemployment duration on the following job duration. The …","https://www.econstor.eu/bitstream/10419/69325/1/733719899.pdf","https://scholar.google.com/scholar?q=related:FOuZA4QlFPEJ:scholar.google.com/&scioq=duration+%22standard+error%22%7C%22standard+errors%22%7Cpbd%7C%22benefit+duration%22%7Cwba%7C%22weekly+benefit+amount%22%7C%22replacement+rate%22+%22unemployment+insurance%22&hl=en&as_sdt=0,5"
7,"M Kotamäki, J Mattila, J Tervola","Distributional impacts of behavioral effects–ex-ante evaluation of the 2017 unemployment insurance reform in finland",2018,"International Journal of …","academia.edu","https://www.academia.edu/download/67291514/IJM_11_2_4.pdf","https://scholar.google.com/scholar?cites=6058102672571786121&as_sdt=2005&sciodt=0,5&hl=en",55,"2022-08-15 21:28:05","PDF","",NA,NA,NA,NA,NA,NA,7,1.75,2,3,4,"… The benefit semi-elasticities, that is, the percentage change in unemployment duration in response to a percentage point change in the gross replacement rate, seem to range between …","https://www.academia.edu/download/67291514/IJM_11_2_4.pdf","https://scholar.google.com/scholar?q=related:iWN8k0i0ElQJ:scholar.google.com/&scioq=duration+%22standard+error%22%7C%22standard+errors%22%7Cpbd%7C%22benefit+duration%22%7Cwba%7C%22weekly+benefit+amount%22%7C%22replacement+rate%22+%22unemployment+insurance%22&hl=en&as_sdt=0,5"
25,"M Lachowska, M Meral, SA Woodbury","Effects of the unemployment insurance work test on long-term employment outcomes",2016,"Labour Economics","Elsevier","https://www.sciencedirect.com/science/article/pii/S092753711630029X","https://scholar.google.com/scholar?cites=4647153582295254220&as_sdt=2005&sciodt=0,5&hl=en",247,"2022-08-15 21:28:05","","",NA,NA,NA,NA,NA,NA,25,4.17,8,3,6,"… the weekly benefit amount. In the estimation sample, the average weekly benefit amount is … infer from UI claim duration, which measures only the duration of insured unemployment. If …","https://www.upjohn.org/sites/default/files/inline-files/lachowska-meral-woodbury-appam-2015.pdf","https://scholar.google.com/scholar?q=related:zIRkuY8BfkAJ:scholar.google.com/&scioq=duration+%22standard+error%22%7C%22standard+errors%22%7Cpbd%7C%22benefit+duration%22%7Cwba%7C%22weekly+benefit+amount%22%7C%22replacement+rate%22+%22unemployment+insurance%22&hl=en&as_sdt=0,5"
5,"M Lachowska, W Vroman…","ExpEriEncE rating and thE dynamics of financing UnEmploymEnt insUrancE",2020,"National Tax …","journals.uchicago.edu","https://www.journals.uchicago.edu/doi/abs/10.17310/ntj.2020.3.03","https://scholar.google.com/scholar?cites=7042858950942234504&as_sdt=2005&sciodt=0,5&hl=en",381,"2022-08-15 21:28:05","","10.17310/ntj.2020.3.03",NA,NA,NA,NA,NA,NA,5,2.5,2,3,2,"… an indexed tax base in the middle of the period we use to estimate VARs (Rhode Island and … , 2016), we plot bootstrapped one standard error confidence bands. Each graph in Figure 2 …","","https://scholar.google.com/scholar?q=related:iJcXtuZCvWEJ:scholar.google.com/&scioq=duration+%22standard+error%22%7C%22standard+errors%22%7Cpbd%7C%22benefit+duration%22%7Cwba%7C%22weekly+benefit+amount%22%7C%22replacement+rate%22+%22unemployment+insurance%22&hl=en&as_sdt=0,5"
138,"M Nakajima","A quantitative analysis of unemployment benefit extensions",2012,"Journal of Monetary Economics","Elsevier","https://www.sciencedirect.com/science/article/pii/S0304393212000943","https://scholar.google.com/scholar?cites=17232557500641475904&as_sdt=2005&sciodt=0,5&hl=en",464,"2022-08-15 21:28:05","","",NA,NA,NA,NA,NA,NA,138,13.8,138,1,10,"… series of extensions of unemployment insurance (UI) benefits … , compared with the regular duration of 26 weeks. While these … replacement rate is the sum of the mean replacement rate of …","https://citeseerx.ist.psu.edu/viewdoc/download?doi=10.1.1.231.6869&rep=rep1&type=pdf","https://scholar.google.com/scholar?q=related:QH06rb5XJu8J:scholar.google.com/&scioq=duration+%22standard+error%22%7C%22standard+errors%22%7Cpbd%7C%22benefit+duration%22%7Cwba%7C%22weekly+benefit+amount%22%7C%22replacement+rate%22+%22unemployment+insurance%22&hl=en&as_sdt=0,5"
89,"M Nakajima","Business cycles in the equilibrium model of labor market search and self‐insurance",2012,"International Economic Review","Wiley Online Library","https://onlinelibrary.wiley.com/doi/abs/10.1111/j.1468-2354.2012.00686.x","https://scholar.google.com/scholar?cites=10413231410645985849&as_sdt=2005&sciodt=0,5&hl=en",811,"2022-08-15 21:28:05","","10.1111/j.1468-2354.2012.00686.x",NA,NA,NA,NA,NA,NA,89,8.9,89,1,10,"… with a reasonably low replacement rate for unemployment insurance benefits of 64%, … t t denotes the per capita balance of the unemployment insurance program in period t and …","https://core.ac.uk/download/pdf/6238500.pdf","https://scholar.google.com/scholar?q=related:OWp-28s6g5AJ:scholar.google.com/&scioq=duration+%22standard+error%22%7C%22standard+errors%22%7Cpbd%7C%22benefit+duration%22%7Cwba%7C%22weekly+benefit+amount%22%7C%22replacement+rate%22+%22unemployment+insurance%22&hl=en&as_sdt=0,5"
16,"M Neugart","Unemployment insurance: The role of electoral systems and regional labour markets",2005,"European Journal of Political Economy","Elsevier","https://www.sciencedirect.com/science/article/pii/S0176268005000170","https://scholar.google.com/scholar?cites=15168078917149338415&as_sdt=2005&sciodt=0,5&hl=en",936,"2022-08-15 21:28:05","","",NA,NA,NA,NA,NA,NA,16,0.94,16,1,17,"… , that unemployment insurance systems are … replacement rate that differs from the policy of party B. With the first order condition ∂p A,2 /∂f A = 0, we obtain the optimal replacement rate …","https://www.diw.de/documents/dokumentenarchiv/17/41400/Paper-067.pdf","https://scholar.google.com/scholar?q=related:LyvHRWnXf9IJ:scholar.google.com/&scioq=duration+%22standard+error%22%7C%22standard+errors%22%7Cpbd%7C%22benefit+duration%22%7Cwba%7C%22weekly+benefit+amount%22%7C%22replacement+rate%22+%22unemployment+insurance%22&hl=en&as_sdt=0,5"
78,"M Pellizzari","Unemployment duration and the interactions between unemployment insurance and social assistance",2006,"Labour Economics","Elsevier","https://www.sciencedirect.com/science/article/pii/S0927537105000746","https://scholar.google.com/scholar?cites=5712842917570939984&as_sdt=2005&sciodt=0,5&hl=en",160,"2022-08-15 21:28:05","","",NA,NA,NA,NA,NA,NA,78,4.88,78,1,16,"… However, since the variables of interest – UI replacement rate and duration of UI entitlement – have been imputed only on the basis of the countries' regulations, endogeneity could only …","https://ams-forschungsnetzwerk.at/downloadpub/Pellizzari_Michele272_2004.pdf","https://scholar.google.com/scholar?q=related:UAxsl10YSE8J:scholar.google.com/&scioq=duration+%22standard+error%22%7C%22standard+errors%22%7Cpbd%7C%22benefit+duration%22%7Cwba%7C%22weekly+benefit+amount%22%7C%22replacement+rate%22+%22unemployment+insurance%22&hl=en&as_sdt=0,5"
50,"M Pfeifer","Comparing unemployment protection and social assistance in 14 European countries. Four worlds of protection for people of working age",2012,"International Journal of Social Welfare","Wiley Online Library","https://onlinelibrary.wiley.com/doi/abs/10.1111/j.1468-2397.2010.00765.x","https://scholar.google.com/scholar?cites=6489424347908426392&as_sdt=2005&sciodt=0,5&hl=en",622,"2022-08-15 21:28:05","","10.1111/j.1468-2397.2010.00765.x",NA,NA,NA,NA,NA,NA,50,5,50,1,10,"… of the UI replacement rate and the duration of the UI benefit, to which the product of UA … unemployment insurance and assistance benefits, taking replacement rates and benefit duration …","","https://scholar.google.com/scholar?q=related:mEra3Q8RD1oJ:scholar.google.com/&scioq=duration+%22standard+error%22%7C%22standard+errors%22%7Cpbd%7C%22benefit+duration%22%7Cwba%7C%22weekly+benefit+amount%22%7C%22replacement+rate%22+%22unemployment+insurance%22&hl=en&as_sdt=0,5"
54,"M Vodopivec","Introducing unemployment insurance to developing countries",2013,"IZA journal of labor policy","izajolp.springeropen.com","https://izajolp.springeropen.com/articles/10.1186/2193-9004-2-1","https://scholar.google.com/scholar?cites=5862325959116852323&as_sdt=2005&sciodt=0,5&hl=en",183,"2022-08-15 21:28:05","HTML","10.1186/2193-9004-2-1",NA,NA,NA,NA,NA,NA,54,6,54,1,9,"… Estimates of elasticity of unemployment duration with respect to potential benefit duration also vary substantially, but are in general lower than benefit level elasticity. Earlier studies, …","https://izajolp.springeropen.com/articles/10.1186/2193-9004-2-1","https://scholar.google.com/scholar?q=related:Ywy2XmYqW1EJ:scholar.google.com/&scioq=duration+%22standard+error%22%7C%22standard+errors%22%7Cpbd%7C%22benefit+duration%22%7Cwba%7C%22weekly+benefit+amount%22%7C%22replacement+rate%22+%22unemployment+insurance%22&hl=en&as_sdt=0,5"
22,"M Vodopivec","How viable are unemployment insurance savings accounts? Simulation results for Slovenia",2010,"Comparative Economic Studies","Springer","https://link.springer.com/article/10.1057/ces.2009.18","https://scholar.google.com/scholar?cites=18261139966610483922&as_sdt=2005&sciodt=0,5&hl=en",305,"2022-08-15 21:28:05","","10.1057/ces.2009.18",NA,NA,NA,NA,NA,NA,22,1.83,22,1,12,"… First, our simulations of even the modest system assume a higher replacement rate and … of benefits as under UISA (60% replacement rate, the maximum duration of benefits of 6 months, …","https://www.econstor.eu/bitstream/10419/34918/1/564785148.pdf","https://scholar.google.com/scholar?q=related:0qqBRwyabP0J:scholar.google.com/&scioq=duration+%22standard+error%22%7C%22standard+errors%22%7Cpbd%7C%22benefit+duration%22%7Cwba%7C%22weekly+benefit+amount%22%7C%22replacement+rate%22+%22unemployment+insurance%22&hl=en&as_sdt=0,5"
65,"M Vodopivec, A Wörgötter, D Raju","Unemployment benefit systems in Central and Eastern Europe: A review of the 1990s",2005,"Comparative Economic Studies","Springer","https://link.springer.com/article/10.1057/palgrave.ces.8100062","https://scholar.google.com/scholar?cites=13551909004629779928&as_sdt=2005&sciodt=0,5&hl=en",759,"2022-08-15 21:28:05","","10.1057/palgrave.ces.8100062",NA,NA,NA,NA,NA,NA,65,3.82,22,3,17,"… Replacement rate of unemployment insurance payments, transition economies, early and late 1990s Average replacement rate … unemployment insurance is paid only for a finite period …","https://www.researchgate.net/profile/Andreas-Woergoetter/publication/5218954_Unemployment_Benefit_Systems_in_Central_and_Eastern_Europe_A_Review_of_the_1990s1/links/0fcfd5074ab22a2c8b000000/Unemployment-Benefit-Systems-in-Central-and-Eastern-Europe-A-Review-of-the-1990s1.pdf","https://scholar.google.com/scholar?q=related:2CVgSXANErwJ:scholar.google.com/&scioq=duration+%22standard+error%22%7C%22standard+errors%22%7Cpbd%7C%22benefit+duration%22%7Cwba%7C%22weekly+benefit+amount%22%7C%22replacement+rate%22+%22unemployment+insurance%22&hl=en&as_sdt=0,5"
131,"M Wulfgramm","Life satisfaction effects of unemployment in Europe: The moderating influence of labour market policy",2014,"Journal of European Social Policy","journals.sagepub.com","https://journals.sagepub.com/doi/abs/10.1177/0958928714525817","https://scholar.google.com/scholar?cites=1920597984104996026&as_sdt=2005&sciodt=0,5&hl=en",973,"2022-08-15 21:28:05","","10.1177/0958928714525817",NA,NA,NA,NA,NA,NA,131,16.38,131,1,8,"… Generous unemployment insurance schemes have been … effects estimations with clustered standard errors are applied in this … changes in policies over time within countries have similar …","https://www.researchgate.net/profile/Melike-Wulfgramm/publication/273795075_Life_Satisfaction_Effects_of_Unemployment_in_Europe_The_Moderating_Influence_of_Labour_Market_Policy/links/57fcd05708aed4ab46fe5a9d/Life-Satisfaction-Effects-of-Unemployment-in-Europe-The-Moderating-Influence-of-Labour-Market-Policy.pdf","https://scholar.google.com/scholar?q=related:utzo1rBVpxoJ:scholar.google.com/&scioq=duration+%22standard+error%22%7C%22standard+errors%22%7Cpbd%7C%22benefit+duration%22%7Cwba%7C%22weekly+benefit+amount%22%7C%22replacement+rate%22+%22unemployment+insurance%22&hl=en&as_sdt=0,5"
38,"M Zhang, M Faig","Labor market cycles, unemployment insurance eligibility, and moral hazard",2012,"Review of Economic Dynamics","Elsevier","https://www.sciencedirect.com/science/article/pii/S1094202511000391","https://scholar.google.com/scholar?cites=16736109076647699279&as_sdt=2005&sciodt=0,5&hl=en",639,"2022-08-15 21:28:05","","",NA,NA,NA,NA,NA,NA,38,3.8,19,2,10,"… in the replacement rate to raise the average duration of unemployment by one week,9 but to leave the separation rate unchanged.Finally, we target the extra elasticity of duration of …","http://econen.shufe.edu.cn/_upload/article/files/2c/39/2ff23feb43138d73116619e81899/d78ad916-f2b3-4df1-97be-8291cd8c5cb2.pdf","https://scholar.google.com/scholar?q=related:T-PGk4iaQugJ:scholar.google.com/&scioq=duration+%22standard+error%22%7C%22standard+errors%22%7Cpbd%7C%22benefit+duration%22%7Cwba%7C%22weekly+benefit+amount%22%7C%22replacement+rate%22+%22unemployment+insurance%22&hl=en&as_sdt=0,5"
9,"MC Berger, DA Black, A Chandra…","Profiling Workers for Unemployment Insurance in Kentucky",1997,"Journal of Applied …","search.proquest.com","https://search.proquest.com/openview/84a8936fb7d3a15143bbca6af14b587f/1?pq-origsite=gscholar&cbl=30942","https://scholar.google.com/scholar?cites=3040380162380344613&as_sdt=2005&sciodt=0,5&hl=en",507,"2022-08-15 21:28:05","","",NA,NA,NA,NA,NA,NA,9,0.36,2,4,25,"… Studies on unemployment insurance has also inspired … In addition, because we are concerned with the length of … are monotonic increases in the weekly beneﬁt amount, months of job …","","https://scholar.google.com/scholar?q=related:JS3TKKaZMSoJ:scholar.google.com/&scioq=duration+%22standard+error%22%7C%22standard+errors%22%7Cpbd%7C%22benefit+duration%22%7Cwba%7C%22weekly+benefit+amount%22%7C%22replacement+rate%22+%22unemployment+insurance%22&hl=en&as_sdt=0,5"
61,"MG Kirdar","Estimating the impact of immigrants on the host country social security system when return migration is an endogenous choice",2012,"International Economic Review","Wiley Online Library","https://onlinelibrary.wiley.com/doi/abs/10.1111/j.1468-2354.2012.00688.x","https://scholar.google.com/scholar?cites=15451974869559429410&as_sdt=2005&sciodt=0,5&hl=en",918,"2022-08-15 21:28:05","","10.1111/j.1468-2354.2012.00688.x",NA,NA,NA,NA,NA,NA,61,6.1,61,1,10,"… pension insurance and unemployment insurance systems when … period t, I assume that the replacement rate is applied to the average of expected net earnings at all periods until period …","https://mpra.ub.uni-muenchen.de/7803/1/MPRA_paper_7803.pdf","https://scholar.google.com/scholar?q=related:IklamkZxcNYJ:scholar.google.com/&scioq=duration+%22standard+error%22%7C%22standard+errors%22%7Cpbd%7C%22benefit+duration%22%7Cwba%7C%22weekly+benefit+amount%22%7C%22replacement+rate%22+%22unemployment+insurance%22&hl=en&as_sdt=0,5"
714,"MN Baily","Some aspects of optimal unemployment insurance",1978,"Journal of public Economics","Elsevier","https://www.sciencedirect.com/science/article/pii/0047272778900531","https://scholar.google.com/scholar?cites=13492076194397450398&as_sdt=2005&sciodt=0,5&hl=en",925,"2022-08-15 21:28:05","","",NA,NA,NA,NA,NA,NA,714,16.23,714,1,44,"… -period model will be used in which workers start out being employed in the first period and … 181n 1975 the average weekly benefit amount paid out by state UI services was about $70, …","https://core.ac.uk/download/pdf/208228156.pdf","https://scholar.google.com/scholar?q=related:nnCQkdB7PbsJ:scholar.google.com/&scioq=duration+%22standard+error%22%7C%22standard+errors%22%7Cpbd%7C%22benefit+duration%22%7Cwba%7C%22weekly+benefit+amount%22%7C%22replacement+rate%22+%22unemployment+insurance%22&hl=en&as_sdt=0,5"
26,"MT Gonzalo","A new look at the UI effect on transitions from unemployment into wage employment in Spain: the limited duration of the UI benefits entitlement",2002,"Applied Economics","Taylor & Francis","https://www.tandfonline.com/doi/abs/10.1080/00036840210148067","https://scholar.google.com/scholar?cites=3846372356245484431&as_sdt=2005&sciodt=0,5&hl=en",792,"2022-08-15 21:28:05","","10.1080/00036840210148067",NA,NA,NA,NA,NA,NA,26,1.3,26,1,20,"… the study of the unemployment insurance effect on the transition … wage as the unemployment insurance benefit entitlement … a vacancy decreases with time spent in unemployment, …","","https://scholar.google.com/scholar?q=related:j_Pkb0cPYTUJ:scholar.google.com/&scioq=duration+%22standard+error%22%7C%22standard+errors%22%7Cpbd%7C%22benefit+duration%22%7Cwba%7C%22weekly+benefit+amount%22%7C%22replacement+rate%22+%22unemployment+insurance%22&hl=en&as_sdt=0,5"
19,"N De Groot, B Van der Klaauw","The effects of reducing the entitlement period to unemployment insurance benefits",2019,"Labour Economics","Elsevier","https://www.sciencedirect.com/science/article/pii/S0927537119300107","https://scholar.google.com/scholar?cites=11448734215203193728&as_sdt=2005&sciodt=0,5&hl=en",243,"2022-08-15 21:28:05","","",NA,NA,NA,NA,NA,NA,19,6.33,10,2,3,"… Third, the replacement rate in the first two months of both short term and long term UI is now 75% of the last wage and afterwards 70% (both capped at the same maximum). Fourth, the …","","https://scholar.google.com/scholar?q=related:gAMMWRwT4p4J:scholar.google.com/&scioq=duration+%22standard+error%22%7C%22standard+errors%22%7Cpbd%7C%22benefit+duration%22%7Cwba%7C%22weekly+benefit+amount%22%7C%22replacement+rate%22+%22unemployment+insurance%22&hl=en&as_sdt=0,5"
136,"N Hendren","Knowledge of future job loss and implications for unemployment insurance",2017,"American Economic Review","aeaweb.org","https://www.aeaweb.org/articles?id=10.1257/aer.20151655","https://scholar.google.com/scholar?cites=14381547224192134690&as_sdt=2005&sciodt=0,5&hl=en",884,"2022-08-15 21:28:05","","",NA,NA,NA,NA,NA,NA,136,27.2,136,1,5,"… up to a 50 percent replacement rate for workers in some industries and … full time in the previous wave and (ii) is currently working full time. … All standard errors are clustered by household. …","https://www.nber.org/system/files/working_papers/w21819/w21819.pdf","https://scholar.google.com/scholar?q=related:Ii568gCFlccJ:scholar.google.com/&scioq=duration+%22standard+error%22%7C%22standard+errors%22%7Cpbd%7C%22benefit+duration%22%7Cwba%7C%22weekly+benefit+amount%22%7C%22replacement+rate%22+%22unemployment+insurance%22&hl=en&as_sdt=0,5"
21,"N Lawson","Fiscal externalities and optimal unemployment insurance",2017,"American Economic Journal: Economic Policy","aeaweb.org","https://www.aeaweb.org/articles?id=10.1257/pol.20140396","https://scholar.google.com/scholar?cites=7453780511174397091&as_sdt=2005&sciodt=0,5&hl=en",127,"2022-08-15 21:28:05","","",NA,NA,NA,NA,NA,NA,21,4.2,21,1,5,"… (UI) literature is that the optimal replacement rate is around 50 … the optimal replacement rate is zero when fiscal externalities are … I allow for stochastic duration of unemployment, and …","","https://scholar.google.com/scholar?q=related:o4xHEuIlcWcJ:scholar.google.com/&scioq=duration+%22standard+error%22%7C%22standard+errors%22%7Cpbd%7C%22benefit+duration%22%7Cwba%7C%22weekly+benefit+amount%22%7C%22replacement+rate%22+%22unemployment+insurance%22&hl=en&as_sdt=0,5"
124,"N Pavoni","Optimal unemployment insurance, with human capital depreciation, and duration dependence",2009,"International Economic Review","Wiley Online Library","https://onlinelibrary.wiley.com/doi/abs/10.1111/j.1468-2354.2009.00532.x","https://scholar.google.com/scholar?cites=15203672586938280256&as_sdt=2005&sciodt=0,5&hl=en",298,"2022-08-15 21:28:05","","10.1111/j.1468-2354.2009.00532.x",NA,NA,NA,NA,NA,NA,124,9.54,124,1,13,"This article introduces the possibility of a deterioration in job opportunities during unemployment into the standard optimal unemployment insurance (UI) design framework and …","https://discovery.ucl.ac.uk/id/eprint/2512/1/2512.pdf","https://scholar.google.com/scholar?q=related:QOnMUapL_tIJ:scholar.google.com/&scioq=duration+%22standard+error%22%7C%22standard+errors%22%7Cpbd%7C%22benefit+duration%22%7Cwba%7C%22weekly+benefit+amount%22%7C%22replacement+rate%22+%22unemployment+insurance%22&hl=en&as_sdt=0,5"
251,"O Ashenfelter, D Ashmore, O Deschênes","Do unemployment insurance recipients actively seek work? Evidence from randomized trials in four US States",2005,"Journal of econometrics","Elsevier","https://www.sciencedirect.com/science/article/pii/S0304407604000740","https://scholar.google.com/scholar?cites=15620158267653063836&as_sdt=2005&sciodt=0,5&hl=en",144,"2022-08-15 21:28:05","","",NA,NA,NA,NA,NA,NA,251,14.76,84,3,17,"… duration. We report the average weekly benefits received, total benefits received and … duration. Note that the average weekly benefit received can differ from the weekly benefit amount …","https://www.nber.org/system/files/working_papers/w6982/w6982.pdf","https://scholar.google.com/scholar?q=related:nITXbi_zxdgJ:scholar.google.com/&scioq=duration+%22standard+error%22%7C%22standard+errors%22%7Cpbd%7C%22benefit+duration%22%7Cwba%7C%22weekly+benefit+amount%22%7C%22replacement+rate%22+%22unemployment+insurance%22&hl=en&as_sdt=0,5"
2,"O Baguelin","Dismissals scheduling and the employment of older workers",2016,"Economics Bulletin","hal.archives-ouvertes.fr","https://hal.archives-ouvertes.fr/hal-02541388/","https://scholar.google.com/scholar?cites=14866203335082306093&as_sdt=2005&sciodt=0,5&hl=en",689,"2022-08-15 21:28:05","","",NA,NA,NA,NA,NA,NA,2,0.33,2,1,6,"… Unemployment insurance is described with a wage replacement rate γU ∈ [0; 1], and a potential benefit duration λ … previous wage and paid for indefinite duration. The pension system is …","https://hal.archives-ouvertes.fr/hal-02541388/document","https://scholar.google.com/scholar?q=related:LepOMitdT84J:scholar.google.com/&scioq=duration+%22standard+error%22%7C%22standard+errors%22%7Cpbd%7C%22benefit+duration%22%7Cwba%7C%22weekly+benefit+amount%22%7C%22replacement+rate%22+%22unemployment+insurance%22&hl=en&as_sdt=0,5"
27,"O Baguelin, D Remillon","Unemployment insurance and management of the older workforce in a dual labor market: Evidence from France",2014,"Labour Economics","Elsevier","https://www.sciencedirect.com/science/article/pii/S0927537114000463","https://scholar.google.com/scholar?cites=8391631953071558200&as_sdt=2005&sciodt=0,5&hl=en",19,"2022-08-15 21:28:05","","",NA,NA,NA,NA,NA,NA,27,3.38,14,2,8,"… Potential benefit duration (PBD) depends on the worker's previous work history and … PBD is quite long compared to many other countries: the maximum benefit duration over the period …","http://lemma.u-paris2.fr/sites/default/files/concoursMCF/Baguelin.pdf","https://scholar.google.com/scholar?q=related:OM6l8MwQdXQJ:scholar.google.com/&scioq=duration+%22standard+error%22%7C%22standard+errors%22%7Cpbd%7C%22benefit+duration%22%7Cwba%7C%22weekly+benefit+amount%22%7C%22replacement+rate%22+%22unemployment+insurance%22&hl=en&as_sdt=0,5"
3152,"O Blanchard, J Wolfers","The role of shocks and institutions in the rise of European unemployment: the aggregate evidence",2000,"The Economic Journal","academic.oup.com","https://academic.oup.com/ej/article-abstract/110/462/C1/5139992","https://scholar.google.com/scholar?cites=5524609036338094916&as_sdt=2005&sciodt=0,5&hl=en",668,"2022-08-15 21:28:05","","",NA,NA,NA,NA,NA,NA,3152,143.27,1576,2,22,"… 7a gives the evolution of this measure of the replacement rate, for each 5-year period, … unemployment insurance, or there may be a stigma attached to being unemployed. After a period …","https://api.taylorfrancis.com/content/books/oa-mono/download?identifierName=doi&identifierValue=10.4324/9780203329580&type=webpdf#page=34","https://scholar.google.com/scholar?q=related:RGPY3aVaq0wJ:scholar.google.com/&scioq=duration+%22standard+error%22%7C%22standard+errors%22%7Cpbd%7C%22benefit+duration%22%7Cwba%7C%22weekly+benefit+amount%22%7C%22replacement+rate%22+%22unemployment+insurance%22&hl=en&as_sdt=0,5"
477,"O Bover, M Arellano, S Bentolila","Unemployment duration, benefit duration and the business cycle",2002,"The Economic Journal","academic.oup.com","https://academic.oup.com/ej/article-abstract/112/479/223/5085453","https://scholar.google.com/scholar?cites=17968782244952782612&as_sdt=2005&sciodt=0,5&hl=en",7,"2022-08-15 21:28:05","","",NA,NA,NA,NA,NA,NA,477,23.85,159,3,20,"… and the remaining ones on benefit duration rules. Both types of rules, however, depend on the type of benefits received. Eligibility to unemployment insurance depends only on tenure in …","https://repositorio.bde.es/bitstream/123456789/7335/1/azul57e.pdf","https://scholar.google.com/scholar?q=related:FLfBxD_wXfkJ:scholar.google.com/&scioq=duration+%22standard+error%22%7C%22standard+errors%22%7Cpbd%7C%22benefit+duration%22%7Cwba%7C%22weekly+benefit+amount%22%7C%22replacement+rate%22+%22unemployment+insurance%22&hl=en&as_sdt=0,5"
14,"O Setty","Unemployment insurance and unemployment accounts: the best of both worlds",2017,"Journal of the European Economic Association","academic.oup.com","https://academic.oup.com/jeea/article-abstract/15/6/1302/3066107","https://scholar.google.com/scholar?cites=10390428212465230866&as_sdt=2005&sciodt=0,5&hl=en",334,"2022-08-15 21:28:05","","",NA,NA,NA,NA,NA,NA,14,2.8,14,1,5,"… replacement rate, as in unemployment insurance. I call this policy unemployment insurance … This high replacement rate can be provided for a long duration because, as we will see, it is …","http://www.tau.ac.il/~ofers/UIA_paper.pdf","https://scholar.google.com/scholar?q=related:EuQvjGg3MpAJ:scholar.google.com/&scioq=duration+%22standard+error%22%7C%22standard+errors%22%7Cpbd%7C%22benefit+duration%22%7Cwba%7C%22weekly+benefit+amount%22%7C%22replacement+rate%22+%22unemployment+insurance%22&hl=en&as_sdt=0,5"
13,"O Setty, Y Yedid-Levi","On the provision of unemployment insurance when workers are ex-ante heterogeneous",2021,"Journal of the European Economic …","academic.oup.com","https://academic.oup.com/jeea/article-abstract/19/1/664/5843481","https://scholar.google.com/scholar?cites=10241022896122963695&as_sdt=2005&sciodt=0,5&hl=en",319,"2022-08-15 21:28:05","","",NA,NA,NA,NA,NA,NA,13,13,7,2,1,"… the optimal replacement rate and the maximum benefit for an unemployment insurance (UI) … , hence in the fifth row of Table 1, we report the values that correspond to the model period of …","https://econ.tau.ac.il/sites/economy.tau.ac.il/files/media_server/Economics/foerder/papers/papers%202019/12-2019%20Ofer%20Setty%20Yaniv%20Yedid-Levi.pdf","https://scholar.google.com/scholar?q=related:7yYNlBBsH44J:scholar.google.com/&scioq=duration+%22standard+error%22%7C%22standard+errors%22%7Cpbd%7C%22benefit+duration%22%7Cwba%7C%22weekly+benefit+amount%22%7C%22replacement+rate%22+%22unemployment+insurance%22&hl=en&as_sdt=0,5"
170,"P Cahuc, S Carcillo","Is short-time work a good method to keep unemployment down?",2011,"Nordic Economic Policy Review","books.google.com","https://books.google.com/books?hl=en&lr=&id=MTMjuIJRInQC&oi=fnd&pg=PA133&dq=duration+%22standard+error%22%7C%22standard+errors%22%7Cpbd%7C%22benefit+duration%22%7Cwba%7C%22weekly+benefit+amount%22%7C%22replacement+rate%22+%22unemployment+insurance%22&ots=UFRSfgOun8&sig=udg495_wnp0kfPda7Y0NTZGYcMI","https://scholar.google.com/scholar?cites=8325421012853701488&as_sdt=2005&sciodt=0,5&hl=en",678,"2022-08-15 21:28:05","HTML","",NA,NA,NA,NA,NA,NA,170,15.45,85,2,11,"… that optimal unemployment insurance may include short-time compensation programs. Then… In comparison, the full-time unemployment net replacement rate is 58 percent on average11 …","https://books.google.com/books?hl=en&lr=&id=MTMjuIJRInQC&oi=fnd&pg=PA133&dq=duration+%22standard+error%22%7C%22standard+errors%22%7Cpbd%7C%22benefit+duration%22%7Cwba%7C%22weekly+benefit+amount%22%7C%22replacement+rate%22+%22unemployment+insurance%22&ots=UFRSfgOun8&sig=udg495_wnp0kfPda7Y0NTZGYcMI","https://scholar.google.com/scholar?q=related:cLu3HE3WiXMJ:scholar.google.com/&scioq=duration+%22standard+error%22%7C%22standard+errors%22%7Cpbd%7C%22benefit+duration%22%7Cwba%7C%22weekly+benefit+amount%22%7C%22replacement+rate%22+%22unemployment+insurance%22&hl=en&as_sdt=0,5"
141,"P De Jong, M Lindeboom…","Screening disability insurance applications",2011,"Journal of the …","academic.oup.com","https://academic.oup.com/jeea/article-abstract/9/1/106/2298408","https://scholar.google.com/scholar?cites=1718443410065452340&as_sdt=2005&sciodt=0,5&hl=en",633,"2022-08-15 21:28:05","","",NA,NA,NA,NA,NA,NA,141,12.82,47,3,11,"… spillover effects on the inflow into unemployment insurance. … In Table 3 we show for 2002 sample means and standard errors … in the composition of the insured population over time. The …","https://personal.vu.nl/b.vander.klaauw/screening.pdf","https://scholar.google.com/scholar?q=related:NO2PPy0j2RcJ:scholar.google.com/&scioq=duration+%22standard+error%22%7C%22standard+errors%22%7Cpbd%7C%22benefit+duration%22%7Cwba%7C%22weekly+benefit+amount%22%7C%22replacement+rate%22+%22unemployment+insurance%22&hl=en&as_sdt=0,5"
17,"P Fortin, M Keil, J Symons","The sources of unemployment in Canada, 1967-91: evidence from a panel of regions and demographic groups",2001,"Oxford Economic Papers","academic.oup.com","https://academic.oup.com/oep/article-abstract/53/1/67/2361787","https://scholar.google.com/scholar?cites=13196056245994563283&as_sdt=2005&sciodt=0,5&hl=en",806,"2022-08-15 21:28:05","","",NA,NA,NA,NA,NA,NA,17,0.81,6,3,21,"… The unemployment insurance (UI) system We take seriously … increased the regression standard errors (adjusted for degrees … period (min) and the associated maximum benefit duration (…","","https://scholar.google.com/scholar?q=related:06aUcj3PIbcJ:scholar.google.com/&scioq=duration+%22standard+error%22%7C%22standard+errors%22%7Cpbd%7C%22benefit+duration%22%7Cwba%7C%22weekly+benefit+amount%22%7C%22replacement+rate%22+%22unemployment+insurance%22&hl=en&as_sdt=0,5"
102,"P Fredriksson, B Holmlund","Optimal unemployment insurance design: time limits, monitoring, or workfare?",2006,"International Tax and Public Finance","Springer","https://link.springer.com/article/10.1007/s10797-006-6249-3","https://scholar.google.com/scholar?cites=18439110597869243799&as_sdt=2005&sciodt=0,5&hl=en",112,"2022-08-15 21:28:05","","10.1007/s10797-006-6249-3",NA,NA,NA,NA,NA,NA,102,6.38,51,2,16,"… We set the uniform wage replacement rate to 30 percent, which approximately corresponds to uniform characterization of the US unemployment benefit system; see Fredriksson and …","https://www.econstor.eu/bitstream/10419/78703/1/490482007.pdf","https://scholar.google.com/scholar?q=related:lw0j6GTh5P8J:scholar.google.com/&scioq=duration+%22standard+error%22%7C%22standard+errors%22%7Cpbd%7C%22benefit+duration%22%7Cwba%7C%22weekly+benefit+amount%22%7C%22replacement+rate%22+%22unemployment+insurance%22&hl=en&as_sdt=0,5"
282,"P Fredriksson, B Holmlund","Optimal unemployment insurance in search equilibrium",2001,"Journal of labor economics","journals.uchicago.edu","https://www.journals.uchicago.edu/doi/abs/10.1086/319565","https://scholar.google.com/scholar?cites=1406004545315246392&as_sdt=2005&sciodt=0,5&hl=en",122,"2022-08-15 21:28:05","","10.1086/319565",NA,NA,NA,NA,NA,NA,282,13.43,141,2,21,"… with indefinite payments of a constant wage replacement rate. The answer to this question … unemployment insurance is crudely characterized by $$b=0.5$$ and a potential duration of …","https://www.econstor.eu/bitstream/10419/82887/1/wp1998-002.pdf","https://scholar.google.com/scholar?q=related:OJEZRK8hgxMJ:scholar.google.com/&scioq=duration+%22standard+error%22%7C%22standard+errors%22%7Cpbd%7C%22benefit+duration%22%7Cwba%7C%22weekly+benefit+amount%22%7C%22replacement+rate%22+%22unemployment+insurance%22&hl=en&as_sdt=0,5"
262,"P Ganong, P Noel","Consumer spending during unemployment: Positive and normative implications",2019,"American economic review","aeaweb.org","https://www.aeaweb.org/articles?id=10.1257/aer.20170537","https://scholar.google.com/scholar?cites=623619373493847626&as_sdt=2005&sciodt=0,5&hl=en",774,"2022-08-15 21:28:05","","",NA,NA,NA,NA,NA,NA,262,87.33,131,2,3,"… from the exhaustion of unemployment insurance (UI) benefits. … We report regression coefficients with standard errors in … June 2015, which is the time period that we analyze for Florida …","https://www.nber.org/system/files/working_papers/w25417/w25417.pdf","https://scholar.google.com/scholar?q=related:SgYnIISKpwgJ:scholar.google.com/&scioq=duration+%22standard+error%22%7C%22standard+errors%22%7Cpbd%7C%22benefit+duration%22%7Cwba%7C%22weekly+benefit+amount%22%7C%22replacement+rate%22+%22unemployment+insurance%22&hl=en&as_sdt=0,5"
195,"P Ganong, P Noel, J Vavra","US unemployment insurance replacement rates during the pandemic",2020,"Journal of Public Economics","Elsevier","https://www.sciencedirect.com/science/article/pii/S0047272720301377","https://scholar.google.com/scholar?cites=9920240894753325069&as_sdt=2005&sciodt=0,5&hl=en",75,"2022-08-15 21:28:05","","",NA,NA,NA,NA,NA,NA,195,97.5,65,3,2,"… level of $630 for the same time period. Concretely, this implies … replacement rate is 50% while the mean “replacement rate 2” … a reported standard error of zero for their replacement rate …","https://www.nber.org/system/files/working_papers/w27216/w27216.pdf","https://scholar.google.com/scholar?q=related:DUATuojGq4kJ:scholar.google.com/&scioq=duration+%22standard+error%22%7C%22standard+errors%22%7Cpbd%7C%22benefit+duration%22%7Cwba%7C%22weekly+benefit+amount%22%7C%22replacement+rate%22+%22unemployment+insurance%22&hl=en&as_sdt=0,5"
13,"P Hägglund","Effects of Changes in the Unemployment Insurance Eligibility Requirements on Job Duration—Swedish Evidence",2009,"Labour","Wiley Online Library","https://onlinelibrary.wiley.com/doi/abs/10.1111/j.1467-9914.2009.00455.x","https://scholar.google.com/scholar?cites=1845141599196556462&as_sdt=2005&sciodt=0,5&hl=en",416,"2022-08-15 21:28:05","","10.1111/j.1467-9914.2009.00455.x",NA,NA,NA,NA,NA,NA,13,1,13,1,13,"… of the unemployment insurance (UI) entrance requirement on employment duration among earlier … The small samples inevitably produce impact estimates with large standard errors. …","https://www.econstor.eu/bitstream/10419/82197/1/wp00-04.pdf","https://scholar.google.com/scholar?q=related:rixoLIJCmxkJ:scholar.google.com/&scioq=duration+%22standard+error%22%7C%22standard+errors%22%7Cpbd%7C%22benefit+duration%22%7Cwba%7C%22weekly+benefit+amount%22%7C%22replacement+rate%22+%22unemployment+insurance%22&hl=en&as_sdt=0,5"
31,"P Kuhn, A Sweetman","Unemployment insurance and quits in Canada",1998,"Canadian Journal of Economics","JSTOR","https://www.jstor.org/stable/136202","https://scholar.google.com/scholar?cites=12601679852224140004&as_sdt=2005&sciodt=0,5&hl=en",638,"2022-08-15 21:28:05","","",NA,NA,NA,NA,NA,NA,31,1.29,16,2,24,"… change for dismissals in the midst of the period in question, our focus is primarily on … , and/or were not very large, since the standard errors of the estimates are sufficiently small that any …","","https://scholar.google.com/scholar?q=related:5FIEHQ8p4q4J:scholar.google.com/&scioq=duration+%22standard+error%22%7C%22standard+errors%22%7Cpbd%7C%22benefit+duration%22%7Cwba%7C%22weekly+benefit+amount%22%7C%22replacement+rate%22+%22unemployment+insurance%22&hl=en&as_sdt=0,5"
27,"P Kuhn, C Riddell","The long-term effects of unemployment insurance: Evidence from New Brunswick and Maine, 1940–1991",2010,"ILR Review","journals.sagepub.com","https://journals.sagepub.com/doi/abs/10.1177/001979391006300201","https://scholar.google.com/scholar?cites=13395442907574089378&as_sdt=2005&sciodt=0,5&hl=en",400,"2022-08-15 21:28:05","","10.1177/001979391006300201",NA,NA,NA,NA,NA,NA,27,2.25,14,2,12,"… the impact of the benefit replacement rate on unemployment … some dramatic changes during our sample period. … imposed significant limits on benefit duration for seasonal workers (that …","","https://scholar.google.com/scholar?q=related:orb6Mlos5rkJ:scholar.google.com/&scioq=duration+%22standard+error%22%7C%22standard+errors%22%7Cpbd%7C%22benefit+duration%22%7Cwba%7C%22weekly+benefit+amount%22%7C%22replacement+rate%22+%22unemployment+insurance%22&hl=en&as_sdt=0,5"
10,"P Leung, C O'leary","Unemployment insurance and means-tested program interactions: Evidence from administrative data",2020,"American Economic Journal: Economic Policy","aeaweb.org","https://www.aeaweb.org/doi/10.1257/pol.20170262","https://scholar.google.com/scholar?cites=956807730815785075&as_sdt=2005&sciodt=0,5&hl=en",209,"2022-08-15 21:28:05","","10.1257/pol.20170262",NA,NA,NA,NA,NA,NA,10,5,5,2,2,"… of 26 weeks, where BP denotes base period earnings. Since the WBA is proportional to high quarter earnings near the eligibility threshold, the potential duration is a function of BP/HQ. …","https://www.aeaweb.org/doi/10.1257/pol.20170262.appx","https://scholar.google.com/scholar?q=related:c1if0Y9DRw0J:scholar.google.com/&scioq=duration+%22standard+error%22%7C%22standard+errors%22%7Cpbd%7C%22benefit+duration%22%7Cwba%7C%22weekly+benefit+amount%22%7C%22replacement+rate%22+%22unemployment+insurance%22&hl=en&as_sdt=0,5"
33,"P Portugal, JT Addison","Problems of sample construction in studies of the effects of unemployment insurance on unemployment duration",1990,"ILR Review","journals.sagepub.com","https://journals.sagepub.com/doi/abs/10.1177/001979399004300409","https://scholar.google.com/scholar?cites=1499391259454488345&as_sdt=2005&sciodt=0,5&hl=en",59,"2022-08-15 21:28:05","","10.1177/001979399004300409",NA,NA,NA,NA,NA,NA,33,1.03,17,2,32,"… a zero replacement rate, we would expect mean duration to … effect of the replacement rate on duration will be exaggerated… takes the place of the replacement rate, all the above effects …","","https://scholar.google.com/scholar?q=related:GT8cB2jozhQJ:scholar.google.com/&scioq=duration+%22standard+error%22%7C%22standard+errors%22%7Cpbd%7C%22benefit+duration%22%7Cwba%7C%22weekly+benefit+amount%22%7C%22replacement+rate%22+%22unemployment+insurance%22&hl=en&as_sdt=0,5"
309,"P Rehm","Social policy by popular demand",2011,"World Politics","cambridge.org","https://www.cambridge.org/core/journals/world-politics/article/social-policy-by-popular-demand/F34E9A54EBA73DEC46EC94D78DEB7672","https://scholar.google.com/scholar?cites=6106462839597360436&as_sdt=2005&sciodt=0,5&hl=en",981,"2022-08-15 21:28:05","","",NA,NA,NA,NA,NA,NA,309,28.09,309,1,11,"… the costs and benefits of unemployment insurance. There is strong evidence … time-varying control variables, I will estimate Prais-Winsten regressions with panel corrected standard errors…","","https://scholar.google.com/scholar?q=related:NOVSZJmDvlQJ:scholar.google.com/&scioq=duration+%22standard+error%22%7C%22standard+errors%22%7Cpbd%7C%22benefit+duration%22%7Cwba%7C%22weekly+benefit+amount%22%7C%22replacement+rate%22+%22unemployment+insurance%22&hl=en&as_sdt=0,5"
28,"P Rendahl","Asset‐Based Unemployment Insurance",2012,"International Economic Review","Wiley Online Library","https://onlinelibrary.wiley.com/doi/abs/10.1111/j.1468-2354.2012.00699.x","https://scholar.google.com/scholar?cites=8587163146734557366&as_sdt=2005&sciodt=0,5&hl=en",590,"2022-08-15 21:28:05","","10.1111/j.1468-2354.2012.00699.x",NA,NA,NA,NA,NA,NA,28,2.8,28,1,10,"… duration of 2.5 months, 9% of the total cost of an expected unemployment spell using a 55% replacement rate… policy that provides a 55% replacement rate at the bottom of the wealth …","https://cadmus.eui.eu/bitstream/handle/1814/6979/ECO-2007-15.pdf?sequence=1&origin=publication_detail","https://scholar.google.com/scholar?q=related:tlhwnWK7K3cJ:scholar.google.com/&scioq=duration+%22standard+error%22%7C%22standard+errors%22%7Cpbd%7C%22benefit+duration%22%7Cwba%7C%22weekly+benefit+amount%22%7C%22replacement+rate%22+%22unemployment+insurance%22&hl=en&as_sdt=0,5"
66,"PA Edin","Unemployment duration and competing risks: evidence from Sweden",1989,"The Scandinavian Journal of Economics","JSTOR","https://www.jstor.org/stable/3440211","https://scholar.google.com/scholar?cites=11498682344359296790&as_sdt=2005&sciodt=0,5&hl=en",546,"2022-08-15 21:28:05","","",NA,NA,NA,NA,NA,NA,66,2,66,1,33,"… our standard error estimates will be biased downward. One approach to this problem is to modify the estimated standard errors … The economics of unemployment insurance: The case of …","","https://scholar.google.com/scholar?q=related:Fn-XaKuGk58J:scholar.google.com/&scioq=duration+%22standard+error%22%7C%22standard+errors%22%7Cpbd%7C%22benefit+duration%22%7Cwba%7C%22weekly+benefit+amount%22%7C%22replacement+rate%22+%22unemployment+insurance%22&hl=en&as_sdt=0,5"
100,"PB Levine","Spillover effects between the insured and uninsured unemployed",1993,"ILR Review","journals.sagepub.com","https://journals.sagepub.com/doi/abs/10.1177/001979399304700106","https://scholar.google.com/scholar?cites=18385097566448655598&as_sdt=2005&sciodt=0,5&hl=en",268,"2022-08-15 21:28:05","","10.1177/001979399304700106",NA,NA,NA,NA,NA,NA,100,3.45,100,1,29,"… log of completed spell length in the NLSY); RR= average replacement rate of UI benefits to … measure to state unemployment insurance benefit schedules (which indicate a WBA for any …","https://citeseerx.ist.psu.edu/viewdoc/download?doi=10.1.1.17.4184&rep=rep1&type=pdf","https://scholar.google.com/scholar?q=related:7hwSCdT8JP8J:scholar.google.com/&scioq=duration+%22standard+error%22%7C%22standard+errors%22%7Cpbd%7C%22benefit+duration%22%7Cwba%7C%22weekly+benefit+amount%22%7C%22replacement+rate%22+%22unemployment+insurance%22&hl=en&as_sdt=0,5"
41,"PL Burgess","Compliance with unemployment-insurance job-search regulations",1992,"The Journal of Law and Economics","journals.uchicago.edu","https://www.journals.uchicago.edu/doi/pdf/10.1086/467259","https://scholar.google.com/scholar?cites=1532794888783641650&as_sdt=2005&sciodt=0,5&hl=en",337,"2022-08-15 21:28:05","","10.1086/467259",NA,NA,NA,NA,NA,NA,41,1.37,41,1,30,"… of payments for a fifty-two-week period, so the selected cases reflect the entire range of actual benefit duration during the study period. Also, each state's sample and population were …","","https://scholar.google.com/scholar?q=related:Mrx7i9SURRUJ:scholar.google.com/&scioq=duration+%22standard+error%22%7C%22standard+errors%22%7Cpbd%7C%22benefit+duration%22%7Cwba%7C%22weekly+benefit+amount%22%7C%22replacement+rate%22+%22unemployment+insurance%22&hl=en&as_sdt=0,5"
88,"PL Burgess, JL Kingston","The impact of unemployment insurance benefits on reemployment success",1976,"ILR Review","journals.sagepub.com","https://journals.sagepub.com/doi/pdf/10.1177/001979397603000102","https://scholar.google.com/scholar?cites=16374233102023817267&as_sdt=2005&sciodt=0,5&hl=en",34,"2022-08-15 21:28:05","","10.1177/001979397603000102",NA,NA,NA,NA,NA,NA,88,1.91,44,2,46,"… 131t should be noted that WBA and PCD may be positively associated with both PRE-… duration). The problem is one of multicollinearity, which tends to result in large standard errors for …","","https://scholar.google.com/scholar?q=related:M3iSe0D2POMJ:scholar.google.com/&scioq=duration+%22standard+error%22%7C%22standard+errors%22%7Cpbd%7C%22benefit+duration%22%7Cwba%7C%22weekly+benefit+amount%22%7C%22replacement+rate%22+%22unemployment+insurance%22&hl=en&as_sdt=0,5"
15,"PL Burgess, JL Kingston","UI benefit effects on compensated unemployment",1981,"… : A Journal of Economy and Society","Wiley Online Library","https://onlinelibrary.wiley.com/doi/abs/10.1111/j.1468-232X.1981.tb00201.x","https://scholar.google.com/scholar?cites=6099400626816279464&as_sdt=2005&sciodt=0,5&hl=en",657,"2022-08-15 21:28:05","CITATION","10.1111/j.1468-232X.1981.tb00201.x",NA,NA,NA,NA,NA,NA,15,0.37,8,2,41,"… and maximum duration of weekly unemployment insurance … of UI claimants during a one-year period.' The measure of … size of the UI weekly benefit amount on the duration of completed …","","https://scholar.google.com/scholar?q=related:qOMt2I1spVQJ:scholar.google.com/&scioq=duration+%22standard+error%22%7C%22standard+errors%22%7Cpbd%7C%22benefit+duration%22%7Cwba%7C%22weekly+benefit+amount%22%7C%22replacement+rate%22+%22unemployment+insurance%22&hl=en&as_sdt=0,5"
29,"PL Burgess, SA Low","How do unemployment insurance and recall expectations affect on-the-job search among workers who receive advance notice of layoff?",1998,"ILR Review","journals.sagepub.com","https://journals.sagepub.com/doi/abs/10.1177/001979399805100205","https://scholar.google.com/scholar?cites=17736537684487050318&as_sdt=2005&sciodt=0,5&hl=en",378,"2022-08-15 21:28:05","","10.1177/001979399805100205",NA,NA,NA,NA,NA,NA,29,1.21,15,2,24,"… the duration of pre-unemployment search, not length of advance notice. Notice length can … (1983) also found that the UI replacement rate has an insignificant effect on the probability of …","","https://scholar.google.com/scholar?q=related:ThQuRQ3XJPYJ:scholar.google.com/&scioq=duration+%22standard+error%22%7C%22standard+errors%22%7Cpbd%7C%22benefit+duration%22%7Cwba%7C%22weekly+benefit+amount%22%7C%22replacement+rate%22+%22unemployment+insurance%22&hl=en&as_sdt=0,5"
85,"PM Anderson","Time-varying effects of recall expectation, a reemployment bonus, and job counseling on unemployment durations",1992,"Journal of Labor Economics","journals.uchicago.edu","https://www.journals.uchicago.edu/doi/abs/10.1086/298280","https://scholar.google.com/scholar?cites=14764485252568760391&as_sdt=2005&sciodt=0,5&hl=en",399,"2022-08-15 21:28:05","","10.1086/298280",NA,NA,NA,NA,NA,NA,85,2.83,85,1,30,"… Unemployment insurance program data provide accurate … the time spent on UI, with the JSA-only treatment reducing … shrinking over time, and thus standard errors are increasing. …","","https://scholar.google.com/scholar?q=related:R8Dakhz95cwJ:scholar.google.com/&scioq=duration+%22standard+error%22%7C%22standard+errors%22%7Cpbd%7C%22benefit+duration%22%7Cwba%7C%22weekly+benefit+amount%22%7C%22replacement+rate%22+%22unemployment+insurance%22&hl=en&as_sdt=0,5"
151,"PM Anderson","Linear adjustment costs and seasonal labor demand: evidence from retail trade firms",1993,"The Quarterly Journal of Economics","academic.oup.com","https://academic.oup.com/qje/article-abstract/108/4/1015/1899923","https://scholar.google.com/scholar?cites=1843851882897290036&as_sdt=2005&sciodt=0,5&hl=en",946,"2022-08-15 21:28:05","","",NA,NA,NA,NA,NA,NA,151,5.21,151,1,29,"… The experience rating feature of the US Unemployment Insurance (UI) system provides a … by the wage is simply the replacement rate multiplied by the expected duration of benefits. The …","","https://scholar.google.com/scholar?q=related:NDOHsoStlhkJ:scholar.google.com/&scioq=duration+%22standard+error%22%7C%22standard+errors%22%7Cpbd%7C%22benefit+duration%22%7Cwba%7C%22weekly+benefit+amount%22%7C%22replacement+rate%22+%22unemployment+insurance%22&hl=en&as_sdt=0,5"
349,"PM Anderson, BD Meyer","Unemployment insurance takeup rates and the after-tax value of benefits",1997,"The quarterly journal of economics","academic.oup.com","https://academic.oup.com/qje/article-abstract/112/3/913/1926918","https://scholar.google.com/scholar?cites=3856515331858024487&as_sdt=2005&sciodt=0,5&hl=en",53,"2022-08-15 21:28:05","","",NA,NA,NA,NA,NA,NA,349,13.96,175,2,25,"… requirements, each state determines the weekly benefit amount (WBA) based on a claimant’s work history in the base period. A typical benefit formula sets the WBA to be between 1/20 …","https://sites.dartmouth.edu/pmanderson/files/2019/05/QJE1997.pdf","https://scholar.google.com/scholar?q=related:J8g--kIYhTUJ:scholar.google.com/&scioq=duration+%22standard+error%22%7C%22standard+errors%22%7Cpbd%7C%22benefit+duration%22%7Cwba%7C%22weekly+benefit+amount%22%7C%22replacement+rate%22+%22unemployment+insurance%22&hl=en&as_sdt=0,5"
297,"PM Anderson, BD Meyer","The effects of the unemployment insurance payroll tax on wages, employment, claims and denials",2000,"Journal of public Economics","Elsevier","https://www.sciencedirect.com/science/article/pii/S0047272799001127","https://scholar.google.com/scholar?cites=3854996126179762237&as_sdt=2005&sciodt=0,5&hl=en",242,"2022-08-15 21:28:05","","",NA,NA,NA,NA,NA,NA,297,13.5,149,2,22,"… One should note that by considering each 13-year period within a state as a single … The standard errors we report are on average 3.3 times larger than the OLS standard errors and in …","http://citeseerx.ist.psu.edu/viewdoc/download?doi=10.1.1.195.3014&rep=rep1&type=pdf","https://scholar.google.com/scholar?q=related:PaBzV42yfzUJ:scholar.google.com/&scioq=duration+%22standard+error%22%7C%22standard+errors%22%7Cpbd%7C%22benefit+duration%22%7Cwba%7C%22weekly+benefit+amount%22%7C%22replacement+rate%22+%22unemployment+insurance%22&hl=en&as_sdt=0,5"
150,"PM Anderson, BD Meyer","Unemployment Insurance in the United States: layoff incentives and cross subsidies",1993,"Journal of labor economics","journals.uchicago.edu","https://www.journals.uchicago.edu/doi/abs/10.1086/298329","https://scholar.google.com/scholar?cites=16444049972720482432&as_sdt=2005&sciodt=0,5&hl=en",315,"2022-08-15 21:28:05","","10.1086/298329",NA,NA,NA,NA,NA,NA,150,5.17,75,2,29,"… This article surveys unemployment insurance in the US and provides new evidence on the … of 26 and base period earnings divided by three times the weekly benefit amount. Base …","https://voices.uchicago.edu/brucemeyer/files/2019/11/AndersonMeyerJOLE1993.pdf","https://scholar.google.com/scholar?q=related:gLjGbFMANeQJ:scholar.google.com/&scioq=duration+%22standard+error%22%7C%22standard+errors%22%7Cpbd%7C%22benefit+duration%22%7Cwba%7C%22weekly+benefit+amount%22%7C%22replacement+rate%22+%22unemployment+insurance%22&hl=en&as_sdt=0,5"
66,"PT Decker, CJ L'Leary","Evaluating pooled evidence from the reemployment bonus experiments",1995,"Journal of Human Resources","JSTOR","https://www.jstor.org/stable/146034","https://scholar.google.com/scholar?cites=13531758846009427489&as_sdt=2005&sciodt=0,5&hl=en",362,"2022-08-15 21:28:05","","",NA,NA,NA,NA,NA,NA,66,2.44,33,2,27,"… and Washington the effect of offering Unemployment Insurance (UI) claimant nus for rapid … qualification period), does not differ significantly from zero given the standard errors associ…","https://research.upjohn.org/cgi/viewcontent.cgi?article=1045&context=up_workingpapers","https://scholar.google.com/scholar?q=related:IUak4vl2yrsJ:scholar.google.com/&scioq=duration+%22standard+error%22%7C%22standard+errors%22%7Cpbd%7C%22benefit+duration%22%7Cwba%7C%22weekly+benefit+amount%22%7C%22replacement+rate%22+%22unemployment+insurance%22&hl=en&as_sdt=0,5"
18,"R Bouis, O Causa, L Demmou…","How quickly does structural reform pay off? An empirical analysis of the short-term effects of unemployment benefit reform",2012,"IZA Journal of Labor …","izajolp.springeropen.com","https://izajolp.springeropen.com/articles/10.1186/2193-9004-1-12","https://scholar.google.com/scholar?cites=10042443735476460335&as_sdt=2005&sciodt=0,5&hl=en",272,"2022-08-15 21:28:05","HTML","10.1186/2193-9004-1-12",NA,NA,NA,NA,NA,NA,18,1.8,5,4,10,"… of unemployment insurance depends on both replacement rates and the duration of benefits… impact of benefit duration reforms seems to take more time to materialize, up to five years. …","https://izajolp.springeropen.com/articles/10.1186/2193-9004-1-12","https://scholar.google.com/scholar?q=related:L9vryV7tXYsJ:scholar.google.com/&scioq=duration+%22standard+error%22%7C%22standard+errors%22%7Cpbd%7C%22benefit+duration%22%7Cwba%7C%22weekly+benefit+amount%22%7C%22replacement+rate%22+%22unemployment+insurance%22&hl=en&as_sdt=0,5"
469,"R Carrasco","Transitions to and from self‐employment in Spain: an empirical analysis",1999,"oxford Bulletin of Economics and Statistics","Wiley Online Library","https://onlinelibrary.wiley.com/doi/abs/10.1111/1468-0084.00132","https://scholar.google.com/scholar?cites=6894756859712305004&as_sdt=2005&sciodt=0,5&hl=en",965,"2022-08-15 21:28:05","","10.1111/1468-0084.00132",NA,NA,NA,NA,NA,NA,469,20.39,469,1,23,"… The unemployment insurance system (UI) pays benefits to … exit from self-employment on the length of time in business by estimating the … Therefore, we present standard errors robust to …","http://e-archivo.uc3m.es/bitstream/handle/10016/4681/tr?sequence=2","https://scholar.google.com/scholar?q=related:bPfWe9UYr18J:scholar.google.com/&scioq=duration+%22standard+error%22%7C%22standard+errors%22%7Cpbd%7C%22benefit+duration%22%7Cwba%7C%22weekly+benefit+amount%22%7C%22replacement+rate%22+%22unemployment+insurance%22&hl=en&as_sdt=0,5"
1056,"R Chetty","Moral hazard versus liquidity and optimal unemployment insurance",2008,"Journal of political Economy","journals.uchicago.edu","https://www.journals.uchicago.edu/doi/abs/10.1086/588585","https://scholar.google.com/scholar?cites=15861748372270415708&as_sdt=2005&sciodt=0,5&hl=en",96,"2022-08-15 21:28:05","","10.1086/588585",NA,NA,NA,NA,NA,NA,1056,75.43,1056,1,14,"… Replacement rate is individual benefit divided by weekly preunemployment predicted wage. Unemployment duration is defined as time … equity and the benefit duration elasticity. This is …","https://www.nber.org/system/files/working_papers/w13967/w13967.pdf","https://scholar.google.com/scholar?q=related:XP_O_RpAINwJ:scholar.google.com/&scioq=duration+%22standard+error%22%7C%22standard+errors%22%7Cpbd%7C%22benefit+duration%22%7Cwba%7C%22weekly+benefit+amount%22%7C%22replacement+rate%22+%22unemployment+insurance%22&hl=en&as_sdt=0,5"
297,"R Lalive","Unemployment benefits, unemployment duration, and post-unemployment jobs: A regression discontinuity approach",2007,"American Economic Review","pubs.aeaweb.org","https://pubs.aeaweb.org/doi/abs/10.1257/aer.97.2.108","https://scholar.google.com/scholar?cites=16363586784399568781&as_sdt=2005&sciodt=0,5&hl=en",23,"2022-08-15 21:28:05","","10.1257/aer.97.2.108",NA,NA,NA,NA,NA,NA,297,19.8,297,1,15,"… duration. The second strand of the lit erature is concerned with measuring the effects of the unemployment insurance … changes in benefit duration on unemployment duration, duration of …","https://serval.unil.ch/resource/serval:BIB_E42BB4D7C043.P001/REF.pdf","https://scholar.google.com/scholar?q=related:ja9pf3sjF-MJ:scholar.google.com/&scioq=duration+%22standard+error%22%7C%22standard+errors%22%7Cpbd%7C%22benefit+duration%22%7Cwba%7C%22weekly+benefit+amount%22%7C%22replacement+rate%22+%22unemployment+insurance%22&hl=en&as_sdt=0,5"
411,"R Lalive","How do extended benefits affect unemployment duration? A regression discontinuity approach",2008,"Journal of econometrics","Elsevier","https://www.sciencedirect.com/science/article/pii/S0304407607001170","https://scholar.google.com/scholar?cites=10463420320306209569&as_sdt=2005&sciodt=0,5&hl=en",431,"2022-08-15 21:28:05","","",NA,NA,NA,NA,NA,NA,411,29.36,411,1,14,"… benefit duration on unemployment duration are primarily based on extensions of benefit duration … This section discusses the Austrian unemployment insurance and early retirement …","https://www.econstor.eu/bitstream/10419/25810/1/517022656.PDF","https://scholar.google.com/scholar?q=related:IaN0_1eJNZEJ:scholar.google.com/&scioq=duration+%22standard+error%22%7C%22standard+errors%22%7Cpbd%7C%22benefit+duration%22%7Cwba%7C%22weekly+benefit+amount%22%7C%22replacement+rate%22+%22unemployment+insurance%22&hl=en&as_sdt=0,5"
203,"R Lalive, C Landais, J Zweimüller","Market externalities of large unemployment insurance extension programs",2015,"American Economic Review","aeaweb.org","https://www.aeaweb.org/articles?id=10.1257/aer.20131273","https://scholar.google.com/scholar?cites=12145700810784754378&as_sdt=2005&sciodt=0,5&hl=en",139,"2022-08-15 21:28:05","","",NA,NA,NA,NA,NA,NA,203,29,68,3,7,"… recurrently checked and can last for an indefinite time period. Post-UB transfers can be at … the entire non-REBP region, we cluster standard errors at the region-year level. In online …","http://eprints.lse.ac.uk/64566/1/Market%20externalities.pdf","https://scholar.google.com/scholar?q=related:ysr_ZokyjqgJ:scholar.google.com/&scioq=duration+%22standard+error%22%7C%22standard+errors%22%7Cpbd%7C%22benefit+duration%22%7Cwba%7C%22weekly+benefit+amount%22%7C%22replacement+rate%22+%22unemployment+insurance%22&hl=en&as_sdt=0,5"
409,"R Lalive, J Van Ours, J Zweimüller","How changes in financial incentives affect the duration of unemployment",2006,"The Review of Economic …","academic.oup.com","https://academic.oup.com/restud/article-abstract/73/4/1009/1572993","https://scholar.google.com/scholar?cites=13586206457960593885&as_sdt=2005&sciodt=0,5&hl=en",1,"2022-08-15 21:28:05","","",NA,NA,NA,NA,NA,NA,409,25.56,136,3,16,"… unemployment insurance—the benefit replacement rate (RR) and the potential benefit duration (PBD)—affect the duration … second group experienced an extension of PBD; a third group …","https://www.econstor.eu/bitstream/10419/18701/1/cesifo1_wp1337.pdf","https://scholar.google.com/scholar?q=related:3fnba8rmi7wJ:scholar.google.com/&scioq=duration+%22standard+error%22%7C%22standard+errors%22%7Cpbd%7C%22benefit+duration%22%7Cwba%7C%22weekly+benefit+amount%22%7C%22replacement+rate%22+%22unemployment+insurance%22&hl=en&as_sdt=0,5"
203,"R Lalive, J Zweimüller","Benefit entitlement and unemployment duration: The role of policy endogeneity",2004,"Journal of public economics","Elsevier","https://www.sciencedirect.com/science/article/pii/S0047272703001427","https://scholar.google.com/scholar?cites=15510418529403723773&as_sdt=2005&sciodt=0,5&hl=en",428,"2022-08-15 21:28:05","","",NA,NA,NA,NA,NA,NA,203,11.28,102,2,18,"… To assess the impact of benefit duration on transition rates to new jobs we use longitudinal … In this paper, we exploit the successive changes in unemployment insurance rules provided …","https://www.research-collection.ethz.ch/bitstream/handle/20.500.11850/146652/1/eth-25614-01.pdf","https://scholar.google.com/scholar?q=related:_d--inkTQNcJ:scholar.google.com/&scioq=duration+%22standard+error%22%7C%22standard+errors%22%7Cpbd%7C%22benefit+duration%22%7Cwba%7C%22weekly+benefit+amount%22%7C%22replacement+rate%22+%22unemployment+insurance%22&hl=en&as_sdt=0,5"
394,"R Lalive, JC Van Ours…","The effect of benefit sanctions on the duration of unemployment",2005,"Journal of the European …","academic.oup.com","https://academic.oup.com/jeea/article-abstract/3/6/1386/2281184","https://scholar.google.com/scholar?cites=6432882912897701307&as_sdt=2005&sciodt=0,5&hl=en",679,"2022-08-15 21:28:05","","",NA,NA,NA,NA,NA,NA,394,23.18,131,3,17,"… Recent work on optimal unemployment insurance has … —in an optimal unemployment insurance system. An interesting … iii) generalized least squares standard errors represent an upper …","https://www.research-collection.ethz.ch/bitstream/handle/20.500.11850/146650/eth-25612-01.pdf?sequence=1","https://scholar.google.com/scholar?q=related:u5XyKO0wRlkJ:scholar.google.com/&scioq=duration+%22standard+error%22%7C%22standard+errors%22%7Cpbd%7C%22benefit+duration%22%7Cwba%7C%22weekly+benefit+amount%22%7C%22replacement+rate%22+%22unemployment+insurance%22&hl=en&as_sdt=0,5"
45,"R Lalive, JC van Ours, J Zweimüller","Equilibrium unemployment and the duration of unemployment benefits",2011,"Journal of Population Economics","Springer","https://link.springer.com/article/10.1007/s00148-010-0318-8","https://scholar.google.com/scholar?cites=5054226939214591523&as_sdt=2005&sciodt=0,5&hl=en",28,"2022-08-15 21:28:05","","10.1007/s00148-010-0318-8",NA,NA,NA,NA,NA,NA,45,4.09,15,3,11,"… unemployment insurance system that lead to a quasi-experimental situation allowing us to estimate benefit-duration … government made unemployment insurance more generous by …","https://core.ac.uk/download/pdf/159146058.pdf","https://scholar.google.com/scholar?q=related:I3YYbp84JEYJ:scholar.google.com/&scioq=duration+%22standard+error%22%7C%22standard+errors%22%7Cpbd%7C%22benefit+duration%22%7Cwba%7C%22weekly+benefit+amount%22%7C%22replacement+rate%22+%22unemployment+insurance%22&hl=en&as_sdt=0,5"
157,"R Lentz","Optimal unemployment insurance in an estimated job search model with savings",2009,"Review of Economic Dynamics","Elsevier","https://www.sciencedirect.com/science/article/pii/S1094202508000033","https://scholar.google.com/scholar?cites=12071872192859483326&as_sdt=2005&sciodt=0,5&hl=en",126,"2022-08-15 21:28:05","","",NA,NA,NA,NA,NA,NA,157,12.08,157,1,13,"… % replacement rate for an interest rate almost equal to the subjective discount rate to an 82% replacement rate for a … The optimal payment of unemployment insurance benefits over time. …","https://sites.google.com/a/wisc.edu/rasmus-lentz/ressources/Lentz_2009_RED.pdf","https://scholar.google.com/scholar?q=related:vixOxcznh6cJ:scholar.google.com/&scioq=duration+%22standard+error%22%7C%22standard+errors%22%7Cpbd%7C%22benefit+duration%22%7Cwba%7C%22weekly+benefit+amount%22%7C%22replacement+rate%22+%22unemployment+insurance%22&hl=en&as_sdt=0,5"
597,"R Moffitt","Unemployment insurance and the distribution of unemployment spells",1985,"Journal of econometrics","Elsevier","https://www.sciencedirect.com/science/article/pii/0304407685900685","https://scholar.google.com/scholar?cites=12212422883206079666&as_sdt=2005&sciodt=0,5&hl=en",320,"2022-08-15 21:28:05","","",NA,NA,NA,NA,NA,NA,597,16.14,597,1,37,"… standard errors of the KM hazards. In the present application the KM estimators were calculated only for the constant-duration … at time t is the set of all those who have not exited by time t …","","https://scholar.google.com/scholar?q=related:sqRZeOg9e6kJ:scholar.google.com/&scioq=duration+%22standard+error%22%7C%22standard+errors%22%7Cpbd%7C%22benefit+duration%22%7Cwba%7C%22weekly+benefit+amount%22%7C%22replacement+rate%22+%22unemployment+insurance%22&hl=en&as_sdt=0,5"
41,"R Moffitt","Unemployment benefits and unemployment",2014,"IZA World of Labor","wol.iza.org","https://wol.iza.org/articles/unemployment-benefits-and-unemployment/long","https://scholar.google.com/scholar?cites=10336602548702999925&as_sdt=2005&sciodt=0,5&hl=en",377,"2022-08-15 21:28:05","HTML","",NA,NA,NA,NA,NA,NA,41,5.13,41,1,8,"… wage replacement rate, or the effect of the maximum duration … in the replacement rate leads to a half week increase in time … who are covered by unemployment insurance. Unemployed …","https://wol.iza.org/articles/unemployment-benefits-and-unemployment/long","https://scholar.google.com/scholar?q=related:dfXWm0D9co8J:scholar.google.com/&scioq=duration+%22standard+error%22%7C%22standard+errors%22%7Cpbd%7C%22benefit+duration%22%7Cwba%7C%22weekly+benefit+amount%22%7C%22replacement+rate%22+%22unemployment+insurance%22&hl=en&as_sdt=0,5"
357,"R Moffitt, W Nicholson","The effect of unemployment insurance on unemployment: the case of federal supplemental benefits",1982,"The Review of Economics and Statistics","JSTOR","https://www.jstor.org/stable/1937937","https://scholar.google.com/scholar?cites=4255298471581741507&as_sdt=2005&sciodt=0,5&hl=en",52,"2022-08-15 21:28:05","","",NA,NA,NA,NA,NA,NA,357,8.93,179,2,40,"… To model the effect of the duration of benefits-as well as the … response to changes in potential benefit duration, although the … the limited duration of unemployment insurance benefits can …","","https://scholar.google.com/scholar?q=related:w3HkE2rbDTsJ:scholar.google.com/&scioq=duration+%22standard+error%22%7C%22standard+errors%22%7Cpbd%7C%22benefit+duration%22%7Cwba%7C%22weekly+benefit+amount%22%7C%22replacement+rate%22+%22unemployment+insurance%22&hl=en&as_sdt=0,5"
41,"R Munts","Partial benefit schedules in unemployment insurance: their effect on work incentive",1970,"Journal of Human Resources","JSTOR","https://www.jstor.org/stable/144896","https://scholar.google.com/scholar?cites=5815711703339358984&as_sdt=2005&sciodt=0,5&hl=en",384,"2022-08-15 21:28:05","","",NA,NA,NA,NA,NA,NA,41,0.79,41,1,52,"… , these workers are paid unemployment insurance benefits, al… -that workers adjust their part-time work to serve their interests … with the weekly benefit amount for partial unemployment. …","","https://scholar.google.com/scholar?q=related:CNufMfuOtVAJ:scholar.google.com/&scioq=duration+%22standard+error%22%7C%22standard+errors%22%7Cpbd%7C%22benefit+duration%22%7Cwba%7C%22weekly+benefit+amount%22%7C%22replacement+rate%22+%22unemployment+insurance%22&hl=en&as_sdt=0,5"
78,"R Uusitalo, J Verho","The effect of unemployment benefits on re-employment rates: Evidence from the Finnish unemployment insurance reform",2010,"Labour Economics","Elsevier","https://www.sciencedirect.com/science/article/pii/S0927537110000126","https://scholar.google.com/scholar?cites=11430965657162862613&as_sdt=2005&sciodt=0,5&hl=en",143,"2022-08-15 21:28:05","","",NA,NA,NA,NA,NA,NA,78,6.5,39,2,12,"… hazard with respect to change in replacement rate is − 1.13. … duration by 0.38 weeks. This implies that the elasticity of unemployment duration with respect to replacement rate is about …","https://www.econstor.eu/bitstream/10419/78662/1/54611136X.pdf","https://scholar.google.com/scholar?q=related:FdDhirPyop4J:scholar.google.com/&scioq=duration+%22standard+error%22%7C%22standard+errors%22%7Cpbd%7C%22benefit+duration%22%7Cwba%7C%22weekly+benefit+amount%22%7C%22replacement+rate%22+%22unemployment+insurance%22&hl=en&as_sdt=0,5"
97,"R Winter-Ebmer","Benefit duration and unemployment entry: A quasi-experiment in Austria",2003,"European Economic Review","Elsevier","https://www.sciencedirect.com/science/article/pii/S0014292101001982","https://scholar.google.com/scholar?cites=13809595527375965567&as_sdt=2005&sciodt=0,5&hl=en",9,"2022-08-15 21:28:05","","",NA,NA,NA,NA,NA,NA,97,5.11,97,1,19,"… of benefit duration on unemployment entry. In principle, the benefit system can affect unemployment duration … institutional setting of the Austrian unemployment insurance system, as …","http://citeseerx.ist.psu.edu/viewdoc/download?doi=10.1.1.557.551&rep=rep1&type=pdf","https://scholar.google.com/scholar?q=related:f00RPfeJpb8J:scholar.google.com/&scioq=duration+%22standard+error%22%7C%22standard+errors%22%7Cpbd%7C%22benefit+duration%22%7Cwba%7C%22weekly+benefit+amount%22%7C%22replacement+rate%22+%22unemployment+insurance%22&hl=en&as_sdt=0,5"
120,"R Winter‐Ebmer","Potential unemployment benefit duration and spell length: lessons from a quasi‐experiment in Austria",1998,"Oxford Bulletin of Economics and Statistics","Wiley Online Library","https://onlinelibrary.wiley.com/doi/abs/10.1111/1468-0084.00085","https://scholar.google.com/scholar?cites=11778830285600838344&as_sdt=2005&sciodt=0,5&hl=en",8,"2022-08-15 21:28:05","","10.1111/1468-0084.00085",NA,NA,NA,NA,NA,NA,120,5,120,1,24,"… In the next section, I describe the institutional setting of the Austrian unemployment insurance system and the legal changes forming the quasiexperiment. Section III presents first a …","","https://scholar.google.com/scholar?q=related:yNLZ4rzPdqMJ:scholar.google.com/&scioq=duration+%22standard+error%22%7C%22standard+errors%22%7Cpbd%7C%22benefit+duration%22%7Cwba%7C%22weekly+benefit+amount%22%7C%22replacement+rate%22+%22unemployment+insurance%22&hl=en&as_sdt=0,5"
81,"RD Milbourne, DD Purvis, WD Scoones","Unemployment insurance and unemployment dynamics",1991,"Canadian journal of economics","JSTOR","https://www.jstor.org/stable/135694","https://scholar.google.com/scholar?cites=13295798415133269077&as_sdt=2005&sciodt=0,5&hl=en",325,"2022-08-15 21:28:05","","",NA,NA,NA,NA,NA,NA,81,2.61,27,3,31,"… is appropriate, since this is the rate upon which unemployment benefit duration is based. … quadratic time trend variables. The maximum unemployment insurance benefit duration series …","","https://scholar.google.com/scholar?q=related:VVw44zYqhLgJ:scholar.google.com/&scioq=duration+%22standard+error%22%7C%22standard+errors%22%7Cpbd%7C%22benefit+duration%22%7Cwba%7C%22weekly+benefit+amount%22%7C%22replacement+rate%22+%22unemployment+insurance%22&hl=en&as_sdt=0,5"
4,"RG Campos, I Reggio","Optimal unemployment insurance: Consumption versus expenditure",2016,"Labour Economics","Elsevier","https://www.sciencedirect.com/science/article/pii/S0927537115001232","https://scholar.google.com/scholar?cites=16197130313258702173&as_sdt=2005&sciodt=0,5&hl=en",480,"2022-08-15 21:28:05","","",NA,NA,NA,NA,NA,NA,4,0.67,2,2,6,"… For example, for a level of relative risk-aversion of 3, the optimal replacement rate according to the … use for their time, we focus in more detail on the allocation of time when unemployed. …","https://e-archivo.uc3m.es/bitstream/handle/10016/20042/we1502.pdf?sequence=1","https://scholar.google.com/scholar?q=related:XRV_LjTEx-AJ:scholar.google.com/&scioq=duration+%22standard+error%22%7C%22standard+errors%22%7Cpbd%7C%22benefit+duration%22%7Cwba%7C%22weekly+benefit+amount%22%7C%22replacement+rate%22+%22unemployment+insurance%22&hl=en&as_sdt=0,5"
37,"RG Valletta","Recent extensions of US unemployment benefits: search responses in alternative labor market states",2014,"IZA Journal of Labor Policy","izajolp.springeropen.com","https://izajolp.springeropen.com/articles/10.1186/2193-9004-3-18","https://scholar.google.com/scholar?cites=7042767541640544086&as_sdt=2005&sciodt=0,5&hl=en",301,"2022-08-15 21:28:05","HTML","10.1186/2193-9004-3-18",NA,NA,NA,NA,NA,NA,37,4.63,37,1,8,"… During the recent “Great Recession” and its aftermath, unemployment insurance (UI) … does not enable direct estimation of the response of unemployment duration to benefit duration. …","https://izajolp.springeropen.com/articles/10.1186/2193-9004-3-18","https://scholar.google.com/scholar?q=related:Vr8i08PvvGEJ:scholar.google.com/&scioq=duration+%22standard+error%22%7C%22standard+errors%22%7Cpbd%7C%22benefit+duration%22%7Cwba%7C%22weekly+benefit+amount%22%7C%22replacement+rate%22+%22unemployment+insurance%22&hl=en&as_sdt=0,5"
425,"RH Topel","On layoffs and unemployment insurance",1983,"The American Economic Review","JSTOR","https://www.jstor.org/stable/1816558","https://scholar.google.com/scholar?cites=18146586322844039707&as_sdt=2005&sciodt=0,5&hl=en",388,"2022-08-15 21:28:05","","",NA,NA,NA,NA,NA,NA,425,10.9,425,1,39,"… of providing and financing unemployment insurance (UI) affect the … , thus increasing the average duration of unemployment spells.' In … induced by a weekly benefit amount of $b is simply …","","https://scholar.google.com/scholar?q=related:G7oUqx2g1fsJ:scholar.google.com/&scioq=duration+%22standard+error%22%7C%22standard+errors%22%7Cpbd%7C%22benefit+duration%22%7Cwba%7C%22weekly+benefit+amount%22%7C%22replacement+rate%22+%22unemployment+insurance%22&hl=en&as_sdt=0,5"
240,"RH Topel","Equilibrium earnings, turnover, and unemployment: New evidence",1984,"Journal of Labor Economics","journals.uchicago.edu","https://www.journals.uchicago.edu/doi/abs/10.1086/298044","https://scholar.google.com/scholar?cites=15566594848330084221&as_sdt=2005&sciodt=0,5&hl=en",459,"2022-08-15 21:28:05","","10.1086/298044",NA,NA,NA,NA,NA,NA,240,6.32,240,1,38,"… between unemployment and the unemployment insurance replacement rate, R, for which a … this paper is that unemployment insurance increases both the frequency and the duration of …","","https://scholar.google.com/scholar?q=related:fe8jCYqnB9gJ:scholar.google.com/&scioq=duration+%22standard+error%22%7C%22standard+errors%22%7Cpbd%7C%22benefit+duration%22%7Cwba%7C%22weekly+benefit+amount%22%7C%22replacement+rate%22+%22unemployment+insurance%22&hl=en&as_sdt=0,5"
32,"RL Crosslin, DW Stevens","The asking wage-duration of unemployment relation revisited",1977,"Southern Economic Journal","JSTOR","https://www.jstor.org/stable/1057786","https://scholar.google.com/scholar?cites=5785655183664935278&as_sdt=2005&sciodt=0,5&hl=en",357,"2022-08-15 21:28:05","","",NA,NA,NA,NA,NA,NA,32,0.71,16,2,45,"… ) of the unemployment insurance benefits that … weekly benefit amount implies a lesser willingness or opportunity for this group to make downward adjustments in asking wages over time…","","https://scholar.google.com/scholar?q=related:bvE-X7zGSlAJ:scholar.google.com/&scioq=duration+%22standard+error%22%7C%22standard+errors%22%7Cpbd%7C%22benefit+duration%22%7Cwba%7C%22weekly+benefit+amount%22%7C%22replacement+rate%22+%22unemployment+insurance%22&hl=en&as_sdt=0,5"
396,"RM Blank, DE Card","Recent trends in insured and uninsured unemployment: Is there an explanation?",1991,"The Quarterly Journal of Economics","academic.oup.com","https://academic.oup.com/qje/article-abstract/106/4/1157/1873409","https://scholar.google.com/scholar?cites=182594581431917406&as_sdt=2005&sciodt=0,5&hl=en",311,"2022-08-15 21:28:05","","",NA,NA,NA,NA,NA,NA,396,12.77,198,2,31,"… A key indicator of the unemployment insurance system that … of the base period, or to account for individual variation in … We were concerned that the average replacement rate may be an …","https://www.nber.org/system/files/working_papers/w2871/w2871.pdf","https://scholar.google.com/scholar?q=related:Xhsp7M20iAIJ:scholar.google.com/&scioq=duration+%22standard+error%22%7C%22standard+errors%22%7Cpbd%7C%22benefit+duration%22%7Cwba%7C%22weekly+benefit+amount%22%7C%22replacement+rate%22+%22unemployment+insurance%22&hl=en&as_sdt=0,5"
19,"RM Gritz, T MaCurdy","Unemployment compensation and episodes of nonemployment",1992,"Empirical Economics","Springer","https://link.springer.com/article/10.1007/BF01192483","https://scholar.google.com/scholar?cites=9992508885555731785&as_sdt=2005&sciodt=0,5&hl=en",174,"2022-08-15 21:28:05","","10.1007/BF01192483",NA,NA,NA,NA,NA,NA,19,0.63,10,2,30,"… of unemployment insurance (UI) on the length of nonemployment spells experienced by young workers. The analysis introduces a flexible duration … Our findings on the WBA effect are …","","https://scholar.google.com/scholar?q=related:Sd17iuOFrIoJ:scholar.google.com/&scioq=duration+%22standard+error%22%7C%22standard+errors%22%7Cpbd%7C%22benefit+duration%22%7Cwba%7C%22weekly+benefit+amount%22%7C%22replacement+rate%22+%22unemployment+insurance%22&hl=en&as_sdt=0,5"
27,"RM Gritz, T MaCurdy","Measuring the influence of unemployment insurance on unemployment experiences",1997,"Journal of Business & Economic Statistics","Taylor & Francis","https://www.tandfonline.com/doi/abs/10.1080/07350015.1997.10524696","https://scholar.google.com/scholar?cites=8508086620214728624&as_sdt=2005&sciodt=0,5&hl=en",190,"2022-08-15 21:28:05","","10.1080/07350015.1997.10524696",NA,NA,NA,NA,NA,NA,27,1.08,14,2,25,"… effects of unemployment insurance (U!) policiev on the amount of time and unemployment that … in this article to estimate UI WBA and WE. Regimes R2 and Ry inlpose more strin-. effects. …","https://amstat.tandfonline.com/doi/pdf/10.1080/07350015.1997.10524696","https://scholar.google.com/scholar?q=related:sBcnDLTLEnYJ:scholar.google.com/&scioq=duration+%22standard+error%22%7C%22standard+errors%22%7Cpbd%7C%22benefit+duration%22%7Cwba%7C%22weekly+benefit+amount%22%7C%22replacement+rate%22+%22unemployment+insurance%22&hl=en&as_sdt=0,5"
90,"RPH Fishe","Unemployment insurance and the reservation wage of the unemployed",1982,"The Review of Economics and Statistics","JSTOR","https://www.jstor.org/stable/1937938","https://scholar.google.com/scholar?cites=3403666652388707377&as_sdt=2005&sciodt=0,5&hl=en",175,"2022-08-15 21:28:05","","",NA,NA,NA,NA,NA,NA,90,2.25,90,1,40,"… The remaining UI variables are time period dummies measuring the effects of shifts in Florida's maximum potential weekly benefit amount. It should be noted that by excluding these vari…","","https://scholar.google.com/scholar?q=related:Mcx4dclAPC8J:scholar.google.com/&scioq=duration+%22standard+error%22%7C%22standard+errors%22%7Cpbd%7C%22benefit+duration%22%7Cwba%7C%22weekly+benefit+amount%22%7C%22replacement+rate%22+%22unemployment+insurance%22&hl=en&as_sdt=0,5"
9,"S Auray, DL Fuller","Eligibility, experience rating, and unemployment insurance take‐up",2020,"Quantitative Economics","Wiley Online Library","https://onlinelibrary.wiley.com/doi/abs/10.3982/QE940","https://scholar.google.com/scholar?cites=2897509490607054436&as_sdt=2005&sciodt=0,5&hl=en",309,"2022-08-15 21:28:05","","10.3982/QE940",NA,NA,NA,NA,NA,NA,9,4.5,5,2,2,"… Specifically, we consider changes in the UI replacement rate … to increases in the UI replacement rate when the costs of … related to the replacement rate and the average duration of …","https://onlinelibrary.wiley.com/doi/pdf/10.3982/QE940","https://scholar.google.com/scholar?q=related:ZN70sIcFNigJ:scholar.google.com/&scioq=duration+%22standard+error%22%7C%22standard+errors%22%7Cpbd%7C%22benefit+duration%22%7Cwba%7C%22weekly+benefit+amount%22%7C%22replacement+rate%22+%22unemployment+insurance%22&hl=en&as_sdt=0,5"
47,"S Auray, DL Fuller, D Lkhagvasuren","Unemployment insurance take-up rates in an equilibrium search model",2019,"European Economic Review","Elsevier","https://www.sciencedirect.com/science/article/pii/S0014292118301855","https://scholar.google.com/scholar?cites=12033086066230599033&as_sdt=2005&sciodt=0,5&hl=en",129,"2022-08-15 21:28:05","","",NA,NA,NA,NA,NA,NA,47,15.67,16,3,3,"… period earnings to exceed 40 times the WBA. In this case, an individual with a WBA of $200 per week would need total base period … must be earned in the base period. For example, in …","https://spectrum.library.concordia.ca/id/eprint/984723/1/Unemployment-Insurance-Take-up-Rates-in-an-Equilibri_2018_European-Economic-.pdf","https://scholar.google.com/scholar?q=related:eZ1g8QUc_qYJ:scholar.google.com/&scioq=duration+%22standard+error%22%7C%22standard+errors%22%7Cpbd%7C%22benefit+duration%22%7Cwba%7C%22weekly+benefit+amount%22%7C%22replacement+rate%22+%22unemployment+insurance%22&hl=en&as_sdt=0,5"
0,"S Birinci, K See, A Data","Labor Market Responses to Unemployment Insurance: The Role of Heterogeneity Online Appendix",NA,"aeaweb.org","","https://www.aeaweb.org/articles/attachments?retrieve=iMo4EaNO7Ew0kb9jo0TEB-8QlXoFH3YJ","",565,"2022-08-15 21:28:05","","",NA,NA,NA,NA,NA,NA,0,0,0,3,NA,"… are ranked by their base period AWW. Figure A1 shows that our calibrated replacement-rate function closely tracks the declining profile of the replacement rate in AWW observed in the …","",""
17,"S Choi, A Valladares‐Esteban","On households and unemployment insurance",2020,"Quantitative Economics","Wiley Online Library","https://onlinelibrary.wiley.com/doi/abs/10.3982/QE865","https://scholar.google.com/scholar?cites=1128700199212880455&as_sdt=2005&sciodt=0,5&hl=en",945,"2022-08-15 21:28:05","","10.3982/QE865",NA,NA,NA,NA,NA,NA,17,8.5,9,2,2,"… program, and balances its budget period by period. We … The UI policy is defined by two parameters: a replacement rate b … unemployment insurance is defined by a replacement rate of …","https://onlinelibrary.wiley.com/doi/pdf/10.3982/QE865","https://scholar.google.com/scholar?q=related:RxL_39nyqQ8J:scholar.google.com/&scioq=duration+%22standard+error%22%7C%22standard+errors%22%7Cpbd%7C%22benefit+duration%22%7Cwba%7C%22weekly+benefit+amount%22%7C%22replacement+rate%22+%22unemployment+insurance%22&hl=en&as_sdt=0,5"
37,"S DellaVigna, J Heining, JF Schmieder…","Evidence on job search models from a survey of unemployed workers in germany",2022,"The Quarterly Journal …","academic.oup.com","https://academic.oup.com/qje/article-abstract/137/2/1181/6413570","https://scholar.google.com/scholar?cites=18257230611962571682&as_sdt=2005&sciodt=0,5&hl=en",564,"2022-08-15 21:28:05","","",NA,NA,NA,NA,NA,NA,37,37,9,4,1,"… , creating a spike at unemployment insurance (UI) exhaustion. … PBD × D cell in the exact time since entering UI at the time of … a PBD × D cell as if their unemployment duration at the time …","https://www.econstor.eu/bitstream/10419/216501/1/dp13189.pdf","https://scholar.google.com/scholar?q=related:oqtquIK2Xv0J:scholar.google.com/&scioq=duration+%22standard+error%22%7C%22standard+errors%22%7Cpbd%7C%22benefit+duration%22%7Cwba%7C%22weekly+benefit+amount%22%7C%22replacement+rate%22+%22unemployment+insurance%22&hl=en&as_sdt=0,5"
38,"S Dieterle, O Bartalotti, Q Brummet","Revisiting the effects of unemployment insurance extensions on unemployment: A measurement-error-corrected regression discontinuity approach",2020,"American Economic Journal …","aeaweb.org","https://www.aeaweb.org/articles?id=10.1257/pol.20160439","https://scholar.google.com/scholar?cites=3809654461363503403&as_sdt=2005&sciodt=0,5&hl=en",120,"2022-08-15 21:28:05","","",NA,NA,NA,NA,NA,NA,38,19,13,3,2,"… We rely on two sources for the UI benefit duration variables. First, we use the data compiled by Rothstein (2011b) for the period 2005–2010, and we code the final year from the trigger …","https://www.econstor.eu/bitstream/10419/180514/1/dp11496.pdf","https://scholar.google.com/scholar?q=related:K8GNVoyc3jQJ:scholar.google.com/&scioq=duration+%22standard+error%22%7C%22standard+errors%22%7Cpbd%7C%22benefit+duration%22%7Cwba%7C%22weekly+benefit+amount%22%7C%22replacement+rate%22+%22unemployment+insurance%22&hl=en&as_sdt=0,5"
21,"S Ek, B Holmlund","Part-time unemployment and optimal unemployment insurance",2015,"International Tax and Public Finance","Springer","https://link.springer.com/article/10.1007/s10797-013-9301-0","https://scholar.google.com/scholar?cites=10647749819605064775&as_sdt=2005&sciodt=0,5&hl=en",228,"2022-08-15 21:28:05","","10.1007/s10797-013-9301-0",NA,NA,NA,NA,NA,NA,21,3,11,2,7,"… design of optimal unemployment insurance in an economy with unemployment as well as part-time … We set the replacement rate to \(0.3\) for the unemployed as well as for part-timers to …","https://www.econstor.eu/bitstream/10419/82607/1/653681291.pdf","https://scholar.google.com/scholar?q=related:RxzK9gtoxJMJ:scholar.google.com/&scioq=duration+%22standard+error%22%7C%22standard+errors%22%7Cpbd%7C%22benefit+duration%22%7Cwba%7C%22weekly+benefit+amount%22%7C%22replacement+rate%22+%22unemployment+insurance%22&hl=en&as_sdt=0,5"
18,"S Ek, B Holmlund","Family job search, wage bargaining, and optimal unemployment insurance",2010,"The BE Journal of Economic Analysis & Policy","degruyter.com","https://www.degruyter.com/document/doi/10.2202/1935-1682.2501/html","https://scholar.google.com/scholar?cites=11400019244117344808&as_sdt=2005&sciodt=0,5&hl=en",859,"2022-08-15 21:28:05","","10.2202/1935-1682.2501",NA,NA,NA,NA,NA,NA,18,1.5,9,2,12,"… The replacement rate must thus be set unrealistically low in order to generate spousal … duration of vacancies, 1/q(θ), and the expected duration of unemployment, 1/α(θ); the duration of …","https://www.econstor.eu/bitstream/10419/30743/1/619887737.pdf","https://scholar.google.com/scholar?q=related:KEI7RhoBNZ4J:scholar.google.com/&scioq=duration+%22standard+error%22%7C%22standard+errors%22%7Cpbd%7C%22benefit+duration%22%7Cwba%7C%22weekly+benefit+amount%22%7C%22replacement+rate%22+%22unemployment+insurance%22&hl=en&as_sdt=0,5"
1,"S Jurajda","Unemployment outflow and unemployment insurance taxes",1999,"CERGE-EI Working Paper","papers.ssrn.com","https://papers.ssrn.com/sol3/papers.cfm?abstract_id=182751","https://scholar.google.com/scholar?cites=167347464335390867&as_sdt=2005&sciodt=0,5&hl=en",916,"2022-08-15 21:28:05","","",NA,NA,NA,NA,NA,NA,1,0.04,1,1,23,"… UI financing system on the duration of unemployment. Using … Column (2) presents estimates including the MTC*WBA … When we enter the MTC alone, not interacted with the WBA, its …","","https://scholar.google.com/scholar?q=related:k_jF1aGJUgIJ:scholar.google.com/&scioq=duration+%22standard+error%22%7C%22standard+errors%22%7Cpbd%7C%22benefit+duration%22%7Cwba%7C%22weekly+benefit+amount%22%7C%22replacement+rate%22+%22unemployment+insurance%22&hl=en&as_sdt=0,5"
73,"S Jäger, B Schoefer, S Young…","Wages and the Value of Nonemployment",2020,"The Quarterly Journal of …","academic.oup.com","https://academic.oup.com/qje/article-abstract/135/4/1905/5838866","https://scholar.google.com/scholar?cites=2636764757515995418&as_sdt=2005&sciodt=0,5&hl=en",735,"2022-08-15 21:28:05","","",NA,NA,NA,NA,NA,NA,73,36.5,18,4,2,"… arising from changes in unemployment insurance benefit (UIB… Moreover, much of the literature focuses on benefit duration … of time a worker would spend on unemployment insurance |$\…","https://www.nber.org/system/files/working_papers/w25230/w25230.pdf","https://scholar.google.com/scholar?q=related:GokCqJOrlyQJ:scholar.google.com/&scioq=duration+%22standard+error%22%7C%22standard+errors%22%7Cpbd%7C%22benefit+duration%22%7Cwba%7C%22weekly+benefit+amount%22%7C%22replacement+rate%22+%22unemployment+insurance%22&hl=en&as_sdt=0,5"
32,"S Koehne, M Kuhn","Should unemployment insurance be asset tested?",2015,"Review of Economic Dynamics","Elsevier","https://www.sciencedirect.com/science/article/pii/S1094202514000544","https://scholar.google.com/scholar?cites=14294730105788108594&as_sdt=2005&sciodt=0,5&hl=en",263,"2022-08-15 21:28:05","","",NA,NA,NA,NA,NA,NA,32,4.57,16,2,7,"… We consider a two-period model with two agents who differ in their … a replacement rate of 50 percent to be close to optimal, so we conclude that the current US unemployment insurance …","https://www.econstor.eu/bitstream/10419/66056/1/VfS_2012_pid_115.pdf","https://scholar.google.com/scholar?q=related:Mg-VY0sVYcYJ:scholar.google.com/&scioq=duration+%22standard+error%22%7C%22standard+errors%22%7Cpbd%7C%22benefit+duration%22%7Cwba%7C%22weekly+benefit+amount%22%7C%22replacement+rate%22+%22unemployment+insurance%22&hl=en&as_sdt=0,5"
77,"S LaLumia","The EITC, tax refunds, and unemployment spells",2013,"American Economic Journal: Economic Policy","aeaweb.org","https://www.aeaweb.org/aej-policy/accepted_single.php?id=995&jrnl=pol","https://scholar.google.com/scholar?cites=9312106514557686245&as_sdt=2005&sciodt=0,5&hl=en",430,"2022-08-15 21:28:05","","",NA,NA,NA,NA,NA,NA,77,8.56,77,1,9,"… lower than average rates of unemployment insurance (UI) receipt … in this parameter over the time period I consider. Almost all state … own WBA with annual state average WBA amounts. …","http://citeseerx.ist.psu.edu/viewdoc/download?doi=10.1.1.362.7048&rep=rep1&type=pdf","https://scholar.google.com/scholar?q=related:5dHPjok_O4EJ:scholar.google.com/&scioq=duration+%22standard+error%22%7C%22standard+errors%22%7Cpbd%7C%22benefit+duration%22%7Cwba%7C%22weekly+benefit+amount%22%7C%22replacement+rate%22+%22unemployment+insurance%22&hl=en&as_sdt=0,5"
30,"S Lindner","How do unemployment insurance benefits affect the decision to apply for social security disability insurance?",2016,"Journal of Human Resources","jhr.uwpress.org","http://jhr.uwpress.org/content/51/1/62.short","https://scholar.google.com/scholar?cites=13098722996721173806&as_sdt=2005&sciodt=0,5&hl=en",277,"2022-08-15 21:28:05","","",NA,NA,NA,NA,NA,NA,30,5,30,1,6,"… filing of a claim as the base period, which is the period for which a claimant’s … replacement rate was reduced from 56 percent to 50 percent in 1993. An increase in the replacement rate …","","https://scholar.google.com/scholar?q=related:LkXOXioDyLUJ:scholar.google.com/&scioq=duration+%22standard+error%22%7C%22standard+errors%22%7Cpbd%7C%22benefit+duration%22%7Cwba%7C%22weekly+benefit+amount%22%7C%22replacement+rate%22+%22unemployment+insurance%22&hl=en&as_sdt=0,5"
42,"S Moyen, N Stähler, F Winkler","Optimal unemployment insurance and international risk sharing",2019,"European Economic Review","Elsevier","https://www.sciencedirect.com/science/article/pii/S0014292119300443","https://scholar.google.com/scholar?cites=13165545793029068139&as_sdt=2005&sciodt=0,5&hl=en",222,"2022-08-15 21:28:05","","",NA,NA,NA,NA,NA,NA,42,14,14,3,3,"… , we show that the optimal replacement rate becomes more countercyclical relative to a … -period version of our model to derive two new results on optimal unemployment insurance. …","https://www.econstor.eu/bitstream/10419/146307/1/867810653.pdf","https://scholar.google.com/scholar?q=related:a9WiCyVqtbYJ:scholar.google.com/&scioq=duration+%22standard+error%22%7C%22standard+errors%22%7Cpbd%7C%22benefit+duration%22%7Cwba%7C%22weekly+benefit+amount%22%7C%22replacement+rate%22+%22unemployment+insurance%22&hl=en&as_sdt=0,5"
12,"S Pallage, C Zimmermann","On voters' attitudes towards unemployment insurance subsidies across regions: a Canadian simulation",2006,"Journal of Population Economics","Springer","https://link.springer.com/article/10.1007/s00148-005-0028-9","https://scholar.google.com/scholar?cites=13574407567291070566&as_sdt=2005&sciodt=0,5&hl=en",787,"2022-08-15 21:28:05","","10.1007/s00148-005-0028-9",NA,NA,NA,NA,NA,NA,12,0.75,6,2,16,"… The Canadian unemployment insurance (UI) … the unemployment insurance program entails the highest generosity. While the replacement rate is invariant across regions, the duration of …","https://opencommons.uconn.edu/cgi/viewcontent.cgi?article=1147&context=econ_wpapers","https://scholar.google.com/scholar?q=related:ZjjCHMP7YbwJ:scholar.google.com/&scioq=duration+%22standard+error%22%7C%22standard+errors%22%7Cpbd%7C%22benefit+duration%22%7Cwba%7C%22weekly+benefit+amount%22%7C%22replacement+rate%22+%22unemployment+insurance%22&hl=en&as_sdt=0,5"
202,"S Staubli","The impact of stricter criteria for disability insurance on labor force participation",2011,"Journal of Public Economics","Elsevier","https://www.sciencedirect.com/science/article/pii/S0047272711000806","https://scholar.google.com/scholar?cites=11571065240268224315&as_sdt=2005&sciodt=0,5&hl=en",932,"2022-08-15 21:28:05","","",NA,NA,NA,NA,NA,NA,202,18.36,202,1,11,"… that individuals can claim unemployment insurance (UI) or … Because the potential DI replacement rate decreases with respect to … across time, which may result in an underestimation of …","https://www.ncbi.nlm.nih.gov/pmc/articles/PMC3160545/","https://scholar.google.com/scholar?q=related:O7cOp4eulKAJ:scholar.google.com/&scioq=duration+%22standard+error%22%7C%22standard+errors%22%7Cpbd%7C%22benefit+duration%22%7Cwba%7C%22weekly+benefit+amount%22%7C%22replacement+rate%22+%22unemployment+insurance%22&hl=en&as_sdt=0,5"
20,"S Strøm","Comment on B. Holmlund,"" Unemployment Insurance in Theory and Practice""",1998,"The Scandinavian Journal of Economics","JSTOR","https://www.jstor.org/stable/3440766","https://scholar.google.com/scholar?cites=14017024665878415698&as_sdt=2005&sciodt=0,5&hl=en",273,"2022-08-15 21:28:05","","",NA,NA,NA,NA,NA,NA,20,0.83,20,1,24,"… economy aspects of unemployment insurance. Empirical … , between unemployment insurance and unemployment duration. … replacement rate elasticity will most likely be further reduced. …","","https://scholar.google.com/scholar?q=related:UkmSEat5hsIJ:scholar.google.com/&scioq=duration+%22standard+error%22%7C%22standard+errors%22%7Cpbd%7C%22benefit+duration%22%7Cwba%7C%22weekly+benefit+amount%22%7C%22replacement+rate%22+%22unemployment+insurance%22&hl=en&as_sdt=0,5"
42,"S Tuit, JC van Ours","How changes in unemployment benefit duration affect the inflow into unemployment",2010,"Economics Letters","Elsevier","https://www.sciencedirect.com/science/article/pii/S0165176510002776","https://scholar.google.com/scholar?cites=13651309646524362822&as_sdt=2005&sciodt=0,5&hl=en",10,"2022-08-15 21:28:05","","",NA,NA,NA,NA,NA,NA,42,3.5,21,2,12,"… on the effects of unemployment insurance (UI) usually … both the level and the duration of the unemployment benefits. … points in time to indicate the change in potential benefit duration. …","https://www.econstor.eu/bitstream/10419/36100/1/619061898.pdf","https://scholar.google.com/scholar?q=related:RrDyt8sxc70J:scholar.google.com/&scioq=duration+%22standard+error%22%7C%22standard+errors%22%7Cpbd%7C%22benefit+duration%22%7Cwba%7C%22weekly+benefit+amount%22%7C%22replacement+rate%22+%22unemployment+insurance%22&hl=en&as_sdt=0,5"
10,"SA Horowitz","A model of unemployment insurance and the work test",1977,"ILR Review","journals.sagepub.com","https://journals.sagepub.com/doi/pdf/10.1177/001979397703000403","https://scholar.google.com/scholar?cites=6727899977100672629&as_sdt=2005&sciodt=0,5&hl=en",705,"2022-08-15 21:28:05","","10.1177/001979397703000403",NA,NA,NA,NA,NA,NA,10,0.22,10,1,45,"… biased measures of the incentive effects of unemployment insurance. In order to circumvent … The exhaustion rate, 8, is clearly a function of maximum benefit duration. The requirement …","","https://scholar.google.com/scholar?q=related:db5xG2JNXl0J:scholar.google.com/&scioq=duration+%22standard+error%22%7C%22standard+errors%22%7Cpbd%7C%22benefit+duration%22%7Cwba%7C%22weekly+benefit+amount%22%7C%22replacement+rate%22+%22unemployment+insurance%22&hl=en&as_sdt=0,5"
36,"SA Rea Jr","Unemployment insurance and labour supply: a simulation of the 1971 Unemployment Insurance Act",1977,"Canadian Journal of Economics","JSTOR","https://www.jstor.org/stable/134443","https://scholar.google.com/scholar?cites=4400932899008005574&as_sdt=2005&sciodt=0,5&hl=en",474,"2022-08-15 21:28:05","","",NA,NA,NA,NA,NA,NA,36,0.8,36,1,45,"… Additional weeks of work do not increase benefit duration until fifteen weeks 5 There will be many who work full-time regardless of the program because k is low or because they have a …","","https://scholar.google.com/scholar?q=related:xsWzjSdBEz0J:scholar.google.com/&scioq=duration+%22standard+error%22%7C%22standard+errors%22%7Cpbd%7C%22benefit+duration%22%7Cwba%7C%22weekly+benefit+amount%22%7C%22replacement+rate%22+%22unemployment+insurance%22&hl=en&as_sdt=0,5"
317,"SA Woodbury, RG Spiegelman","Bonuses to workers and employers to reduce unemployment: Randomized trials in Illinois",1987,"The American Economic Review","JSTOR","https://www.jstor.org/stable/1814528","https://scholar.google.com/scholar?cites=4927087215370931750&as_sdt=2005&sciodt=0,5&hl=en",335,"2022-08-15 21:28:05","","",NA,NA,NA,NA,NA,NA,317,9.06,159,2,35,"… New claimants for Unemployment Insurance were randomly assigned to one of two … 10 For mean earnings in the base period, the standard error of the difference between either …","https://www.academia.edu/download/74305597/Woodbury_Spiegelman874.20.pdf","https://scholar.google.com/scholar?q=related:Jo6NsbeHYEQJ:scholar.google.com/&scioq=duration+%22standard+error%22%7C%22standard+errors%22%7Cpbd%7C%22benefit+duration%22%7Cwba%7C%22weekly+benefit+amount%22%7C%22replacement+rate%22+%22unemployment+insurance%22&hl=en&as_sdt=0,5"
12,"SG Craig, MG Palumbo","Policy interaction in the provision of unemployment insurance and low‐income assistance by state governments",1999,"Journal of Regional Science","Wiley Online Library","https://onlinelibrary.wiley.com/doi/abs/10.1111/1467-9787.00133","https://scholar.google.com/scholar?cites=14686032026433866450&as_sdt=2005&sciodt=0,5&hl=en",517,"2022-08-15 21:28:05","","10.1111/1467-9787.00133",NA,NA,NA,NA,NA,NA,12,0.52,6,2,23,"… standard error estimates because there are not yet accessible econometric methods for incorporating autocorrelation (across time … terms our 2SLS standard errors would be understated …","","https://scholar.google.com/scholar?q=related:0sqZb1FEz8sJ:scholar.google.com/&scioq=duration+%22standard+error%22%7C%22standard+errors%22%7Cpbd%7C%22benefit+duration%22%7Cwba%7C%22weekly+benefit+amount%22%7C%22replacement+rate%22+%22unemployment+insurance%22&hl=en&as_sdt=0,5"
151,"SR Baker, A Fradkin","The impact of unemployment insurance on job search: Evidence from Google search data",2017,"Review of Economics and Statistics","direct.mit.edu","https://direct.mit.edu/rest/article-abstract/99/5/756/58430","https://scholar.google.com/scholar?cites=13744015496284498431&as_sdt=2005&sciodt=0,5&hl=en",13,"2022-08-15 21:28:05","","",NA,NA,NA,NA,NA,NA,151,30.2,76,2,5,"… in unemployment insurance policy in the period between 2005 and 2014. We find that job search does respond to the potential benefit duration (PBD) of unemployment insurance. …","https://scholar.google.comftp://dlib.info/opt/ReDIF/RePEc/sip/12-018.pdf","https://scholar.google.com/scholar?q=related:_2mAY0aNvL4J:scholar.google.com/&scioq=duration+%22standard+error%22%7C%22standard+errors%22%7Cpbd%7C%22benefit+duration%22%7Cwba%7C%22weekly+benefit+amount%22%7C%22replacement+rate%22+%22unemployment+insurance%22&hl=en&as_sdt=0,5"
185,"SRG Jones","The relationship between unemployment spells and reservation wages as a test of search theory",1988,"The Quarterly Journal of Economics","academic.oup.com","https://academic.oup.com/qje/article-abstract/103/4/741/1942307","https://scholar.google.com/scholar?cites=8014922458304210963&as_sdt=2005&sciodt=0,5&hl=en",957,"2022-08-15 21:28:05","","",NA,NA,NA,NA,NA,NA,185,5.44,185,1,34,"… In particular, we shall use cost of search variables, especially unemployment insurance … estimates from the full sample, but the standard errors also rise markedly, and we cannot reject …","","https://scholar.google.com/scholar?q=related:E-iFzYK5Om8J:scholar.google.com/&scioq=duration+%22standard+error%22%7C%22standard+errors%22%7Cpbd%7C%22benefit+duration%22%7Cwba%7C%22weekly+benefit+amount%22%7C%22replacement+rate%22+%22unemployment+insurance%22&hl=en&as_sdt=0,5"
402,"ST Marston","Two views of the geographic distribution of unemployment",1985,"The Quarterly Journal of Economics","academic.oup.com","https://academic.oup.com/qje/article-abstract/100/1/57/1879189","https://scholar.google.com/scholar?cites=4003787382018785446&as_sdt=2005&sciodt=0,5&hl=en",941,"2022-08-15 21:28:05","","",NA,NA,NA,NA,NA,NA,402,10.86,402,1,37,"… , high wages, and high unemployment insurance. It argues that … The length of the sample period is important because the … including multiple estimates and standard errors that cannot be …","","https://scholar.google.com/scholar?q=related:psBrNWlPkDcJ:scholar.google.com/&scioq=duration+%22standard+error%22%7C%22standard+errors%22%7Cpbd%7C%22benefit+duration%22%7Cwba%7C%22weekly+benefit+amount%22%7C%22replacement+rate%22+%22unemployment+insurance%22&hl=en&as_sdt=0,5"
109,"ST Marston, RE Hall, CC Holt, MS Feldstein","The impact of unemployment insurance on job search",1975,"Brookings Papers on …","JSTOR","https://www.jstor.org/stable/2534059","https://scholar.google.com/scholar?cites=1298691811269101282&as_sdt=2005&sciodt=0,5&hl=en",736,"2022-08-15 21:28:05","","",NA,NA,NA,NA,NA,NA,109,2.32,27,4,47,"… by unemployment insurance for a specified minimum period and … replacement rate is uncertain, but it must lie between one-half and twothirds. Thus, while unemployment insurance …","","https://scholar.google.com/scholar?q=related:4kZnU1LhBRIJ:scholar.google.com/&scioq=duration+%22standard+error%22%7C%22standard+errors%22%7Cpbd%7C%22benefit+duration%22%7Cwba%7C%22weekly+benefit+amount%22%7C%22replacement+rate%22+%22unemployment+insurance%22&hl=en&as_sdt=0,5"
10,"T Ahn","Assessing the effects of reemployment bonuses on job search: a regression discontinuity approach",2018,"Journal of Public Economics","Elsevier","https://www.sciencedirect.com/science/article/pii/S0047272718301282","https://scholar.google.com/scholar?cites=15031448448659268649&as_sdt=2005&sciodt=0,5&hl=en",509,"2022-08-15 21:28:05","","",NA,NA,NA,NA,NA,NA,10,2.5,10,1,4,"… to unemployment insurance (UI) recipients who find a job within a specified period, using … the bonus path of an individual with maximum benefit duration of 180 days (6 months) as an …","","https://scholar.google.com/scholar?q=related:KaTuWblumtAJ:scholar.google.com/&scioq=duration+%22standard+error%22%7C%22standard+errors%22%7Cpbd%7C%22benefit+duration%22%7Cwba%7C%22weekly+benefit+amount%22%7C%22replacement+rate%22+%22unemployment+insurance%22&hl=en&as_sdt=0,5"
88,"T Ferrarini, K Nelson, W Korpi…","Social citizenship rights and social insurance replacement rate validity: pitfalls and possibilities",2013,"Journal of European Public …","Taylor & Francis","https://www.tandfonline.com/doi/abs/10.1080/13501763.2013.822907","https://scholar.google.com/scholar?cites=7558137172758985435&as_sdt=2005&sciodt=0,5&hl=en",45,"2022-08-15 21:28:05","","10.1080/13501763.2013.822907",NA,NA,NA,NA,NA,NA,88,9.78,22,4,9,"… sickness and unemployment insurance replacement rates in … 1960s, duration of sickness and unemployment insurance in … and the United States for unemployment insurance. In the …","https://www.researchgate.net/profile/Kenneth-Nelson-4/publication/263193787_Social_citizenship_rights_and_social_insurance_replacement_rate_validity_Pitfalls_and_possibilities/links/5dbaa11ea6fdcc2128f0e4fa/Social-citizenship-rights-and-social-insurance-replacement-rate-validity-Pitfalls-and-possibilities.pdf","https://scholar.google.com/scholar?q=related:23r5wbbl42gJ:scholar.google.com/&scioq=duration+%22standard+error%22%7C%22standard+errors%22%7Cpbd%7C%22benefit+duration%22%7Cwba%7C%22weekly+benefit+amount%22%7C%22replacement+rate%22+%22unemployment+insurance%22&hl=en&as_sdt=0,5"
84,"T Kyyrä","Partial unemployment insurance benefits and the transition rate to regular work",2010,"European economic review","Elsevier","https://www.sciencedirect.com/science/article/pii/S0014292110000280","https://scholar.google.com/scholar?cites=15631910364940238362&as_sdt=2005&sciodt=0,5&hl=en",161,"2022-08-15 21:28:05","","",NA,NA,NA,NA,NA,NA,84,7,84,1,12,"… full-time job. Although the gross replacement rate is limited to 90%, the net replacement rate can be … It is evident that, compared to either full-time working or full-time unemployment, the …","http://citeseerx.ist.psu.edu/viewdoc/download?doi=10.1.1.187.2055&rep=rep1&type=pdf","https://scholar.google.com/scholar?q=related:Gn4Cz6ez79gJ:scholar.google.com/&scioq=duration+%22standard+error%22%7C%22standard+errors%22%7Cpbd%7C%22benefit+duration%22%7Cwba%7C%22weekly+benefit+amount%22%7C%22replacement+rate%22+%22unemployment+insurance%22&hl=en&as_sdt=0,5"
7,"T Kyyrä, H Pesola","The effects of unemployment benefit duration: Evidence from residual benefit duration",2020,"Labour Economics","Elsevier","https://www.sciencedirect.com/science/article/pii/S0927537120300634","https://scholar.google.com/scholar?cites=14245360299482329307&as_sdt=2005&sciodt=0,5&hl=en",30,"2022-08-15 21:28:05","","",NA,NA,NA,NA,NA,NA,7,3.5,4,2,2,"… unemployment insurance (UI) literature is how the length of the benefit period affects the duration … is to find exogenous variation in the length of the benefit period. The most convincing …","","https://scholar.google.com/scholar?q=related:27AYnLevscUJ:scholar.google.com/&scioq=duration+%22standard+error%22%7C%22standard+errors%22%7Cpbd%7C%22benefit+duration%22%7Cwba%7C%22weekly+benefit+amount%22%7C%22replacement+rate%22+%22unemployment+insurance%22&hl=en&as_sdt=0,5"
3,"T Kyyrä, H Pesola, J Verho","The spike at benefit exhaustion: The role of measurement error in benefit eligibility",2019,"Labour Economics","Elsevier","https://www.sciencedirect.com/science/article/pii/S0927537119300570","https://scholar.google.com/scholar?cites=13119672965734496290&as_sdt=2005&sciodt=0,5&hl=en",589,"2022-08-15 21:28:05","","",NA,NA,NA,NA,NA,NA,3,1,1,3,3,"… unemployment insurance benefits to employment increases at the end of the entitlement period… (ie we allow also the level of the hazard function to depend on the initial benefit duration). …","","https://scholar.google.com/scholar?q=related:InjmIw1xErYJ:scholar.google.com/&scioq=duration+%22standard+error%22%7C%22standard+errors%22%7Cpbd%7C%22benefit+duration%22%7Cwba%7C%22weekly+benefit+amount%22%7C%22replacement+rate%22+%22unemployment+insurance%22&hl=en&as_sdt=0,5"
79,"T Le Barbanchon","The effect of the potential duration of unemployment benefits on unemployment exits to work and match quality in France",2016,"Labour Economics","Elsevier","https://www.sciencedirect.com/science/article/pii/S0927537116300550","https://scholar.google.com/scholar?cites=12092511831780700840&as_sdt=2005&sciodt=0,5&hl=en",65,"2022-08-15 21:28:05","","",NA,NA,NA,NA,NA,NA,79,13.17,79,1,6,"… on the impact of unemployment insurance (UI) generosity. … thanks to extended potential benefit duration (PBD). They are … 7 to 15 months in potential benefit duration (PBD). In the 2000–…","","https://scholar.google.com/scholar?q=related:qDJ_L3E70acJ:scholar.google.com/&scioq=duration+%22standard+error%22%7C%22standard+errors%22%7Cpbd%7C%22benefit+duration%22%7Cwba%7C%22weekly+benefit+amount%22%7C%22replacement+rate%22+%22unemployment+insurance%22&hl=en&as_sdt=0,5"
69,"T Le Barbanchon, R Rathelot, A Roulet","Unemployment insurance and reservation wages: Evidence from administrative data",2019,"Journal of Public Economics","Elsevier","https://www.sciencedirect.com/science/article/pii/S0047272717300671","https://scholar.google.com/scholar?cites=4598839296721689194&as_sdt=2005&sciodt=0,5&hl=en",2,"2022-08-15 21:28:05","","",NA,NA,NA,NA,NA,NA,69,23,23,3,3,"… The elasticity of the actual duration of benefits with respect to PBD, estimated at 0.3, is in line … find any significant effect of PBD on the maximum commuting time/distance that job seekers …","https://www.nber.org/system/files/working_papers/w23406/w23406.pdf","https://scholar.google.com/scholar?q=related:aho0hPlb0j8J:scholar.google.com/&scioq=duration+%22standard+error%22%7C%22standard+errors%22%7Cpbd%7C%22benefit+duration%22%7Cwba%7C%22weekly+benefit+amount%22%7C%22replacement+rate%22+%22unemployment+insurance%22&hl=en&as_sdt=0,5"
87,"T Lemieux, WB MacLeod","Supply side hysteresis: the case of the Canadian unemployment insurance system",2000,"Journal of Public Economics","Elsevier","https://www.sciencedirect.com/science/article/pii/S0047272799001140","https://scholar.google.com/scholar?cites=5973466148225129825&as_sdt=2005&sciodt=0,5&hl=en",600,"2022-08-15 21:28:05","","",NA,NA,NA,NA,NA,NA,87,3.95,44,2,22,"… subsidy rate (replacement rate×number … time use of the unemployment insurance system in Canada increases the probability of future use. As workers are exposed to UI for the first time …","https://www.nber.org/system/files/working_papers/w6732/w6732.pdf","https://scholar.google.com/scholar?q=related:YZ3HItAD5lIJ:scholar.google.com/&scioq=duration+%22standard+error%22%7C%22standard+errors%22%7Cpbd%7C%22benefit+duration%22%7Cwba%7C%22weekly+benefit+amount%22%7C%22replacement+rate%22+%22unemployment+insurance%22&hl=en&as_sdt=0,5"
8,"T Regev","Unemployment compensation under partial program coverage",2012,"Labour economics","Elsevier","https://www.sciencedirect.com/science/article/pii/S0927537112001017","https://scholar.google.com/scholar?cites=12123387858622604980&as_sdt=2005&sciodt=0,5&hl=en",920,"2022-08-15 21:28:05","","",NA,NA,NA,NA,NA,NA,8,0.8,8,1,10,"… are not covered by unemployment insurance. For them the … gaps and unemployment duration differentials between the … = 0.7), which is the replacement rate observed across US states. …","","https://scholar.google.com/scholar?q=related:tOZ7YwbtPqgJ:scholar.google.com/&scioq=duration+%22standard+error%22%7C%22standard+errors%22%7Cpbd%7C%22benefit+duration%22%7Cwba%7C%22weekly+benefit+amount%22%7C%22replacement+rate%22+%22unemployment+insurance%22&hl=en&as_sdt=0,5"
22,"TF Crossley, H Low","Borrowing constraints, the cost of precautionary saving and unemployment insurance",2011,"International Tax and Public Finance","Springer","https://link.springer.com/article/10.1007/s10797-011-9172-1","https://scholar.google.com/scholar?cites=9804627465943817200&as_sdt=2005&sciodt=0,5&hl=en",424,"2022-08-15 21:28:05","","10.1007/s10797-011-9172-1",NA,NA,NA,NA,NA,NA,22,2,11,2,11,"… We next show the effects of varying the UI replacement rate on savings, consumption loss on … Each graph plots the duration of investment against the replacement rate. The graphs differ …","","https://scholar.google.com/scholar?q=related:8JuerrsIEYgJ:scholar.google.com/&scioq=duration+%22standard+error%22%7C%22standard+errors%22%7Cpbd%7C%22benefit+duration%22%7Cwba%7C%22weekly+benefit+amount%22%7C%22replacement+rate%22+%22unemployment+insurance%22&hl=en&as_sdt=0,5"
16,"TM Andersen","Tuning unemployment insurance to the business cycle",2014,"IZA World of Labor","wol.iza.org","https://wol.iza.org/articles/tuning-unemployment-insurance-to-the-business-cycle/long","https://scholar.google.com/scholar?cites=6186254277761693099&as_sdt=2005&sciodt=0,5&hl=en",202,"2022-08-15 21:28:05","HTML","",NA,NA,NA,NA,NA,NA,16,2,16,1,8,"… of unemployment insurance (replacement rate, benefit duration… Unemployment insurance is thus more important at such … over time (see Figure 1), and yet unemployment insurance is …","https://wol.iza.org/articles/tuning-unemployment-insurance-to-the-business-cycle/long","https://scholar.google.com/scholar?q=related:q_U5TH392VUJ:scholar.google.com/&scioq=duration+%22standard+error%22%7C%22standard+errors%22%7Cpbd%7C%22benefit+duration%22%7Cwba%7C%22weekly+benefit+amount%22%7C%22replacement+rate%22+%22unemployment+insurance%22&hl=en&as_sdt=0,5"
9,"TM Andersen, MS Kristoffersen, M Svarer","Benefit reentitlement conditions in unemployment insurance schemes",2018,"Labour Economics","Elsevier","https://www.sciencedirect.com/science/article/pii/S0927537118300174","https://scholar.google.com/scholar?cites=977801939473458573&as_sdt=2005&sciodt=0,5&hl=en",352,"2022-08-15 21:28:05","","",NA,NA,NA,NA,NA,NA,9,2.25,3,3,4,"… duration. We show that the employment requirement can work as a substitute to the benefit duration in … the optimal design of the unemployment insurance system. The optimal scheme is …","https://www.econstor.eu/bitstream/10419/147424/1/826930565.pdf","https://scholar.google.com/scholar?q=related:jeUA767ZkQ0J:scholar.google.com/&scioq=duration+%22standard+error%22%7C%22standard+errors%22%7Cpbd%7C%22benefit+duration%22%7Cwba%7C%22weekly+benefit+amount%22%7C%22replacement+rate%22+%22unemployment+insurance%22&hl=en&as_sdt=0,5"
146,"TR Johnson, DH Klepinger","Experimental evidence on unemployment insurance work-search policies",1994,"Journal of Human Resources","JSTOR","https://www.jstor.org/stable/146249","https://scholar.google.com/scholar?cites=8997681681339743207&as_sdt=2005&sciodt=0,5&hl=en",426,"2022-08-15 21:28:05","","",NA,NA,NA,NA,NA,NA,146,5.21,73,2,28,"… The mean UI weekly benefit amount (WBA) for our sample was $146 and the average … the base-period earnings that would be replaced at the annualized value of the WBA-was slightly …","","https://scholar.google.com/scholar?q=related:53tLQtEv3nwJ:scholar.google.com/&scioq=duration+%22standard+error%22%7C%22standard+errors%22%7Cpbd%7C%22benefit+duration%22%7Cwba%7C%22weekly+benefit+amount%22%7C%22replacement+rate%22+%22unemployment+insurance%22&hl=en&as_sdt=0,5"
26,"V Amarante, R Arim, A Dean","The effects of being out of the labor market on subsequent wages: evidence for Uruguay",2014,"Journal of Labor Research","Springer","https://link.springer.com/article/10.1007/s12122-013-9171-3","https://scholar.google.com/scholar?cites=6023202575619092026&as_sdt=2005&sciodt=0,5&hl=en",934,"2022-08-15 21:28:05","","10.1007/s12122-013-9171-3",NA,NA,NA,NA,NA,NA,26,3.25,9,3,8,"… workers’ earnings histories and unemployment insurance benefits, we document short and … report standard errors for estimations at certain points in time in the tables. Standard errors …","https://www.colibri.udelar.edu.uy/jspui/bitstream/20.500.12008/4272/5/dt-10-12.pdf","https://scholar.google.com/scholar?q=related:Om7-idS2llMJ:scholar.google.com/&scioq=duration+%22standard+error%22%7C%22standard+errors%22%7Cpbd%7C%22benefit+duration%22%7Cwba%7C%22weekly+benefit+amount%22%7C%22replacement+rate%22+%22unemployment+insurance%22&hl=en&as_sdt=0,5"
28,"V Spiezia","The effects of benefits on unemployment and wages: A comparison of unemployment compensation systems",2000,"Int'l Lab. Rev.","HeinOnline","https://heinonline.org/hol-cgi-bin/get_pdf.cgi?handle=hein.journals/intlr139&section=9","https://scholar.google.com/scholar?cites=1546112748878257679&as_sdt=2005&sciodt=0,5&hl=en",961,"2022-08-15 21:28:05","","",NA,NA,NA,NA,NA,NA,28,1.27,28,1,22,"… that a 10 percentage point increase in the replacement rate (ie the ratio of unemployment … , unemployment insurance is more a means for the transfer of a worker's earnings through time …","https://www.researchgate.net/profile/Vincenzo-Spiezia/publication/247689685_The_effects_of_benefits_on_unemployment_and_wages_A_comparison_of_unemployment_compensation_systems/links/607e96278ea909241e106f59/The-effects-of-benefits-on-unemployment-and-wages-A-comparison-of-unemployment-compensation-systems.pdf","https://scholar.google.com/scholar?q=related:D16Xe1rldBUJ:scholar.google.com/&scioq=duration+%22standard+error%22%7C%22standard+errors%22%7Cpbd%7C%22benefit+duration%22%7Cwba%7C%22weekly+benefit+amount%22%7C%22replacement+rate%22+%22unemployment+insurance%22&hl=en&as_sdt=0,5"
20,"W Fu, F Liu","Unemployment insurance and cigarette smoking",2019,"Journal of health economics","Elsevier","https://www.sciencedirect.com/science/article/pii/S0167629618300560","https://scholar.google.com/scholar?cites=6021615727088608143&as_sdt=2005&sciodt=0,5&hl=en",117,"2022-08-15 21:28:05","","",NA,NA,NA,NA,NA,NA,20,6.67,10,2,3,"… specific linear time trend to capture the differential linear time trend … The replacement rate is defined as the UI payment as a … of weekly UI benefits (WBA) that individuals receive and their …","https://fu-wei.net/files/pdf/research/2019-JHE.pdf","https://scholar.google.com/scholar?q=related:j6MFk5kTkVMJ:scholar.google.com/&scioq=duration+%22standard+error%22%7C%22standard+errors%22%7Cpbd%7C%22benefit+duration%22%7Cwba%7C%22weekly+benefit+amount%22%7C%22replacement+rate%22+%22unemployment+insurance%22&hl=en&as_sdt=0,5"
344,"W Koeniger, M Leonardi, L Nunziata","Labor market institutions and wage inequality",2007,"ILR review","journals.sagepub.com","https://journals.sagepub.com/doi/abs/10.1177/001979390706000302","https://scholar.google.com/scholar?cites=13421790523160733430&as_sdt=2005&sciodt=0,5&hl=en",269,"2022-08-15 21:28:05","","10.1177/001979390706000302",NA,NA,NA,NA,NA,NA,344,22.93,115,3,15,"… longer time period for men than for women and the male wage is less affected by changes in labor … the interactions of institutions are included), and a similar reduction in benefit duration …","https://www.econstor.eu/bitstream/10419/20557/1/dp1291.pdf","https://scholar.google.com/scholar?q=related:9iazfl7HQ7oJ:scholar.google.com/&scioq=duration+%22standard+error%22%7C%22standard+errors%22%7Cpbd%7C%22benefit+duration%22%7Cwba%7C%22weekly+benefit+amount%22%7C%22replacement+rate%22+%22unemployment+insurance%22&hl=en&as_sdt=0,5"
10,"W Nicholson","A statistical model of exhaustion of unemployment insurance benefits",1981,"The Journal of Human Resources","JSTOR","https://www.jstor.org/stable/145223","https://scholar.google.com/scholar?cites=8964573988314361629&as_sdt=2005&sciodt=0,5&hl=en",776,"2022-08-15 21:28:05","","",NA,NA,NA,NA,NA,NA,10,0.24,10,1,41,"… duration (APD) and unemployment rate (IUR) variables were more than ten times their estimated standard errors … also quite respectable, the standard error of estimate was relatively …","","https://scholar.google.com/scholar?q=related:HS8vyIuQaHwJ:scholar.google.com/&scioq=duration+%22standard+error%22%7C%22standard+errors%22%7Cpbd%7C%22benefit+duration%22%7Cwba%7C%22weekly+benefit+amount%22%7C%22replacement+rate%22+%22unemployment+insurance%22&hl=en&as_sdt=0,5"
88,"W Nicholson, K Needels","Unemployment insurance: Strengthening the relationship between theory and policy",2006,"Journal of Economic Perspectives","aeaweb.org","https://www.aeaweb.org/articles?id=10.1257/jep.20.3.47","https://scholar.google.com/scholar?cites=1005050927604301421&as_sdt=2005&sciodt=0,5&hl=en",200,"2022-08-15 21:28:05","","",NA,NA,NA,NA,NA,NA,88,5.5,44,2,16,"… duration of benefits in the regular unemployment insurance … weekly unemployment benefit and r is the replacement rate r … The worker can collect unemployment insurance benefits for …","https://pubs.aeaweb.org/doi/pdf/10.1257%2Fjep.20.3.47","https://scholar.google.com/scholar?q=related:bf4HYX6o8g0J:scholar.google.com/&scioq=duration+%22standard+error%22%7C%22standard+errors%22%7Cpbd%7C%22benefit+duration%22%7Cwba%7C%22weekly+benefit+amount%22%7C%22replacement+rate%22+%22unemployment+insurance%22&hl=en&as_sdt=0,5"
11,"W Nicholson, K Needels, H Hock","Unemployment compensation during the great recession: Theory and evidence",2014,"National Tax Journal","journals.uchicago.edu","https://www.journals.uchicago.edu/doi/abs/10.17310/ntj.2014.1.06","https://scholar.google.com/scholar?cites=228365153179126116&as_sdt=2005&sciodt=0,5&hl=en",984,"2022-08-15 21:28:05","","10.17310/ntj.2014.1.06",NA,NA,NA,NA,NA,NA,11,1.38,4,3,8,"… the term ""unemployment insurance"" to refer … duration of benefits should be infinite under an optimal progra The authors point out that an actuarially fair increase in benefit duration will …","https://www.researchgate.net/profile/Heinrich-Hock/publication/276392695_Unemployment_Compensation_During_the_Great_Recession_Theory_and_Evidence/links/600c7ba092851c13fe320ba0/Unemployment-Compensation-During-the-Great-Recession-Theory-and-Evidence.pdf","https://scholar.google.com/scholar?q=related:ZMlRmuVQKwMJ:scholar.google.com/&scioq=duration+%22standard+error%22%7C%22standard+errors%22%7Cpbd%7C%22benefit+duration%22%7Cwba%7C%22weekly+benefit+amount%22%7C%22replacement+rate%22+%22unemployment+insurance%22&hl=en&as_sdt=0,5"
33,"W Vroman, SA Woodbury","Financing unemployment insurance",2014,"National Tax Journal","journals.uchicago.edu","https://www.journals.uchicago.edu/doi/abs/10.17310/ntj.2014.1.08","https://scholar.google.com/scholar?cites=2689200943341047161&as_sdt=2005&sciodt=0,5&hl=en",928,"2022-08-15 21:28:05","","10.17310/ntj.2014.1.08",NA,NA,NA,NA,NA,NA,33,4.13,17,2,8,"… First, if earnings increase over time, then tax revenues must increase in proportion to earnings to fund benefits with a 50 percent replacement rate (unless the unemployment rate were …","https://www.econstor.eu/bitstream/10419/98594/1/781891973.pdf","https://scholar.google.com/scholar?q=related:eQ19jQL2USUJ:scholar.google.com/&scioq=duration+%22standard+error%22%7C%22standard+errors%22%7Cpbd%7C%22benefit+duration%22%7Cwba%7C%22weekly+benefit+amount%22%7C%22replacement+rate%22+%22unemployment+insurance%22&hl=en&as_sdt=0,5"
0,"WH Hoyt","Interstate competition in unemployment insurance programs",2000,"Research in Employment Policy","JAI Press","","",805,"2022-08-15 21:28:05","CITATION","",NA,NA,NA,NA,NA,NA,0,0,0,1,22,"","","https://scholar.google.com/scholar?q=related:-IvmHXoFa2IJ:scholar.google.com/&scioq=duration+%22standard+error%22%7C%22standard+errors%22%7Cpbd%7C%22benefit+duration%22%7Cwba%7C%22weekly+benefit+amount%22%7C%22replacement+rate%22+%22unemployment+insurance%22&hl=en&as_sdt=0,5"
3,"WN Cooke","The behavior of unemployment insurance recipients under adverse market conditions",1981,"ILR Review","journals.sagepub.com","https://journals.sagepub.com/doi/abs/10.1177/001979398103400305","https://scholar.google.com/scholar?cites=6971781803379447665&as_sdt=2005&sciodt=0,5&hl=en",427,"2022-08-15 21:28:05","","10.1177/001979398103400305",NA,NA,NA,NA,NA,NA,3,0.07,3,1,41,"… In Maine during the 1974 - 76 period the maximum WBA (excluding allowances for dependents) … the WBA preferred. However, as in the ratio, the WBA is truncated at the legal maximum …","","https://scholar.google.com/scholar?q=related:cdf2sZy-wGAJ:scholar.google.com/&scioq=duration+%22standard+error%22%7C%22standard+errors%22%7Cpbd%7C%22benefit+duration%22%7Cwba%7C%22weekly+benefit+amount%22%7C%22replacement+rate%22+%22unemployment+insurance%22&hl=en&as_sdt=0,5"
4,"WS Moon","실업급여 지급기간 변화의 효과 분석 (The Effect of the Extended Benefit Duration on the Aggregate Labor Market)",2010,"KDI Journal of Economic Policy","papers.ssrn.com","https://papers.ssrn.com/sol3/papers.cfm?abstract_id=2773928","https://scholar.google.com/scholar?cites=2728785897710669528&as_sdt=2005&sciodt=0,5&hl=en",996,"2022-08-15 21:28:05","","",NA,NA,NA,NA,NA,NA,4,0.33,4,1,12,"… The effect of the extended maximum duration of unemployment insurance benefits on the … The benchmark benefit duration is set to three months. As maximum benefit duration is …","https://www.koreascience.or.kr/article/JAKO201024236535469.pdf","https://scholar.google.com/scholar?q=related:2M4j9VCY3iUJ:scholar.google.com/&scioq=duration+%22standard+error%22%7C%22standard+errors%22%7Cpbd%7C%22benefit+duration%22%7Cwba%7C%22weekly+benefit+amount%22%7C%22replacement+rate%22+%22unemployment+insurance%22&hl=en&as_sdt=0,5"
289,"Y Algan, P Cahuc","Civic virtue and labor market institutions",2009,"American Economic Journal: Macroeconomics","aeaweb.org","https://www.aeaweb.org/articles?id=10.1257/mac.1.1.111","https://scholar.google.com/scholar?cites=4919806285879119551&as_sdt=2005&sciodt=0,5&hl=en",436,"2022-08-15 21:28:05","","",NA,NA,NA,NA,NA,NA,289,22.23,145,2,13,"… on the design of unemployment insurance and job protection.… on the replacement rate and the length of benefits. The … use the replacement rate and the benefit duration indicators since …","https://hal.archives-ouvertes.fr/hal-03384694/document","https://scholar.google.com/scholar?q=related:vw6PMcCpRkQJ:scholar.google.com/&scioq=duration+%22standard+error%22%7C%22standard+errors%22%7Cpbd%7C%22benefit+duration%22%7Cwba%7C%22weekly+benefit+amount%22%7C%22replacement+rate%22+%22unemployment+insurance%22&hl=en&as_sdt=0,5"
5,"Y Chocolaad, W Vroman…","Unemployment Insurance",2013,"The American Recovery …","research.upjohn.org","https://research.upjohn.org/cgi/viewcontent.cgi?filename=7&article=1241&context=up_press&type=additional","https://scholar.google.com/scholar?cites=12185177845808178014&as_sdt=2005&sciodt=0,5&hl=en",617,"2022-08-15 21:28:05","PDF","",NA,NA,NA,NA,NA,NA,5,0.56,2,3,9,"… , well before the depth and duration of the Great Recession were … more than $200 billion for the 2008–2012 time period. … 50 percent of the original weekly benefit amount for up to 20 …","https://research.upjohn.org/cgi/viewcontent.cgi?filename=7&article=1241&context=up_press&type=additional","https://scholar.google.com/scholar?q=related:XiNb4LByGqkJ:scholar.google.com/&scioq=duration+%22standard+error%22%7C%22standard+errors%22%7Cpbd%7C%22benefit+duration%22%7Cwba%7C%22weekly+benefit+amount%22%7C%22replacement+rate%22+%22unemployment+insurance%22&hl=en&as_sdt=0,5"
113,"Y Dou, M Khan, Y Zou","Labor unemployment insurance and earnings management",2016,"Journal of Accounting and Economics","Elsevier","https://www.sciencedirect.com/science/article/pii/S0165410115000452","https://scholar.google.com/scholar?cites=12776886970317900499&as_sdt=2005&sciodt=0,5&hl=en",440,"2022-08-15 21:28:05","","",NA,NA,NA,NA,NA,NA,113,18.83,38,3,6,"… maximum weekly benefit amount and the maximum duration … in the UI replacement rate (=UI replacement rate in the event … Treatment sample using the replacement rate formula above. …","","https://scholar.google.com/scholar?q=related:04odMQGfULEJ:scholar.google.com/&scioq=duration+%22standard+error%22%7C%22standard+errors%22%7Cpbd%7C%22benefit+duration%22%7Cwba%7C%22weekly+benefit+amount%22%7C%22replacement+rate%22+%22unemployment+insurance%22&hl=en&as_sdt=0,5"
25,"Y Pei, Z Xie","A quantitative theory of time-consistent unemployment insurance",2021,"Journal of Monetary Economics","Elsevier","https://www.sciencedirect.com/science/article/pii/S0304393220300799","https://scholar.google.com/scholar?cites=6590689396125661807&as_sdt=2005&sciodt=0,5&hl=en",138,"2022-08-15 21:28:05","","",NA,NA,NA,NA,NA,NA,25,25,13,2,1,"… of a worker’s base period wage that he gets as weekly benefit amount in unemployment, … wage and weekly benefit amount data from the Unemployment Insurance Benefit Accuracy …","https://www.econstor.eu/bitstream/10419/172908/1/872317056.pdf","https://scholar.google.com/scholar?q=related:b_oAORbVdlsJ:scholar.google.com/&scioq=duration+%22standard+error%22%7C%22standard+errors%22%7Cpbd%7C%22benefit+duration%22%7Cwba%7C%22weekly+benefit+amount%22%7C%22replacement+rate%22+%22unemployment+insurance%22&hl=en&as_sdt=0,5"
93,"Y Rebollo-Sanz","Unemployment insurance and job turnover in Spain",2012,"Labour Economics","Elsevier","https://www.sciencedirect.com/science/article/pii/S092753711200019X","https://scholar.google.com/scholar?cites=17184359281530853306&as_sdt=2005&sciodt=0,5&hl=en",36,"2022-08-15 21:28:05","","",NA,NA,NA,NA,NA,NA,93,9.3,93,1,10,"… 12 combines the estimated effects of benefit exhaustion and unemployment spell duration. We display each hazard rate in relation to unemployment duration for a worker with a PBD of …","https://dialnet.unirioja.es/descarga/articulo/3630985.pdf","https://scholar.google.com/scholar?q=related:uldVTLgbe-4J:scholar.google.com/&scioq=duration+%22standard+error%22%7C%22standard+errors%22%7Cpbd%7C%22benefit+duration%22%7Cwba%7C%22weekly+benefit+amount%22%7C%22replacement+rate%22+%22unemployment+insurance%22&hl=en&as_sdt=0,5"
0,"Y Shen","Labor unemployment insurance and bank loans",2022,"Journal of Corporate Finance","Elsevier","https://www.sciencedirect.com/science/article/pii/S0929119922000979","",748,"2022-08-15 21:28:05","","",NA,NA,NA,NA,NA,NA,0,0,0,1,1,"… Each issue provides details about the maximum weekly benefit amount, maximum duration (in number of weeks) for eligible claimants, and tax-related information for employers. Under …","","https://scholar.google.com/scholar?q=related:KzhXYIUKz9IJ:scholar.google.com/&scioq=duration+%22standard+error%22%7C%22standard+errors%22%7Cpbd%7C%22benefit+duration%22%7Cwba%7C%22weekly+benefit+amount%22%7C%22replacement+rate%22+%22unemployment+insurance%22&hl=en&as_sdt=0,5"
30,"YF Rebollo-Sanz…","When the Going Gets Tough… Financial Incentives, Duration of Unemployment, and Job-Match Quality",2020,"Journal of Human …","jhr.uwpress.org","http://jhr.uwpress.org/content/55/1/119.short","https://scholar.google.com/scholar?cites=10981986925940723905&as_sdt=2005&sciodt=0,5&hl=en",201,"2022-08-15 21:28:05","","",NA,NA,NA,NA,NA,NA,30,15,15,2,2,"… reform decreased unemployment insurance expenditures by … results to clustering the standard errors on the distinct values of … Unfortunately, we were unable to cluster standard errors on …","https://www.econstor.eu/bitstream/10419/145178/1/dp10044.pdf","https://scholar.google.com/scholar?q=related:wVCukOzaZ5gJ:scholar.google.com/&scioq=duration+%22standard+error%22%7C%22standard+errors%22%7Cpbd%7C%22benefit+duration%22%7Cwba%7C%22weekly+benefit+amount%22%7C%22replacement+rate%22+%22unemployment+insurance%22&hl=en&as_sdt=0,5"
4,"YK Shin, T Kemppainen, K Kuitto","Precarious Work, Unemployment Benefit Generosity and Universal Basic Income Preferences: A Multilevel Study on 21 European Countries",2021,"Journal of Social Policy","cambridge.org","https://www.cambridge.org/core/journals/journal-of-social-policy/article/precarious-work-unemploymentbenefit-generosity-and-universal-basic-income-preferences-a-multilevel-study-on-21-europeancountries/E53F5FA54F973530E7C76F772FF61C00","https://scholar.google.com/scholar?cites=12279020602348603489&as_sdt=2005&sciodt=0,5&hl=en",606,"2022-08-15 21:28:05","","",NA,NA,NA,NA,NA,NA,4,4,1,3,1,"… unemployment insurance benefits. The payment duration refers to the maximum benefit duration in each country, while the qualifying period indicates the minimum employment or …","https://helda.helsinki.fi/bitstream/handle/10138/328643/Shin_et_al_2020_JSP.pdf?sequence=1","https://scholar.google.com/scholar?q=related:YQixSC7YZ6oJ:scholar.google.com/&scioq=duration+%22standard+error%22%7C%22standard+errors%22%7Cpbd%7C%22benefit+duration%22%7Cwba%7C%22weekly+benefit+amount%22%7C%22replacement+rate%22+%22unemployment+insurance%22&hl=en&as_sdt=0,5"
11,"YL Chang","Unequal social protection under the federalist system: Three unemployment insurance approaches in the United States, 2007–2015",2020,"Journal of Social Policy","cambridge.org","https://www.cambridge.org/core/journals/journal-of-social-policy/article/unequal-social-protection-under-the-federalist-system-three-unemployment-insurance-approaches-in-the-united-states-20072015/C9DB6DB52DE5214B581006113A2D5E8F","https://scholar.google.com/scholar?cites=11811618371781821254&as_sdt=2005&sciodt=0,5&hl=en",170,"2022-08-15 21:28:05","","",NA,NA,NA,NA,NA,NA,11,5.5,11,1,2,"… Replacement rate was defined as the average weekly benefit amount as a percentage of … maximum duration as predictors of the recipiency rate while controlling for the reserve ratio and …","https://www.cambridge.org/core/services/aop-cambridge-core/content/view/C9DB6DB52DE5214B581006113A2D5E8F/S0047279419000217a.pdf/div-class-title-unequal-social-protection-under-the-federalist-system-three-unemployment-insurance-approaches-in-the-united-states-2007-2015-div.pdf","https://scholar.google.com/scholar?q=related:RoOIGFRM66MJ:scholar.google.com/&scioq=duration+%22standard+error%22%7C%22standard+errors%22%7Cpbd%7C%22benefit+duration%22%7Cwba%7C%22weekly+benefit+amount%22%7C%22replacement+rate%22+%22unemployment+insurance%22&hl=en&as_sdt=0,5"
59,"Z Lin","Employment insurance in Canada: Recent trends and policy changes",1998,"Can. Tax J.","HeinOnline","https://heinonline.org/hol-cgi-bin/get_pdf.cgi?handle=hein.journals/cdntj46&section=7","https://scholar.google.com/scholar?cites=8791863532989630117&as_sdt=2005&sciodt=0,5&hl=en",720,"2022-08-15 21:28:05","","",NA,NA,NA,NA,NA,NA,59,2.46,59,1,24,"… insurance (until 1997, unemployment insurance). It also … For the sake of consistency over time, our calculations of the … C-113 reduced the replacement rate for new claimants to 57 …","https://citeseerx.ist.psu.edu/viewdoc/download?doi=10.1.1.199.1203&rep=rep1&type=pdf","https://scholar.google.com/scholar?q=related:pcaOTU35AnoJ:scholar.google.com/&scioq=duration+%22standard+error%22%7C%22standard+errors%22%7Cpbd%7C%22benefit+duration%22%7Cwba%7C%22weekly+benefit+amount%22%7C%22replacement+rate%22+%22unemployment+insurance%22&hl=en&as_sdt=0,5"
20,"ŞN Akın, BC Platt","Running out of time: Limited unemployment benefits and reservation wages",2012,"Review of Economic Dynamics","Elsevier","https://www.sciencedirect.com/science/article/pii/S109420251100024X","https://scholar.google.com/scholar?cites=1037719359839682809&as_sdt=2005&sciodt=0,5&hl=en",429,"2022-08-15 21:28:05","","",NA,NA,NA,NA,NA,NA,20,2,10,2,10,"… benefit duration Wage dispersion Equilibrium search Hazard rates We study unemployment insurance … only receive benefits for a finite length of time. Although all workers have identical …","","https://scholar.google.com/scholar?q=related:-UDKe0K4Zg4J:scholar.google.com/&scioq=duration+%22standard+error%22%7C%22standard+errors%22%7Cpbd%7C%22benefit+duration%22%7Cwba%7C%22weekly+benefit+amount%22%7C%22replacement+rate%22+%22unemployment+insurance%22&hl=en&as_sdt=0,5"
61,"Š Jurajda","Estimating the effect of unemployment insurance compensation on the labor market histories of displaced workers",2002,"Journal of Econometrics","Elsevier","https://www.sciencedirect.com/science/article/pii/S030440760100135X","https://scholar.google.com/scholar?cites=9929527221887111698&as_sdt=2005&sciodt=0,5&hl=en",861,"2022-08-15 21:28:05","","",NA,NA,NA,NA,NA,NA,61,3.05,61,1,20,"… the effect of unemployment insurance compensation (UIC) on duration of unemployment, … Note that the standard errors reported in this paper correspond to the maximum number of …","https://www.econstor.eu/bitstream/10419/21147/1/dp294.pdf","https://scholar.google.com/scholar?q=related:EhInQGbEzIkJ:scholar.google.com/&scioq=duration+%22standard+error%22%7C%22standard+errors%22%7Cpbd%7C%22benefit+duration%22%7Cwba%7C%22weekly+benefit+amount%22%7C%22replacement+rate%22+%22unemployment+insurance%22&hl=en&as_sdt=0,5"
16,"Š Jurajda","Recalls and unemployment insurance taxes",2004,"Applied Economics Letters","Taylor & Francis","https://www.tandfonline.com/doi/abs/10.1080/1350485042000238861","https://scholar.google.com/scholar?cites=7554052750266567594&as_sdt=2005&sciodt=0,5&hl=en",943,"2022-08-15 21:28:05","","10.1080/1350485042000238861",NA,NA,NA,NA,NA,NA,16,0.89,16,1,18,"… duration of unemployment. This article finds some evidence that higher layoff tax costs shorten the duration of … MTC with the weekly UI benefit amount (WBA) – the actual weekly tax cost. …","https://www.researchgate.net/profile/Stepan-Jurajda/publication/24067964_Recalls_and_unemployment_insurance_taxes/links/0912f50f5146a6f818000000/Recalls-and-unemployment-insurance-taxes.pdf","https://scholar.google.com/scholar?q=related:qoszCvRi1WgJ:scholar.google.com/&scioq=duration+%22standard+error%22%7C%22standard+errors%22%7Cpbd%7C%22benefit+duration%22%7Cwba%7C%22weekly+benefit+amount%22%7C%22replacement+rate%22+%22unemployment+insurance%22&hl=en&as_sdt=0,5"
70,"Š Jurajda, FJ Tannery","Unemployment durations and extended unemployment benefits in local labor markets",2003,"ILR Review","journals.sagepub.com","https://journals.sagepub.com/doi/abs/10.1177/001979390305600207","https://scholar.google.com/scholar?cites=17358423521215731637&as_sdt=2005&sciodt=0,5&hl=en",812,"2022-08-15 21:28:05","","10.1177/001979390305600207",NA,NA,NA,NA,NA,NA,70,3.68,35,2,19,"… (UI) entitlement leads to longer unemployment duration. Most of those … in the maximum benefit duration coming from extended … We measure the effect of unemployment insurance on …","http://home.cerge-ei.cz/jurajda/ilrr.pdf","https://scholar.google.com/scholar?q=related:tVfZQjmC5fAJ:scholar.google.com/&scioq=duration+%22standard+error%22%7C%22standard+errors%22%7Cpbd%7C%22benefit+duration%22%7Cwba%7C%22weekly+benefit+amount%22%7C%22replacement+rate%22+%22unemployment+insurance%22&hl=en&as_sdt=0,5"
