STRUCTURE,STRUCTURE_ID,STRUCTURE_NAME,ACTION,REF_AREA,Reference area,MEASURE,Measure,UNIT_MEASURE,Unit of measure,HOUSEHOLD_TYPE,Household type,INCOME_PRINCIPAL,Earnings of the principal,INCOME_SPOUSE,Earnings of the spouse,FREQ,Frequency of observation,TIME_PERIOD,Time period,OBS_VALUE,Observation value,DECIMALS,Decimals,UNIT_MULT,Unit multiplier,OBS_STATUS,Observation status,CIVIL_STATUS,Civil status
DATAFLOW,OECD.CTP.TPS:DSD_TAX_WAGES_COMP@DF_TW_COMP(1.0),Labour taxation – OECD comparative indicators,I,OECD_REP,OECD average country,AV_TW,Average tax wedge,PT_COS_LB,Percentage of labour costs,S_C0,"Single person, no children",AW100,100% of average wage,_Z,Not applicable,A,Annual,2023,,34.845439,,2,Two,0,Units,A,Normal value,_Z,Not applicable
DATAFLOW,OECD.CTP.TPS:DSD_TAX_WAGES_COMP@DF_TW_COMP(1.0),Labour taxation – OECD comparative indicators,I,OECD_REP,OECD average country,AV_TW,Average tax wedge,PT_COS_LB,Percentage of labour costs,S_C0,"Single person, no children",AW100,100% of average wage,_Z,Not applicable,A,Annual,2006,,35.455814,,2,Two,0,Units,A,Normal value,_Z,Not applicable
DATAFLOW,OECD.CTP.TPS:DSD_TAX_WAGES_COMP@DF_TW_COMP(1.0),Labour taxation – OECD comparative indicators,I,OECD_REP,OECD average country,AV_TW,Average tax wedge,PT_COS_LB,Percentage of labour costs,S_C0,"Single person, no children",AW100,100% of average wage,_Z,Not applicable,A,Annual,2005,,35.493324,,2,Two,0,Units,A,Normal value,_Z,Not applicable
DATAFLOW,OECD.CTP.TPS:DSD_TAX_WAGES_COMP@DF_TW_COMP(1.0),Labour taxation – OECD comparative indicators,I,OECD_REP,OECD average country,AV_TW,Average tax wedge,PT_COS_LB,Percentage of labour costs,S_C0,"Single person, no children",AW100,100% of average wage,_Z,Not applicable,A,Annual,2004,,35.684828,,2,Two,0,Units,A,Normal value,_Z,Not applicable
DATAFLOW,OECD.CTP.TPS:DSD_TAX_WAGES_COMP@DF_TW_COMP(1.0),Labour taxation – OECD comparative indicators,I,OECD_REP,OECD average country,AV_TW,Average tax wedge,PT_COS_LB,Percentage of labour costs,S_C0,"Single person, no children",AW100,100% of average wage,_Z,Not applicable,A,Annual,2003,,35.607831,,2,Two,0,Units,A,Normal value,_Z,Not applicable
DATAFLOW,OECD.CTP.TPS:DSD_TAX_WAGES_COMP@DF_TW_COMP(1.0),Labour taxation – OECD comparative indicators,I,OECD_REP,OECD average country,AV_TW,Average tax wedge,PT_COS_LB,Percentage of labour costs,S_C0,"Single person, no children",AW100,100% of average wage,_Z,Not applicable,A,Annual,2002,,35.770249,,2,Two,0,Units,A,Normal value,_Z,Not applicable
DATAFLOW,OECD.CTP.TPS:DSD_TAX_WAGES_COMP@DF_TW_COMP(1.0),Labour taxation – OECD comparative indicators,I,OECD_REP,OECD average country,AV_TW,Average tax wedge,PT_COS_LB,Percentage of labour costs,S_C0,"Single person, no children",AW100,100% of average wage,_Z,Not applicable,A,Annual,2001,,35.86299,,2,Two,0,Units,A,Normal value,_Z,Not applicable
DATAFLOW,OECD.CTP.TPS:DSD_TAX_WAGES_COMP@DF_TW_COMP(1.0),Labour taxation – OECD comparative indicators,I,OECD_REP,OECD average country,AV_TW,Average tax wedge,PT_COS_LB,Percentage of labour costs,S_C0,"Single person, no children",AW100,100% of average wage,_Z,Not applicable,A,Annual,2000,,36.199353,,2,Two,0,Units,A,Normal value,_Z,Not applicable
DATAFLOW,OECD.CTP.TPS:DSD_TAX_WAGES_COMP@DF_TW_COMP(1.0),Labour taxation – OECD comparative indicators,I,OECD_REP,OECD average country,AV_TW,Average tax wedge,PT_COS_LB,Percentage of labour costs,S_C0,"Single person, no children",AW100,100% of average wage,_Z,Not applicable,A,Annual,2022,,34.719286,,2,Two,0,Units,A,Normal value,_Z,Not applicable
DATAFLOW,OECD.CTP.TPS:DSD_TAX_WAGES_COMP@DF_TW_COMP(1.0),Labour taxation – OECD comparative indicators,I,OECD_REP,OECD average country,AV_TW,Average tax wedge,PT_COS_LB,Percentage of labour costs,S_C0,"Single person, no children",AW100,100% of average wage,_Z,Not applicable,A,Annual,2021,,34.615664,,2,Two,0,Units,A,Normal value,_Z,Not applicable
DATAFLOW,OECD.CTP.TPS:DSD_TAX_WAGES_COMP@DF_TW_COMP(1.0),Labour taxation – OECD comparative indicators,I,OECD_REP,OECD average country,AV_TW,Average tax wedge,PT_COS_LB,Percentage of labour costs,S_C0,"Single person, no children",AW100,100% of average wage,_Z,Not applicable,A,Annual,2020,,34.693524,,2,Two,0,Units,A,Normal value,_Z,Not applicable
DATAFLOW,OECD.CTP.TPS:DSD_TAX_WAGES_COMP@DF_TW_COMP(1.0),Labour taxation – OECD comparative indicators,I,OECD_REP,OECD average country,AV_TW,Average tax wedge,PT_COS_LB,Percentage of labour costs,S_C0,"Single person, no children",AW100,100% of average wage,_Z,Not applicable,A,Annual,2019,,34.901685,,2,Two,0,Units,A,Normal value,_Z,Not applicable
DATAFLOW,OECD.CTP.TPS:DSD_TAX_WAGES_COMP@DF_TW_COMP(1.0),Labour taxation – OECD comparative indicators,I,OECD_REP,OECD average country,AV_TW,Average tax wedge,PT_COS_LB,Percentage of labour costs,S_C0,"Single person, no children",AW100,100% of average wage,_Z,Not applicable,A,Annual,2018,,34.929504,,2,Two,0,Units,A,Normal value,_Z,Not applicable
DATAFLOW,OECD.CTP.TPS:DSD_TAX_WAGES_COMP@DF_TW_COMP(1.0),Labour taxation – OECD comparative indicators,I,OECD_REP,OECD average country,AV_TW,Average tax wedge,PT_COS_LB,Percentage of labour costs,S_C0,"Single person, no children",AW100,100% of average wage,_Z,Not applicable,A,Annual,2017,,35.05812,,2,Two,0,Units,A,Normal value,_Z,Not applicable
DATAFLOW,OECD.CTP.TPS:DSD_TAX_WAGES_COMP@DF_TW_COMP(1.0),Labour taxation – OECD comparative indicators,I,OECD_REP,OECD average country,AV_TW,Average tax wedge,PT_COS_LB,Percentage of labour costs,S_C0,"Single person, no children",AW100,100% of average wage,_Z,Not applicable,A,Annual,2016,,35.189188,,2,Two,0,Units,A,Normal value,_Z,Not applicable
DATAFLOW,OECD.CTP.TPS:DSD_TAX_WAGES_COMP@DF_TW_COMP(1.0),Labour taxation – OECD comparative indicators,I,OECD_REP,OECD average country,AV_TW,Average tax wedge,PT_COS_LB,Percentage of labour costs,S_C0,"Single person, no children",AW100,100% of average wage,_Z,Not applicable,A,Annual,2015,,35.244952,,2,Two,0,Units,A,Normal value,_Z,Not applicable
DATAFLOW,OECD.CTP.TPS:DSD_TAX_WAGES_COMP@DF_TW_COMP(1.0),Labour taxation – OECD comparative indicators,I,OECD_REP,OECD average country,AV_TW,Average tax wedge,PT_COS_LB,Percentage of labour costs,S_C0,"Single person, no children",AW100,100% of average wage,_Z,Not applicable,A,Annual,2014,,35.280206,,2,Two,0,Units,A,Normal value,_Z,Not applicable
DATAFLOW,OECD.CTP.TPS:DSD_TAX_WAGES_COMP@DF_TW_COMP(1.0),Labour taxation – OECD comparative indicators,I,OECD_REP,OECD average country,AV_TW,Average tax wedge,PT_COS_LB,Percentage of labour costs,S_C0,"Single person, no children",AW100,100% of average wage,_Z,Not applicable,A,Annual,2013,,35.305753,,2,Two,0,Units,A,Normal value,_Z,Not applicable
DATAFLOW,OECD.CTP.TPS:DSD_TAX_WAGES_COMP@DF_TW_COMP(1.0),Labour taxation – OECD comparative indicators,I,OECD_REP,OECD average country,AV_TW,Average tax wedge,PT_COS_LB,Percentage of labour costs,S_C0,"Single person, no children",AW100,100% of average wage,_Z,Not applicable,A,Annual,2012,,35.089926,,2,Two,0,Units,A,Normal value,_Z,Not applicable
DATAFLOW,OECD.CTP.TPS:DSD_TAX_WAGES_COMP@DF_TW_COMP(1.0),Labour taxation – OECD comparative indicators,I,OECD_REP,OECD average country,AV_TW,Average tax wedge,PT_COS_LB,Percentage of labour costs,S_C0,"Single person, no children",AW100,100% of average wage,_Z,Not applicable,A,Annual,2011,,34.956624,,2,Two,0,Units,A,Normal value,_Z,Not applicable
DATAFLOW,OECD.CTP.TPS:DSD_TAX_WAGES_COMP@DF_TW_COMP(1.0),Labour taxation – OECD comparative indicators,I,OECD_REP,OECD average country,AV_TW,Average tax wedge,PT_COS_LB,Percentage of labour costs,S_C0,"Single person, no children",AW100,100% of average wage,_Z,Not applicable,A,Annual,2010,,34.511704,,2,Two,0,Units,A,Normal value,_Z,Not applicable
DATAFLOW,OECD.CTP.TPS:DSD_TAX_WAGES_COMP@DF_TW_COMP(1.0),Labour taxation – OECD comparative indicators,I,OECD_REP,OECD average country,AV_TW,Average tax wedge,PT_COS_LB,Percentage of labour costs,S_C0,"Single person, no children",AW100,100% of average wage,_Z,Not applicable,A,Annual,2009,,34.444392,,2,Two,0,Units,A,Normal value,_Z,Not applicable
DATAFLOW,OECD.CTP.TPS:DSD_TAX_WAGES_COMP@DF_TW_COMP(1.0),Labour taxation – OECD comparative indicators,I,OECD_REP,OECD average country,AV_TW,Average tax wedge,PT_COS_LB,Percentage of labour costs,S_C0,"Single person, no children",AW100,100% of average wage,_Z,Not applicable,A,Annual,2008,,34.938888,,2,Two,0,Units,A,Normal value,_Z,Not applicable
DATAFLOW,OECD.CTP.TPS:DSD_TAX_WAGES_COMP@DF_TW_COMP(1.0),Labour taxation – OECD comparative indicators,I,LTU,Lithuania,AV_TW,Average tax wedge,PT_COS_LB,Percentage of labour costs,S_C0,"Single person, no children",AW100,100% of average wage,_Z,Not applicable,A,Annual,2005,,45.434574,,2,Two,0,Units,A,Normal value,_Z,Not applicable
DATAFLOW,OECD.CTP.TPS:DSD_TAX_WAGES_COMP@DF_TW_COMP(1.0),Labour taxation – OECD comparative indicators,I,LTU,Lithuania,AV_TW,Average tax wedge,PT_COS_LB,Percentage of labour costs,S_C0,"Single person, no children",AW100,100% of average wage,_Z,Not applicable,A,Annual,2004,,44.830033,,2,Two,0,Units,A,Normal value,_Z,Not applicable
DATAFLOW,OECD.CTP.TPS:DSD_TAX_WAGES_COMP@DF_TW_COMP(1.0),Labour taxation – OECD comparative indicators,I,LTU,Lithuania,AV_TW,Average tax wedge,PT_COS_LB,Percentage of labour costs,S_C0,"Single person, no children",AW100,100% of average wage,_Z,Not applicable,A,Annual,2003,,44.34983,,2,Two,0,Units,A,Normal value,_Z,Not applicable
DATAFLOW,OECD.CTP.TPS:DSD_TAX_WAGES_COMP@DF_TW_COMP(1.0),Labour taxation – OECD comparative indicators,I,LTU,Lithuania,AV_TW,Average tax wedge,PT_COS_LB,Percentage of labour costs,S_C0,"Single person, no children",AW100,100% of average wage,_Z,Not applicable,A,Annual,2002,,45.180629,,2,Two,0,Units,A,Normal value,_Z,Not applicable
DATAFLOW,OECD.CTP.TPS:DSD_TAX_WAGES_COMP@DF_TW_COMP(1.0),Labour taxation – OECD comparative indicators,I,LTU,Lithuania,AV_TW,Average tax wedge,PT_COS_LB,Percentage of labour costs,S_C0,"Single person, no children",AW100,100% of average wage,_Z,Not applicable,A,Annual,2001,,45.720316,,2,Two,0,Units,A,Normal value,_Z,Not applicable
DATAFLOW,OECD.CTP.TPS:DSD_TAX_WAGES_COMP@DF_TW_COMP(1.0),Labour taxation – OECD comparative indicators,I,LTU,Lithuania,AV_TW,Average tax wedge,PT_COS_LB,Percentage of labour costs,S_C0,"Single person, no children",AW100,100% of average wage,_Z,Not applicable,A,Annual,2000,,45.696584,,2,Two,0,Units,A,Normal value,_Z,Not applicable
DATAFLOW,OECD.CTP.TPS:DSD_TAX_WAGES_COMP@DF_TW_COMP(1.0),Labour taxation – OECD comparative indicators,I,LTU,Lithuania,AV_TW,Average tax wedge,PT_COS_LB,Percentage of labour costs,S_C0,"Single person, no children",AW100,100% of average wage,_Z,Not applicable,A,Annual,2022,,38.365517,,2,Two,0,Units,A,Normal value,_Z,Not applicable
DATAFLOW,OECD.CTP.TPS:DSD_TAX_WAGES_COMP@DF_TW_COMP(1.0),Labour taxation – OECD comparative indicators,I,LTU,Lithuania,AV_TW,Average tax wedge,PT_COS_LB,Percentage of labour costs,S_C0,"Single person, no children",AW100,100% of average wage,_Z,Not applicable,A,Annual,2021,,37.551252,,2,Two,0,Units,A,Normal value,_Z,Not applicable
DATAFLOW,OECD.CTP.TPS:DSD_TAX_WAGES_COMP@DF_TW_COMP(1.0),Labour taxation – OECD comparative indicators,I,LTU,Lithuania,AV_TW,Average tax wedge,PT_COS_LB,Percentage of labour costs,S_C0,"Single person, no children",AW100,100% of average wage,_Z,Not applicable,A,Annual,2020,,37.083749,,2,Two,0,Units,A,Normal value,_Z,Not applicable
DATAFLOW,OECD.CTP.TPS:DSD_TAX_WAGES_COMP@DF_TW_COMP(1.0),Labour taxation – OECD comparative indicators,I,LTU,Lithuania,AV_TW,Average tax wedge,PT_COS_LB,Percentage of labour costs,S_C0,"Single person, no children",AW100,100% of average wage,_Z,Not applicable,A,Annual,2019,,37.65676,,2,Two,0,Units,A,Normal value,_Z,Not applicable
DATAFLOW,OECD.CTP.TPS:DSD_TAX_WAGES_COMP@DF_TW_COMP(1.0),Labour taxation – OECD comparative indicators,I,LTU,Lithuania,AV_TW,Average tax wedge,PT_COS_LB,Percentage of labour costs,S_C0,"Single person, no children",AW100,100% of average wage,_Z,Not applicable,A,Annual,2018,,40.661338,,2,Two,0,Units,A,Normal value,_Z,Not applicable
DATAFLOW,OECD.CTP.TPS:DSD_TAX_WAGES_COMP@DF_TW_COMP(1.0),Labour taxation – OECD comparative indicators,I,LTU,Lithuania,AV_TW,Average tax wedge,PT_COS_LB,Percentage of labour costs,S_C0,"Single person, no children",AW100,100% of average wage,_Z,Not applicable,A,Annual,2017,,41.074653,,2,Two,0,Units,A,Normal value,_Z,Not applicable
DATAFLOW,OECD.CTP.TPS:DSD_TAX_WAGES_COMP@DF_TW_COMP(1.0),Labour taxation – OECD comparative indicators,I,LTU,Lithuania,AV_TW,Average tax wedge,PT_COS_LB,Percentage of labour costs,S_C0,"Single person, no children",AW100,100% of average wage,_Z,Not applicable,A,Annual,2016,,41.289383,,2,Two,0,Units,A,Normal value,_Z,Not applicable
DATAFLOW,OECD.CTP.TPS:DSD_TAX_WAGES_COMP@DF_TW_COMP(1.0),Labour taxation – OECD comparative indicators,I,LTU,Lithuania,AV_TW,Average tax wedge,PT_COS_LB,Percentage of labour costs,S_C0,"Single person, no children",AW100,100% of average wage,_Z,Not applicable,A,Annual,2015,,41.205057,,2,Two,0,Units,A,Normal value,_Z,Not applicable
DATAFLOW,OECD.CTP.TPS:DSD_TAX_WAGES_COMP@DF_TW_COMP(1.0),Labour taxation – OECD comparative indicators,I,LTU,Lithuania,AV_TW,Average tax wedge,PT_COS_LB,Percentage of labour costs,S_C0,"Single person, no children",AW100,100% of average wage,_Z,Not applicable,A,Annual,2014,,40.982305,,2,Two,0,Units,A,Normal value,_Z,Not applicable
DATAFLOW,OECD.CTP.TPS:DSD_TAX_WAGES_COMP@DF_TW_COMP(1.0),Labour taxation – OECD comparative indicators,I,LTU,Lithuania,AV_TW,Average tax wedge,PT_COS_LB,Percentage of labour costs,S_C0,"Single person, no children",AW100,100% of average wage,_Z,Not applicable,A,Annual,2013,,41.111906,,2,Two,0,Units,A,Normal value,_Z,Not applicable
DATAFLOW,OECD.CTP.TPS:DSD_TAX_WAGES_COMP@DF_TW_COMP(1.0),Labour taxation – OECD comparative indicators,I,LTU,Lithuania,AV_TW,Average tax wedge,PT_COS_LB,Percentage of labour costs,S_C0,"Single person, no children",AW100,100% of average wage,_Z,Not applicable,A,Annual,2012,,40.916591,,2,Two,0,Units,A,Normal value,_Z,Not applicable
DATAFLOW,OECD.CTP.TPS:DSD_TAX_WAGES_COMP@DF_TW_COMP(1.0),Labour taxation – OECD comparative indicators,I,LTU,Lithuania,AV_TW,Average tax wedge,PT_COS_LB,Percentage of labour costs,S_C0,"Single person, no children",AW100,100% of average wage,_Z,Not applicable,A,Annual,2011,,40.712289,,2,Two,0,Units,A,Normal value,_Z,Not applicable
DATAFLOW,OECD.CTP.TPS:DSD_TAX_WAGES_COMP@DF_TW_COMP(1.0),Labour taxation – OECD comparative indicators,I,LTU,Lithuania,AV_TW,Average tax wedge,PT_COS_LB,Percentage of labour costs,S_C0,"Single person, no children",AW100,100% of average wage,_Z,Not applicable,A,Annual,2010,,40.5977,,2,Two,0,Units,A,Normal value,_Z,Not applicable
DATAFLOW,OECD.CTP.TPS:DSD_TAX_WAGES_COMP@DF_TW_COMP(1.0),Labour taxation – OECD comparative indicators,I,LTU,Lithuania,AV_TW,Average tax wedge,PT_COS_LB,Percentage of labour costs,S_C0,"Single person, no children",AW100,100% of average wage,_Z,Not applicable,A,Annual,2009,,40.683761,,2,Two,0,Units,A,Normal value,_Z,Not applicable
DATAFLOW,OECD.CTP.TPS:DSD_TAX_WAGES_COMP@DF_TW_COMP(1.0),Labour taxation – OECD comparative indicators,I,LTU,Lithuania,AV_TW,Average tax wedge,PT_COS_LB,Percentage of labour costs,S_C0,"Single person, no children",AW100,100% of average wage,_Z,Not applicable,A,Annual,2008,,41.588709,,2,Two,0,Units,A,Normal value,_Z,Not applicable
DATAFLOW,OECD.CTP.TPS:DSD_TAX_WAGES_COMP@DF_TW_COMP(1.0),Labour taxation – OECD comparative indicators,I,LTU,Lithuania,AV_TW,Average tax wedge,PT_COS_LB,Percentage of labour costs,S_C0,"Single person, no children",AW100,100% of average wage,_Z,Not applicable,A,Annual,2007,,43.016643,,2,Two,0,Units,A,Normal value,_Z,Not applicable
DATAFLOW,OECD.CTP.TPS:DSD_TAX_WAGES_COMP@DF_TW_COMP(1.0),Labour taxation – OECD comparative indicators,I,LTU,Lithuania,AV_TW,Average tax wedge,PT_COS_LB,Percentage of labour costs,S_C0,"Single person, no children",AW100,100% of average wage,_Z,Not applicable,A,Annual,2023,,38.907849,,2,Two,0,Units,A,Normal value,_Z,Not applicable
DATAFLOW,OECD.CTP.TPS:DSD_TAX_WAGES_COMP@DF_TW_COMP(1.0),Labour taxation – OECD comparative indicators,I,EST,Estonia,AV_TW,Average tax wedge,PT_COS_LB,Percentage of labour costs,S_C0,"Single person, no children",AW100,100% of average wage,_Z,Not applicable,A,Annual,2023,,39.352744,,2,Two,0,Units,A,Normal value,_Z,Not applicable
DATAFLOW,OECD.CTP.TPS:DSD_TAX_WAGES_COMP@DF_TW_COMP(1.0),Labour taxation – OECD comparative indicators,I,EST,Estonia,AV_TW,Average tax wedge,PT_COS_LB,Percentage of labour costs,S_C0,"Single person, no children",AW100,100% of average wage,_Z,Not applicable,A,Annual,2006,,39.032301,,2,Two,0,Units,A,Normal value,_Z,Not applicable
DATAFLOW,OECD.CTP.TPS:DSD_TAX_WAGES_COMP@DF_TW_COMP(1.0),Labour taxation – OECD comparative indicators,I,EST,Estonia,AV_TW,Average tax wedge,PT_COS_LB,Percentage of labour costs,S_C0,"Single person, no children",AW100,100% of average wage,_Z,Not applicable,A,Annual,2005,,39.922469,,2,Two,0,Units,A,Normal value,_Z,Not applicable
DATAFLOW,OECD.CTP.TPS:DSD_TAX_WAGES_COMP@DF_TW_COMP(1.0),Labour taxation – OECD comparative indicators,I,EST,Estonia,AV_TW,Average tax wedge,PT_COS_LB,Percentage of labour costs,S_C0,"Single person, no children",AW100,100% of average wage,_Z,Not applicable,A,Annual,2004,,41.468851,,2,Two,0,Units,A,Normal value,_Z,Not applicable
DATAFLOW,OECD.CTP.TPS:DSD_TAX_WAGES_COMP@DF_TW_COMP(1.0),Labour taxation – OECD comparative indicators,I,EST,Estonia,AV_TW,Average tax wedge,PT_COS_LB,Percentage of labour costs,S_C0,"Single person, no children",AW100,100% of average wage,_Z,Not applicable,A,Annual,2003,,42.322317,,2,Two,0,Units,A,Normal value,_Z,Not applicable
DATAFLOW,OECD.CTP.TPS:DSD_TAX_WAGES_COMP@DF_TW_COMP(1.0),Labour taxation – OECD comparative indicators,I,EST,Estonia,AV_TW,Average tax wedge,PT_COS_LB,Percentage of labour costs,S_C0,"Single person, no children",AW100,100% of average wage,_Z,Not applicable,A,Annual,2002,,42.088547,,2,Two,0,Units,A,Normal value,_Z,Not applicable
DATAFLOW,OECD.CTP.TPS:DSD_TAX_WAGES_COMP@DF_TW_COMP(1.0),Labour taxation – OECD comparative indicators,I,EST,Estonia,AV_TW,Average tax wedge,PT_COS_LB,Percentage of labour costs,S_C0,"Single person, no children",AW100,100% of average wage,_Z,Not applicable,A,Annual,2001,,40.963905,,2,Two,0,Units,A,Normal value,_Z,Not applicable
DATAFLOW,OECD.CTP.TPS:DSD_TAX_WAGES_COMP@DF_TW_COMP(1.0),Labour taxation – OECD comparative indicators,I,EST,Estonia,AV_TW,Average tax wedge,PT_COS_LB,Percentage of labour costs,S_C0,"Single person, no children",AW100,100% of average wage,_Z,Not applicable,A,Annual,2000,,41.309371,,2,Two,0,Units,A,Normal value,_Z,Not applicable
DATAFLOW,OECD.CTP.TPS:DSD_TAX_WAGES_COMP@DF_TW_COMP(1.0),Labour taxation – OECD comparative indicators,I,EST,Estonia,AV_TW,Average tax wedge,PT_COS_LB,Percentage of labour costs,S_C0,"Single person, no children",AW100,100% of average wage,_Z,Not applicable,A,Annual,2022,,39.121847,,2,Two,0,Units,A,Normal value,_Z,Not applicable
DATAFLOW,OECD.CTP.TPS:DSD_TAX_WAGES_COMP@DF_TW_COMP(1.0),Labour taxation – OECD comparative indicators,I,EST,Estonia,AV_TW,Average tax wedge,PT_COS_LB,Percentage of labour costs,S_C0,"Single person, no children",AW100,100% of average wage,_Z,Not applicable,A,Annual,2021,,38.151907,,2,Two,0,Units,A,Normal value,_Z,Not applicable
DATAFLOW,OECD.CTP.TPS:DSD_TAX_WAGES_COMP@DF_TW_COMP(1.0),Labour taxation – OECD comparative indicators,I,EST,Estonia,AV_TW,Average tax wedge,PT_COS_LB,Percentage of labour costs,S_C0,"Single person, no children",AW100,100% of average wage,_Z,Not applicable,A,Annual,2020,,37.320071,,2,Two,0,Units,A,Normal value,_Z,Not applicable
DATAFLOW,OECD.CTP.TPS:DSD_TAX_WAGES_COMP@DF_TW_COMP(1.0),Labour taxation – OECD comparative indicators,I,EST,Estonia,AV_TW,Average tax wedge,PT_COS_LB,Percentage of labour costs,S_C0,"Single person, no children",AW100,100% of average wage,_Z,Not applicable,A,Annual,2019,,37.026177,,2,Two,0,Units,A,Normal value,_Z,Not applicable
DATAFLOW,OECD.CTP.TPS:DSD_TAX_WAGES_COMP@DF_TW_COMP(1.0),Labour taxation – OECD comparative indicators,I,EST,Estonia,AV_TW,Average tax wedge,PT_COS_LB,Percentage of labour costs,S_C0,"Single person, no children",AW100,100% of average wage,_Z,Not applicable,A,Annual,2018,,36.169987,,2,Two,0,Units,A,Normal value,_Z,Not applicable
DATAFLOW,OECD.CTP.TPS:DSD_TAX_WAGES_COMP@DF_TW_COMP(1.0),Labour taxation – OECD comparative indicators,I,EST,Estonia,AV_TW,Average tax wedge,PT_COS_LB,Percentage of labour costs,S_C0,"Single person, no children",AW100,100% of average wage,_Z,Not applicable,A,Annual,2017,,39.012257,,2,Two,0,Units,A,Normal value,_Z,Not applicable
DATAFLOW,OECD.CTP.TPS:DSD_TAX_WAGES_COMP@DF_TW_COMP(1.0),Labour taxation – OECD comparative indicators,I,EST,Estonia,AV_TW,Average tax wedge,PT_COS_LB,Percentage of labour costs,S_C0,"Single person, no children",AW100,100% of average wage,_Z,Not applicable,A,Annual,2016,,38.992936,,2,Two,0,Units,A,Normal value,_Z,Not applicable
DATAFLOW,OECD.CTP.TPS:DSD_TAX_WAGES_COMP@DF_TW_COMP(1.0),Labour taxation – OECD comparative indicators,I,EST,Estonia,AV_TW,Average tax wedge,PT_COS_LB,Percentage of labour costs,S_C0,"Single person, no children",AW100,100% of average wage,_Z,Not applicable,A,Annual,2015,,39.048336,,2,Two,0,Units,A,Normal value,_Z,Not applicable
DATAFLOW,OECD.CTP.TPS:DSD_TAX_WAGES_COMP@DF_TW_COMP(1.0),Labour taxation – OECD comparative indicators,I,EST,Estonia,AV_TW,Average tax wedge,PT_COS_LB,Percentage of labour costs,S_C0,"Single person, no children",AW100,100% of average wage,_Z,Not applicable,A,Annual,2014,,40.028984,,2,Two,0,Units,A,Normal value,_Z,Not applicable
DATAFLOW,OECD.CTP.TPS:DSD_TAX_WAGES_COMP@DF_TW_COMP(1.0),Labour taxation – OECD comparative indicators,I,EST,Estonia,AV_TW,Average tax wedge,PT_COS_LB,Percentage of labour costs,S_C0,"Single person, no children",AW100,100% of average wage,_Z,Not applicable,A,Annual,2013,,39.915588,,2,Two,0,Units,A,Normal value,_Z,Not applicable
DATAFLOW,OECD.CTP.TPS:DSD_TAX_WAGES_COMP@DF_TW_COMP(1.0),Labour taxation – OECD comparative indicators,I,EST,Estonia,AV_TW,Average tax wedge,PT_COS_LB,Percentage of labour costs,S_C0,"Single person, no children",AW100,100% of average wage,_Z,Not applicable,A,Annual,2012,,40.412424,,2,Two,0,Units,A,Normal value,_Z,Not applicable
DATAFLOW,OECD.CTP.TPS:DSD_TAX_WAGES_COMP@DF_TW_COMP(1.0),Labour taxation – OECD comparative indicators,I,EST,Estonia,AV_TW,Average tax wedge,PT_COS_LB,Percentage of labour costs,S_C0,"Single person, no children",AW100,100% of average wage,_Z,Not applicable,A,Annual,2011,,40.261904,,2,Two,0,Units,A,Normal value,_Z,Not applicable
DATAFLOW,OECD.CTP.TPS:DSD_TAX_WAGES_COMP@DF_TW_COMP(1.0),Labour taxation – OECD comparative indicators,I,EST,Estonia,AV_TW,Average tax wedge,PT_COS_LB,Percentage of labour costs,S_C0,"Single person, no children",AW100,100% of average wage,_Z,Not applicable,A,Annual,2010,,40.089905,,2,Two,0,Units,A,Normal value,_Z,Not applicable
DATAFLOW,OECD.CTP.TPS:DSD_TAX_WAGES_COMP@DF_TW_COMP(1.0),Labour taxation – OECD comparative indicators,I,EST,Estonia,AV_TW,Average tax wedge,PT_COS_LB,Percentage of labour costs,S_C0,"Single person, no children",AW100,100% of average wage,_Z,Not applicable,A,Annual,2009,,39.170548,,2,Two,0,Units,A,Normal value,_Z,Not applicable
DATAFLOW,OECD.CTP.TPS:DSD_TAX_WAGES_COMP@DF_TW_COMP(1.0),Labour taxation – OECD comparative indicators,I,EST,Estonia,AV_TW,Average tax wedge,PT_COS_LB,Percentage of labour costs,S_C0,"Single person, no children",AW100,100% of average wage,_Z,Not applicable,A,Annual,2008,,38.384312,,2,Two,0,Units,A,Normal value,_Z,Not applicable
DATAFLOW,OECD.CTP.TPS:DSD_TAX_WAGES_COMP@DF_TW_COMP(1.0),Labour taxation – OECD comparative indicators,I,COL,Colombia,AV_TW,Average tax wedge,PT_COS_LB,Percentage of labour costs,S_C0,"Single person, no children",AW100,100% of average wage,_Z,Not applicable,A,Annual,2008,,0,,2,Two,0,Units,A,Normal value,_Z,Not applicable
DATAFLOW,OECD.CTP.TPS:DSD_TAX_WAGES_COMP@DF_TW_COMP(1.0),Labour taxation – OECD comparative indicators,I,COL,Colombia,AV_TW,Average tax wedge,PT_COS_LB,Percentage of labour costs,S_C0,"Single person, no children",AW100,100% of average wage,_Z,Not applicable,A,Annual,2007,,0,,2,Two,0,Units,A,Normal value,_Z,Not applicable
DATAFLOW,OECD.CTP.TPS:DSD_TAX_WAGES_COMP@DF_TW_COMP(1.0),Labour taxation – OECD comparative indicators,I,COL,Colombia,AV_TW,Average tax wedge,PT_COS_LB,Percentage of labour costs,S_C0,"Single person, no children",AW100,100% of average wage,_Z,Not applicable,A,Annual,2006,,0,,2,Two,0,Units,A,Normal value,_Z,Not applicable
DATAFLOW,OECD.CTP.TPS:DSD_TAX_WAGES_COMP@DF_TW_COMP(1.0),Labour taxation – OECD comparative indicators,I,COL,Colombia,AV_TW,Average tax wedge,PT_COS_LB,Percentage of labour costs,S_C0,"Single person, no children",AW100,100% of average wage,_Z,Not applicable,A,Annual,2005,,0,,2,Two,0,Units,A,Normal value,_Z,Not applicable
DATAFLOW,OECD.CTP.TPS:DSD_TAX_WAGES_COMP@DF_TW_COMP(1.0),Labour taxation – OECD comparative indicators,I,COL,Colombia,AV_TW,Average tax wedge,PT_COS_LB,Percentage of labour costs,S_C0,"Single person, no children",AW100,100% of average wage,_Z,Not applicable,A,Annual,2004,,0,,2,Two,0,Units,A,Normal value,_Z,Not applicable
DATAFLOW,OECD.CTP.TPS:DSD_TAX_WAGES_COMP@DF_TW_COMP(1.0),Labour taxation – OECD comparative indicators,I,COL,Colombia,AV_TW,Average tax wedge,PT_COS_LB,Percentage of labour costs,S_C0,"Single person, no children",AW100,100% of average wage,_Z,Not applicable,A,Annual,2003,,0,,2,Two,0,Units,A,Normal value,_Z,Not applicable
DATAFLOW,OECD.CTP.TPS:DSD_TAX_WAGES_COMP@DF_TW_COMP(1.0),Labour taxation – OECD comparative indicators,I,COL,Colombia,AV_TW,Average tax wedge,PT_COS_LB,Percentage of labour costs,S_C0,"Single person, no children",AW100,100% of average wage,_Z,Not applicable,A,Annual,2002,,0,,2,Two,0,Units,A,Normal value,_Z,Not applicable
DATAFLOW,OECD.CTP.TPS:DSD_TAX_WAGES_COMP@DF_TW_COMP(1.0),Labour taxation – OECD comparative indicators,I,COL,Colombia,AV_TW,Average tax wedge,PT_COS_LB,Percentage of labour costs,S_C0,"Single person, no children",AW100,100% of average wage,_Z,Not applicable,A,Annual,2001,,0,,2,Two,0,Units,A,Normal value,_Z,Not applicable
DATAFLOW,OECD.CTP.TPS:DSD_TAX_WAGES_COMP@DF_TW_COMP(1.0),Labour taxation – OECD comparative indicators,I,COL,Colombia,AV_TW,Average tax wedge,PT_COS_LB,Percentage of labour costs,S_C0,"Single person, no children",AW100,100% of average wage,_Z,Not applicable,A,Annual,2000,,0,,2,Two,0,Units,A,Normal value,_Z,Not applicable
DATAFLOW,OECD.CTP.TPS:DSD_TAX_WAGES_COMP@DF_TW_COMP(1.0),Labour taxation – OECD comparative indicators,I,COL,Colombia,AV_TW,Average tax wedge,PT_COS_LB,Percentage of labour costs,S_C0,"Single person, no children",AW100,100% of average wage,_Z,Not applicable,A,Annual,2023,,0,,2,Two,0,Units,A,Normal value,_Z,Not applicable
DATAFLOW,OECD.CTP.TPS:DSD_TAX_WAGES_COMP@DF_TW_COMP(1.0),Labour taxation – OECD comparative indicators,I,COL,Colombia,AV_TW,Average tax wedge,PT_COS_LB,Percentage of labour costs,S_C0,"Single person, no children",AW100,100% of average wage,_Z,Not applicable,A,Annual,2022,,0,,2,Two,0,Units,A,Normal value,_Z,Not applicable
DATAFLOW,OECD.CTP.TPS:DSD_TAX_WAGES_COMP@DF_TW_COMP(1.0),Labour taxation – OECD comparative indicators,I,COL,Colombia,AV_TW,Average tax wedge,PT_COS_LB,Percentage of labour costs,S_C0,"Single person, no children",AW100,100% of average wage,_Z,Not applicable,A,Annual,2021,,0,,2,Two,0,Units,A,Normal value,_Z,Not applicable
DATAFLOW,OECD.CTP.TPS:DSD_TAX_WAGES_COMP@DF_TW_COMP(1.0),Labour taxation – OECD comparative indicators,I,COL,Colombia,AV_TW,Average tax wedge,PT_COS_LB,Percentage of labour costs,S_C0,"Single person, no children",AW100,100% of average wage,_Z,Not applicable,A,Annual,2020,,0,,2,Two,0,Units,A,Normal value,_Z,Not applicable
DATAFLOW,OECD.CTP.TPS:DSD_TAX_WAGES_COMP@DF_TW_COMP(1.0),Labour taxation – OECD comparative indicators,I,COL,Colombia,AV_TW,Average tax wedge,PT_COS_LB,Percentage of labour costs,S_C0,"Single person, no children",AW100,100% of average wage,_Z,Not applicable,A,Annual,2019,,0,,2,Two,0,Units,A,Normal value,_Z,Not applicable
DATAFLOW,OECD.CTP.TPS:DSD_TAX_WAGES_COMP@DF_TW_COMP(1.0),Labour taxation – OECD comparative indicators,I,COL,Colombia,AV_TW,Average tax wedge,PT_COS_LB,Percentage of labour costs,S_C0,"Single person, no children",AW100,100% of average wage,_Z,Not applicable,A,Annual,2018,,0,,2,Two,0,Units,A,Normal value,_Z,Not applicable
DATAFLOW,OECD.CTP.TPS:DSD_TAX_WAGES_COMP@DF_TW_COMP(1.0),Labour taxation – OECD comparative indicators,I,COL,Colombia,AV_TW,Average tax wedge,PT_COS_LB,Percentage of labour costs,S_C0,"Single person, no children",AW100,100% of average wage,_Z,Not applicable,A,Annual,2017,,0,,2,Two,0,Units,A,Normal value,_Z,Not applicable
DATAFLOW,OECD.CTP.TPS:DSD_TAX_WAGES_COMP@DF_TW_COMP(1.0),Labour taxation – OECD comparative indicators,I,COL,Colombia,AV_TW,Average tax wedge,PT_COS_LB,Percentage of labour costs,S_C0,"Single person, no children",AW100,100% of average wage,_Z,Not applicable,A,Annual,2016,,0,,2,Two,0,Units,A,Normal value,_Z,Not applicable
DATAFLOW,OECD.CTP.TPS:DSD_TAX_WAGES_COMP@DF_TW_COMP(1.0),Labour taxation – OECD comparative indicators,I,COL,Colombia,AV_TW,Average tax wedge,PT_COS_LB,Percentage of labour costs,S_C0,"Single person, no children",AW100,100% of average wage,_Z,Not applicable,A,Annual,2015,,0,,2,Two,0,Units,A,Normal value,_Z,Not applicable
DATAFLOW,OECD.CTP.TPS:DSD_TAX_WAGES_COMP@DF_TW_COMP(1.0),Labour taxation – OECD comparative indicators,I,COL,Colombia,AV_TW,Average tax wedge,PT_COS_LB,Percentage of labour costs,S_C0,"Single person, no children",AW100,100% of average wage,_Z,Not applicable,A,Annual,2014,,0,,2,Two,0,Units,A,Normal value,_Z,Not applicable
DATAFLOW,OECD.CTP.TPS:DSD_TAX_WAGES_COMP@DF_TW_COMP(1.0),Labour taxation – OECD comparative indicators,I,COL,Colombia,AV_TW,Average tax wedge,PT_COS_LB,Percentage of labour costs,S_C0,"Single person, no children",AW100,100% of average wage,_Z,Not applicable,A,Annual,2013,,0,,2,Two,0,Units,A,Normal value,_Z,Not applicable
DATAFLOW,OECD.CTP.TPS:DSD_TAX_WAGES_COMP@DF_TW_COMP(1.0),Labour taxation – OECD comparative indicators,I,COL,Colombia,AV_TW,Average tax wedge,PT_COS_LB,Percentage of labour costs,S_C0,"Single person, no children",AW100,100% of average wage,_Z,Not applicable,A,Annual,2012,,0,,2,Two,0,Units,A,Normal value,_Z,Not applicable
DATAFLOW,OECD.CTP.TPS:DSD_TAX_WAGES_COMP@DF_TW_COMP(1.0),Labour taxation – OECD comparative indicators,I,COL,Colombia,AV_TW,Average tax wedge,PT_COS_LB,Percentage of labour costs,S_C0,"Single person, no children",AW100,100% of average wage,_Z,Not applicable,A,Annual,2011,,0,,2,Two,0,Units,A,Normal value,_Z,Not applicable
DATAFLOW,OECD.CTP.TPS:DSD_TAX_WAGES_COMP@DF_TW_COMP(1.0),Labour taxation – OECD comparative indicators,I,COL,Colombia,AV_TW,Average tax wedge,PT_COS_LB,Percentage of labour costs,S_C0,"Single person, no children",AW100,100% of average wage,_Z,Not applicable,A,Annual,2010,,0,,2,Two,0,Units,A,Normal value,_Z,Not applicable
DATAFLOW,OECD.CTP.TPS:DSD_TAX_WAGES_COMP@DF_TW_COMP(1.0),Labour taxation – OECD comparative indicators,I,ISR,Israel,AV_TW,Average tax wedge,PT_COS_LB,Percentage of labour costs,S_C0,"Single person, no children",AW100,100% of average wage,_Z,Not applicable,A,Annual,2023,,23.177863,,2,Two,0,Units,A,Normal value,_Z,Not applicable
DATAFLOW,OECD.CTP.TPS:DSD_TAX_WAGES_COMP@DF_TW_COMP(1.0),Labour taxation – OECD comparative indicators,I,ISR,Israel,AV_TW,Average tax wedge,PT_COS_LB,Percentage of labour costs,S_C0,"Single person, no children",AW100,100% of average wage,_Z,Not applicable,A,Annual,2006,,24.314712,,2,Two,0,Units,A,Normal value,_Z,Not applicable
DATAFLOW,OECD.CTP.TPS:DSD_TAX_WAGES_COMP@DF_TW_COMP(1.0),Labour taxation – OECD comparative indicators,I,ISR,Israel,AV_TW,Average tax wedge,PT_COS_LB,Percentage of labour costs,S_C0,"Single person, no children",AW100,100% of average wage,_Z,Not applicable,A,Annual,2005,,25.52123,,2,Two,0,Units,A,Normal value,_Z,Not applicable
DATAFLOW,OECD.CTP.TPS:DSD_TAX_WAGES_COMP@DF_TW_COMP(1.0),Labour taxation – OECD comparative indicators,I,ISR,Israel,AV_TW,Average tax wedge,PT_COS_LB,Percentage of labour costs,S_C0,"Single person, no children",AW100,100% of average wage,_Z,Not applicable,A,Annual,2004,,26.444075,,2,Two,0,Units,A,Normal value,_Z,Not applicable
DATAFLOW,OECD.CTP.TPS:DSD_TAX_WAGES_COMP@DF_TW_COMP(1.0),Labour taxation – OECD comparative indicators,I,ISR,Israel,AV_TW,Average tax wedge,PT_COS_LB,Percentage of labour costs,S_C0,"Single person, no children",AW100,100% of average wage,_Z,Not applicable,A,Annual,2003,,27.655171,,2,Two,0,Units,A,Normal value,_Z,Not applicable
DATAFLOW,OECD.CTP.TPS:DSD_TAX_WAGES_COMP@DF_TW_COMP(1.0),Labour taxation – OECD comparative indicators,I,ISR,Israel,AV_TW,Average tax wedge,PT_COS_LB,Percentage of labour costs,S_C0,"Single person, no children",AW100,100% of average wage,_Z,Not applicable,A,Annual,2002,,30.795671,,2,Two,0,Units,A,Normal value,_Z,Not applicable
DATAFLOW,OECD.CTP.TPS:DSD_TAX_WAGES_COMP@DF_TW_COMP(1.0),Labour taxation – OECD comparative indicators,I,ISR,Israel,AV_TW,Average tax wedge,PT_COS_LB,Percentage of labour costs,S_C0,"Single person, no children",AW100,100% of average wage,_Z,Not applicable,A,Annual,2001,,30.671188,,2,Two,0,Units,A,Normal value,_Z,Not applicable
DATAFLOW,OECD.CTP.TPS:DSD_TAX_WAGES_COMP@DF_TW_COMP(1.0),Labour taxation – OECD comparative indicators,I,ISR,Israel,AV_TW,Average tax wedge,PT_COS_LB,Percentage of labour costs,S_C0,"Single person, no children",AW100,100% of average wage,_Z,Not applicable,A,Annual,2000,,29.576715,,2,Two,0,Units,A,Normal value,_Z,Not applicable
DATAFLOW,OECD.CTP.TPS:DSD_TAX_WAGES_COMP@DF_TW_COMP(1.0),Labour taxation – OECD comparative indicators,I,ISR,Israel,AV_TW,Average tax wedge,PT_COS_LB,Percentage of labour costs,S_C0,"Single person, no children",AW100,100% of average wage,_Z,Not applicable,A,Annual,2022,,23.44522,,2,Two,0,Units,A,Normal value,_Z,Not applicable
DATAFLOW,OECD.CTP.TPS:DSD_TAX_WAGES_COMP@DF_TW_COMP(1.0),Labour taxation – OECD comparative indicators,I,ISR,Israel,AV_TW,Average tax wedge,PT_COS_LB,Percentage of labour costs,S_C0,"Single person, no children",AW100,100% of average wage,_Z,Not applicable,A,Annual,2021,,23.37857,,2,Two,0,Units,A,Normal value,_Z,Not applicable
DATAFLOW,OECD.CTP.TPS:DSD_TAX_WAGES_COMP@DF_TW_COMP(1.0),Labour taxation – OECD comparative indicators,I,ISR,Israel,AV_TW,Average tax wedge,PT_COS_LB,Percentage of labour costs,S_C0,"Single person, no children",AW100,100% of average wage,_Z,Not applicable,A,Annual,2020,,22.777779,,2,Two,0,Units,A,Normal value,_Z,Not applicable
DATAFLOW,OECD.CTP.TPS:DSD_TAX_WAGES_COMP@DF_TW_COMP(1.0),Labour taxation – OECD comparative indicators,I,ISR,Israel,AV_TW,Average tax wedge,PT_COS_LB,Percentage of labour costs,S_C0,"Single person, no children",AW100,100% of average wage,_Z,Not applicable,A,Annual,2019,,22.472004,,2,Two,0,Units,A,Normal value,_Z,Not applicable
DATAFLOW,OECD.CTP.TPS:DSD_TAX_WAGES_COMP@DF_TW_COMP(1.0),Labour taxation – OECD comparative indicators,I,ISR,Israel,AV_TW,Average tax wedge,PT_COS_LB,Percentage of labour costs,S_C0,"Single person, no children",AW100,100% of average wage,_Z,Not applicable,A,Annual,2018,,21.982628,,2,Two,0,Units,A,Normal value,_Z,Not applicable
DATAFLOW,OECD.CTP.TPS:DSD_TAX_WAGES_COMP@DF_TW_COMP(1.0),Labour taxation – OECD comparative indicators,I,ISR,Israel,AV_TW,Average tax wedge,PT_COS_LB,Percentage of labour costs,S_C0,"Single person, no children",AW100,100% of average wage,_Z,Not applicable,A,Annual,2017,,22.07336,,2,Two,0,Units,A,Normal value,_Z,Not applicable
DATAFLOW,OECD.CTP.TPS:DSD_TAX_WAGES_COMP@DF_TW_COMP(1.0),Labour taxation – OECD comparative indicators,I,ISR,Israel,AV_TW,Average tax wedge,PT_COS_LB,Percentage of labour costs,S_C0,"Single person, no children",AW100,100% of average wage,_Z,Not applicable,A,Annual,2016,,22.278929,,2,Two,0,Units,A,Normal value,_Z,Not applicable
DATAFLOW,OECD.CTP.TPS:DSD_TAX_WAGES_COMP@DF_TW_COMP(1.0),Labour taxation – OECD comparative indicators,I,ISR,Israel,AV_TW,Average tax wedge,PT_COS_LB,Percentage of labour costs,S_C0,"Single person, no children",AW100,100% of average wage,_Z,Not applicable,A,Annual,2015,,21.764344,,2,Two,0,Units,A,Normal value,_Z,Not applicable
DATAFLOW,OECD.CTP.TPS:DSD_TAX_WAGES_COMP@DF_TW_COMP(1.0),Labour taxation – OECD comparative indicators,I,ISR,Israel,AV_TW,Average tax wedge,PT_COS_LB,Percentage of labour costs,S_C0,"Single person, no children",AW100,100% of average wage,_Z,Not applicable,A,Annual,2014,,21.069465,,2,Two,0,Units,A,Normal value,_Z,Not applicable
DATAFLOW,OECD.CTP.TPS:DSD_TAX_WAGES_COMP@DF_TW_COMP(1.0),Labour taxation – OECD comparative indicators,I,ISR,Israel,AV_TW,Average tax wedge,PT_COS_LB,Percentage of labour costs,S_C0,"Single person, no children",AW100,100% of average wage,_Z,Not applicable,A,Annual,2013,,20.35099,,2,Two,0,Units,A,Normal value,_Z,Not applicable
DATAFLOW,OECD.CTP.TPS:DSD_TAX_WAGES_COMP@DF_TW_COMP(1.0),Labour taxation – OECD comparative indicators,I,ISR,Israel,AV_TW,Average tax wedge,PT_COS_LB,Percentage of labour costs,S_C0,"Single person, no children",AW100,100% of average wage,_Z,Not applicable,A,Annual,2012,,20.392396,,2,Two,0,Units,A,Normal value,_Z,Not applicable
DATAFLOW,OECD.CTP.TPS:DSD_TAX_WAGES_COMP@DF_TW_COMP(1.0),Labour taxation – OECD comparative indicators,I,ISR,Israel,AV_TW,Average tax wedge,PT_COS_LB,Percentage of labour costs,S_C0,"Single person, no children",AW100,100% of average wage,_Z,Not applicable,A,Annual,2011,,20.784895,,2,Two,0,Units,A,Normal value,_Z,Not applicable
DATAFLOW,OECD.CTP.TPS:DSD_TAX_WAGES_COMP@DF_TW_COMP(1.0),Labour taxation – OECD comparative indicators,I,ISR,Israel,AV_TW,Average tax wedge,PT_COS_LB,Percentage of labour costs,S_C0,"Single person, no children",AW100,100% of average wage,_Z,Not applicable,A,Annual,2010,,20.716439,,2,Two,0,Units,A,Normal value,_Z,Not applicable
DATAFLOW,OECD.CTP.TPS:DSD_TAX_WAGES_COMP@DF_TW_COMP(1.0),Labour taxation – OECD comparative indicators,I,ISR,Israel,AV_TW,Average tax wedge,PT_COS_LB,Percentage of labour costs,S_C0,"Single person, no children",AW100,100% of average wage,_Z,Not applicable,A,Annual,2009,,21.299795,,2,Two,0,Units,A,Normal value,_Z,Not applicable
DATAFLOW,OECD.CTP.TPS:DSD_TAX_WAGES_COMP@DF_TW_COMP(1.0),Labour taxation – OECD comparative indicators,I,ISR,Israel,AV_TW,Average tax wedge,PT_COS_LB,Percentage of labour costs,S_C0,"Single person, no children",AW100,100% of average wage,_Z,Not applicable,A,Annual,2008,,22.898402,,2,Two,0,Units,A,Normal value,_Z,Not applicable
DATAFLOW,OECD.CTP.TPS:DSD_TAX_WAGES_COMP@DF_TW_COMP(1.0),Labour taxation – OECD comparative indicators,I,CRI,Costa Rica,AV_TW,Average tax wedge,PT_COS_LB,Percentage of labour costs,S_C0,"Single person, no children",AW100,100% of average wage,_Z,Not applicable,A,Annual,2023,,28.633059,,2,Two,0,Units,A,Normal value,_Z,Not applicable
DATAFLOW,OECD.CTP.TPS:DSD_TAX_WAGES_COMP@DF_TW_COMP(1.0),Labour taxation – OECD comparative indicators,I,CRI,Costa Rica,AV_TW,Average tax wedge,PT_COS_LB,Percentage of labour costs,S_C0,"Single person, no children",AW100,100% of average wage,_Z,Not applicable,A,Annual,2006,,27.777778,,2,Two,0,Units,A,Normal value,_Z,Not applicable
DATAFLOW,OECD.CTP.TPS:DSD_TAX_WAGES_COMP@DF_TW_COMP(1.0),Labour taxation – OECD comparative indicators,I,CRI,Costa Rica,AV_TW,Average tax wedge,PT_COS_LB,Percentage of labour costs,S_C0,"Single person, no children",AW100,100% of average wage,_Z,Not applicable,A,Annual,2005,,27.777778,,2,Two,0,Units,A,Normal value,_Z,Not applicable
DATAFLOW,OECD.CTP.TPS:DSD_TAX_WAGES_COMP@DF_TW_COMP(1.0),Labour taxation – OECD comparative indicators,I,CRI,Costa Rica,AV_TW,Average tax wedge,PT_COS_LB,Percentage of labour costs,S_C0,"Single person, no children",AW100,100% of average wage,_Z,Not applicable,A,Annual,2004,,27.777778,,2,Two,0,Units,A,Normal value,_Z,Not applicable
DATAFLOW,OECD.CTP.TPS:DSD_TAX_WAGES_COMP@DF_TW_COMP(1.0),Labour taxation – OECD comparative indicators,I,CRI,Costa Rica,AV_TW,Average tax wedge,PT_COS_LB,Percentage of labour costs,S_C0,"Single person, no children",AW100,100% of average wage,_Z,Not applicable,A,Annual,2003,,27.777778,,2,Two,0,Units,A,Normal value,_Z,Not applicable
DATAFLOW,OECD.CTP.TPS:DSD_TAX_WAGES_COMP@DF_TW_COMP(1.0),Labour taxation – OECD comparative indicators,I,CRI,Costa Rica,AV_TW,Average tax wedge,PT_COS_LB,Percentage of labour costs,S_C0,"Single person, no children",AW100,100% of average wage,_Z,Not applicable,A,Annual,2002,,27.777778,,2,Two,0,Units,A,Normal value,_Z,Not applicable
DATAFLOW,OECD.CTP.TPS:DSD_TAX_WAGES_COMP@DF_TW_COMP(1.0),Labour taxation – OECD comparative indicators,I,CRI,Costa Rica,AV_TW,Average tax wedge,PT_COS_LB,Percentage of labour costs,S_C0,"Single person, no children",AW100,100% of average wage,_Z,Not applicable,A,Annual,2001,,27.777778,,2,Two,0,Units,A,Normal value,_Z,Not applicable
DATAFLOW,OECD.CTP.TPS:DSD_TAX_WAGES_COMP@DF_TW_COMP(1.0),Labour taxation – OECD comparative indicators,I,CRI,Costa Rica,AV_TW,Average tax wedge,PT_COS_LB,Percentage of labour costs,S_C0,"Single person, no children",AW100,100% of average wage,_Z,Not applicable,A,Annual,2000,,27.777778,,2,Two,0,Units,A,Normal value,_Z,Not applicable
DATAFLOW,OECD.CTP.TPS:DSD_TAX_WAGES_COMP@DF_TW_COMP(1.0),Labour taxation – OECD comparative indicators,I,CRI,Costa Rica,AV_TW,Average tax wedge,PT_COS_LB,Percentage of labour costs,S_C0,"Single person, no children",AW100,100% of average wage,_Z,Not applicable,A,Annual,2022,,29.249012,,2,Two,0,Units,A,Normal value,_Z,Not applicable
DATAFLOW,OECD.CTP.TPS:DSD_TAX_WAGES_COMP@DF_TW_COMP(1.0),Labour taxation – OECD comparative indicators,I,CRI,Costa Rica,AV_TW,Average tax wedge,PT_COS_LB,Percentage of labour costs,S_C0,"Single person, no children",AW100,100% of average wage,_Z,Not applicable,A,Annual,2021,,29.249012,,2,Two,0,Units,A,Normal value,_Z,Not applicable
DATAFLOW,OECD.CTP.TPS:DSD_TAX_WAGES_COMP@DF_TW_COMP(1.0),Labour taxation – OECD comparative indicators,I,CRI,Costa Rica,AV_TW,Average tax wedge,PT_COS_LB,Percentage of labour costs,S_C0,"Single person, no children",AW100,100% of average wage,_Z,Not applicable,A,Annual,2020,,29.249012,,2,Two,0,Units,A,Normal value,_Z,Not applicable
DATAFLOW,OECD.CTP.TPS:DSD_TAX_WAGES_COMP@DF_TW_COMP(1.0),Labour taxation – OECD comparative indicators,I,CRI,Costa Rica,AV_TW,Average tax wedge,PT_COS_LB,Percentage of labour costs,S_C0,"Single person, no children",AW100,100% of average wage,_Z,Not applicable,A,Annual,2019,,29.027151,,2,Two,0,Units,A,Normal value,_Z,Not applicable
DATAFLOW,OECD.CTP.TPS:DSD_TAX_WAGES_COMP@DF_TW_COMP(1.0),Labour taxation – OECD comparative indicators,I,CRI,Costa Rica,AV_TW,Average tax wedge,PT_COS_LB,Percentage of labour costs,S_C0,"Single person, no children",AW100,100% of average wage,_Z,Not applicable,A,Annual,2018,,29.027151,,2,Two,0,Units,A,Normal value,_Z,Not applicable
DATAFLOW,OECD.CTP.TPS:DSD_TAX_WAGES_COMP@DF_TW_COMP(1.0),Labour taxation – OECD comparative indicators,I,CRI,Costa Rica,AV_TW,Average tax wedge,PT_COS_LB,Percentage of labour costs,S_C0,"Single person, no children",AW100,100% of average wage,_Z,Not applicable,A,Annual,2017,,28.631362,,2,Two,0,Units,A,Normal value,_Z,Not applicable
DATAFLOW,OECD.CTP.TPS:DSD_TAX_WAGES_COMP@DF_TW_COMP(1.0),Labour taxation – OECD comparative indicators,I,CRI,Costa Rica,AV_TW,Average tax wedge,PT_COS_LB,Percentage of labour costs,S_C0,"Single person, no children",AW100,100% of average wage,_Z,Not applicable,A,Annual,2016,,28.235573,,2,Two,0,Units,A,Normal value,_Z,Not applicable
DATAFLOW,OECD.CTP.TPS:DSD_TAX_WAGES_COMP@DF_TW_COMP(1.0),Labour taxation – OECD comparative indicators,I,CRI,Costa Rica,AV_TW,Average tax wedge,PT_COS_LB,Percentage of labour costs,S_C0,"Single person, no children",AW100,100% of average wage,_Z,Not applicable,A,Annual,2015,,28.235573,,2,Two,0,Units,A,Normal value,_Z,Not applicable
DATAFLOW,OECD.CTP.TPS:DSD_TAX_WAGES_COMP@DF_TW_COMP(1.0),Labour taxation – OECD comparative indicators,I,CRI,Costa Rica,AV_TW,Average tax wedge,PT_COS_LB,Percentage of labour costs,S_C0,"Single person, no children",AW100,100% of average wage,_Z,Not applicable,A,Annual,2014,,28.009828,,2,Two,0,Units,A,Normal value,_Z,Not applicable
DATAFLOW,OECD.CTP.TPS:DSD_TAX_WAGES_COMP@DF_TW_COMP(1.0),Labour taxation – OECD comparative indicators,I,CRI,Costa Rica,AV_TW,Average tax wedge,PT_COS_LB,Percentage of labour costs,S_C0,"Single person, no children",AW100,100% of average wage,_Z,Not applicable,A,Annual,2013,,28.009828,,2,Two,0,Units,A,Normal value,_Z,Not applicable
DATAFLOW,OECD.CTP.TPS:DSD_TAX_WAGES_COMP@DF_TW_COMP(1.0),Labour taxation – OECD comparative indicators,I,CRI,Costa Rica,AV_TW,Average tax wedge,PT_COS_LB,Percentage of labour costs,S_C0,"Single person, no children",AW100,100% of average wage,_Z,Not applicable,A,Annual,2012,,28.009828,,2,Two,0,Units,A,Normal value,_Z,Not applicable
DATAFLOW,OECD.CTP.TPS:DSD_TAX_WAGES_COMP@DF_TW_COMP(1.0),Labour taxation – OECD comparative indicators,I,CRI,Costa Rica,AV_TW,Average tax wedge,PT_COS_LB,Percentage of labour costs,S_C0,"Single person, no children",AW100,100% of average wage,_Z,Not applicable,A,Annual,2011,,28.009828,,2,Two,0,Units,A,Normal value,_Z,Not applicable
DATAFLOW,OECD.CTP.TPS:DSD_TAX_WAGES_COMP@DF_TW_COMP(1.0),Labour taxation – OECD comparative indicators,I,CRI,Costa Rica,AV_TW,Average tax wedge,PT_COS_LB,Percentage of labour costs,S_C0,"Single person, no children",AW100,100% of average wage,_Z,Not applicable,A,Annual,2010,,28.009828,,2,Two,0,Units,A,Normal value,_Z,Not applicable
DATAFLOW,OECD.CTP.TPS:DSD_TAX_WAGES_COMP@DF_TW_COMP(1.0),Labour taxation – OECD comparative indicators,I,CRI,Costa Rica,AV_TW,Average tax wedge,PT_COS_LB,Percentage of labour costs,S_C0,"Single person, no children",AW100,100% of average wage,_Z,Not applicable,A,Annual,2009,,27.777778,,2,Two,0,Units,A,Normal value,_Z,Not applicable
DATAFLOW,OECD.CTP.TPS:DSD_TAX_WAGES_COMP@DF_TW_COMP(1.0),Labour taxation – OECD comparative indicators,I,CRI,Costa Rica,AV_TW,Average tax wedge,PT_COS_LB,Percentage of labour costs,S_C0,"Single person, no children",AW100,100% of average wage,_Z,Not applicable,A,Annual,2008,,27.777778,,2,Two,0,Units,A,Normal value,_Z,Not applicable
DATAFLOW,OECD.CTP.TPS:DSD_TAX_WAGES_COMP@DF_TW_COMP(1.0),Labour taxation – OECD comparative indicators,I,POL,Poland,AV_TW,Average tax wedge,PT_COS_LB,Percentage of labour costs,S_C0,"Single person, no children",AW100,100% of average wage,_Z,Not applicable,A,Annual,2023,,34.307828,,2,Two,0,Units,A,Normal value,_Z,Not applicable
DATAFLOW,OECD.CTP.TPS:DSD_TAX_WAGES_COMP@DF_TW_COMP(1.0),Labour taxation – OECD comparative indicators,I,POL,Poland,AV_TW,Average tax wedge,PT_COS_LB,Percentage of labour costs,S_C0,"Single person, no children",AW100,100% of average wage,_Z,Not applicable,A,Annual,2006,,38.953777,,2,Two,0,Units,A,Normal value,_Z,Not applicable
DATAFLOW,OECD.CTP.TPS:DSD_TAX_WAGES_COMP@DF_TW_COMP(1.0),Labour taxation – OECD comparative indicators,I,POL,Poland,AV_TW,Average tax wedge,PT_COS_LB,Percentage of labour costs,S_C0,"Single person, no children",AW100,100% of average wage,_Z,Not applicable,A,Annual,2005,,38.69536,,2,Two,0,Units,A,Normal value,_Z,Not applicable
DATAFLOW,OECD.CTP.TPS:DSD_TAX_WAGES_COMP@DF_TW_COMP(1.0),Labour taxation – OECD comparative indicators,I,POL,Poland,AV_TW,Average tax wedge,PT_COS_LB,Percentage of labour costs,S_C0,"Single person, no children",AW100,100% of average wage,_Z,Not applicable,A,Annual,2004,,38.444196,,2,Two,0,Units,A,Normal value,_Z,Not applicable
DATAFLOW,OECD.CTP.TPS:DSD_TAX_WAGES_COMP@DF_TW_COMP(1.0),Labour taxation – OECD comparative indicators,I,POL,Poland,AV_TW,Average tax wedge,PT_COS_LB,Percentage of labour costs,S_C0,"Single person, no children",AW100,100% of average wage,_Z,Not applicable,A,Annual,2003,,38.236921,,2,Two,0,Units,A,Normal value,_Z,Not applicable
DATAFLOW,OECD.CTP.TPS:DSD_TAX_WAGES_COMP@DF_TW_COMP(1.0),Labour taxation – OECD comparative indicators,I,POL,Poland,AV_TW,Average tax wedge,PT_COS_LB,Percentage of labour costs,S_C0,"Single person, no children",AW100,100% of average wage,_Z,Not applicable,A,Annual,2002,,37.983875,,2,Two,0,Units,A,Normal value,_Z,Not applicable
DATAFLOW,OECD.CTP.TPS:DSD_TAX_WAGES_COMP@DF_TW_COMP(1.0),Labour taxation – OECD comparative indicators,I,POL,Poland,AV_TW,Average tax wedge,PT_COS_LB,Percentage of labour costs,S_C0,"Single person, no children",AW100,100% of average wage,_Z,Not applicable,A,Annual,2001,,38.046188,,2,Two,0,Units,A,Normal value,_Z,Not applicable
DATAFLOW,OECD.CTP.TPS:DSD_TAX_WAGES_COMP@DF_TW_COMP(1.0),Labour taxation – OECD comparative indicators,I,POL,Poland,AV_TW,Average tax wedge,PT_COS_LB,Percentage of labour costs,S_C0,"Single person, no children",AW100,100% of average wage,_Z,Not applicable,A,Annual,2000,,38.16724,,2,Two,0,Units,A,Normal value,_Z,Not applicable
DATAFLOW,OECD.CTP.TPS:DSD_TAX_WAGES_COMP@DF_TW_COMP(1.0),Labour taxation – OECD comparative indicators,I,POL,Poland,AV_TW,Average tax wedge,PT_COS_LB,Percentage of labour costs,S_C0,"Single person, no children",AW100,100% of average wage,_Z,Not applicable,A,Annual,2022,,33.811202,,2,Two,0,Units,A,Normal value,_Z,Not applicable
DATAFLOW,OECD.CTP.TPS:DSD_TAX_WAGES_COMP@DF_TW_COMP(1.0),Labour taxation – OECD comparative indicators,I,POL,Poland,AV_TW,Average tax wedge,PT_COS_LB,Percentage of labour costs,S_C0,"Single person, no children",AW100,100% of average wage,_Z,Not applicable,A,Annual,2021,,34.913449,,2,Two,0,Units,A,Normal value,_Z,Not applicable
DATAFLOW,OECD.CTP.TPS:DSD_TAX_WAGES_COMP@DF_TW_COMP(1.0),Labour taxation – OECD comparative indicators,I,POL,Poland,AV_TW,Average tax wedge,PT_COS_LB,Percentage of labour costs,S_C0,"Single person, no children",AW100,100% of average wage,_Z,Not applicable,A,Annual,2020,,34.905783,,2,Two,0,Units,A,Normal value,_Z,Not applicable
DATAFLOW,OECD.CTP.TPS:DSD_TAX_WAGES_COMP@DF_TW_COMP(1.0),Labour taxation – OECD comparative indicators,I,POL,Poland,AV_TW,Average tax wedge,PT_COS_LB,Percentage of labour costs,S_C0,"Single person, no children",AW100,100% of average wage,_Z,Not applicable,A,Annual,2019,,35.573507,,2,Two,0,Units,A,Normal value,_Z,Not applicable
DATAFLOW,OECD.CTP.TPS:DSD_TAX_WAGES_COMP@DF_TW_COMP(1.0),Labour taxation – OECD comparative indicators,I,POL,Poland,AV_TW,Average tax wedge,PT_COS_LB,Percentage of labour costs,S_C0,"Single person, no children",AW100,100% of average wage,_Z,Not applicable,A,Annual,2018,,35.764998,,2,Two,0,Units,A,Normal value,_Z,Not applicable
DATAFLOW,OECD.CTP.TPS:DSD_TAX_WAGES_COMP@DF_TW_COMP(1.0),Labour taxation – OECD comparative indicators,I,POL,Poland,AV_TW,Average tax wedge,PT_COS_LB,Percentage of labour costs,S_C0,"Single person, no children",AW100,100% of average wage,_Z,Not applicable,A,Annual,2017,,35.672248,,2,Two,0,Units,A,Normal value,_Z,Not applicable
DATAFLOW,OECD.CTP.TPS:DSD_TAX_WAGES_COMP@DF_TW_COMP(1.0),Labour taxation – OECD comparative indicators,I,POL,Poland,AV_TW,Average tax wedge,PT_COS_LB,Percentage of labour costs,S_C0,"Single person, no children",AW100,100% of average wage,_Z,Not applicable,A,Annual,2016,,35.579167,,2,Two,0,Units,A,Normal value,_Z,Not applicable
DATAFLOW,OECD.CTP.TPS:DSD_TAX_WAGES_COMP@DF_TW_COMP(1.0),Labour taxation – OECD comparative indicators,I,POL,Poland,AV_TW,Average tax wedge,PT_COS_LB,Percentage of labour costs,S_C0,"Single person, no children",AW100,100% of average wage,_Z,Not applicable,A,Annual,2015,,35.729066,,2,Two,0,Units,A,Normal value,_Z,Not applicable
DATAFLOW,OECD.CTP.TPS:DSD_TAX_WAGES_COMP@DF_TW_COMP(1.0),Labour taxation – OECD comparative indicators,I,POL,Poland,AV_TW,Average tax wedge,PT_COS_LB,Percentage of labour costs,S_C0,"Single person, no children",AW100,100% of average wage,_Z,Not applicable,A,Annual,2014,,35.675176,,2,Two,0,Units,A,Normal value,_Z,Not applicable
DATAFLOW,OECD.CTP.TPS:DSD_TAX_WAGES_COMP@DF_TW_COMP(1.0),Labour taxation – OECD comparative indicators,I,POL,Poland,AV_TW,Average tax wedge,PT_COS_LB,Percentage of labour costs,S_C0,"Single person, no children",AW100,100% of average wage,_Z,Not applicable,A,Annual,2013,,35.569952,,2,Two,0,Units,A,Normal value,_Z,Not applicable
DATAFLOW,OECD.CTP.TPS:DSD_TAX_WAGES_COMP@DF_TW_COMP(1.0),Labour taxation – OECD comparative indicators,I,POL,Poland,AV_TW,Average tax wedge,PT_COS_LB,Percentage of labour costs,S_C0,"Single person, no children",AW100,100% of average wage,_Z,Not applicable,A,Annual,2012,,35.51103,,2,Two,0,Units,A,Normal value,_Z,Not applicable
DATAFLOW,OECD.CTP.TPS:DSD_TAX_WAGES_COMP@DF_TW_COMP(1.0),Labour taxation – OECD comparative indicators,I,POL,Poland,AV_TW,Average tax wedge,PT_COS_LB,Percentage of labour costs,S_C0,"Single person, no children",AW100,100% of average wage,_Z,Not applicable,A,Annual,2011,,34.321659,,2,Two,0,Units,A,Normal value,_Z,Not applicable
DATAFLOW,OECD.CTP.TPS:DSD_TAX_WAGES_COMP@DF_TW_COMP(1.0),Labour taxation – OECD comparative indicators,I,POL,Poland,AV_TW,Average tax wedge,PT_COS_LB,Percentage of labour costs,S_C0,"Single person, no children",AW100,100% of average wage,_Z,Not applicable,A,Annual,2010,,34.211232,,2,Two,0,Units,A,Normal value,_Z,Not applicable
DATAFLOW,OECD.CTP.TPS:DSD_TAX_WAGES_COMP@DF_TW_COMP(1.0),Labour taxation – OECD comparative indicators,I,POL,Poland,AV_TW,Average tax wedge,PT_COS_LB,Percentage of labour costs,S_C0,"Single person, no children",AW100,100% of average wage,_Z,Not applicable,A,Annual,2009,,34.123775,,2,Two,0,Units,A,Normal value,_Z,Not applicable
DATAFLOW,OECD.CTP.TPS:DSD_TAX_WAGES_COMP@DF_TW_COMP(1.0),Labour taxation – OECD comparative indicators,I,POL,Poland,AV_TW,Average tax wedge,PT_COS_LB,Percentage of labour costs,S_C0,"Single person, no children",AW100,100% of average wage,_Z,Not applicable,A,Annual,2008,,34.692522,,2,Two,0,Units,A,Normal value,_Z,Not applicable
DATAFLOW,OECD.CTP.TPS:DSD_TAX_WAGES_COMP@DF_TW_COMP(1.0),Labour taxation – OECD comparative indicators,I,GBR,United Kingdom,AV_TW,Average tax wedge,PT_COS_LB,Percentage of labour costs,S_C0,"Single person, no children",AW100,100% of average wage,_Z,Not applicable,A,Annual,2023,,31.338,,2,Two,0,Units,A,Normal value,_Z,Not applicable
DATAFLOW,OECD.CTP.TPS:DSD_TAX_WAGES_COMP@DF_TW_COMP(1.0),Labour taxation – OECD comparative indicators,I,GBR,United Kingdom,AV_TW,Average tax wedge,PT_COS_LB,Percentage of labour costs,S_C0,"Single person, no children",AW100,100% of average wage,_Z,Not applicable,A,Annual,2006,,33.981118,,2,Two,0,Units,A,Normal value,_Z,Not applicable
DATAFLOW,OECD.CTP.TPS:DSD_TAX_WAGES_COMP@DF_TW_COMP(1.0),Labour taxation – OECD comparative indicators,I,GBR,United Kingdom,AV_TW,Average tax wedge,PT_COS_LB,Percentage of labour costs,S_C0,"Single person, no children",AW100,100% of average wage,_Z,Not applicable,A,Annual,2005,,33.943313,,2,Two,0,Units,A,Normal value,_Z,Not applicable
DATAFLOW,OECD.CTP.TPS:DSD_TAX_WAGES_COMP@DF_TW_COMP(1.0),Labour taxation – OECD comparative indicators,I,GBR,United Kingdom,AV_TW,Average tax wedge,PT_COS_LB,Percentage of labour costs,S_C0,"Single person, no children",AW100,100% of average wage,_Z,Not applicable,A,Annual,2004,,33.920048,,2,Two,0,Units,A,Normal value,_Z,Not applicable
DATAFLOW,OECD.CTP.TPS:DSD_TAX_WAGES_COMP@DF_TW_COMP(1.0),Labour taxation – OECD comparative indicators,I,GBR,United Kingdom,AV_TW,Average tax wedge,PT_COS_LB,Percentage of labour costs,S_C0,"Single person, no children",AW100,100% of average wage,_Z,Not applicable,A,Annual,2003,,33.794608,,2,Two,0,Units,A,Normal value,_Z,Not applicable
DATAFLOW,OECD.CTP.TPS:DSD_TAX_WAGES_COMP@DF_TW_COMP(1.0),Labour taxation – OECD comparative indicators,I,GBR,United Kingdom,AV_TW,Average tax wedge,PT_COS_LB,Percentage of labour costs,S_C0,"Single person, no children",AW100,100% of average wage,_Z,Not applicable,A,Annual,2002,,32.251521,,2,Two,0,Units,A,Normal value,_Z,Not applicable
DATAFLOW,OECD.CTP.TPS:DSD_TAX_WAGES_COMP@DF_TW_COMP(1.0),Labour taxation – OECD comparative indicators,I,GBR,United Kingdom,AV_TW,Average tax wedge,PT_COS_LB,Percentage of labour costs,S_C0,"Single person, no children",AW100,100% of average wage,_Z,Not applicable,A,Annual,2001,,32.18807,,2,Two,0,Units,A,Normal value,_Z,Not applicable
DATAFLOW,OECD.CTP.TPS:DSD_TAX_WAGES_COMP@DF_TW_COMP(1.0),Labour taxation – OECD comparative indicators,I,GBR,United Kingdom,AV_TW,Average tax wedge,PT_COS_LB,Percentage of labour costs,S_C0,"Single person, no children",AW100,100% of average wage,_Z,Not applicable,A,Annual,2000,,32.590398,,2,Two,0,Units,A,Normal value,_Z,Not applicable
DATAFLOW,OECD.CTP.TPS:DSD_TAX_WAGES_COMP@DF_TW_COMP(1.0),Labour taxation – OECD comparative indicators,I,GBR,United Kingdom,AV_TW,Average tax wedge,PT_COS_LB,Percentage of labour costs,S_C0,"Single person, no children",AW100,100% of average wage,_Z,Not applicable,A,Annual,2022,,31.672165,,2,Two,0,Units,A,Normal value,_Z,Not applicable
DATAFLOW,OECD.CTP.TPS:DSD_TAX_WAGES_COMP@DF_TW_COMP(1.0),Labour taxation – OECD comparative indicators,I,GBR,United Kingdom,AV_TW,Average tax wedge,PT_COS_LB,Percentage of labour costs,S_C0,"Single person, no children",AW100,100% of average wage,_Z,Not applicable,A,Annual,2021,,30.924808,,2,Two,0,Units,A,Normal value,_Z,Not applicable
DATAFLOW,OECD.CTP.TPS:DSD_TAX_WAGES_COMP@DF_TW_COMP(1.0),Labour taxation – OECD comparative indicators,I,GBR,United Kingdom,AV_TW,Average tax wedge,PT_COS_LB,Percentage of labour costs,S_C0,"Single person, no children",AW100,100% of average wage,_Z,Not applicable,A,Annual,2020,,30.389578,,2,Two,0,Units,A,Normal value,_Z,Not applicable
DATAFLOW,OECD.CTP.TPS:DSD_TAX_WAGES_COMP@DF_TW_COMP(1.0),Labour taxation – OECD comparative indicators,I,GBR,United Kingdom,AV_TW,Average tax wedge,PT_COS_LB,Percentage of labour costs,S_C0,"Single person, no children",AW100,100% of average wage,_Z,Not applicable,A,Annual,2019,,30.901417,,2,Two,0,Units,A,Normal value,_Z,Not applicable
DATAFLOW,OECD.CTP.TPS:DSD_TAX_WAGES_COMP@DF_TW_COMP(1.0),Labour taxation – OECD comparative indicators,I,GBR,United Kingdom,AV_TW,Average tax wedge,PT_COS_LB,Percentage of labour costs,S_C0,"Single person, no children",AW100,100% of average wage,_Z,Not applicable,A,Annual,2018,,30.969121,,2,Two,0,Units,A,Normal value,_Z,Not applicable
DATAFLOW,OECD.CTP.TPS:DSD_TAX_WAGES_COMP@DF_TW_COMP(1.0),Labour taxation – OECD comparative indicators,I,GBR,United Kingdom,AV_TW,Average tax wedge,PT_COS_LB,Percentage of labour costs,S_C0,"Single person, no children",AW100,100% of average wage,_Z,Not applicable,A,Annual,2017,,30.990924,,2,Two,0,Units,A,Normal value,_Z,Not applicable
DATAFLOW,OECD.CTP.TPS:DSD_TAX_WAGES_COMP@DF_TW_COMP(1.0),Labour taxation – OECD comparative indicators,I,GBR,United Kingdom,AV_TW,Average tax wedge,PT_COS_LB,Percentage of labour costs,S_C0,"Single person, no children",AW100,100% of average wage,_Z,Not applicable,A,Annual,2016,,30.913017,,2,Two,0,Units,A,Normal value,_Z,Not applicable
DATAFLOW,OECD.CTP.TPS:DSD_TAX_WAGES_COMP@DF_TW_COMP(1.0),Labour taxation – OECD comparative indicators,I,GBR,United Kingdom,AV_TW,Average tax wedge,PT_COS_LB,Percentage of labour costs,S_C0,"Single person, no children",AW100,100% of average wage,_Z,Not applicable,A,Annual,2015,,30.814131,,2,Two,0,Units,A,Normal value,_Z,Not applicable
DATAFLOW,OECD.CTP.TPS:DSD_TAX_WAGES_COMP@DF_TW_COMP(1.0),Labour taxation – OECD comparative indicators,I,GBR,United Kingdom,AV_TW,Average tax wedge,PT_COS_LB,Percentage of labour costs,S_C0,"Single person, no children",AW100,100% of average wage,_Z,Not applicable,A,Annual,2014,,30.956356,,2,Two,0,Units,A,Normal value,_Z,Not applicable
DATAFLOW,OECD.CTP.TPS:DSD_TAX_WAGES_COMP@DF_TW_COMP(1.0),Labour taxation – OECD comparative indicators,I,GBR,United Kingdom,AV_TW,Average tax wedge,PT_COS_LB,Percentage of labour costs,S_C0,"Single person, no children",AW100,100% of average wage,_Z,Not applicable,A,Annual,2013,,31.361598,,2,Two,0,Units,A,Normal value,_Z,Not applicable
DATAFLOW,OECD.CTP.TPS:DSD_TAX_WAGES_COMP@DF_TW_COMP(1.0),Labour taxation – OECD comparative indicators,I,GBR,United Kingdom,AV_TW,Average tax wedge,PT_COS_LB,Percentage of labour costs,S_C0,"Single person, no children",AW100,100% of average wage,_Z,Not applicable,A,Annual,2012,,32.091517,,2,Two,0,Units,A,Normal value,_Z,Not applicable
DATAFLOW,OECD.CTP.TPS:DSD_TAX_WAGES_COMP@DF_TW_COMP(1.0),Labour taxation – OECD comparative indicators,I,GBR,United Kingdom,AV_TW,Average tax wedge,PT_COS_LB,Percentage of labour costs,S_C0,"Single person, no children",AW100,100% of average wage,_Z,Not applicable,A,Annual,2011,,32.456784,,2,Two,0,Units,A,Normal value,_Z,Not applicable
DATAFLOW,OECD.CTP.TPS:DSD_TAX_WAGES_COMP@DF_TW_COMP(1.0),Labour taxation – OECD comparative indicators,I,GBR,United Kingdom,AV_TW,Average tax wedge,PT_COS_LB,Percentage of labour costs,S_C0,"Single person, no children",AW100,100% of average wage,_Z,Not applicable,A,Annual,2010,,32.582675,,2,Two,0,Units,A,Normal value,_Z,Not applicable
DATAFLOW,OECD.CTP.TPS:DSD_TAX_WAGES_COMP@DF_TW_COMP(1.0),Labour taxation – OECD comparative indicators,I,GBR,United Kingdom,AV_TW,Average tax wedge,PT_COS_LB,Percentage of labour costs,S_C0,"Single person, no children",AW100,100% of average wage,_Z,Not applicable,A,Annual,2009,,32.407154,,2,Two,0,Units,A,Normal value,_Z,Not applicable
DATAFLOW,OECD.CTP.TPS:DSD_TAX_WAGES_COMP@DF_TW_COMP(1.0),Labour taxation – OECD comparative indicators,I,GBR,United Kingdom,AV_TW,Average tax wedge,PT_COS_LB,Percentage of labour costs,S_C0,"Single person, no children",AW100,100% of average wage,_Z,Not applicable,A,Annual,2008,,32.78177,,2,Two,0,Units,A,Normal value,_Z,Not applicable
DATAFLOW,OECD.CTP.TPS:DSD_TAX_WAGES_COMP@DF_TW_COMP(1.0),Labour taxation – OECD comparative indicators,I,ISL,Iceland,AV_TW,Average tax wedge,PT_COS_LB,Percentage of labour costs,S_C0,"Single person, no children",AW100,100% of average wage,_Z,Not applicable,A,Annual,2023,,31.721289,,2,Two,0,Units,A,Normal value,_Z,Not applicable
DATAFLOW,OECD.CTP.TPS:DSD_TAX_WAGES_COMP@DF_TW_COMP(1.0),Labour taxation – OECD comparative indicators,I,ISL,Iceland,AV_TW,Average tax wedge,PT_COS_LB,Percentage of labour costs,S_C0,"Single person, no children",AW100,100% of average wage,_Z,Not applicable,A,Annual,2006,,31.760389,,2,Two,0,Units,A,Normal value,_Z,Not applicable
DATAFLOW,OECD.CTP.TPS:DSD_TAX_WAGES_COMP@DF_TW_COMP(1.0),Labour taxation – OECD comparative indicators,I,ISL,Iceland,AV_TW,Average tax wedge,PT_COS_LB,Percentage of labour costs,S_C0,"Single person, no children",AW100,100% of average wage,_Z,Not applicable,A,Annual,2005,,32.052113,,2,Two,0,Units,A,Normal value,_Z,Not applicable
DATAFLOW,OECD.CTP.TPS:DSD_TAX_WAGES_COMP@DF_TW_COMP(1.0),Labour taxation – OECD comparative indicators,I,ISL,Iceland,AV_TW,Average tax wedge,PT_COS_LB,Percentage of labour costs,S_C0,"Single person, no children",AW100,100% of average wage,_Z,Not applicable,A,Annual,2004,,31.931303,,2,Two,0,Units,A,Normal value,_Z,Not applicable
DATAFLOW,OECD.CTP.TPS:DSD_TAX_WAGES_COMP@DF_TW_COMP(1.0),Labour taxation – OECD comparative indicators,I,ISL,Iceland,AV_TW,Average tax wedge,PT_COS_LB,Percentage of labour costs,S_C0,"Single person, no children",AW100,100% of average wage,_Z,Not applicable,A,Annual,2003,,31.517635,,2,Two,0,Units,A,Normal value,_Z,Not applicable
DATAFLOW,OECD.CTP.TPS:DSD_TAX_WAGES_COMP@DF_TW_COMP(1.0),Labour taxation – OECD comparative indicators,I,ISL,Iceland,AV_TW,Average tax wedge,PT_COS_LB,Percentage of labour costs,S_C0,"Single person, no children",AW100,100% of average wage,_Z,Not applicable,A,Annual,2002,,30.862872,,2,Two,0,Units,A,Normal value,_Z,Not applicable
DATAFLOW,OECD.CTP.TPS:DSD_TAX_WAGES_COMP@DF_TW_COMP(1.0),Labour taxation – OECD comparative indicators,I,ISL,Iceland,AV_TW,Average tax wedge,PT_COS_LB,Percentage of labour costs,S_C0,"Single person, no children",AW100,100% of average wage,_Z,Not applicable,A,Annual,2001,,29.337573,,2,Two,0,Units,A,Normal value,_Z,Not applicable
DATAFLOW,OECD.CTP.TPS:DSD_TAX_WAGES_COMP@DF_TW_COMP(1.0),Labour taxation – OECD comparative indicators,I,ISL,Iceland,AV_TW,Average tax wedge,PT_COS_LB,Percentage of labour costs,S_C0,"Single person, no children",AW100,100% of average wage,_Z,Not applicable,A,Annual,2000,,28.833356,,2,Two,0,Units,A,Normal value,_Z,Not applicable
DATAFLOW,OECD.CTP.TPS:DSD_TAX_WAGES_COMP@DF_TW_COMP(1.0),Labour taxation – OECD comparative indicators,I,ISL,Iceland,AV_TW,Average tax wedge,PT_COS_LB,Percentage of labour costs,S_C0,"Single person, no children",AW100,100% of average wage,_Z,Not applicable,A,Annual,2022,,32.108541,,2,Two,0,Units,A,Normal value,_Z,Not applicable
DATAFLOW,OECD.CTP.TPS:DSD_TAX_WAGES_COMP@DF_TW_COMP(1.0),Labour taxation – OECD comparative indicators,I,ISL,Iceland,AV_TW,Average tax wedge,PT_COS_LB,Percentage of labour costs,S_C0,"Single person, no children",AW100,100% of average wage,_Z,Not applicable,A,Annual,2021,,31.949226,,2,Two,0,Units,A,Normal value,_Z,Not applicable
DATAFLOW,OECD.CTP.TPS:DSD_TAX_WAGES_COMP@DF_TW_COMP(1.0),Labour taxation – OECD comparative indicators,I,ISL,Iceland,AV_TW,Average tax wedge,PT_COS_LB,Percentage of labour costs,S_C0,"Single person, no children",AW100,100% of average wage,_Z,Not applicable,A,Annual,2020,,32.504858,,2,Two,0,Units,A,Normal value,_Z,Not applicable
DATAFLOW,OECD.CTP.TPS:DSD_TAX_WAGES_COMP@DF_TW_COMP(1.0),Labour taxation – OECD comparative indicators,I,ISL,Iceland,AV_TW,Average tax wedge,PT_COS_LB,Percentage of labour costs,S_C0,"Single person, no children",AW100,100% of average wage,_Z,Not applicable,A,Annual,2019,,32.742695,,2,Two,0,Units,A,Normal value,_Z,Not applicable
DATAFLOW,OECD.CTP.TPS:DSD_TAX_WAGES_COMP@DF_TW_COMP(1.0),Labour taxation – OECD comparative indicators,I,ISL,Iceland,AV_TW,Average tax wedge,PT_COS_LB,Percentage of labour costs,S_C0,"Single person, no children",AW100,100% of average wage,_Z,Not applicable,A,Annual,2018,,32.900425,,2,Two,0,Units,A,Normal value,_Z,Not applicable
DATAFLOW,OECD.CTP.TPS:DSD_TAX_WAGES_COMP@DF_TW_COMP(1.0),Labour taxation – OECD comparative indicators,I,ISL,Iceland,AV_TW,Average tax wedge,PT_COS_LB,Percentage of labour costs,S_C0,"Single person, no children",AW100,100% of average wage,_Z,Not applicable,A,Annual,2017,,32.845351,,2,Two,0,Units,A,Normal value,_Z,Not applicable
DATAFLOW,OECD.CTP.TPS:DSD_TAX_WAGES_COMP@DF_TW_COMP(1.0),Labour taxation – OECD comparative indicators,I,ISL,Iceland,AV_TW,Average tax wedge,PT_COS_LB,Percentage of labour costs,S_C0,"Single person, no children",AW100,100% of average wage,_Z,Not applicable,A,Annual,2016,,33.901883,,2,Two,0,Units,A,Normal value,_Z,Not applicable
DATAFLOW,OECD.CTP.TPS:DSD_TAX_WAGES_COMP@DF_TW_COMP(1.0),Labour taxation – OECD comparative indicators,I,ISL,Iceland,AV_TW,Average tax wedge,PT_COS_LB,Percentage of labour costs,S_C0,"Single person, no children",AW100,100% of average wage,_Z,Not applicable,A,Annual,2015,,34.277062,,2,Two,0,Units,A,Normal value,_Z,Not applicable
DATAFLOW,OECD.CTP.TPS:DSD_TAX_WAGES_COMP@DF_TW_COMP(1.0),Labour taxation – OECD comparative indicators,I,ISL,Iceland,AV_TW,Average tax wedge,PT_COS_LB,Percentage of labour costs,S_C0,"Single person, no children",AW100,100% of average wage,_Z,Not applicable,A,Annual,2014,,33.927186,,2,Two,0,Units,A,Normal value,_Z,Not applicable
DATAFLOW,OECD.CTP.TPS:DSD_TAX_WAGES_COMP@DF_TW_COMP(1.0),Labour taxation – OECD comparative indicators,I,ISL,Iceland,AV_TW,Average tax wedge,PT_COS_LB,Percentage of labour costs,S_C0,"Single person, no children",AW100,100% of average wage,_Z,Not applicable,A,Annual,2013,,34.119549,,2,Two,0,Units,A,Normal value,_Z,Not applicable
DATAFLOW,OECD.CTP.TPS:DSD_TAX_WAGES_COMP@DF_TW_COMP(1.0),Labour taxation – OECD comparative indicators,I,ISL,Iceland,AV_TW,Average tax wedge,PT_COS_LB,Percentage of labour costs,S_C0,"Single person, no children",AW100,100% of average wage,_Z,Not applicable,A,Annual,2012,,33.827326,,2,Two,0,Units,A,Normal value,_Z,Not applicable
DATAFLOW,OECD.CTP.TPS:DSD_TAX_WAGES_COMP@DF_TW_COMP(1.0),Labour taxation – OECD comparative indicators,I,ISL,Iceland,AV_TW,Average tax wedge,PT_COS_LB,Percentage of labour costs,S_C0,"Single person, no children",AW100,100% of average wage,_Z,Not applicable,A,Annual,2011,,34.080548,,2,Two,0,Units,A,Normal value,_Z,Not applicable
DATAFLOW,OECD.CTP.TPS:DSD_TAX_WAGES_COMP@DF_TW_COMP(1.0),Labour taxation – OECD comparative indicators,I,ISL,Iceland,AV_TW,Average tax wedge,PT_COS_LB,Percentage of labour costs,S_C0,"Single person, no children",AW100,100% of average wage,_Z,Not applicable,A,Annual,2010,,33.362908,,2,Two,0,Units,A,Normal value,_Z,Not applicable
DATAFLOW,OECD.CTP.TPS:DSD_TAX_WAGES_COMP@DF_TW_COMP(1.0),Labour taxation – OECD comparative indicators,I,ISL,Iceland,AV_TW,Average tax wedge,PT_COS_LB,Percentage of labour costs,S_C0,"Single person, no children",AW100,100% of average wage,_Z,Not applicable,A,Annual,2009,,30.525266,,2,Two,0,Units,A,Normal value,_Z,Not applicable
DATAFLOW,OECD.CTP.TPS:DSD_TAX_WAGES_COMP@DF_TW_COMP(1.0),Labour taxation – OECD comparative indicators,I,ISL,Iceland,AV_TW,Average tax wedge,PT_COS_LB,Percentage of labour costs,S_C0,"Single person, no children",AW100,100% of average wage,_Z,Not applicable,A,Annual,2008,,30.936688,,2,Two,0,Units,A,Normal value,_Z,Not applicable
DATAFLOW,OECD.CTP.TPS:DSD_TAX_WAGES_COMP@DF_TW_COMP(1.0),Labour taxation – OECD comparative indicators,I,GRC,Greece,AV_TW,Average tax wedge,PT_COS_LB,Percentage of labour costs,S_C0,"Single person, no children",AW100,100% of average wage,_Z,Not applicable,A,Annual,2023,,38.478881,,2,Two,0,Units,A,Normal value,_Z,Not applicable
DATAFLOW,OECD.CTP.TPS:DSD_TAX_WAGES_COMP@DF_TW_COMP(1.0),Labour taxation – OECD comparative indicators,I,GRC,Greece,AV_TW,Average tax wedge,PT_COS_LB,Percentage of labour costs,S_C0,"Single person, no children",AW100,100% of average wage,_Z,Not applicable,A,Annual,2006,,42.154246,,2,Two,0,Units,A,Normal value,_Z,Not applicable
DATAFLOW,OECD.CTP.TPS:DSD_TAX_WAGES_COMP@DF_TW_COMP(1.0),Labour taxation – OECD comparative indicators,I,GRC,Greece,AV_TW,Average tax wedge,PT_COS_LB,Percentage of labour costs,S_C0,"Single person, no children",AW100,100% of average wage,_Z,Not applicable,A,Annual,2005,,41.209532,,2,Two,0,Units,A,Normal value,_Z,Not applicable
DATAFLOW,OECD.CTP.TPS:DSD_TAX_WAGES_COMP@DF_TW_COMP(1.0),Labour taxation – OECD comparative indicators,I,GRC,Greece,AV_TW,Average tax wedge,PT_COS_LB,Percentage of labour costs,S_C0,"Single person, no children",AW100,100% of average wage,_Z,Not applicable,A,Annual,2004,,41.131152,,2,Two,0,Units,A,Normal value,_Z,Not applicable
DATAFLOW,OECD.CTP.TPS:DSD_TAX_WAGES_COMP@DF_TW_COMP(1.0),Labour taxation – OECD comparative indicators,I,GRC,Greece,AV_TW,Average tax wedge,PT_COS_LB,Percentage of labour costs,S_C0,"Single person, no children",AW100,100% of average wage,_Z,Not applicable,A,Annual,2003,,39.70232,,2,Two,0,Units,A,Normal value,_Z,Not applicable
DATAFLOW,OECD.CTP.TPS:DSD_TAX_WAGES_COMP@DF_TW_COMP(1.0),Labour taxation – OECD comparative indicators,I,GRC,Greece,AV_TW,Average tax wedge,PT_COS_LB,Percentage of labour costs,S_C0,"Single person, no children",AW100,100% of average wage,_Z,Not applicable,A,Annual,2002,,39.146756,,2,Two,0,Units,A,Normal value,_Z,Not applicable
DATAFLOW,OECD.CTP.TPS:DSD_TAX_WAGES_COMP@DF_TW_COMP(1.0),Labour taxation – OECD comparative indicators,I,GRC,Greece,AV_TW,Average tax wedge,PT_COS_LB,Percentage of labour costs,S_C0,"Single person, no children",AW100,100% of average wage,_Z,Not applicable,A,Annual,2001,,38.13145,,2,Two,0,Units,A,Normal value,_Z,Not applicable
DATAFLOW,OECD.CTP.TPS:DSD_TAX_WAGES_COMP@DF_TW_COMP(1.0),Labour taxation – OECD comparative indicators,I,GRC,Greece,AV_TW,Average tax wedge,PT_COS_LB,Percentage of labour costs,S_C0,"Single person, no children",AW100,100% of average wage,_Z,Not applicable,A,Annual,2000,,38.728212,,2,Two,0,Units,A,Normal value,_Z,Not applicable
DATAFLOW,OECD.CTP.TPS:DSD_TAX_WAGES_COMP@DF_TW_COMP(1.0),Labour taxation – OECD comparative indicators,I,GRC,Greece,AV_TW,Average tax wedge,PT_COS_LB,Percentage of labour costs,S_C0,"Single person, no children",AW100,100% of average wage,_Z,Not applicable,A,Annual,2022,,38.043866,,2,Two,0,Units,A,Normal value,_Z,Not applicable
DATAFLOW,OECD.CTP.TPS:DSD_TAX_WAGES_COMP@DF_TW_COMP(1.0),Labour taxation – OECD comparative indicators,I,GRC,Greece,AV_TW,Average tax wedge,PT_COS_LB,Percentage of labour costs,S_C0,"Single person, no children",AW100,100% of average wage,_Z,Not applicable,A,Annual,2021,,37.423316,,2,Two,0,Units,A,Normal value,_Z,Not applicable
DATAFLOW,OECD.CTP.TPS:DSD_TAX_WAGES_COMP@DF_TW_COMP(1.0),Labour taxation – OECD comparative indicators,I,GRC,Greece,AV_TW,Average tax wedge,PT_COS_LB,Percentage of labour costs,S_C0,"Single person, no children",AW100,100% of average wage,_Z,Not applicable,A,Annual,2020,,38.921345,,2,Two,0,Units,A,Normal value,_Z,Not applicable
DATAFLOW,OECD.CTP.TPS:DSD_TAX_WAGES_COMP@DF_TW_COMP(1.0),Labour taxation – OECD comparative indicators,I,GRC,Greece,AV_TW,Average tax wedge,PT_COS_LB,Percentage of labour costs,S_C0,"Single person, no children",AW100,100% of average wage,_Z,Not applicable,A,Annual,2019,,40.380936,,2,Two,0,Units,A,Normal value,_Z,Not applicable
DATAFLOW,OECD.CTP.TPS:DSD_TAX_WAGES_COMP@DF_TW_COMP(1.0),Labour taxation – OECD comparative indicators,I,GRC,Greece,AV_TW,Average tax wedge,PT_COS_LB,Percentage of labour costs,S_C0,"Single person, no children",AW100,100% of average wage,_Z,Not applicable,A,Annual,2018,,40.401989,,2,Two,0,Units,A,Normal value,_Z,Not applicable
DATAFLOW,OECD.CTP.TPS:DSD_TAX_WAGES_COMP@DF_TW_COMP(1.0),Labour taxation – OECD comparative indicators,I,GRC,Greece,AV_TW,Average tax wedge,PT_COS_LB,Percentage of labour costs,S_C0,"Single person, no children",AW100,100% of average wage,_Z,Not applicable,A,Annual,2017,,40.175538,,2,Two,0,Units,A,Normal value,_Z,Not applicable
DATAFLOW,OECD.CTP.TPS:DSD_TAX_WAGES_COMP@DF_TW_COMP(1.0),Labour taxation – OECD comparative indicators,I,GRC,Greece,AV_TW,Average tax wedge,PT_COS_LB,Percentage of labour costs,S_C0,"Single person, no children",AW100,100% of average wage,_Z,Not applicable,A,Annual,2016,,40.000817,,2,Two,0,Units,A,Normal value,_Z,Not applicable
DATAFLOW,OECD.CTP.TPS:DSD_TAX_WAGES_COMP@DF_TW_COMP(1.0),Labour taxation – OECD comparative indicators,I,GRC,Greece,AV_TW,Average tax wedge,PT_COS_LB,Percentage of labour costs,S_C0,"Single person, no children",AW100,100% of average wage,_Z,Not applicable,A,Annual,2015,,38.781208,,2,Two,0,Units,A,Normal value,_Z,Not applicable
DATAFLOW,OECD.CTP.TPS:DSD_TAX_WAGES_COMP@DF_TW_COMP(1.0),Labour taxation – OECD comparative indicators,I,GRC,Greece,AV_TW,Average tax wedge,PT_COS_LB,Percentage of labour costs,S_C0,"Single person, no children",AW100,100% of average wage,_Z,Not applicable,A,Annual,2014,,40.187901,,2,Two,0,Units,A,Normal value,_Z,Not applicable
DATAFLOW,OECD.CTP.TPS:DSD_TAX_WAGES_COMP@DF_TW_COMP(1.0),Labour taxation – OECD comparative indicators,I,GRC,Greece,AV_TW,Average tax wedge,PT_COS_LB,Percentage of labour costs,S_C0,"Single person, no children",AW100,100% of average wage,_Z,Not applicable,A,Annual,2013,,41.086354,,2,Two,0,Units,A,Normal value,_Z,Not applicable
DATAFLOW,OECD.CTP.TPS:DSD_TAX_WAGES_COMP@DF_TW_COMP(1.0),Labour taxation – OECD comparative indicators,I,GRC,Greece,AV_TW,Average tax wedge,PT_COS_LB,Percentage of labour costs,S_C0,"Single person, no children",AW100,100% of average wage,_Z,Not applicable,A,Annual,2012,,42.812157,,2,Two,0,Units,A,Normal value,_Z,Not applicable
DATAFLOW,OECD.CTP.TPS:DSD_TAX_WAGES_COMP@DF_TW_COMP(1.0),Labour taxation – OECD comparative indicators,I,GRC,Greece,AV_TW,Average tax wedge,PT_COS_LB,Percentage of labour costs,S_C0,"Single person, no children",AW100,100% of average wage,_Z,Not applicable,A,Annual,2011,,42.875196,,2,Two,0,Units,A,Normal value,_Z,Not applicable
DATAFLOW,OECD.CTP.TPS:DSD_TAX_WAGES_COMP@DF_TW_COMP(1.0),Labour taxation – OECD comparative indicators,I,GRC,Greece,AV_TW,Average tax wedge,PT_COS_LB,Percentage of labour costs,S_C0,"Single person, no children",AW100,100% of average wage,_Z,Not applicable,A,Annual,2010,,39.977535,,2,Two,0,Units,A,Normal value,_Z,Not applicable
DATAFLOW,OECD.CTP.TPS:DSD_TAX_WAGES_COMP@DF_TW_COMP(1.0),Labour taxation – OECD comparative indicators,I,GRC,Greece,AV_TW,Average tax wedge,PT_COS_LB,Percentage of labour costs,S_C0,"Single person, no children",AW100,100% of average wage,_Z,Not applicable,A,Annual,2009,,41.166362,,2,Two,0,Units,A,Normal value,_Z,Not applicable
DATAFLOW,OECD.CTP.TPS:DSD_TAX_WAGES_COMP@DF_TW_COMP(1.0),Labour taxation – OECD comparative indicators,I,GRC,Greece,AV_TW,Average tax wedge,PT_COS_LB,Percentage of labour costs,S_C0,"Single person, no children",AW100,100% of average wage,_Z,Not applicable,A,Annual,2008,,41.401046,,2,Two,0,Units,A,Normal value,_Z,Not applicable
DATAFLOW,OECD.CTP.TPS:DSD_TAX_WAGES_COMP@DF_TW_COMP(1.0),Labour taxation – OECD comparative indicators,I,JPN,Japan,AV_TW,Average tax wedge,PT_COS_LB,Percentage of labour costs,S_C0,"Single person, no children",AW100,100% of average wage,_Z,Not applicable,A,Annual,2023,,33.019687,,2,Two,0,Units,A,Normal value,_Z,Not applicable
DATAFLOW,OECD.CTP.TPS:DSD_TAX_WAGES_COMP@DF_TW_COMP(1.0),Labour taxation – OECD comparative indicators,I,JPN,Japan,AV_TW,Average tax wedge,PT_COS_LB,Percentage of labour costs,S_C0,"Single person, no children",AW100,100% of average wage,_Z,Not applicable,A,Annual,2006,,28.78548,,2,Two,0,Units,A,Normal value,_Z,Not applicable
DATAFLOW,OECD.CTP.TPS:DSD_TAX_WAGES_COMP@DF_TW_COMP(1.0),Labour taxation – OECD comparative indicators,I,JPN,Japan,AV_TW,Average tax wedge,PT_COS_LB,Percentage of labour costs,S_C0,"Single person, no children",AW100,100% of average wage,_Z,Not applicable,A,Annual,2005,,27.734618,,2,Two,0,Units,A,Normal value,_Z,Not applicable
DATAFLOW,OECD.CTP.TPS:DSD_TAX_WAGES_COMP@DF_TW_COMP(1.0),Labour taxation – OECD comparative indicators,I,JPN,Japan,AV_TW,Average tax wedge,PT_COS_LB,Percentage of labour costs,S_C0,"Single person, no children",AW100,100% of average wage,_Z,Not applicable,A,Annual,2004,,27.338675,,2,Two,0,Units,A,Normal value,_Z,Not applicable
DATAFLOW,OECD.CTP.TPS:DSD_TAX_WAGES_COMP@DF_TW_COMP(1.0),Labour taxation – OECD comparative indicators,I,JPN,Japan,AV_TW,Average tax wedge,PT_COS_LB,Percentage of labour costs,S_C0,"Single person, no children",AW100,100% of average wage,_Z,Not applicable,A,Annual,2003,,27.355795,,2,Two,0,Units,A,Normal value,_Z,Not applicable
DATAFLOW,OECD.CTP.TPS:DSD_TAX_WAGES_COMP@DF_TW_COMP(1.0),Labour taxation – OECD comparative indicators,I,JPN,Japan,AV_TW,Average tax wedge,PT_COS_LB,Percentage of labour costs,S_C0,"Single person, no children",AW100,100% of average wage,_Z,Not applicable,A,Annual,2002,,30.198663,,2,Two,0,Units,A,Normal value,_Z,Not applicable
DATAFLOW,OECD.CTP.TPS:DSD_TAX_WAGES_COMP@DF_TW_COMP(1.0),Labour taxation – OECD comparative indicators,I,JPN,Japan,AV_TW,Average tax wedge,PT_COS_LB,Percentage of labour costs,S_C0,"Single person, no children",AW100,100% of average wage,_Z,Not applicable,A,Annual,2001,,29.883094,,2,Two,0,Units,A,Normal value,_Z,Not applicable
DATAFLOW,OECD.CTP.TPS:DSD_TAX_WAGES_COMP@DF_TW_COMP(1.0),Labour taxation – OECD comparative indicators,I,JPN,Japan,AV_TW,Average tax wedge,PT_COS_LB,Percentage of labour costs,S_C0,"Single person, no children",AW100,100% of average wage,_Z,Not applicable,A,Annual,2000,,29.836575,,2,Two,0,Units,A,Normal value,_Z,Not applicable
DATAFLOW,OECD.CTP.TPS:DSD_TAX_WAGES_COMP@DF_TW_COMP(1.0),Labour taxation – OECD comparative indicators,I,JPN,Japan,AV_TW,Average tax wedge,PT_COS_LB,Percentage of labour costs,S_C0,"Single person, no children",AW100,100% of average wage,_Z,Not applicable,A,Annual,2022,,32.659841,,2,Two,0,Units,A,Normal value,_Z,Not applicable
DATAFLOW,OECD.CTP.TPS:DSD_TAX_WAGES_COMP@DF_TW_COMP(1.0),Labour taxation – OECD comparative indicators,I,JPN,Japan,AV_TW,Average tax wedge,PT_COS_LB,Percentage of labour costs,S_C0,"Single person, no children",AW100,100% of average wage,_Z,Not applicable,A,Annual,2021,,32.588134,,2,Two,0,Units,A,Normal value,_Z,Not applicable
DATAFLOW,OECD.CTP.TPS:DSD_TAX_WAGES_COMP@DF_TW_COMP(1.0),Labour taxation – OECD comparative indicators,I,JPN,Japan,AV_TW,Average tax wedge,PT_COS_LB,Percentage of labour costs,S_C0,"Single person, no children",AW100,100% of average wage,_Z,Not applicable,A,Annual,2020,,32.583693,,2,Two,0,Units,A,Normal value,_Z,Not applicable
DATAFLOW,OECD.CTP.TPS:DSD_TAX_WAGES_COMP@DF_TW_COMP(1.0),Labour taxation – OECD comparative indicators,I,JPN,Japan,AV_TW,Average tax wedge,PT_COS_LB,Percentage of labour costs,S_C0,"Single person, no children",AW100,100% of average wage,_Z,Not applicable,A,Annual,2019,,32.698259,,2,Two,0,Units,A,Normal value,_Z,Not applicable
DATAFLOW,OECD.CTP.TPS:DSD_TAX_WAGES_COMP@DF_TW_COMP(1.0),Labour taxation – OECD comparative indicators,I,JPN,Japan,AV_TW,Average tax wedge,PT_COS_LB,Percentage of labour costs,S_C0,"Single person, no children",AW100,100% of average wage,_Z,Not applicable,A,Annual,2018,,32.655921,,2,Two,0,Units,A,Normal value,_Z,Not applicable
DATAFLOW,OECD.CTP.TPS:DSD_TAX_WAGES_COMP@DF_TW_COMP(1.0),Labour taxation – OECD comparative indicators,I,JPN,Japan,AV_TW,Average tax wedge,PT_COS_LB,Percentage of labour costs,S_C0,"Single person, no children",AW100,100% of average wage,_Z,Not applicable,A,Annual,2017,,32.515095,,2,Two,0,Units,A,Normal value,_Z,Not applicable
DATAFLOW,OECD.CTP.TPS:DSD_TAX_WAGES_COMP@DF_TW_COMP(1.0),Labour taxation – OECD comparative indicators,I,JPN,Japan,AV_TW,Average tax wedge,PT_COS_LB,Percentage of labour costs,S_C0,"Single person, no children",AW100,100% of average wage,_Z,Not applicable,A,Annual,2016,,32.442855,,2,Two,0,Units,A,Normal value,_Z,Not applicable
DATAFLOW,OECD.CTP.TPS:DSD_TAX_WAGES_COMP@DF_TW_COMP(1.0),Labour taxation – OECD comparative indicators,I,JPN,Japan,AV_TW,Average tax wedge,PT_COS_LB,Percentage of labour costs,S_C0,"Single person, no children",AW100,100% of average wage,_Z,Not applicable,A,Annual,2015,,32.293991,,2,Two,0,Units,A,Normal value,_Z,Not applicable
DATAFLOW,OECD.CTP.TPS:DSD_TAX_WAGES_COMP@DF_TW_COMP(1.0),Labour taxation – OECD comparative indicators,I,JPN,Japan,AV_TW,Average tax wedge,PT_COS_LB,Percentage of labour costs,S_C0,"Single person, no children",AW100,100% of average wage,_Z,Not applicable,A,Annual,2014,,31.960026,,2,Two,0,Units,A,Normal value,_Z,Not applicable
DATAFLOW,OECD.CTP.TPS:DSD_TAX_WAGES_COMP@DF_TW_COMP(1.0),Labour taxation – OECD comparative indicators,I,JPN,Japan,AV_TW,Average tax wedge,PT_COS_LB,Percentage of labour costs,S_C0,"Single person, no children",AW100,100% of average wage,_Z,Not applicable,A,Annual,2013,,31.575901,,2,Two,0,Units,A,Normal value,_Z,Not applicable
DATAFLOW,OECD.CTP.TPS:DSD_TAX_WAGES_COMP@DF_TW_COMP(1.0),Labour taxation – OECD comparative indicators,I,JPN,Japan,AV_TW,Average tax wedge,PT_COS_LB,Percentage of labour costs,S_C0,"Single person, no children",AW100,100% of average wage,_Z,Not applicable,A,Annual,2012,,31.274649,,2,Two,0,Units,A,Normal value,_Z,Not applicable
DATAFLOW,OECD.CTP.TPS:DSD_TAX_WAGES_COMP@DF_TW_COMP(1.0),Labour taxation – OECD comparative indicators,I,JPN,Japan,AV_TW,Average tax wedge,PT_COS_LB,Percentage of labour costs,S_C0,"Single person, no children",AW100,100% of average wage,_Z,Not applicable,A,Annual,2011,,30.848741,,2,Two,0,Units,A,Normal value,_Z,Not applicable
DATAFLOW,OECD.CTP.TPS:DSD_TAX_WAGES_COMP@DF_TW_COMP(1.0),Labour taxation – OECD comparative indicators,I,JPN,Japan,AV_TW,Average tax wedge,PT_COS_LB,Percentage of labour costs,S_C0,"Single person, no children",AW100,100% of average wage,_Z,Not applicable,A,Annual,2010,,30.227255,,2,Two,0,Units,A,Normal value,_Z,Not applicable
DATAFLOW,OECD.CTP.TPS:DSD_TAX_WAGES_COMP@DF_TW_COMP(1.0),Labour taxation – OECD comparative indicators,I,JPN,Japan,AV_TW,Average tax wedge,PT_COS_LB,Percentage of labour costs,S_C0,"Single person, no children",AW100,100% of average wage,_Z,Not applicable,A,Annual,2009,,29.182996,,2,Two,0,Units,A,Normal value,_Z,Not applicable
DATAFLOW,OECD.CTP.TPS:DSD_TAX_WAGES_COMP@DF_TW_COMP(1.0),Labour taxation – OECD comparative indicators,I,JPN,Japan,AV_TW,Average tax wedge,PT_COS_LB,Percentage of labour costs,S_C0,"Single person, no children",AW100,100% of average wage,_Z,Not applicable,A,Annual,2008,,29.465224,,2,Two,0,Units,A,Normal value,_Z,Not applicable
DATAFLOW,OECD.CTP.TPS:DSD_TAX_WAGES_COMP@DF_TW_COMP(1.0),Labour taxation – OECD comparative indicators,I,KOR,Korea,AV_TW,Average tax wedge,PT_COS_LB,Percentage of labour costs,S_C0,"Single person, no children",AW100,100% of average wage,_Z,Not applicable,A,Annual,2023,,24.59589,,2,Two,0,Units,A,Normal value,_Z,Not applicable
DATAFLOW,OECD.CTP.TPS:DSD_TAX_WAGES_COMP@DF_TW_COMP(1.0),Labour taxation – OECD comparative indicators,I,KOR,Korea,AV_TW,Average tax wedge,PT_COS_LB,Percentage of labour costs,S_C0,"Single person, no children",AW100,100% of average wage,_Z,Not applicable,A,Annual,2006,,18.162303,,2,Two,0,Units,A,Normal value,_Z,Not applicable
DATAFLOW,OECD.CTP.TPS:DSD_TAX_WAGES_COMP@DF_TW_COMP(1.0),Labour taxation – OECD comparative indicators,I,KOR,Korea,AV_TW,Average tax wedge,PT_COS_LB,Percentage of labour costs,S_C0,"Single person, no children",AW100,100% of average wage,_Z,Not applicable,A,Annual,2005,,17.305513,,2,Two,0,Units,A,Normal value,_Z,Not applicable
DATAFLOW,OECD.CTP.TPS:DSD_TAX_WAGES_COMP@DF_TW_COMP(1.0),Labour taxation – OECD comparative indicators,I,KOR,Korea,AV_TW,Average tax wedge,PT_COS_LB,Percentage of labour costs,S_C0,"Single person, no children",AW100,100% of average wage,_Z,Not applicable,A,Annual,2004,,17.045936,,2,Two,0,Units,A,Normal value,_Z,Not applicable
DATAFLOW,OECD.CTP.TPS:DSD_TAX_WAGES_COMP@DF_TW_COMP(1.0),Labour taxation – OECD comparative indicators,I,KOR,Korea,AV_TW,Average tax wedge,PT_COS_LB,Percentage of labour costs,S_C0,"Single person, no children",AW100,100% of average wage,_Z,Not applicable,A,Annual,2003,,16.404462,,2,Two,0,Units,A,Normal value,_Z,Not applicable
DATAFLOW,OECD.CTP.TPS:DSD_TAX_WAGES_COMP@DF_TW_COMP(1.0),Labour taxation – OECD comparative indicators,I,KOR,Korea,AV_TW,Average tax wedge,PT_COS_LB,Percentage of labour costs,S_C0,"Single person, no children",AW100,100% of average wage,_Z,Not applicable,A,Annual,2002,,16.11149,,2,Two,0,Units,A,Normal value,_Z,Not applicable
DATAFLOW,OECD.CTP.TPS:DSD_TAX_WAGES_COMP@DF_TW_COMP(1.0),Labour taxation – OECD comparative indicators,I,KOR,Korea,AV_TW,Average tax wedge,PT_COS_LB,Percentage of labour costs,S_C0,"Single person, no children",AW100,100% of average wage,_Z,Not applicable,A,Annual,2001,,16.494447,,2,Two,0,Units,A,Normal value,_Z,Not applicable
DATAFLOW,OECD.CTP.TPS:DSD_TAX_WAGES_COMP@DF_TW_COMP(1.0),Labour taxation – OECD comparative indicators,I,KOR,Korea,AV_TW,Average tax wedge,PT_COS_LB,Percentage of labour costs,S_C0,"Single person, no children",AW100,100% of average wage,_Z,Not applicable,A,Annual,2000,,16.360407,,2,Two,0,Units,A,Normal value,_Z,Not applicable
DATAFLOW,OECD.CTP.TPS:DSD_TAX_WAGES_COMP@DF_TW_COMP(1.0),Labour taxation – OECD comparative indicators,I,KOR,Korea,AV_TW,Average tax wedge,PT_COS_LB,Percentage of labour costs,S_C0,"Single person, no children",AW100,100% of average wage,_Z,Not applicable,A,Annual,2022,,24.485414,,2,Two,0,Units,A,Normal value,_Z,Not applicable
DATAFLOW,OECD.CTP.TPS:DSD_TAX_WAGES_COMP@DF_TW_COMP(1.0),Labour taxation – OECD comparative indicators,I,KOR,Korea,AV_TW,Average tax wedge,PT_COS_LB,Percentage of labour costs,S_C0,"Single person, no children",AW100,100% of average wage,_Z,Not applicable,A,Annual,2021,,23.937368,,2,Two,0,Units,A,Normal value,_Z,Not applicable
DATAFLOW,OECD.CTP.TPS:DSD_TAX_WAGES_COMP@DF_TW_COMP(1.0),Labour taxation – OECD comparative indicators,I,KOR,Korea,AV_TW,Average tax wedge,PT_COS_LB,Percentage of labour costs,S_C0,"Single person, no children",AW100,100% of average wage,_Z,Not applicable,A,Annual,2020,,23.372306,,2,Two,0,Units,A,Normal value,_Z,Not applicable
DATAFLOW,OECD.CTP.TPS:DSD_TAX_WAGES_COMP@DF_TW_COMP(1.0),Labour taxation – OECD comparative indicators,I,KOR,Korea,AV_TW,Average tax wedge,PT_COS_LB,Percentage of labour costs,S_C0,"Single person, no children",AW100,100% of average wage,_Z,Not applicable,A,Annual,2019,,22.948979,,2,Two,0,Units,A,Normal value,_Z,Not applicable
DATAFLOW,OECD.CTP.TPS:DSD_TAX_WAGES_COMP@DF_TW_COMP(1.0),Labour taxation – OECD comparative indicators,I,KOR,Korea,AV_TW,Average tax wedge,PT_COS_LB,Percentage of labour costs,S_C0,"Single person, no children",AW100,100% of average wage,_Z,Not applicable,A,Annual,2018,,22.444356,,2,Two,0,Units,A,Normal value,_Z,Not applicable
DATAFLOW,OECD.CTP.TPS:DSD_TAX_WAGES_COMP@DF_TW_COMP(1.0),Labour taxation – OECD comparative indicators,I,KOR,Korea,AV_TW,Average tax wedge,PT_COS_LB,Percentage of labour costs,S_C0,"Single person, no children",AW100,100% of average wage,_Z,Not applicable,A,Annual,2017,,22.012269,,2,Two,0,Units,A,Normal value,_Z,Not applicable
DATAFLOW,OECD.CTP.TPS:DSD_TAX_WAGES_COMP@DF_TW_COMP(1.0),Labour taxation – OECD comparative indicators,I,KOR,Korea,AV_TW,Average tax wedge,PT_COS_LB,Percentage of labour costs,S_C0,"Single person, no children",AW100,100% of average wage,_Z,Not applicable,A,Annual,2016,,21.801701,,2,Two,0,Units,A,Normal value,_Z,Not applicable
DATAFLOW,OECD.CTP.TPS:DSD_TAX_WAGES_COMP@DF_TW_COMP(1.0),Labour taxation – OECD comparative indicators,I,KOR,Korea,AV_TW,Average tax wedge,PT_COS_LB,Percentage of labour costs,S_C0,"Single person, no children",AW100,100% of average wage,_Z,Not applicable,A,Annual,2015,,21.442658,,2,Two,0,Units,A,Normal value,_Z,Not applicable
DATAFLOW,OECD.CTP.TPS:DSD_TAX_WAGES_COMP@DF_TW_COMP(1.0),Labour taxation – OECD comparative indicators,I,KOR,Korea,AV_TW,Average tax wedge,PT_COS_LB,Percentage of labour costs,S_C0,"Single person, no children",AW100,100% of average wage,_Z,Not applicable,A,Annual,2014,,21.15093,,2,Two,0,Units,A,Normal value,_Z,Not applicable
DATAFLOW,OECD.CTP.TPS:DSD_TAX_WAGES_COMP@DF_TW_COMP(1.0),Labour taxation – OECD comparative indicators,I,KOR,Korea,AV_TW,Average tax wedge,PT_COS_LB,Percentage of labour costs,S_C0,"Single person, no children",AW100,100% of average wage,_Z,Not applicable,A,Annual,2013,,20.976441,,2,Two,0,Units,A,Normal value,_Z,Not applicable
DATAFLOW,OECD.CTP.TPS:DSD_TAX_WAGES_COMP@DF_TW_COMP(1.0),Labour taxation – OECD comparative indicators,I,KOR,Korea,AV_TW,Average tax wedge,PT_COS_LB,Percentage of labour costs,S_C0,"Single person, no children",AW100,100% of average wage,_Z,Not applicable,A,Annual,2012,,20.527567,,2,Two,0,Units,A,Normal value,_Z,Not applicable
DATAFLOW,OECD.CTP.TPS:DSD_TAX_WAGES_COMP@DF_TW_COMP(1.0),Labour taxation – OECD comparative indicators,I,KOR,Korea,AV_TW,Average tax wedge,PT_COS_LB,Percentage of labour costs,S_C0,"Single person, no children",AW100,100% of average wage,_Z,Not applicable,A,Annual,2011,,19.981169,,2,Two,0,Units,A,Normal value,_Z,Not applicable
DATAFLOW,OECD.CTP.TPS:DSD_TAX_WAGES_COMP@DF_TW_COMP(1.0),Labour taxation – OECD comparative indicators,I,KOR,Korea,AV_TW,Average tax wedge,PT_COS_LB,Percentage of labour costs,S_C0,"Single person, no children",AW100,100% of average wage,_Z,Not applicable,A,Annual,2010,,20.135998,,2,Two,0,Units,A,Normal value,_Z,Not applicable
DATAFLOW,OECD.CTP.TPS:DSD_TAX_WAGES_COMP@DF_TW_COMP(1.0),Labour taxation – OECD comparative indicators,I,KOR,Korea,AV_TW,Average tax wedge,PT_COS_LB,Percentage of labour costs,S_C0,"Single person, no children",AW100,100% of average wage,_Z,Not applicable,A,Annual,2009,,19.457853,,2,Two,0,Units,A,Normal value,_Z,Not applicable
DATAFLOW,OECD.CTP.TPS:DSD_TAX_WAGES_COMP@DF_TW_COMP(1.0),Labour taxation – OECD comparative indicators,I,KOR,Korea,AV_TW,Average tax wedge,PT_COS_LB,Percentage of labour costs,S_C0,"Single person, no children",AW100,100% of average wage,_Z,Not applicable,A,Annual,2008,,19.965299,,2,Two,0,Units,A,Normal value,_Z,Not applicable
DATAFLOW,OECD.CTP.TPS:DSD_TAX_WAGES_COMP@DF_TW_COMP(1.0),Labour taxation – OECD comparative indicators,I,TUR,Türkiye,AV_TW,Average tax wedge,PT_COS_LB,Percentage of labour costs,S_C0,"Single person, no children",AW100,100% of average wage,_Z,Not applicable,A,Annual,2023,,38.379683,,2,Two,0,Units,A,Normal value,_Z,Not applicable
DATAFLOW,OECD.CTP.TPS:DSD_TAX_WAGES_COMP@DF_TW_COMP(1.0),Labour taxation – OECD comparative indicators,I,TUR,Türkiye,AV_TW,Average tax wedge,PT_COS_LB,Percentage of labour costs,S_C0,"Single person, no children",AW100,100% of average wage,_Z,Not applicable,A,Annual,2006,,42.685484,,2,Two,0,Units,A,Normal value,_Z,Not applicable
DATAFLOW,OECD.CTP.TPS:DSD_TAX_WAGES_COMP@DF_TW_COMP(1.0),Labour taxation – OECD comparative indicators,I,TUR,Türkiye,AV_TW,Average tax wedge,PT_COS_LB,Percentage of labour costs,S_C0,"Single person, no children",AW100,100% of average wage,_Z,Not applicable,A,Annual,2005,,42.800849,,2,Two,0,Units,A,Normal value,_Z,Not applicable
DATAFLOW,OECD.CTP.TPS:DSD_TAX_WAGES_COMP@DF_TW_COMP(1.0),Labour taxation – OECD comparative indicators,I,TUR,Türkiye,AV_TW,Average tax wedge,PT_COS_LB,Percentage of labour costs,S_C0,"Single person, no children",AW100,100% of average wage,_Z,Not applicable,A,Annual,2004,,42.7579,,2,Two,0,Units,A,Normal value,_Z,Not applicable
DATAFLOW,OECD.CTP.TPS:DSD_TAX_WAGES_COMP@DF_TW_COMP(1.0),Labour taxation – OECD comparative indicators,I,TUR,Türkiye,AV_TW,Average tax wedge,PT_COS_LB,Percentage of labour costs,S_C0,"Single person, no children",AW100,100% of average wage,_Z,Not applicable,A,Annual,2003,,42.194855,,2,Two,0,Units,A,Normal value,_Z,Not applicable
DATAFLOW,OECD.CTP.TPS:DSD_TAX_WAGES_COMP@DF_TW_COMP(1.0),Labour taxation – OECD comparative indicators,I,TUR,Türkiye,AV_TW,Average tax wedge,PT_COS_LB,Percentage of labour costs,S_C0,"Single person, no children",AW100,100% of average wage,_Z,Not applicable,A,Annual,2002,,42.484984,,2,Two,0,Units,A,Normal value,_Z,Not applicable
DATAFLOW,OECD.CTP.TPS:DSD_TAX_WAGES_COMP@DF_TW_COMP(1.0),Labour taxation – OECD comparative indicators,I,TUR,Türkiye,AV_TW,Average tax wedge,PT_COS_LB,Percentage of labour costs,S_C0,"Single person, no children",AW100,100% of average wage,_Z,Not applicable,A,Annual,2001,,43.604851,,2,Two,0,Units,A,Normal value,_Z,Not applicable
DATAFLOW,OECD.CTP.TPS:DSD_TAX_WAGES_COMP@DF_TW_COMP(1.0),Labour taxation – OECD comparative indicators,I,TUR,Türkiye,AV_TW,Average tax wedge,PT_COS_LB,Percentage of labour costs,S_C0,"Single person, no children",AW100,100% of average wage,_Z,Not applicable,A,Annual,2000,,40.36334,,2,Two,0,Units,A,Normal value,_Z,Not applicable
DATAFLOW,OECD.CTP.TPS:DSD_TAX_WAGES_COMP@DF_TW_COMP(1.0),Labour taxation – OECD comparative indicators,I,TUR,Türkiye,AV_TW,Average tax wedge,PT_COS_LB,Percentage of labour costs,S_C0,"Single person, no children",AW100,100% of average wage,_Z,Not applicable,A,Annual,2022,,38.162593,,2,Two,0,Units,A,Normal value,_Z,Not applicable
DATAFLOW,OECD.CTP.TPS:DSD_TAX_WAGES_COMP@DF_TW_COMP(1.0),Labour taxation – OECD comparative indicators,I,TUR,Türkiye,AV_TW,Average tax wedge,PT_COS_LB,Percentage of labour costs,S_C0,"Single person, no children",AW100,100% of average wage,_Z,Not applicable,A,Annual,2021,,39.884647,,2,Two,0,Units,A,Normal value,_Z,Not applicable
DATAFLOW,OECD.CTP.TPS:DSD_TAX_WAGES_COMP@DF_TW_COMP(1.0),Labour taxation – OECD comparative indicators,I,TUR,Türkiye,AV_TW,Average tax wedge,PT_COS_LB,Percentage of labour costs,S_C0,"Single person, no children",AW100,100% of average wage,_Z,Not applicable,A,Annual,2020,,39.460537,,2,Two,0,Units,A,Normal value,_Z,Not applicable
DATAFLOW,OECD.CTP.TPS:DSD_TAX_WAGES_COMP@DF_TW_COMP(1.0),Labour taxation – OECD comparative indicators,I,TUR,Türkiye,AV_TW,Average tax wedge,PT_COS_LB,Percentage of labour costs,S_C0,"Single person, no children",AW100,100% of average wage,_Z,Not applicable,A,Annual,2019,,39.576678,,2,Two,0,Units,A,Normal value,_Z,Not applicable
DATAFLOW,OECD.CTP.TPS:DSD_TAX_WAGES_COMP@DF_TW_COMP(1.0),Labour taxation – OECD comparative indicators,I,TUR,Türkiye,AV_TW,Average tax wedge,PT_COS_LB,Percentage of labour costs,S_C0,"Single person, no children",AW100,100% of average wage,_Z,Not applicable,A,Annual,2018,,39.247185,,2,Two,0,Units,A,Normal value,_Z,Not applicable
DATAFLOW,OECD.CTP.TPS:DSD_TAX_WAGES_COMP@DF_TW_COMP(1.0),Labour taxation – OECD comparative indicators,I,TUR,Türkiye,AV_TW,Average tax wedge,PT_COS_LB,Percentage of labour costs,S_C0,"Single person, no children",AW100,100% of average wage,_Z,Not applicable,A,Annual,2017,,38.897567,,2,Two,0,Units,A,Normal value,_Z,Not applicable
DATAFLOW,OECD.CTP.TPS:DSD_TAX_WAGES_COMP@DF_TW_COMP(1.0),Labour taxation – OECD comparative indicators,I,TUR,Türkiye,AV_TW,Average tax wedge,PT_COS_LB,Percentage of labour costs,S_C0,"Single person, no children",AW100,100% of average wage,_Z,Not applicable,A,Annual,2016,,38.241023,,2,Two,0,Units,A,Normal value,_Z,Not applicable
DATAFLOW,OECD.CTP.TPS:DSD_TAX_WAGES_COMP@DF_TW_COMP(1.0),Labour taxation – OECD comparative indicators,I,TUR,Türkiye,AV_TW,Average tax wedge,PT_COS_LB,Percentage of labour costs,S_C0,"Single person, no children",AW100,100% of average wage,_Z,Not applicable,A,Annual,2015,,38.18596,,2,Two,0,Units,A,Normal value,_Z,Not applicable
DATAFLOW,OECD.CTP.TPS:DSD_TAX_WAGES_COMP@DF_TW_COMP(1.0),Labour taxation – OECD comparative indicators,I,TUR,Türkiye,AV_TW,Average tax wedge,PT_COS_LB,Percentage of labour costs,S_C0,"Single person, no children",AW100,100% of average wage,_Z,Not applicable,A,Annual,2014,,38.086217,,2,Two,0,Units,A,Normal value,_Z,Not applicable
DATAFLOW,OECD.CTP.TPS:DSD_TAX_WAGES_COMP@DF_TW_COMP(1.0),Labour taxation – OECD comparative indicators,I,TUR,Türkiye,AV_TW,Average tax wedge,PT_COS_LB,Percentage of labour costs,S_C0,"Single person, no children",AW100,100% of average wage,_Z,Not applicable,A,Annual,2013,,37.35727,,2,Two,0,Units,A,Normal value,_Z,Not applicable
DATAFLOW,OECD.CTP.TPS:DSD_TAX_WAGES_COMP@DF_TW_COMP(1.0),Labour taxation – OECD comparative indicators,I,TUR,Türkiye,AV_TW,Average tax wedge,PT_COS_LB,Percentage of labour costs,S_C0,"Single person, no children",AW100,100% of average wage,_Z,Not applicable,A,Annual,2012,,37.12741,,2,Two,0,Units,A,Normal value,_Z,Not applicable
DATAFLOW,OECD.CTP.TPS:DSD_TAX_WAGES_COMP@DF_TW_COMP(1.0),Labour taxation – OECD comparative indicators,I,TUR,Türkiye,AV_TW,Average tax wedge,PT_COS_LB,Percentage of labour costs,S_C0,"Single person, no children",AW100,100% of average wage,_Z,Not applicable,A,Annual,2011,,37.028177,,2,Two,0,Units,A,Normal value,_Z,Not applicable
DATAFLOW,OECD.CTP.TPS:DSD_TAX_WAGES_COMP@DF_TW_COMP(1.0),Labour taxation – OECD comparative indicators,I,TUR,Türkiye,AV_TW,Average tax wedge,PT_COS_LB,Percentage of labour costs,S_C0,"Single person, no children",AW100,100% of average wage,_Z,Not applicable,A,Annual,2010,,36.977973,,2,Two,0,Units,A,Normal value,_Z,Not applicable
DATAFLOW,OECD.CTP.TPS:DSD_TAX_WAGES_COMP@DF_TW_COMP(1.0),Labour taxation – OECD comparative indicators,I,TUR,Türkiye,AV_TW,Average tax wedge,PT_COS_LB,Percentage of labour costs,S_C0,"Single person, no children",AW100,100% of average wage,_Z,Not applicable,A,Annual,2009,,36.73884,,2,Two,0,Units,A,Normal value,_Z,Not applicable
DATAFLOW,OECD.CTP.TPS:DSD_TAX_WAGES_COMP@DF_TW_COMP(1.0),Labour taxation – OECD comparative indicators,I,TUR,Türkiye,AV_TW,Average tax wedge,PT_COS_LB,Percentage of labour costs,S_C0,"Single person, no children",AW100,100% of average wage,_Z,Not applicable,A,Annual,2008,,38.721943,,2,Two,0,Units,A,Normal value,_Z,Not applicable
DATAFLOW,OECD.CTP.TPS:DSD_TAX_WAGES_COMP@DF_TW_COMP(1.0),Labour taxation – OECD comparative indicators,I,USA,United States,AV_TW,Average tax wedge,PT_COS_LB,Percentage of labour costs,S_C0,"Single person, no children",AW100,100% of average wage,_Z,Not applicable,A,Annual,2023,,29.941476,,2,Two,0,Units,A,Normal value,_Z,Not applicable
DATAFLOW,OECD.CTP.TPS:DSD_TAX_WAGES_COMP@DF_TW_COMP(1.0),Labour taxation – OECD comparative indicators,I,USA,United States,AV_TW,Average tax wedge,PT_COS_LB,Percentage of labour costs,S_C0,"Single person, no children",AW100,100% of average wage,_Z,Not applicable,A,Annual,2006,,30.552005,,2,Two,0,Units,A,Normal value,_Z,Not applicable
DATAFLOW,OECD.CTP.TPS:DSD_TAX_WAGES_COMP@DF_TW_COMP(1.0),Labour taxation – OECD comparative indicators,I,USA,United States,AV_TW,Average tax wedge,PT_COS_LB,Percentage of labour costs,S_C0,"Single person, no children",AW100,100% of average wage,_Z,Not applicable,A,Annual,2005,,30.418159,,2,Two,0,Units,A,Normal value,_Z,Not applicable
DATAFLOW,OECD.CTP.TPS:DSD_TAX_WAGES_COMP@DF_TW_COMP(1.0),Labour taxation – OECD comparative indicators,I,USA,United States,AV_TW,Average tax wedge,PT_COS_LB,Percentage of labour costs,S_C0,"Single person, no children",AW100,100% of average wage,_Z,Not applicable,A,Annual,2004,,30.482758,,2,Two,0,Units,A,Normal value,_Z,Not applicable
DATAFLOW,OECD.CTP.TPS:DSD_TAX_WAGES_COMP@DF_TW_COMP(1.0),Labour taxation – OECD comparative indicators,I,USA,United States,AV_TW,Average tax wedge,PT_COS_LB,Percentage of labour costs,S_C0,"Single person, no children",AW100,100% of average wage,_Z,Not applicable,A,Annual,2003,,30.460411,,2,Two,0,Units,A,Normal value,_Z,Not applicable
DATAFLOW,OECD.CTP.TPS:DSD_TAX_WAGES_COMP@DF_TW_COMP(1.0),Labour taxation – OECD comparative indicators,I,USA,United States,AV_TW,Average tax wedge,PT_COS_LB,Percentage of labour costs,S_C0,"Single person, no children",AW100,100% of average wage,_Z,Not applicable,A,Annual,2002,,30.584252,,2,Two,0,Units,A,Normal value,_Z,Not applicable
DATAFLOW,OECD.CTP.TPS:DSD_TAX_WAGES_COMP@DF_TW_COMP(1.0),Labour taxation – OECD comparative indicators,I,USA,United States,AV_TW,Average tax wedge,PT_COS_LB,Percentage of labour costs,S_C0,"Single person, no children",AW100,100% of average wage,_Z,Not applicable,A,Annual,2001,,30.739565,,2,Two,0,Units,A,Normal value,_Z,Not applicable
DATAFLOW,OECD.CTP.TPS:DSD_TAX_WAGES_COMP@DF_TW_COMP(1.0),Labour taxation – OECD comparative indicators,I,USA,United States,AV_TW,Average tax wedge,PT_COS_LB,Percentage of labour costs,S_C0,"Single person, no children",AW100,100% of average wage,_Z,Not applicable,A,Annual,2000,,30.843152,,2,Two,0,Units,A,Normal value,_Z,Not applicable
DATAFLOW,OECD.CTP.TPS:DSD_TAX_WAGES_COMP@DF_TW_COMP(1.0),Labour taxation – OECD comparative indicators,I,USA,United States,AV_TW,Average tax wedge,PT_COS_LB,Percentage of labour costs,S_C0,"Single person, no children",AW100,100% of average wage,_Z,Not applicable,A,Annual,2022,,30.461555,,2,Two,0,Units,A,Normal value,_Z,Not applicable
DATAFLOW,OECD.CTP.TPS:DSD_TAX_WAGES_COMP@DF_TW_COMP(1.0),Labour taxation – OECD comparative indicators,I,USA,United States,AV_TW,Average tax wedge,PT_COS_LB,Percentage of labour costs,S_C0,"Single person, no children",AW100,100% of average wage,_Z,Not applicable,A,Annual,2021,,28.269089,,2,Two,0,Units,A,Normal value,_Z,Not applicable
DATAFLOW,OECD.CTP.TPS:DSD_TAX_WAGES_COMP@DF_TW_COMP(1.0),Labour taxation – OECD comparative indicators,I,USA,United States,AV_TW,Average tax wedge,PT_COS_LB,Percentage of labour costs,S_C0,"Single person, no children",AW100,100% of average wage,_Z,Not applicable,A,Annual,2020,,27.211586,,2,Two,0,Units,A,Normal value,_Z,Not applicable
DATAFLOW,OECD.CTP.TPS:DSD_TAX_WAGES_COMP@DF_TW_COMP(1.0),Labour taxation – OECD comparative indicators,I,USA,United States,AV_TW,Average tax wedge,PT_COS_LB,Percentage of labour costs,S_C0,"Single person, no children",AW100,100% of average wage,_Z,Not applicable,A,Annual,2019,,29.655894,,2,Two,0,Units,A,Normal value,_Z,Not applicable
DATAFLOW,OECD.CTP.TPS:DSD_TAX_WAGES_COMP@DF_TW_COMP(1.0),Labour taxation – OECD comparative indicators,I,USA,United States,AV_TW,Average tax wedge,PT_COS_LB,Percentage of labour costs,S_C0,"Single person, no children",AW100,100% of average wage,_Z,Not applicable,A,Annual,2018,,29.598968,,2,Two,0,Units,A,Normal value,_Z,Not applicable
DATAFLOW,OECD.CTP.TPS:DSD_TAX_WAGES_COMP@DF_TW_COMP(1.0),Labour taxation – OECD comparative indicators,I,USA,United States,AV_TW,Average tax wedge,PT_COS_LB,Percentage of labour costs,S_C0,"Single person, no children",AW100,100% of average wage,_Z,Not applicable,A,Annual,2017,,31.775433,,2,Two,0,Units,A,Normal value,_Z,Not applicable
DATAFLOW,OECD.CTP.TPS:DSD_TAX_WAGES_COMP@DF_TW_COMP(1.0),Labour taxation – OECD comparative indicators,I,USA,United States,AV_TW,Average tax wedge,PT_COS_LB,Percentage of labour costs,S_C0,"Single person, no children",AW100,100% of average wage,_Z,Not applicable,A,Annual,2016,,31.580608,,2,Two,0,Units,A,Normal value,_Z,Not applicable
DATAFLOW,OECD.CTP.TPS:DSD_TAX_WAGES_COMP@DF_TW_COMP(1.0),Labour taxation – OECD comparative indicators,I,USA,United States,AV_TW,Average tax wedge,PT_COS_LB,Percentage of labour costs,S_C0,"Single person, no children",AW100,100% of average wage,_Z,Not applicable,A,Annual,2015,,31.437078,,2,Two,0,Units,A,Normal value,_Z,Not applicable
DATAFLOW,OECD.CTP.TPS:DSD_TAX_WAGES_COMP@DF_TW_COMP(1.0),Labour taxation – OECD comparative indicators,I,USA,United States,AV_TW,Average tax wedge,PT_COS_LB,Percentage of labour costs,S_C0,"Single person, no children",AW100,100% of average wage,_Z,Not applicable,A,Annual,2014,,31.641234,,2,Two,0,Units,A,Normal value,_Z,Not applicable
DATAFLOW,OECD.CTP.TPS:DSD_TAX_WAGES_COMP@DF_TW_COMP(1.0),Labour taxation – OECD comparative indicators,I,USA,United States,AV_TW,Average tax wedge,PT_COS_LB,Percentage of labour costs,S_C0,"Single person, no children",AW100,100% of average wage,_Z,Not applicable,A,Annual,2013,,31.450768,,2,Two,0,Units,A,Normal value,_Z,Not applicable
DATAFLOW,OECD.CTP.TPS:DSD_TAX_WAGES_COMP@DF_TW_COMP(1.0),Labour taxation – OECD comparative indicators,I,USA,United States,AV_TW,Average tax wedge,PT_COS_LB,Percentage of labour costs,S_C0,"Single person, no children",AW100,100% of average wage,_Z,Not applicable,A,Annual,2012,,29.842844,,2,Two,0,Units,A,Normal value,_Z,Not applicable
DATAFLOW,OECD.CTP.TPS:DSD_TAX_WAGES_COMP@DF_TW_COMP(1.0),Labour taxation – OECD comparative indicators,I,USA,United States,AV_TW,Average tax wedge,PT_COS_LB,Percentage of labour costs,S_C0,"Single person, no children",AW100,100% of average wage,_Z,Not applicable,A,Annual,2011,,29.905917,,2,Two,0,Units,A,Normal value,_Z,Not applicable
DATAFLOW,OECD.CTP.TPS:DSD_TAX_WAGES_COMP@DF_TW_COMP(1.0),Labour taxation – OECD comparative indicators,I,USA,United States,AV_TW,Average tax wedge,PT_COS_LB,Percentage of labour costs,S_C0,"Single person, no children",AW100,100% of average wage,_Z,Not applicable,A,Annual,2010,,30.747766,,2,Two,0,Units,A,Normal value,_Z,Not applicable
DATAFLOW,OECD.CTP.TPS:DSD_TAX_WAGES_COMP@DF_TW_COMP(1.0),Labour taxation – OECD comparative indicators,I,USA,United States,AV_TW,Average tax wedge,PT_COS_LB,Percentage of labour costs,S_C0,"Single person, no children",AW100,100% of average wage,_Z,Not applicable,A,Annual,2009,,30.278889,,2,Two,0,Units,A,Normal value,_Z,Not applicable
DATAFLOW,OECD.CTP.TPS:DSD_TAX_WAGES_COMP@DF_TW_COMP(1.0),Labour taxation – OECD comparative indicators,I,USA,United States,AV_TW,Average tax wedge,PT_COS_LB,Percentage of labour costs,S_C0,"Single person, no children",AW100,100% of average wage,_Z,Not applicable,A,Annual,2008,,30.061773,,2,Two,0,Units,A,Normal value,_Z,Not applicable
DATAFLOW,OECD.CTP.TPS:DSD_TAX_WAGES_COMP@DF_TW_COMP(1.0),Labour taxation – OECD comparative indicators,I,AUS,Australia,AV_TW,Average tax wedge,PT_COS_LB,Percentage of labour costs,S_C0,"Single person, no children",AW100,100% of average wage,_Z,Not applicable,A,Annual,2023,,29.189745,,2,Two,0,Units,A,Normal value,_Z,Not applicable
DATAFLOW,OECD.CTP.TPS:DSD_TAX_WAGES_COMP@DF_TW_COMP(1.0),Labour taxation – OECD comparative indicators,I,AUS,Australia,AV_TW,Average tax wedge,PT_COS_LB,Percentage of labour costs,S_C0,"Single person, no children",AW100,100% of average wage,_Z,Not applicable,A,Annual,2006,,28.281561,,2,Two,0,Units,A,Normal value,_Z,Not applicable
DATAFLOW,OECD.CTP.TPS:DSD_TAX_WAGES_COMP@DF_TW_COMP(1.0),Labour taxation – OECD comparative indicators,I,AUS,Australia,AV_TW,Average tax wedge,PT_COS_LB,Percentage of labour costs,S_C0,"Single person, no children",AW100,100% of average wage,_Z,Not applicable,A,Annual,2005,,28.50802,,2,Two,0,Units,A,Normal value,_Z,Not applicable
DATAFLOW,OECD.CTP.TPS:DSD_TAX_WAGES_COMP@DF_TW_COMP(1.0),Labour taxation – OECD comparative indicators,I,AUS,Australia,AV_TW,Average tax wedge,PT_COS_LB,Percentage of labour costs,S_C0,"Single person, no children",AW100,100% of average wage,_Z,Not applicable,A,Annual,2004,,28.192745,,2,Two,0,Units,A,Normal value,_Z,Not applicable
DATAFLOW,OECD.CTP.TPS:DSD_TAX_WAGES_COMP@DF_TW_COMP(1.0),Labour taxation – OECD comparative indicators,I,AUS,Australia,AV_TW,Average tax wedge,PT_COS_LB,Percentage of labour costs,S_C0,"Single person, no children",AW100,100% of average wage,_Z,Not applicable,A,Annual,2003,,28.246566,,2,Two,0,Units,A,Normal value,_Z,Not applicable
DATAFLOW,OECD.CTP.TPS:DSD_TAX_WAGES_COMP@DF_TW_COMP(1.0),Labour taxation – OECD comparative indicators,I,AUS,Australia,AV_TW,Average tax wedge,PT_COS_LB,Percentage of labour costs,S_C0,"Single person, no children",AW100,100% of average wage,_Z,Not applicable,A,Annual,2002,,27.973221,,2,Two,0,Units,A,Normal value,_Z,Not applicable
DATAFLOW,OECD.CTP.TPS:DSD_TAX_WAGES_COMP@DF_TW_COMP(1.0),Labour taxation – OECD comparative indicators,I,AUS,Australia,AV_TW,Average tax wedge,PT_COS_LB,Percentage of labour costs,S_C0,"Single person, no children",AW100,100% of average wage,_Z,Not applicable,A,Annual,2001,,27.630069,,2,Two,0,Units,A,Normal value,_Z,Not applicable
DATAFLOW,OECD.CTP.TPS:DSD_TAX_WAGES_COMP@DF_TW_COMP(1.0),Labour taxation – OECD comparative indicators,I,AUS,Australia,AV_TW,Average tax wedge,PT_COS_LB,Percentage of labour costs,S_C0,"Single person, no children",AW100,100% of average wage,_Z,Not applicable,A,Annual,2000,,31.011854,,2,Two,0,Units,A,Normal value,_Z,Not applicable
DATAFLOW,OECD.CTP.TPS:DSD_TAX_WAGES_COMP@DF_TW_COMP(1.0),Labour taxation – OECD comparative indicators,I,AUS,Australia,AV_TW,Average tax wedge,PT_COS_LB,Percentage of labour costs,S_C0,"Single person, no children",AW100,100% of average wage,_Z,Not applicable,A,Annual,2022,,27.047225,,2,Two,0,Units,A,Normal value,_Z,Not applicable
DATAFLOW,OECD.CTP.TPS:DSD_TAX_WAGES_COMP@DF_TW_COMP(1.0),Labour taxation – OECD comparative indicators,I,AUS,Australia,AV_TW,Average tax wedge,PT_COS_LB,Percentage of labour costs,S_C0,"Single person, no children",AW100,100% of average wage,_Z,Not applicable,A,Annual,2021,,27.044338,,2,Two,0,Units,A,Normal value,_Z,Not applicable
DATAFLOW,OECD.CTP.TPS:DSD_TAX_WAGES_COMP@DF_TW_COMP(1.0),Labour taxation – OECD comparative indicators,I,AUS,Australia,AV_TW,Average tax wedge,PT_COS_LB,Percentage of labour costs,S_C0,"Single person, no children",AW100,100% of average wage,_Z,Not applicable,A,Annual,2020,,28.358919,,2,Two,0,Units,A,Normal value,_Z,Not applicable
DATAFLOW,OECD.CTP.TPS:DSD_TAX_WAGES_COMP@DF_TW_COMP(1.0),Labour taxation – OECD comparative indicators,I,AUS,Australia,AV_TW,Average tax wedge,PT_COS_LB,Percentage of labour costs,S_C0,"Single person, no children",AW100,100% of average wage,_Z,Not applicable,A,Annual,2019,,27.940358,,2,Two,0,Units,A,Normal value,_Z,Not applicable
DATAFLOW,OECD.CTP.TPS:DSD_TAX_WAGES_COMP@DF_TW_COMP(1.0),Labour taxation – OECD comparative indicators,I,AUS,Australia,AV_TW,Average tax wedge,PT_COS_LB,Percentage of labour costs,S_C0,"Single person, no children",AW100,100% of average wage,_Z,Not applicable,A,Annual,2018,,28.889201,,2,Two,0,Units,A,Normal value,_Z,Not applicable
DATAFLOW,OECD.CTP.TPS:DSD_TAX_WAGES_COMP@DF_TW_COMP(1.0),Labour taxation – OECD comparative indicators,I,AUS,Australia,AV_TW,Average tax wedge,PT_COS_LB,Percentage of labour costs,S_C0,"Single person, no children",AW100,100% of average wage,_Z,Not applicable,A,Annual,2017,,28.616701,,2,Two,0,Units,A,Normal value,_Z,Not applicable
DATAFLOW,OECD.CTP.TPS:DSD_TAX_WAGES_COMP@DF_TW_COMP(1.0),Labour taxation – OECD comparative indicators,I,AUS,Australia,AV_TW,Average tax wedge,PT_COS_LB,Percentage of labour costs,S_C0,"Single person, no children",AW100,100% of average wage,_Z,Not applicable,A,Annual,2016,,28.570916,,2,Two,0,Units,A,Normal value,_Z,Not applicable
DATAFLOW,OECD.CTP.TPS:DSD_TAX_WAGES_COMP@DF_TW_COMP(1.0),Labour taxation – OECD comparative indicators,I,AUS,Australia,AV_TW,Average tax wedge,PT_COS_LB,Percentage of labour costs,S_C0,"Single person, no children",AW100,100% of average wage,_Z,Not applicable,A,Annual,2015,,28.344366,,2,Two,0,Units,A,Normal value,_Z,Not applicable
DATAFLOW,OECD.CTP.TPS:DSD_TAX_WAGES_COMP@DF_TW_COMP(1.0),Labour taxation – OECD comparative indicators,I,AUS,Australia,AV_TW,Average tax wedge,PT_COS_LB,Percentage of labour costs,S_C0,"Single person, no children",AW100,100% of average wage,_Z,Not applicable,A,Annual,2014,,27.662194,,2,Two,0,Units,A,Normal value,_Z,Not applicable
DATAFLOW,OECD.CTP.TPS:DSD_TAX_WAGES_COMP@DF_TW_COMP(1.0),Labour taxation – OECD comparative indicators,I,AUS,Australia,AV_TW,Average tax wedge,PT_COS_LB,Percentage of labour costs,S_C0,"Single person, no children",AW100,100% of average wage,_Z,Not applicable,A,Annual,2013,,27.415207,,2,Two,0,Units,A,Normal value,_Z,Not applicable
DATAFLOW,OECD.CTP.TPS:DSD_TAX_WAGES_COMP@DF_TW_COMP(1.0),Labour taxation – OECD comparative indicators,I,AUS,Australia,AV_TW,Average tax wedge,PT_COS_LB,Percentage of labour costs,S_C0,"Single person, no children",AW100,100% of average wage,_Z,Not applicable,A,Annual,2012,,27.273247,,2,Two,0,Units,A,Normal value,_Z,Not applicable
DATAFLOW,OECD.CTP.TPS:DSD_TAX_WAGES_COMP@DF_TW_COMP(1.0),Labour taxation – OECD comparative indicators,I,AUS,Australia,AV_TW,Average tax wedge,PT_COS_LB,Percentage of labour costs,S_C0,"Single person, no children",AW100,100% of average wage,_Z,Not applicable,A,Annual,2011,,26.650257,,2,Two,0,Units,A,Normal value,_Z,Not applicable
DATAFLOW,OECD.CTP.TPS:DSD_TAX_WAGES_COMP@DF_TW_COMP(1.0),Labour taxation – OECD comparative indicators,I,AUS,Australia,AV_TW,Average tax wedge,PT_COS_LB,Percentage of labour costs,S_C0,"Single person, no children",AW100,100% of average wage,_Z,Not applicable,A,Annual,2010,,26.829039,,2,Two,0,Units,A,Normal value,_Z,Not applicable
DATAFLOW,OECD.CTP.TPS:DSD_TAX_WAGES_COMP@DF_TW_COMP(1.0),Labour taxation – OECD comparative indicators,I,AUS,Australia,AV_TW,Average tax wedge,PT_COS_LB,Percentage of labour costs,S_C0,"Single person, no children",AW100,100% of average wage,_Z,Not applicable,A,Annual,2009,,26.748796,,2,Two,0,Units,A,Normal value,_Z,Not applicable
DATAFLOW,OECD.CTP.TPS:DSD_TAX_WAGES_COMP@DF_TW_COMP(1.0),Labour taxation – OECD comparative indicators,I,AUS,Australia,AV_TW,Average tax wedge,PT_COS_LB,Percentage of labour costs,S_C0,"Single person, no children",AW100,100% of average wage,_Z,Not applicable,A,Annual,2008,,26.931992,,2,Two,0,Units,A,Normal value,_Z,Not applicable
DATAFLOW,OECD.CTP.TPS:DSD_TAX_WAGES_COMP@DF_TW_COMP(1.0),Labour taxation – OECD comparative indicators,I,NOR,Norway,AV_TW,Average tax wedge,PT_COS_LB,Percentage of labour costs,S_C0,"Single person, no children",AW100,100% of average wage,_Z,Not applicable,A,Annual,2023,,36.368225,,2,Two,0,Units,A,Normal value,_Z,Not applicable
DATAFLOW,OECD.CTP.TPS:DSD_TAX_WAGES_COMP@DF_TW_COMP(1.0),Labour taxation – OECD comparative indicators,I,NOR,Norway,AV_TW,Average tax wedge,PT_COS_LB,Percentage of labour costs,S_C0,"Single person, no children",AW100,100% of average wage,_Z,Not applicable,A,Annual,2006,,37.415916,,2,Two,0,Units,A,Normal value,_Z,Not applicable
DATAFLOW,OECD.CTP.TPS:DSD_TAX_WAGES_COMP@DF_TW_COMP(1.0),Labour taxation – OECD comparative indicators,I,NOR,Norway,AV_TW,Average tax wedge,PT_COS_LB,Percentage of labour costs,S_C0,"Single person, no children",AW100,100% of average wage,_Z,Not applicable,A,Annual,2005,,37.244688,,2,Two,0,Units,A,Normal value,_Z,Not applicable
DATAFLOW,OECD.CTP.TPS:DSD_TAX_WAGES_COMP@DF_TW_COMP(1.0),Labour taxation – OECD comparative indicators,I,NOR,Norway,AV_TW,Average tax wedge,PT_COS_LB,Percentage of labour costs,S_C0,"Single person, no children",AW100,100% of average wage,_Z,Not applicable,A,Annual,2004,,38.148446,,2,Two,0,Units,A,Normal value,_Z,Not applicable
DATAFLOW,OECD.CTP.TPS:DSD_TAX_WAGES_COMP@DF_TW_COMP(1.0),Labour taxation – OECD comparative indicators,I,NOR,Norway,AV_TW,Average tax wedge,PT_COS_LB,Percentage of labour costs,S_C0,"Single person, no children",AW100,100% of average wage,_Z,Not applicable,A,Annual,2003,,38.087978,,2,Two,0,Units,A,Normal value,_Z,Not applicable
DATAFLOW,OECD.CTP.TPS:DSD_TAX_WAGES_COMP@DF_TW_COMP(1.0),Labour taxation – OECD comparative indicators,I,NOR,Norway,AV_TW,Average tax wedge,PT_COS_LB,Percentage of labour costs,S_C0,"Single person, no children",AW100,100% of average wage,_Z,Not applicable,A,Annual,2002,,38.645123,,2,Two,0,Units,A,Normal value,_Z,Not applicable
DATAFLOW,OECD.CTP.TPS:DSD_TAX_WAGES_COMP@DF_TW_COMP(1.0),Labour taxation – OECD comparative indicators,I,NOR,Norway,AV_TW,Average tax wedge,PT_COS_LB,Percentage of labour costs,S_C0,"Single person, no children",AW100,100% of average wage,_Z,Not applicable,A,Annual,2001,,39.223273,,2,Two,0,Units,A,Normal value,_Z,Not applicable
DATAFLOW,OECD.CTP.TPS:DSD_TAX_WAGES_COMP@DF_TW_COMP(1.0),Labour taxation – OECD comparative indicators,I,NOR,Norway,AV_TW,Average tax wedge,PT_COS_LB,Percentage of labour costs,S_C0,"Single person, no children",AW100,100% of average wage,_Z,Not applicable,A,Annual,2000,,38.561634,,2,Two,0,Units,A,Normal value,_Z,Not applicable
DATAFLOW,OECD.CTP.TPS:DSD_TAX_WAGES_COMP@DF_TW_COMP(1.0),Labour taxation – OECD comparative indicators,I,NOR,Norway,AV_TW,Average tax wedge,PT_COS_LB,Percentage of labour costs,S_C0,"Single person, no children",AW100,100% of average wage,_Z,Not applicable,A,Annual,2022,,36.188303,,2,Two,0,Units,A,Normal value,_Z,Not applicable
DATAFLOW,OECD.CTP.TPS:DSD_TAX_WAGES_COMP@DF_TW_COMP(1.0),Labour taxation – OECD comparative indicators,I,NOR,Norway,AV_TW,Average tax wedge,PT_COS_LB,Percentage of labour costs,S_C0,"Single person, no children",AW100,100% of average wage,_Z,Not applicable,A,Annual,2021,,35.937564,,2,Two,0,Units,A,Normal value,_Z,Not applicable
DATAFLOW,OECD.CTP.TPS:DSD_TAX_WAGES_COMP@DF_TW_COMP(1.0),Labour taxation – OECD comparative indicators,I,NOR,Norway,AV_TW,Average tax wedge,PT_COS_LB,Percentage of labour costs,S_C0,"Single person, no children",AW100,100% of average wage,_Z,Not applicable,A,Annual,2020,,35.761119,,2,Two,0,Units,A,Normal value,_Z,Not applicable
DATAFLOW,OECD.CTP.TPS:DSD_TAX_WAGES_COMP@DF_TW_COMP(1.0),Labour taxation – OECD comparative indicators,I,NOR,Norway,AV_TW,Average tax wedge,PT_COS_LB,Percentage of labour costs,S_C0,"Single person, no children",AW100,100% of average wage,_Z,Not applicable,A,Annual,2019,,35.651191,,2,Two,0,Units,A,Normal value,_Z,Not applicable
DATAFLOW,OECD.CTP.TPS:DSD_TAX_WAGES_COMP@DF_TW_COMP(1.0),Labour taxation – OECD comparative indicators,I,NOR,Norway,AV_TW,Average tax wedge,PT_COS_LB,Percentage of labour costs,S_C0,"Single person, no children",AW100,100% of average wage,_Z,Not applicable,A,Annual,2018,,35.75567,,2,Two,0,Units,A,Normal value,_Z,Not applicable
DATAFLOW,OECD.CTP.TPS:DSD_TAX_WAGES_COMP@DF_TW_COMP(1.0),Labour taxation – OECD comparative indicators,I,NOR,Norway,AV_TW,Average tax wedge,PT_COS_LB,Percentage of labour costs,S_C0,"Single person, no children",AW100,100% of average wage,_Z,Not applicable,A,Annual,2017,,35.877276,,2,Two,0,Units,A,Normal value,_Z,Not applicable
DATAFLOW,OECD.CTP.TPS:DSD_TAX_WAGES_COMP@DF_TW_COMP(1.0),Labour taxation – OECD comparative indicators,I,NOR,Norway,AV_TW,Average tax wedge,PT_COS_LB,Percentage of labour costs,S_C0,"Single person, no children",AW100,100% of average wage,_Z,Not applicable,A,Annual,2016,,36.203011,,2,Two,0,Units,A,Normal value,_Z,Not applicable
DATAFLOW,OECD.CTP.TPS:DSD_TAX_WAGES_COMP@DF_TW_COMP(1.0),Labour taxation – OECD comparative indicators,I,NOR,Norway,AV_TW,Average tax wedge,PT_COS_LB,Percentage of labour costs,S_C0,"Single person, no children",AW100,100% of average wage,_Z,Not applicable,A,Annual,2015,,36.68174,,2,Two,0,Units,A,Normal value,_Z,Not applicable
DATAFLOW,OECD.CTP.TPS:DSD_TAX_WAGES_COMP@DF_TW_COMP(1.0),Labour taxation – OECD comparative indicators,I,NOR,Norway,AV_TW,Average tax wedge,PT_COS_LB,Percentage of labour costs,S_C0,"Single person, no children",AW100,100% of average wage,_Z,Not applicable,A,Annual,2014,,36.904145,,2,Two,0,Units,A,Normal value,_Z,Not applicable
DATAFLOW,OECD.CTP.TPS:DSD_TAX_WAGES_COMP@DF_TW_COMP(1.0),Labour taxation – OECD comparative indicators,I,NOR,Norway,AV_TW,Average tax wedge,PT_COS_LB,Percentage of labour costs,S_C0,"Single person, no children",AW100,100% of average wage,_Z,Not applicable,A,Annual,2013,,37.353963,,2,Two,0,Units,A,Normal value,_Z,Not applicable
DATAFLOW,OECD.CTP.TPS:DSD_TAX_WAGES_COMP@DF_TW_COMP(1.0),Labour taxation – OECD comparative indicators,I,NOR,Norway,AV_TW,Average tax wedge,PT_COS_LB,Percentage of labour costs,S_C0,"Single person, no children",AW100,100% of average wage,_Z,Not applicable,A,Annual,2012,,37.405343,,2,Two,0,Units,A,Normal value,_Z,Not applicable
DATAFLOW,OECD.CTP.TPS:DSD_TAX_WAGES_COMP@DF_TW_COMP(1.0),Labour taxation – OECD comparative indicators,I,NOR,Norway,AV_TW,Average tax wedge,PT_COS_LB,Percentage of labour costs,S_C0,"Single person, no children",AW100,100% of average wage,_Z,Not applicable,A,Annual,2011,,37.571439,,2,Two,0,Units,A,Normal value,_Z,Not applicable
DATAFLOW,OECD.CTP.TPS:DSD_TAX_WAGES_COMP@DF_TW_COMP(1.0),Labour taxation – OECD comparative indicators,I,NOR,Norway,AV_TW,Average tax wedge,PT_COS_LB,Percentage of labour costs,S_C0,"Single person, no children",AW100,100% of average wage,_Z,Not applicable,A,Annual,2010,,37.291511,,2,Two,0,Units,A,Normal value,_Z,Not applicable
DATAFLOW,OECD.CTP.TPS:DSD_TAX_WAGES_COMP@DF_TW_COMP(1.0),Labour taxation – OECD comparative indicators,I,NOR,Norway,AV_TW,Average tax wedge,PT_COS_LB,Percentage of labour costs,S_C0,"Single person, no children",AW100,100% of average wage,_Z,Not applicable,A,Annual,2009,,37.30349,,2,Two,0,Units,A,Normal value,_Z,Not applicable
DATAFLOW,OECD.CTP.TPS:DSD_TAX_WAGES_COMP@DF_TW_COMP(1.0),Labour taxation – OECD comparative indicators,I,NOR,Norway,AV_TW,Average tax wedge,PT_COS_LB,Percentage of labour costs,S_C0,"Single person, no children",AW100,100% of average wage,_Z,Not applicable,A,Annual,2008,,37.586889,,2,Two,0,Units,A,Normal value,_Z,Not applicable
DATAFLOW,OECD.CTP.TPS:DSD_TAX_WAGES_COMP@DF_TW_COMP(1.0),Labour taxation – OECD comparative indicators,I,CHL,Chile,AV_TW,Average tax wedge,PT_COS_LB,Percentage of labour costs,S_C0,"Single person, no children",AW100,100% of average wage,_Z,Not applicable,A,Annual,2023,,7.148913,,2,Two,0,Units,A,Normal value,_Z,Not applicable
DATAFLOW,OECD.CTP.TPS:DSD_TAX_WAGES_COMP@DF_TW_COMP(1.0),Labour taxation – OECD comparative indicators,I,CHL,Chile,AV_TW,Average tax wedge,PT_COS_LB,Percentage of labour costs,S_C0,"Single person, no children",AW100,100% of average wage,_Z,Not applicable,A,Annual,2006,,7,,2,Two,0,Units,A,Normal value,_Z,Not applicable
DATAFLOW,OECD.CTP.TPS:DSD_TAX_WAGES_COMP@DF_TW_COMP(1.0),Labour taxation – OECD comparative indicators,I,CHL,Chile,AV_TW,Average tax wedge,PT_COS_LB,Percentage of labour costs,S_C0,"Single person, no children",AW100,100% of average wage,_Z,Not applicable,A,Annual,2005,,7,,2,Two,0,Units,A,Normal value,_Z,Not applicable
DATAFLOW,OECD.CTP.TPS:DSD_TAX_WAGES_COMP@DF_TW_COMP(1.0),Labour taxation – OECD comparative indicators,I,CHL,Chile,AV_TW,Average tax wedge,PT_COS_LB,Percentage of labour costs,S_C0,"Single person, no children",AW100,100% of average wage,_Z,Not applicable,A,Annual,2004,,7,,2,Two,0,Units,A,Normal value,_Z,Not applicable
DATAFLOW,OECD.CTP.TPS:DSD_TAX_WAGES_COMP@DF_TW_COMP(1.0),Labour taxation – OECD comparative indicators,I,CHL,Chile,AV_TW,Average tax wedge,PT_COS_LB,Percentage of labour costs,S_C0,"Single person, no children",AW100,100% of average wage,_Z,Not applicable,A,Annual,2003,,7,,2,Two,0,Units,A,Normal value,_Z,Not applicable
DATAFLOW,OECD.CTP.TPS:DSD_TAX_WAGES_COMP@DF_TW_COMP(1.0),Labour taxation – OECD comparative indicators,I,CHL,Chile,AV_TW,Average tax wedge,PT_COS_LB,Percentage of labour costs,S_C0,"Single person, no children",AW100,100% of average wage,_Z,Not applicable,A,Annual,2002,,7,,2,Two,0,Units,A,Normal value,_Z,Not applicable
DATAFLOW,OECD.CTP.TPS:DSD_TAX_WAGES_COMP@DF_TW_COMP(1.0),Labour taxation – OECD comparative indicators,I,CHL,Chile,AV_TW,Average tax wedge,PT_COS_LB,Percentage of labour costs,S_C0,"Single person, no children",AW100,100% of average wage,_Z,Not applicable,A,Annual,2001,,7,,2,Two,0,Units,A,Normal value,_Z,Not applicable
DATAFLOW,OECD.CTP.TPS:DSD_TAX_WAGES_COMP@DF_TW_COMP(1.0),Labour taxation – OECD comparative indicators,I,CHL,Chile,AV_TW,Average tax wedge,PT_COS_LB,Percentage of labour costs,S_C0,"Single person, no children",AW100,100% of average wage,_Z,Not applicable,A,Annual,2000,,7,,2,Two,0,Units,A,Normal value,_Z,Not applicable
DATAFLOW,OECD.CTP.TPS:DSD_TAX_WAGES_COMP@DF_TW_COMP(1.0),Labour taxation – OECD comparative indicators,I,CHL,Chile,AV_TW,Average tax wedge,PT_COS_LB,Percentage of labour costs,S_C0,"Single person, no children",AW100,100% of average wage,_Z,Not applicable,A,Annual,2022,,7,,2,Two,0,Units,A,Normal value,_Z,Not applicable
DATAFLOW,OECD.CTP.TPS:DSD_TAX_WAGES_COMP@DF_TW_COMP(1.0),Labour taxation – OECD comparative indicators,I,CHL,Chile,AV_TW,Average tax wedge,PT_COS_LB,Percentage of labour costs,S_C0,"Single person, no children",AW100,100% of average wage,_Z,Not applicable,A,Annual,2021,,7,,2,Two,0,Units,A,Normal value,_Z,Not applicable
DATAFLOW,OECD.CTP.TPS:DSD_TAX_WAGES_COMP@DF_TW_COMP(1.0),Labour taxation – OECD comparative indicators,I,CHL,Chile,AV_TW,Average tax wedge,PT_COS_LB,Percentage of labour costs,S_C0,"Single person, no children",AW100,100% of average wage,_Z,Not applicable,A,Annual,2020,,7.03327,,2,Two,0,Units,A,Normal value,_Z,Not applicable
DATAFLOW,OECD.CTP.TPS:DSD_TAX_WAGES_COMP@DF_TW_COMP(1.0),Labour taxation – OECD comparative indicators,I,CHL,Chile,AV_TW,Average tax wedge,PT_COS_LB,Percentage of labour costs,S_C0,"Single person, no children",AW100,100% of average wage,_Z,Not applicable,A,Annual,2019,,7.044767,,2,Two,0,Units,A,Normal value,_Z,Not applicable
DATAFLOW,OECD.CTP.TPS:DSD_TAX_WAGES_COMP@DF_TW_COMP(1.0),Labour taxation – OECD comparative indicators,I,CHL,Chile,AV_TW,Average tax wedge,PT_COS_LB,Percentage of labour costs,S_C0,"Single person, no children",AW100,100% of average wage,_Z,Not applicable,A,Annual,2018,,7.007974,,2,Two,0,Units,A,Normal value,_Z,Not applicable
DATAFLOW,OECD.CTP.TPS:DSD_TAX_WAGES_COMP@DF_TW_COMP(1.0),Labour taxation – OECD comparative indicators,I,CHL,Chile,AV_TW,Average tax wedge,PT_COS_LB,Percentage of labour costs,S_C0,"Single person, no children",AW100,100% of average wage,_Z,Not applicable,A,Annual,2017,,7,,2,Two,0,Units,A,Normal value,_Z,Not applicable
DATAFLOW,OECD.CTP.TPS:DSD_TAX_WAGES_COMP@DF_TW_COMP(1.0),Labour taxation – OECD comparative indicators,I,CHL,Chile,AV_TW,Average tax wedge,PT_COS_LB,Percentage of labour costs,S_C0,"Single person, no children",AW100,100% of average wage,_Z,Not applicable,A,Annual,2016,,7,,2,Two,0,Units,A,Normal value,_Z,Not applicable
DATAFLOW,OECD.CTP.TPS:DSD_TAX_WAGES_COMP@DF_TW_COMP(1.0),Labour taxation – OECD comparative indicators,I,CHL,Chile,AV_TW,Average tax wedge,PT_COS_LB,Percentage of labour costs,S_C0,"Single person, no children",AW100,100% of average wage,_Z,Not applicable,A,Annual,2015,,7,,2,Two,0,Units,A,Normal value,_Z,Not applicable
DATAFLOW,OECD.CTP.TPS:DSD_TAX_WAGES_COMP@DF_TW_COMP(1.0),Labour taxation – OECD comparative indicators,I,CHL,Chile,AV_TW,Average tax wedge,PT_COS_LB,Percentage of labour costs,S_C0,"Single person, no children",AW100,100% of average wage,_Z,Not applicable,A,Annual,2014,,7,,2,Two,0,Units,A,Normal value,_Z,Not applicable
DATAFLOW,OECD.CTP.TPS:DSD_TAX_WAGES_COMP@DF_TW_COMP(1.0),Labour taxation – OECD comparative indicators,I,CHL,Chile,AV_TW,Average tax wedge,PT_COS_LB,Percentage of labour costs,S_C0,"Single person, no children",AW100,100% of average wage,_Z,Not applicable,A,Annual,2013,,7,,2,Two,0,Units,A,Normal value,_Z,Not applicable
DATAFLOW,OECD.CTP.TPS:DSD_TAX_WAGES_COMP@DF_TW_COMP(1.0),Labour taxation – OECD comparative indicators,I,CHL,Chile,AV_TW,Average tax wedge,PT_COS_LB,Percentage of labour costs,S_C0,"Single person, no children",AW100,100% of average wage,_Z,Not applicable,A,Annual,2012,,7,,2,Two,0,Units,A,Normal value,_Z,Not applicable
DATAFLOW,OECD.CTP.TPS:DSD_TAX_WAGES_COMP@DF_TW_COMP(1.0),Labour taxation – OECD comparative indicators,I,CHL,Chile,AV_TW,Average tax wedge,PT_COS_LB,Percentage of labour costs,S_C0,"Single person, no children",AW100,100% of average wage,_Z,Not applicable,A,Annual,2011,,7,,2,Two,0,Units,A,Normal value,_Z,Not applicable
DATAFLOW,OECD.CTP.TPS:DSD_TAX_WAGES_COMP@DF_TW_COMP(1.0),Labour taxation – OECD comparative indicators,I,CHL,Chile,AV_TW,Average tax wedge,PT_COS_LB,Percentage of labour costs,S_C0,"Single person, no children",AW100,100% of average wage,_Z,Not applicable,A,Annual,2010,,7,,2,Two,0,Units,A,Normal value,_Z,Not applicable
DATAFLOW,OECD.CTP.TPS:DSD_TAX_WAGES_COMP@DF_TW_COMP(1.0),Labour taxation – OECD comparative indicators,I,CHL,Chile,AV_TW,Average tax wedge,PT_COS_LB,Percentage of labour costs,S_C0,"Single person, no children",AW100,100% of average wage,_Z,Not applicable,A,Annual,2009,,7,,2,Two,0,Units,A,Normal value,_Z,Not applicable
DATAFLOW,OECD.CTP.TPS:DSD_TAX_WAGES_COMP@DF_TW_COMP(1.0),Labour taxation – OECD comparative indicators,I,CHL,Chile,AV_TW,Average tax wedge,PT_COS_LB,Percentage of labour costs,S_C0,"Single person, no children",AW100,100% of average wage,_Z,Not applicable,A,Annual,2008,,7,,2,Two,0,Units,A,Normal value,_Z,Not applicable
DATAFLOW,OECD.CTP.TPS:DSD_TAX_WAGES_COMP@DF_TW_COMP(1.0),Labour taxation – OECD comparative indicators,I,BEL,Belgium,AV_TW,Average tax wedge,PT_COS_LB,Percentage of labour costs,S_C0,"Single person, no children",AW100,100% of average wage,_Z,Not applicable,A,Annual,2023,,52.729497,,2,Two,0,Units,A,Normal value,_Z,Not applicable
DATAFLOW,OECD.CTP.TPS:DSD_TAX_WAGES_COMP@DF_TW_COMP(1.0),Labour taxation – OECD comparative indicators,I,BEL,Belgium,AV_TW,Average tax wedge,PT_COS_LB,Percentage of labour costs,S_C0,"Single person, no children",AW100,100% of average wage,_Z,Not applicable,A,Annual,2006,,55.486275,,2,Two,0,Units,A,Normal value,_Z,Not applicable
DATAFLOW,OECD.CTP.TPS:DSD_TAX_WAGES_COMP@DF_TW_COMP(1.0),Labour taxation – OECD comparative indicators,I,BEL,Belgium,AV_TW,Average tax wedge,PT_COS_LB,Percentage of labour costs,S_C0,"Single person, no children",AW100,100% of average wage,_Z,Not applicable,A,Annual,2005,,55.510421,,2,Two,0,Units,A,Normal value,_Z,Not applicable
DATAFLOW,OECD.CTP.TPS:DSD_TAX_WAGES_COMP@DF_TW_COMP(1.0),Labour taxation – OECD comparative indicators,I,BEL,Belgium,AV_TW,Average tax wedge,PT_COS_LB,Percentage of labour costs,S_C0,"Single person, no children",AW100,100% of average wage,_Z,Not applicable,A,Annual,2004,,55.433739,,2,Two,0,Units,A,Normal value,_Z,Not applicable
DATAFLOW,OECD.CTP.TPS:DSD_TAX_WAGES_COMP@DF_TW_COMP(1.0),Labour taxation – OECD comparative indicators,I,BEL,Belgium,AV_TW,Average tax wedge,PT_COS_LB,Percentage of labour costs,S_C0,"Single person, no children",AW100,100% of average wage,_Z,Not applicable,A,Annual,2003,,55.74007,,2,Two,0,Units,A,Normal value,_Z,Not applicable
DATAFLOW,OECD.CTP.TPS:DSD_TAX_WAGES_COMP@DF_TW_COMP(1.0),Labour taxation – OECD comparative indicators,I,BEL,Belgium,AV_TW,Average tax wedge,PT_COS_LB,Percentage of labour costs,S_C0,"Single person, no children",AW100,100% of average wage,_Z,Not applicable,A,Annual,2002,,56.33123,,2,Two,0,Units,A,Normal value,_Z,Not applicable
DATAFLOW,OECD.CTP.TPS:DSD_TAX_WAGES_COMP@DF_TW_COMP(1.0),Labour taxation – OECD comparative indicators,I,BEL,Belgium,AV_TW,Average tax wedge,PT_COS_LB,Percentage of labour costs,S_C0,"Single person, no children",AW100,100% of average wage,_Z,Not applicable,A,Annual,2001,,56.660819,,2,Two,0,Units,A,Normal value,_Z,Not applicable
DATAFLOW,OECD.CTP.TPS:DSD_TAX_WAGES_COMP@DF_TW_COMP(1.0),Labour taxation – OECD comparative indicators,I,BEL,Belgium,AV_TW,Average tax wedge,PT_COS_LB,Percentage of labour costs,S_C0,"Single person, no children",AW100,100% of average wage,_Z,Not applicable,A,Annual,2000,,57.103642,,2,Two,0,Units,A,Normal value,_Z,Not applicable
DATAFLOW,OECD.CTP.TPS:DSD_TAX_WAGES_COMP@DF_TW_COMP(1.0),Labour taxation – OECD comparative indicators,I,BEL,Belgium,AV_TW,Average tax wedge,PT_COS_LB,Percentage of labour costs,S_C0,"Single person, no children",AW100,100% of average wage,_Z,Not applicable,A,Annual,2022,,52.964623,,2,Two,0,Units,A,Normal value,_Z,Not applicable
DATAFLOW,OECD.CTP.TPS:DSD_TAX_WAGES_COMP@DF_TW_COMP(1.0),Labour taxation – OECD comparative indicators,I,BEL,Belgium,AV_TW,Average tax wedge,PT_COS_LB,Percentage of labour costs,S_C0,"Single person, no children",AW100,100% of average wage,_Z,Not applicable,A,Annual,2021,,52.400422,,2,Two,0,Units,A,Normal value,_Z,Not applicable
DATAFLOW,OECD.CTP.TPS:DSD_TAX_WAGES_COMP@DF_TW_COMP(1.0),Labour taxation – OECD comparative indicators,I,BEL,Belgium,AV_TW,Average tax wedge,PT_COS_LB,Percentage of labour costs,S_C0,"Single person, no children",AW100,100% of average wage,_Z,Not applicable,A,Annual,2020,,52.239777,,2,Two,0,Units,A,Normal value,_Z,Not applicable
DATAFLOW,OECD.CTP.TPS:DSD_TAX_WAGES_COMP@DF_TW_COMP(1.0),Labour taxation – OECD comparative indicators,I,BEL,Belgium,AV_TW,Average tax wedge,PT_COS_LB,Percentage of labour costs,S_C0,"Single person, no children",AW100,100% of average wage,_Z,Not applicable,A,Annual,2019,,52.298451,,2,Two,0,Units,A,Normal value,_Z,Not applicable
DATAFLOW,OECD.CTP.TPS:DSD_TAX_WAGES_COMP@DF_TW_COMP(1.0),Labour taxation – OECD comparative indicators,I,BEL,Belgium,AV_TW,Average tax wedge,PT_COS_LB,Percentage of labour costs,S_C0,"Single person, no children",AW100,100% of average wage,_Z,Not applicable,A,Annual,2018,,52.720688,,2,Two,0,Units,A,Normal value,_Z,Not applicable
DATAFLOW,OECD.CTP.TPS:DSD_TAX_WAGES_COMP@DF_TW_COMP(1.0),Labour taxation – OECD comparative indicators,I,BEL,Belgium,AV_TW,Average tax wedge,PT_COS_LB,Percentage of labour costs,S_C0,"Single person, no children",AW100,100% of average wage,_Z,Not applicable,A,Annual,2017,,53.760736,,2,Two,0,Units,A,Normal value,_Z,Not applicable
DATAFLOW,OECD.CTP.TPS:DSD_TAX_WAGES_COMP@DF_TW_COMP(1.0),Labour taxation – OECD comparative indicators,I,BEL,Belgium,AV_TW,Average tax wedge,PT_COS_LB,Percentage of labour costs,S_C0,"Single person, no children",AW100,100% of average wage,_Z,Not applicable,A,Annual,2016,,53.945234,,2,Two,0,Units,A,Normal value,_Z,Not applicable
DATAFLOW,OECD.CTP.TPS:DSD_TAX_WAGES_COMP@DF_TW_COMP(1.0),Labour taxation – OECD comparative indicators,I,BEL,Belgium,AV_TW,Average tax wedge,PT_COS_LB,Percentage of labour costs,S_C0,"Single person, no children",AW100,100% of average wage,_Z,Not applicable,A,Annual,2015,,55.277696,,2,Two,0,Units,A,Normal value,_Z,Not applicable
DATAFLOW,OECD.CTP.TPS:DSD_TAX_WAGES_COMP@DF_TW_COMP(1.0),Labour taxation – OECD comparative indicators,I,BEL,Belgium,AV_TW,Average tax wedge,PT_COS_LB,Percentage of labour costs,S_C0,"Single person, no children",AW100,100% of average wage,_Z,Not applicable,A,Annual,2014,,55.592807,,2,Two,0,Units,A,Normal value,_Z,Not applicable
DATAFLOW,OECD.CTP.TPS:DSD_TAX_WAGES_COMP@DF_TW_COMP(1.0),Labour taxation – OECD comparative indicators,I,BEL,Belgium,AV_TW,Average tax wedge,PT_COS_LB,Percentage of labour costs,S_C0,"Single person, no children",AW100,100% of average wage,_Z,Not applicable,A,Annual,2013,,55.65689,,2,Two,0,Units,A,Normal value,_Z,Not applicable
DATAFLOW,OECD.CTP.TPS:DSD_TAX_WAGES_COMP@DF_TW_COMP(1.0),Labour taxation – OECD comparative indicators,I,BEL,Belgium,AV_TW,Average tax wedge,PT_COS_LB,Percentage of labour costs,S_C0,"Single person, no children",AW100,100% of average wage,_Z,Not applicable,A,Annual,2012,,55.993728,,2,Two,0,Units,A,Normal value,_Z,Not applicable
DATAFLOW,OECD.CTP.TPS:DSD_TAX_WAGES_COMP@DF_TW_COMP(1.0),Labour taxation – OECD comparative indicators,I,BEL,Belgium,AV_TW,Average tax wedge,PT_COS_LB,Percentage of labour costs,S_C0,"Single person, no children",AW100,100% of average wage,_Z,Not applicable,A,Annual,2011,,56.086594,,2,Two,0,Units,A,Normal value,_Z,Not applicable
DATAFLOW,OECD.CTP.TPS:DSD_TAX_WAGES_COMP@DF_TW_COMP(1.0),Labour taxation – OECD comparative indicators,I,BEL,Belgium,AV_TW,Average tax wedge,PT_COS_LB,Percentage of labour costs,S_C0,"Single person, no children",AW100,100% of average wage,_Z,Not applicable,A,Annual,2010,,55.932147,,2,Two,0,Units,A,Normal value,_Z,Not applicable
DATAFLOW,OECD.CTP.TPS:DSD_TAX_WAGES_COMP@DF_TW_COMP(1.0),Labour taxation – OECD comparative indicators,I,BEL,Belgium,AV_TW,Average tax wedge,PT_COS_LB,Percentage of labour costs,S_C0,"Single person, no children",AW100,100% of average wage,_Z,Not applicable,A,Annual,2009,,55.653902,,2,Two,0,Units,A,Normal value,_Z,Not applicable
DATAFLOW,OECD.CTP.TPS:DSD_TAX_WAGES_COMP@DF_TW_COMP(1.0),Labour taxation – OECD comparative indicators,I,BEL,Belgium,AV_TW,Average tax wedge,PT_COS_LB,Percentage of labour costs,S_C0,"Single person, no children",AW100,100% of average wage,_Z,Not applicable,A,Annual,2008,,55.88346,,2,Two,0,Units,A,Normal value,_Z,Not applicable
DATAFLOW,OECD.CTP.TPS:DSD_TAX_WAGES_COMP@DF_TW_COMP(1.0),Labour taxation – OECD comparative indicators,I,LUX,Luxembourg,AV_TW,Average tax wedge,PT_COS_LB,Percentage of labour costs,S_C0,"Single person, no children",AW100,100% of average wage,_Z,Not applicable,A,Annual,2023,,41.33129,,2,Two,0,Units,A,Normal value,_Z,Not applicable
DATAFLOW,OECD.CTP.TPS:DSD_TAX_WAGES_COMP@DF_TW_COMP(1.0),Labour taxation – OECD comparative indicators,I,LUX,Luxembourg,AV_TW,Average tax wedge,PT_COS_LB,Percentage of labour costs,S_C0,"Single person, no children",AW100,100% of average wage,_Z,Not applicable,A,Annual,2006,,34.007649,,2,Two,0,Units,A,Normal value,_Z,Not applicable
DATAFLOW,OECD.CTP.TPS:DSD_TAX_WAGES_COMP@DF_TW_COMP(1.0),Labour taxation – OECD comparative indicators,I,LUX,Luxembourg,AV_TW,Average tax wedge,PT_COS_LB,Percentage of labour costs,S_C0,"Single person, no children",AW100,100% of average wage,_Z,Not applicable,A,Annual,2005,,33.394871,,2,Two,0,Units,A,Normal value,_Z,Not applicable
DATAFLOW,OECD.CTP.TPS:DSD_TAX_WAGES_COMP@DF_TW_COMP(1.0),Labour taxation – OECD comparative indicators,I,LUX,Luxembourg,AV_TW,Average tax wedge,PT_COS_LB,Percentage of labour costs,S_C0,"Single person, no children",AW100,100% of average wage,_Z,Not applicable,A,Annual,2004,,32.529147,,2,Two,0,Units,A,Normal value,_Z,Not applicable
DATAFLOW,OECD.CTP.TPS:DSD_TAX_WAGES_COMP@DF_TW_COMP(1.0),Labour taxation – OECD comparative indicators,I,LUX,Luxembourg,AV_TW,Average tax wedge,PT_COS_LB,Percentage of labour costs,S_C0,"Single person, no children",AW100,100% of average wage,_Z,Not applicable,A,Annual,2003,,32.118925,,2,Two,0,Units,A,Normal value,_Z,Not applicable
DATAFLOW,OECD.CTP.TPS:DSD_TAX_WAGES_COMP@DF_TW_COMP(1.0),Labour taxation – OECD comparative indicators,I,LUX,Luxembourg,AV_TW,Average tax wedge,PT_COS_LB,Percentage of labour costs,S_C0,"Single person, no children",AW100,100% of average wage,_Z,Not applicable,A,Annual,2002,,31.586815,,2,Two,0,Units,A,Normal value,_Z,Not applicable
DATAFLOW,OECD.CTP.TPS:DSD_TAX_WAGES_COMP@DF_TW_COMP(1.0),Labour taxation – OECD comparative indicators,I,LUX,Luxembourg,AV_TW,Average tax wedge,PT_COS_LB,Percentage of labour costs,S_C0,"Single person, no children",AW100,100% of average wage,_Z,Not applicable,A,Annual,2001,,34.482069,,2,Two,0,Units,A,Normal value,_Z,Not applicable
DATAFLOW,OECD.CTP.TPS:DSD_TAX_WAGES_COMP@DF_TW_COMP(1.0),Labour taxation – OECD comparative indicators,I,LUX,Luxembourg,AV_TW,Average tax wedge,PT_COS_LB,Percentage of labour costs,S_C0,"Single person, no children",AW100,100% of average wage,_Z,Not applicable,A,Annual,2000,,35.837515,,2,Two,0,Units,A,Normal value,_Z,Not applicable
DATAFLOW,OECD.CTP.TPS:DSD_TAX_WAGES_COMP@DF_TW_COMP(1.0),Labour taxation – OECD comparative indicators,I,LUX,Luxembourg,AV_TW,Average tax wedge,PT_COS_LB,Percentage of labour costs,S_C0,"Single person, no children",AW100,100% of average wage,_Z,Not applicable,A,Annual,2022,,39.944446,,2,Two,0,Units,A,Normal value,_Z,Not applicable
DATAFLOW,OECD.CTP.TPS:DSD_TAX_WAGES_COMP@DF_TW_COMP(1.0),Labour taxation – OECD comparative indicators,I,LUX,Luxembourg,AV_TW,Average tax wedge,PT_COS_LB,Percentage of labour costs,S_C0,"Single person, no children",AW100,100% of average wage,_Z,Not applicable,A,Annual,2021,,39.75318,,2,Two,0,Units,A,Normal value,_Z,Not applicable
DATAFLOW,OECD.CTP.TPS:DSD_TAX_WAGES_COMP@DF_TW_COMP(1.0),Labour taxation – OECD comparative indicators,I,LUX,Luxembourg,AV_TW,Average tax wedge,PT_COS_LB,Percentage of labour costs,S_C0,"Single person, no children",AW100,100% of average wage,_Z,Not applicable,A,Annual,2020,,39.45275,,2,Two,0,Units,A,Normal value,_Z,Not applicable
DATAFLOW,OECD.CTP.TPS:DSD_TAX_WAGES_COMP@DF_TW_COMP(1.0),Labour taxation – OECD comparative indicators,I,LUX,Luxembourg,AV_TW,Average tax wedge,PT_COS_LB,Percentage of labour costs,S_C0,"Single person, no children",AW100,100% of average wage,_Z,Not applicable,A,Annual,2019,,38.459965,,2,Two,0,Units,A,Normal value,_Z,Not applicable
DATAFLOW,OECD.CTP.TPS:DSD_TAX_WAGES_COMP@DF_TW_COMP(1.0),Labour taxation – OECD comparative indicators,I,LUX,Luxembourg,AV_TW,Average tax wedge,PT_COS_LB,Percentage of labour costs,S_C0,"Single person, no children",AW100,100% of average wage,_Z,Not applicable,A,Annual,2018,,38.234213,,2,Two,0,Units,A,Normal value,_Z,Not applicable
DATAFLOW,OECD.CTP.TPS:DSD_TAX_WAGES_COMP@DF_TW_COMP(1.0),Labour taxation – OECD comparative indicators,I,LUX,Luxembourg,AV_TW,Average tax wedge,PT_COS_LB,Percentage of labour costs,S_C0,"Single person, no children",AW100,100% of average wage,_Z,Not applicable,A,Annual,2017,,37.792258,,2,Two,0,Units,A,Normal value,_Z,Not applicable
DATAFLOW,OECD.CTP.TPS:DSD_TAX_WAGES_COMP@DF_TW_COMP(1.0),Labour taxation – OECD comparative indicators,I,LUX,Luxembourg,AV_TW,Average tax wedge,PT_COS_LB,Percentage of labour costs,S_C0,"Single person, no children",AW100,100% of average wage,_Z,Not applicable,A,Annual,2016,,39.579291,,2,Two,0,Units,A,Normal value,_Z,Not applicable
DATAFLOW,OECD.CTP.TPS:DSD_TAX_WAGES_COMP@DF_TW_COMP(1.0),Labour taxation – OECD comparative indicators,I,LUX,Luxembourg,AV_TW,Average tax wedge,PT_COS_LB,Percentage of labour costs,S_C0,"Single person, no children",AW100,100% of average wage,_Z,Not applicable,A,Annual,2015,,39.488219,,2,Two,0,Units,A,Normal value,_Z,Not applicable
DATAFLOW,OECD.CTP.TPS:DSD_TAX_WAGES_COMP@DF_TW_COMP(1.0),Labour taxation – OECD comparative indicators,I,LUX,Luxembourg,AV_TW,Average tax wedge,PT_COS_LB,Percentage of labour costs,S_C0,"Single person, no children",AW100,100% of average wage,_Z,Not applicable,A,Annual,2014,,38.635,,2,Two,0,Units,A,Normal value,_Z,Not applicable
DATAFLOW,OECD.CTP.TPS:DSD_TAX_WAGES_COMP@DF_TW_COMP(1.0),Labour taxation – OECD comparative indicators,I,LUX,Luxembourg,AV_TW,Average tax wedge,PT_COS_LB,Percentage of labour costs,S_C0,"Single person, no children",AW100,100% of average wage,_Z,Not applicable,A,Annual,2013,,38.223856,,2,Two,0,Units,A,Normal value,_Z,Not applicable
DATAFLOW,OECD.CTP.TPS:DSD_TAX_WAGES_COMP@DF_TW_COMP(1.0),Labour taxation – OECD comparative indicators,I,LUX,Luxembourg,AV_TW,Average tax wedge,PT_COS_LB,Percentage of labour costs,S_C0,"Single person, no children",AW100,100% of average wage,_Z,Not applicable,A,Annual,2012,,37.078398,,2,Two,0,Units,A,Normal value,_Z,Not applicable
DATAFLOW,OECD.CTP.TPS:DSD_TAX_WAGES_COMP@DF_TW_COMP(1.0),Labour taxation – OECD comparative indicators,I,LUX,Luxembourg,AV_TW,Average tax wedge,PT_COS_LB,Percentage of labour costs,S_C0,"Single person, no children",AW100,100% of average wage,_Z,Not applicable,A,Annual,2011,,37.255858,,2,Two,0,Units,A,Normal value,_Z,Not applicable
DATAFLOW,OECD.CTP.TPS:DSD_TAX_WAGES_COMP@DF_TW_COMP(1.0),Labour taxation – OECD comparative indicators,I,LUX,Luxembourg,AV_TW,Average tax wedge,PT_COS_LB,Percentage of labour costs,S_C0,"Single person, no children",AW100,100% of average wage,_Z,Not applicable,A,Annual,2010,,35.272591,,2,Two,0,Units,A,Normal value,_Z,Not applicable
DATAFLOW,OECD.CTP.TPS:DSD_TAX_WAGES_COMP@DF_TW_COMP(1.0),Labour taxation – OECD comparative indicators,I,LUX,Luxembourg,AV_TW,Average tax wedge,PT_COS_LB,Percentage of labour costs,S_C0,"Single person, no children",AW100,100% of average wage,_Z,Not applicable,A,Annual,2009,,34.899073,,2,Two,0,Units,A,Normal value,_Z,Not applicable
DATAFLOW,OECD.CTP.TPS:DSD_TAX_WAGES_COMP@DF_TW_COMP(1.0),Labour taxation – OECD comparative indicators,I,LUX,Luxembourg,AV_TW,Average tax wedge,PT_COS_LB,Percentage of labour costs,S_C0,"Single person, no children",AW100,100% of average wage,_Z,Not applicable,A,Annual,2008,,34.655372,,2,Two,0,Units,A,Normal value,_Z,Not applicable
DATAFLOW,OECD.CTP.TPS:DSD_TAX_WAGES_COMP@DF_TW_COMP(1.0),Labour taxation – OECD comparative indicators,I,CHE,Switzerland,AV_TW,Average tax wedge,PT_COS_LB,Percentage of labour costs,S_C0,"Single person, no children",AW100,100% of average wage,_Z,Not applicable,A,Annual,2023,,23.472448,,2,Two,0,Units,A,Normal value,_Z,Not applicable
DATAFLOW,OECD.CTP.TPS:DSD_TAX_WAGES_COMP@DF_TW_COMP(1.0),Labour taxation – OECD comparative indicators,I,CHE,Switzerland,AV_TW,Average tax wedge,PT_COS_LB,Percentage of labour costs,S_C0,"Single person, no children",AW100,100% of average wage,_Z,Not applicable,A,Annual,2006,,22.110921,,2,Two,0,Units,A,Normal value,_Z,Not applicable
DATAFLOW,OECD.CTP.TPS:DSD_TAX_WAGES_COMP@DF_TW_COMP(1.0),Labour taxation – OECD comparative indicators,I,CHE,Switzerland,AV_TW,Average tax wedge,PT_COS_LB,Percentage of labour costs,S_C0,"Single person, no children",AW100,100% of average wage,_Z,Not applicable,A,Annual,2005,,22.215922,,2,Two,0,Units,A,Normal value,_Z,Not applicable
DATAFLOW,OECD.CTP.TPS:DSD_TAX_WAGES_COMP@DF_TW_COMP(1.0),Labour taxation – OECD comparative indicators,I,CHE,Switzerland,AV_TW,Average tax wedge,PT_COS_LB,Percentage of labour costs,S_C0,"Single person, no children",AW100,100% of average wage,_Z,Not applicable,A,Annual,2004,,22.204579,,2,Two,0,Units,A,Normal value,_Z,Not applicable
DATAFLOW,OECD.CTP.TPS:DSD_TAX_WAGES_COMP@DF_TW_COMP(1.0),Labour taxation – OECD comparative indicators,I,CHE,Switzerland,AV_TW,Average tax wedge,PT_COS_LB,Percentage of labour costs,S_C0,"Single person, no children",AW100,100% of average wage,_Z,Not applicable,A,Annual,2003,,22.425267,,2,Two,0,Units,A,Normal value,_Z,Not applicable
DATAFLOW,OECD.CTP.TPS:DSD_TAX_WAGES_COMP@DF_TW_COMP(1.0),Labour taxation – OECD comparative indicators,I,CHE,Switzerland,AV_TW,Average tax wedge,PT_COS_LB,Percentage of labour costs,S_C0,"Single person, no children",AW100,100% of average wage,_Z,Not applicable,A,Annual,2002,,22.885207,,2,Two,0,Units,A,Normal value,_Z,Not applicable
DATAFLOW,OECD.CTP.TPS:DSD_TAX_WAGES_COMP@DF_TW_COMP(1.0),Labour taxation – OECD comparative indicators,I,CHE,Switzerland,AV_TW,Average tax wedge,PT_COS_LB,Percentage of labour costs,S_C0,"Single person, no children",AW100,100% of average wage,_Z,Not applicable,A,Annual,2001,,22.895794,,2,Two,0,Units,A,Normal value,_Z,Not applicable
DATAFLOW,OECD.CTP.TPS:DSD_TAX_WAGES_COMP@DF_TW_COMP(1.0),Labour taxation – OECD comparative indicators,I,CHE,Switzerland,AV_TW,Average tax wedge,PT_COS_LB,Percentage of labour costs,S_C0,"Single person, no children",AW100,100% of average wage,_Z,Not applicable,A,Annual,2000,,22.871766,,2,Two,0,Units,A,Normal value,_Z,Not applicable
DATAFLOW,OECD.CTP.TPS:DSD_TAX_WAGES_COMP@DF_TW_COMP(1.0),Labour taxation – OECD comparative indicators,I,CHE,Switzerland,AV_TW,Average tax wedge,PT_COS_LB,Percentage of labour costs,S_C0,"Single person, no children",AW100,100% of average wage,_Z,Not applicable,A,Annual,2022,,23.440013,,2,Two,0,Units,A,Normal value,_Z,Not applicable
DATAFLOW,OECD.CTP.TPS:DSD_TAX_WAGES_COMP@DF_TW_COMP(1.0),Labour taxation – OECD comparative indicators,I,CHE,Switzerland,AV_TW,Average tax wedge,PT_COS_LB,Percentage of labour costs,S_C0,"Single person, no children",AW100,100% of average wage,_Z,Not applicable,A,Annual,2021,,23.084073,,2,Two,0,Units,A,Normal value,_Z,Not applicable
DATAFLOW,OECD.CTP.TPS:DSD_TAX_WAGES_COMP@DF_TW_COMP(1.0),Labour taxation – OECD comparative indicators,I,CHE,Switzerland,AV_TW,Average tax wedge,PT_COS_LB,Percentage of labour costs,S_C0,"Single person, no children",AW100,100% of average wage,_Z,Not applicable,A,Annual,2020,,22.729122,,2,Two,0,Units,A,Normal value,_Z,Not applicable
DATAFLOW,OECD.CTP.TPS:DSD_TAX_WAGES_COMP@DF_TW_COMP(1.0),Labour taxation – OECD comparative indicators,I,CHE,Switzerland,AV_TW,Average tax wedge,PT_COS_LB,Percentage of labour costs,S_C0,"Single person, no children",AW100,100% of average wage,_Z,Not applicable,A,Annual,2019,,22.360158,,2,Two,0,Units,A,Normal value,_Z,Not applicable
DATAFLOW,OECD.CTP.TPS:DSD_TAX_WAGES_COMP@DF_TW_COMP(1.0),Labour taxation – OECD comparative indicators,I,CHE,Switzerland,AV_TW,Average tax wedge,PT_COS_LB,Percentage of labour costs,S_C0,"Single person, no children",AW100,100% of average wage,_Z,Not applicable,A,Annual,2018,,22.221034,,2,Two,0,Units,A,Normal value,_Z,Not applicable
DATAFLOW,OECD.CTP.TPS:DSD_TAX_WAGES_COMP@DF_TW_COMP(1.0),Labour taxation – OECD comparative indicators,I,CHE,Switzerland,AV_TW,Average tax wedge,PT_COS_LB,Percentage of labour costs,S_C0,"Single person, no children",AW100,100% of average wage,_Z,Not applicable,A,Annual,2017,,22.093058,,2,Two,0,Units,A,Normal value,_Z,Not applicable
DATAFLOW,OECD.CTP.TPS:DSD_TAX_WAGES_COMP@DF_TW_COMP(1.0),Labour taxation – OECD comparative indicators,I,CHE,Switzerland,AV_TW,Average tax wedge,PT_COS_LB,Percentage of labour costs,S_C0,"Single person, no children",AW100,100% of average wage,_Z,Not applicable,A,Annual,2016,,22.065636,,2,Two,0,Units,A,Normal value,_Z,Not applicable
DATAFLOW,OECD.CTP.TPS:DSD_TAX_WAGES_COMP@DF_TW_COMP(1.0),Labour taxation – OECD comparative indicators,I,CHE,Switzerland,AV_TW,Average tax wedge,PT_COS_LB,Percentage of labour costs,S_C0,"Single person, no children",AW100,100% of average wage,_Z,Not applicable,A,Annual,2015,,21.837881,,2,Two,0,Units,A,Normal value,_Z,Not applicable
DATAFLOW,OECD.CTP.TPS:DSD_TAX_WAGES_COMP@DF_TW_COMP(1.0),Labour taxation – OECD comparative indicators,I,CHE,Switzerland,AV_TW,Average tax wedge,PT_COS_LB,Percentage of labour costs,S_C0,"Single person, no children",AW100,100% of average wage,_Z,Not applicable,A,Annual,2014,,21.868976,,2,Two,0,Units,A,Normal value,_Z,Not applicable
DATAFLOW,OECD.CTP.TPS:DSD_TAX_WAGES_COMP@DF_TW_COMP(1.0),Labour taxation – OECD comparative indicators,I,CHE,Switzerland,AV_TW,Average tax wedge,PT_COS_LB,Percentage of labour costs,S_C0,"Single person, no children",AW100,100% of average wage,_Z,Not applicable,A,Annual,2013,,22.213658,,2,Two,0,Units,A,Normal value,_Z,Not applicable
DATAFLOW,OECD.CTP.TPS:DSD_TAX_WAGES_COMP@DF_TW_COMP(1.0),Labour taxation – OECD comparative indicators,I,CHE,Switzerland,AV_TW,Average tax wedge,PT_COS_LB,Percentage of labour costs,S_C0,"Single person, no children",AW100,100% of average wage,_Z,Not applicable,A,Annual,2012,,22.110907,,2,Two,0,Units,A,Normal value,_Z,Not applicable
DATAFLOW,OECD.CTP.TPS:DSD_TAX_WAGES_COMP@DF_TW_COMP(1.0),Labour taxation – OECD comparative indicators,I,CHE,Switzerland,AV_TW,Average tax wedge,PT_COS_LB,Percentage of labour costs,S_C0,"Single person, no children",AW100,100% of average wage,_Z,Not applicable,A,Annual,2011,,22.281576,,2,Two,0,Units,A,Normal value,_Z,Not applicable
DATAFLOW,OECD.CTP.TPS:DSD_TAX_WAGES_COMP@DF_TW_COMP(1.0),Labour taxation – OECD comparative indicators,I,CHE,Switzerland,AV_TW,Average tax wedge,PT_COS_LB,Percentage of labour costs,S_C0,"Single person, no children",AW100,100% of average wage,_Z,Not applicable,A,Annual,2010,,22.097216,,2,Two,0,Units,A,Normal value,_Z,Not applicable
DATAFLOW,OECD.CTP.TPS:DSD_TAX_WAGES_COMP@DF_TW_COMP(1.0),Labour taxation – OECD comparative indicators,I,CHE,Switzerland,AV_TW,Average tax wedge,PT_COS_LB,Percentage of labour costs,S_C0,"Single person, no children",AW100,100% of average wage,_Z,Not applicable,A,Annual,2009,,21.968388,,2,Two,0,Units,A,Normal value,_Z,Not applicable
DATAFLOW,OECD.CTP.TPS:DSD_TAX_WAGES_COMP@DF_TW_COMP(1.0),Labour taxation – OECD comparative indicators,I,CHE,Switzerland,AV_TW,Average tax wedge,PT_COS_LB,Percentage of labour costs,S_C0,"Single person, no children",AW100,100% of average wage,_Z,Not applicable,A,Annual,2008,,21.857035,,2,Two,0,Units,A,Normal value,_Z,Not applicable
DATAFLOW,OECD.CTP.TPS:DSD_TAX_WAGES_COMP@DF_TW_COMP(1.0),Labour taxation – OECD comparative indicators,I,ESP,Spain,AV_TW,Average tax wedge,PT_COS_LB,Percentage of labour costs,S_C0,"Single person, no children",AW100,100% of average wage,_Z,Not applicable,A,Annual,2023,,40.228217,,2,Two,0,Units,A,Normal value,_Z,Not applicable
DATAFLOW,OECD.CTP.TPS:DSD_TAX_WAGES_COMP@DF_TW_COMP(1.0),Labour taxation – OECD comparative indicators,I,ESP,Spain,AV_TW,Average tax wedge,PT_COS_LB,Percentage of labour costs,S_C0,"Single person, no children",AW100,100% of average wage,_Z,Not applicable,A,Annual,2006,,39.112234,,2,Two,0,Units,A,Normal value,_Z,Not applicable
DATAFLOW,OECD.CTP.TPS:DSD_TAX_WAGES_COMP@DF_TW_COMP(1.0),Labour taxation – OECD comparative indicators,I,ESP,Spain,AV_TW,Average tax wedge,PT_COS_LB,Percentage of labour costs,S_C0,"Single person, no children",AW100,100% of average wage,_Z,Not applicable,A,Annual,2005,,38.968565,,2,Two,0,Units,A,Normal value,_Z,Not applicable
DATAFLOW,OECD.CTP.TPS:DSD_TAX_WAGES_COMP@DF_TW_COMP(1.0),Labour taxation – OECD comparative indicators,I,ESP,Spain,AV_TW,Average tax wedge,PT_COS_LB,Percentage of labour costs,S_C0,"Single person, no children",AW100,100% of average wage,_Z,Not applicable,A,Annual,2004,,38.809975,,2,Two,0,Units,A,Normal value,_Z,Not applicable
DATAFLOW,OECD.CTP.TPS:DSD_TAX_WAGES_COMP@DF_TW_COMP(1.0),Labour taxation – OECD comparative indicators,I,ESP,Spain,AV_TW,Average tax wedge,PT_COS_LB,Percentage of labour costs,S_C0,"Single person, no children",AW100,100% of average wage,_Z,Not applicable,A,Annual,2003,,38.58189,,2,Two,0,Units,A,Normal value,_Z,Not applicable
DATAFLOW,OECD.CTP.TPS:DSD_TAX_WAGES_COMP@DF_TW_COMP(1.0),Labour taxation – OECD comparative indicators,I,ESP,Spain,AV_TW,Average tax wedge,PT_COS_LB,Percentage of labour costs,S_C0,"Single person, no children",AW100,100% of average wage,_Z,Not applicable,A,Annual,2002,,39.101446,,2,Two,0,Units,A,Normal value,_Z,Not applicable
DATAFLOW,OECD.CTP.TPS:DSD_TAX_WAGES_COMP@DF_TW_COMP(1.0),Labour taxation – OECD comparative indicators,I,ESP,Spain,AV_TW,Average tax wedge,PT_COS_LB,Percentage of labour costs,S_C0,"Single person, no children",AW100,100% of average wage,_Z,Not applicable,A,Annual,2001,,38.858001,,2,Two,0,Units,A,Normal value,_Z,Not applicable
DATAFLOW,OECD.CTP.TPS:DSD_TAX_WAGES_COMP@DF_TW_COMP(1.0),Labour taxation – OECD comparative indicators,I,ESP,Spain,AV_TW,Average tax wedge,PT_COS_LB,Percentage of labour costs,S_C0,"Single person, no children",AW100,100% of average wage,_Z,Not applicable,A,Annual,2000,,38.627724,,2,Two,0,Units,A,Normal value,_Z,Not applicable
DATAFLOW,OECD.CTP.TPS:DSD_TAX_WAGES_COMP@DF_TW_COMP(1.0),Labour taxation – OECD comparative indicators,I,ESP,Spain,AV_TW,Average tax wedge,PT_COS_LB,Percentage of labour costs,S_C0,"Single person, no children",AW100,100% of average wage,_Z,Not applicable,A,Annual,2022,,39.607956,,2,Two,0,Units,A,Normal value,_Z,Not applicable
DATAFLOW,OECD.CTP.TPS:DSD_TAX_WAGES_COMP@DF_TW_COMP(1.0),Labour taxation – OECD comparative indicators,I,ESP,Spain,AV_TW,Average tax wedge,PT_COS_LB,Percentage of labour costs,S_C0,"Single person, no children",AW100,100% of average wage,_Z,Not applicable,A,Annual,2021,,39.497172,,2,Two,0,Units,A,Normal value,_Z,Not applicable
DATAFLOW,OECD.CTP.TPS:DSD_TAX_WAGES_COMP@DF_TW_COMP(1.0),Labour taxation – OECD comparative indicators,I,ESP,Spain,AV_TW,Average tax wedge,PT_COS_LB,Percentage of labour costs,S_C0,"Single person, no children",AW100,100% of average wage,_Z,Not applicable,A,Annual,2020,,38.975004,,2,Two,0,Units,A,Normal value,_Z,Not applicable
DATAFLOW,OECD.CTP.TPS:DSD_TAX_WAGES_COMP@DF_TW_COMP(1.0),Labour taxation – OECD comparative indicators,I,ESP,Spain,AV_TW,Average tax wedge,PT_COS_LB,Percentage of labour costs,S_C0,"Single person, no children",AW100,100% of average wage,_Z,Not applicable,A,Annual,2019,,39.407415,,2,Two,0,Units,A,Normal value,_Z,Not applicable
DATAFLOW,OECD.CTP.TPS:DSD_TAX_WAGES_COMP@DF_TW_COMP(1.0),Labour taxation – OECD comparative indicators,I,ESP,Spain,AV_TW,Average tax wedge,PT_COS_LB,Percentage of labour costs,S_C0,"Single person, no children",AW100,100% of average wage,_Z,Not applicable,A,Annual,2018,,39.383498,,2,Two,0,Units,A,Normal value,_Z,Not applicable
DATAFLOW,OECD.CTP.TPS:DSD_TAX_WAGES_COMP@DF_TW_COMP(1.0),Labour taxation – OECD comparative indicators,I,ESP,Spain,AV_TW,Average tax wedge,PT_COS_LB,Percentage of labour costs,S_C0,"Single person, no children",AW100,100% of average wage,_Z,Not applicable,A,Annual,2017,,39.258454,,2,Two,0,Units,A,Normal value,_Z,Not applicable
DATAFLOW,OECD.CTP.TPS:DSD_TAX_WAGES_COMP@DF_TW_COMP(1.0),Labour taxation – OECD comparative indicators,I,ESP,Spain,AV_TW,Average tax wedge,PT_COS_LB,Percentage of labour costs,S_C0,"Single person, no children",AW100,100% of average wage,_Z,Not applicable,A,Annual,2016,,39.379123,,2,Two,0,Units,A,Normal value,_Z,Not applicable
DATAFLOW,OECD.CTP.TPS:DSD_TAX_WAGES_COMP@DF_TW_COMP(1.0),Labour taxation – OECD comparative indicators,I,ESP,Spain,AV_TW,Average tax wedge,PT_COS_LB,Percentage of labour costs,S_C0,"Single person, no children",AW100,100% of average wage,_Z,Not applicable,A,Annual,2015,,39.389283,,2,Two,0,Units,A,Normal value,_Z,Not applicable
DATAFLOW,OECD.CTP.TPS:DSD_TAX_WAGES_COMP@DF_TW_COMP(1.0),Labour taxation – OECD comparative indicators,I,ESP,Spain,AV_TW,Average tax wedge,PT_COS_LB,Percentage of labour costs,S_C0,"Single person, no children",AW100,100% of average wage,_Z,Not applicable,A,Annual,2014,,40.716086,,2,Two,0,Units,A,Normal value,_Z,Not applicable
DATAFLOW,OECD.CTP.TPS:DSD_TAX_WAGES_COMP@DF_TW_COMP(1.0),Labour taxation – OECD comparative indicators,I,ESP,Spain,AV_TW,Average tax wedge,PT_COS_LB,Percentage of labour costs,S_C0,"Single person, no children",AW100,100% of average wage,_Z,Not applicable,A,Annual,2013,,40.660487,,2,Two,0,Units,A,Normal value,_Z,Not applicable
DATAFLOW,OECD.CTP.TPS:DSD_TAX_WAGES_COMP@DF_TW_COMP(1.0),Labour taxation – OECD comparative indicators,I,ESP,Spain,AV_TW,Average tax wedge,PT_COS_LB,Percentage of labour costs,S_C0,"Single person, no children",AW100,100% of average wage,_Z,Not applicable,A,Annual,2012,,40.615097,,2,Two,0,Units,A,Normal value,_Z,Not applicable
DATAFLOW,OECD.CTP.TPS:DSD_TAX_WAGES_COMP@DF_TW_COMP(1.0),Labour taxation – OECD comparative indicators,I,ESP,Spain,AV_TW,Average tax wedge,PT_COS_LB,Percentage of labour costs,S_C0,"Single person, no children",AW100,100% of average wage,_Z,Not applicable,A,Annual,2011,,39.985142,,2,Two,0,Units,A,Normal value,_Z,Not applicable
DATAFLOW,OECD.CTP.TPS:DSD_TAX_WAGES_COMP@DF_TW_COMP(1.0),Labour taxation – OECD comparative indicators,I,ESP,Spain,AV_TW,Average tax wedge,PT_COS_LB,Percentage of labour costs,S_C0,"Single person, no children",AW100,100% of average wage,_Z,Not applicable,A,Annual,2010,,39.746546,,2,Two,0,Units,A,Normal value,_Z,Not applicable
DATAFLOW,OECD.CTP.TPS:DSD_TAX_WAGES_COMP@DF_TW_COMP(1.0),Labour taxation – OECD comparative indicators,I,ESP,Spain,AV_TW,Average tax wedge,PT_COS_LB,Percentage of labour costs,S_C0,"Single person, no children",AW100,100% of average wage,_Z,Not applicable,A,Annual,2009,,38.257526,,2,Two,0,Units,A,Normal value,_Z,Not applicable
DATAFLOW,OECD.CTP.TPS:DSD_TAX_WAGES_COMP@DF_TW_COMP(1.0),Labour taxation – OECD comparative indicators,I,ESP,Spain,AV_TW,Average tax wedge,PT_COS_LB,Percentage of labour costs,S_C0,"Single person, no children",AW100,100% of average wage,_Z,Not applicable,A,Annual,2008,,37.991003,,2,Two,0,Units,A,Normal value,_Z,Not applicable
DATAFLOW,OECD.CTP.TPS:DSD_TAX_WAGES_COMP@DF_TW_COMP(1.0),Labour taxation – OECD comparative indicators,I,NLD,Netherlands,AV_TW,Average tax wedge,PT_COS_LB,Percentage of labour costs,S_C0,"Single person, no children",AW100,100% of average wage,_Z,Not applicable,A,Annual,2023,,35.140853,,2,Two,0,Units,A,Normal value,_Z,Not applicable
DATAFLOW,OECD.CTP.TPS:DSD_TAX_WAGES_COMP@DF_TW_COMP(1.0),Labour taxation – OECD comparative indicators,I,NLD,Netherlands,AV_TW,Average tax wedge,PT_COS_LB,Percentage of labour costs,S_C0,"Single person, no children",AW100,100% of average wage,_Z,Not applicable,A,Annual,2006,,38.400642,,2,Two,0,Units,A,Normal value,_Z,Not applicable
DATAFLOW,OECD.CTP.TPS:DSD_TAX_WAGES_COMP@DF_TW_COMP(1.0),Labour taxation – OECD comparative indicators,I,NLD,Netherlands,AV_TW,Average tax wedge,PT_COS_LB,Percentage of labour costs,S_C0,"Single person, no children",AW100,100% of average wage,_Z,Not applicable,A,Annual,2005,,38.919605,,2,Two,0,Units,A,Normal value,_Z,Not applicable
DATAFLOW,OECD.CTP.TPS:DSD_TAX_WAGES_COMP@DF_TW_COMP(1.0),Labour taxation – OECD comparative indicators,I,NLD,Netherlands,AV_TW,Average tax wedge,PT_COS_LB,Percentage of labour costs,S_C0,"Single person, no children",AW100,100% of average wage,_Z,Not applicable,A,Annual,2004,,38.834032,,2,Two,0,Units,A,Normal value,_Z,Not applicable
DATAFLOW,OECD.CTP.TPS:DSD_TAX_WAGES_COMP@DF_TW_COMP(1.0),Labour taxation – OECD comparative indicators,I,NLD,Netherlands,AV_TW,Average tax wedge,PT_COS_LB,Percentage of labour costs,S_C0,"Single person, no children",AW100,100% of average wage,_Z,Not applicable,A,Annual,2003,,37.171713,,2,Two,0,Units,A,Normal value,_Z,Not applicable
DATAFLOW,OECD.CTP.TPS:DSD_TAX_WAGES_COMP@DF_TW_COMP(1.0),Labour taxation – OECD comparative indicators,I,NLD,Netherlands,AV_TW,Average tax wedge,PT_COS_LB,Percentage of labour costs,S_C0,"Single person, no children",AW100,100% of average wage,_Z,Not applicable,A,Annual,2002,,37.447259,,2,Two,0,Units,A,Normal value,_Z,Not applicable
DATAFLOW,OECD.CTP.TPS:DSD_TAX_WAGES_COMP@DF_TW_COMP(1.0),Labour taxation – OECD comparative indicators,I,NLD,Netherlands,AV_TW,Average tax wedge,PT_COS_LB,Percentage of labour costs,S_C0,"Single person, no children",AW100,100% of average wage,_Z,Not applicable,A,Annual,2001,,37.350382,,2,Two,0,Units,A,Normal value,_Z,Not applicable
DATAFLOW,OECD.CTP.TPS:DSD_TAX_WAGES_COMP@DF_TW_COMP(1.0),Labour taxation – OECD comparative indicators,I,NLD,Netherlands,AV_TW,Average tax wedge,PT_COS_LB,Percentage of labour costs,S_C0,"Single person, no children",AW100,100% of average wage,_Z,Not applicable,A,Annual,2000,,40.043015,,2,Two,0,Units,A,Normal value,_Z,Not applicable
DATAFLOW,OECD.CTP.TPS:DSD_TAX_WAGES_COMP@DF_TW_COMP(1.0),Labour taxation – OECD comparative indicators,I,NLD,Netherlands,AV_TW,Average tax wedge,PT_COS_LB,Percentage of labour costs,S_C0,"Single person, no children",AW100,100% of average wage,_Z,Not applicable,A,Annual,2022,,35.824208,,2,Two,0,Units,A,Normal value,_Z,Not applicable
DATAFLOW,OECD.CTP.TPS:DSD_TAX_WAGES_COMP@DF_TW_COMP(1.0),Labour taxation – OECD comparative indicators,I,NLD,Netherlands,AV_TW,Average tax wedge,PT_COS_LB,Percentage of labour costs,S_C0,"Single person, no children",AW100,100% of average wage,_Z,Not applicable,A,Annual,2021,,35.042331,,2,Two,0,Units,A,Normal value,_Z,Not applicable
DATAFLOW,OECD.CTP.TPS:DSD_TAX_WAGES_COMP@DF_TW_COMP(1.0),Labour taxation – OECD comparative indicators,I,NLD,Netherlands,AV_TW,Average tax wedge,PT_COS_LB,Percentage of labour costs,S_C0,"Single person, no children",AW100,100% of average wage,_Z,Not applicable,A,Annual,2020,,36.147451,,2,Two,0,Units,A,Normal value,_Z,Not applicable
DATAFLOW,OECD.CTP.TPS:DSD_TAX_WAGES_COMP@DF_TW_COMP(1.0),Labour taxation – OECD comparative indicators,I,NLD,Netherlands,AV_TW,Average tax wedge,PT_COS_LB,Percentage of labour costs,S_C0,"Single person, no children",AW100,100% of average wage,_Z,Not applicable,A,Annual,2019,,36.935844,,2,Two,0,Units,A,Normal value,_Z,Not applicable
DATAFLOW,OECD.CTP.TPS:DSD_TAX_WAGES_COMP@DF_TW_COMP(1.0),Labour taxation – OECD comparative indicators,I,NLD,Netherlands,AV_TW,Average tax wedge,PT_COS_LB,Percentage of labour costs,S_C0,"Single person, no children",AW100,100% of average wage,_Z,Not applicable,A,Annual,2018,,37.755185,,2,Two,0,Units,A,Normal value,_Z,Not applicable
DATAFLOW,OECD.CTP.TPS:DSD_TAX_WAGES_COMP@DF_TW_COMP(1.0),Labour taxation – OECD comparative indicators,I,NLD,Netherlands,AV_TW,Average tax wedge,PT_COS_LB,Percentage of labour costs,S_C0,"Single person, no children",AW100,100% of average wage,_Z,Not applicable,A,Annual,2017,,37.395055,,2,Two,0,Units,A,Normal value,_Z,Not applicable
DATAFLOW,OECD.CTP.TPS:DSD_TAX_WAGES_COMP@DF_TW_COMP(1.0),Labour taxation – OECD comparative indicators,I,NLD,Netherlands,AV_TW,Average tax wedge,PT_COS_LB,Percentage of labour costs,S_C0,"Single person, no children",AW100,100% of average wage,_Z,Not applicable,A,Annual,2016,,37.245227,,2,Two,0,Units,A,Normal value,_Z,Not applicable
DATAFLOW,OECD.CTP.TPS:DSD_TAX_WAGES_COMP@DF_TW_COMP(1.0),Labour taxation – OECD comparative indicators,I,NLD,Netherlands,AV_TW,Average tax wedge,PT_COS_LB,Percentage of labour costs,S_C0,"Single person, no children",AW100,100% of average wage,_Z,Not applicable,A,Annual,2015,,36.954461,,2,Two,0,Units,A,Normal value,_Z,Not applicable
DATAFLOW,OECD.CTP.TPS:DSD_TAX_WAGES_COMP@DF_TW_COMP(1.0),Labour taxation – OECD comparative indicators,I,NLD,Netherlands,AV_TW,Average tax wedge,PT_COS_LB,Percentage of labour costs,S_C0,"Single person, no children",AW100,100% of average wage,_Z,Not applicable,A,Annual,2014,,38.970531,,2,Two,0,Units,A,Normal value,_Z,Not applicable
DATAFLOW,OECD.CTP.TPS:DSD_TAX_WAGES_COMP@DF_TW_COMP(1.0),Labour taxation – OECD comparative indicators,I,NLD,Netherlands,AV_TW,Average tax wedge,PT_COS_LB,Percentage of labour costs,S_C0,"Single person, no children",AW100,100% of average wage,_Z,Not applicable,A,Annual,2013,,40.646542,,2,Two,0,Units,A,Normal value,_Z,Not applicable
DATAFLOW,OECD.CTP.TPS:DSD_TAX_WAGES_COMP@DF_TW_COMP(1.0),Labour taxation – OECD comparative indicators,I,NLD,Netherlands,AV_TW,Average tax wedge,PT_COS_LB,Percentage of labour costs,S_C0,"Single person, no children",AW100,100% of average wage,_Z,Not applicable,A,Annual,2012,,38.619973,,2,Two,0,Units,A,Normal value,_Z,Not applicable
DATAFLOW,OECD.CTP.TPS:DSD_TAX_WAGES_COMP@DF_TW_COMP(1.0),Labour taxation – OECD comparative indicators,I,NLD,Netherlands,AV_TW,Average tax wedge,PT_COS_LB,Percentage of labour costs,S_C0,"Single person, no children",AW100,100% of average wage,_Z,Not applicable,A,Annual,2011,,38.033615,,2,Two,0,Units,A,Normal value,_Z,Not applicable
DATAFLOW,OECD.CTP.TPS:DSD_TAX_WAGES_COMP@DF_TW_COMP(1.0),Labour taxation – OECD comparative indicators,I,NLD,Netherlands,AV_TW,Average tax wedge,PT_COS_LB,Percentage of labour costs,S_C0,"Single person, no children",AW100,100% of average wage,_Z,Not applicable,A,Annual,2010,,38.096998,,2,Two,0,Units,A,Normal value,_Z,Not applicable
DATAFLOW,OECD.CTP.TPS:DSD_TAX_WAGES_COMP@DF_TW_COMP(1.0),Labour taxation – OECD comparative indicators,I,NLD,Netherlands,AV_TW,Average tax wedge,PT_COS_LB,Percentage of labour costs,S_C0,"Single person, no children",AW100,100% of average wage,_Z,Not applicable,A,Annual,2009,,38.021452,,2,Two,0,Units,A,Normal value,_Z,Not applicable
DATAFLOW,OECD.CTP.TPS:DSD_TAX_WAGES_COMP@DF_TW_COMP(1.0),Labour taxation – OECD comparative indicators,I,NLD,Netherlands,AV_TW,Average tax wedge,PT_COS_LB,Percentage of labour costs,S_C0,"Single person, no children",AW100,100% of average wage,_Z,Not applicable,A,Annual,2008,,39.200442,,2,Two,0,Units,A,Normal value,_Z,Not applicable
DATAFLOW,OECD.CTP.TPS:DSD_TAX_WAGES_COMP@DF_TW_COMP(1.0),Labour taxation – OECD comparative indicators,I,FRA,France,AV_TW,Average tax wedge,PT_COS_LB,Percentage of labour costs,S_C0,"Single person, no children",AW100,100% of average wage,_Z,Not applicable,A,Annual,2023,,46.826244,,2,Two,0,Units,A,Normal value,_Z,Not applicable
DATAFLOW,OECD.CTP.TPS:DSD_TAX_WAGES_COMP@DF_TW_COMP(1.0),Labour taxation – OECD comparative indicators,I,FRA,France,AV_TW,Average tax wedge,PT_COS_LB,Percentage of labour costs,S_C0,"Single person, no children",AW100,100% of average wage,_Z,Not applicable,A,Annual,2006,,49.746218,,2,Two,0,Units,A,Normal value,_Z,Not applicable
DATAFLOW,OECD.CTP.TPS:DSD_TAX_WAGES_COMP@DF_TW_COMP(1.0),Labour taxation – OECD comparative indicators,I,FRA,France,AV_TW,Average tax wedge,PT_COS_LB,Percentage of labour costs,S_C0,"Single person, no children",AW100,100% of average wage,_Z,Not applicable,A,Annual,2005,,50.506981,,2,Two,0,Units,A,Normal value,_Z,Not applicable
DATAFLOW,OECD.CTP.TPS:DSD_TAX_WAGES_COMP@DF_TW_COMP(1.0),Labour taxation – OECD comparative indicators,I,FRA,France,AV_TW,Average tax wedge,PT_COS_LB,Percentage of labour costs,S_C0,"Single person, no children",AW100,100% of average wage,_Z,Not applicable,A,Annual,2004,,50.295141,,2,Two,0,Units,A,Normal value,_Z,Not applicable
DATAFLOW,OECD.CTP.TPS:DSD_TAX_WAGES_COMP@DF_TW_COMP(1.0),Labour taxation – OECD comparative indicators,I,FRA,France,AV_TW,Average tax wedge,PT_COS_LB,Percentage of labour costs,S_C0,"Single person, no children",AW100,100% of average wage,_Z,Not applicable,A,Annual,2003,,50.105372,,2,Two,0,Units,A,Normal value,_Z,Not applicable
DATAFLOW,OECD.CTP.TPS:DSD_TAX_WAGES_COMP@DF_TW_COMP(1.0),Labour taxation – OECD comparative indicators,I,FRA,France,AV_TW,Average tax wedge,PT_COS_LB,Percentage of labour costs,S_C0,"Single person, no children",AW100,100% of average wage,_Z,Not applicable,A,Annual,2002,,49.861442,,2,Two,0,Units,A,Normal value,_Z,Not applicable
DATAFLOW,OECD.CTP.TPS:DSD_TAX_WAGES_COMP@DF_TW_COMP(1.0),Labour taxation – OECD comparative indicators,I,FRA,France,AV_TW,Average tax wedge,PT_COS_LB,Percentage of labour costs,S_C0,"Single person, no children",AW100,100% of average wage,_Z,Not applicable,A,Annual,2001,,50.074061,,2,Two,0,Units,A,Normal value,_Z,Not applicable
DATAFLOW,OECD.CTP.TPS:DSD_TAX_WAGES_COMP@DF_TW_COMP(1.0),Labour taxation – OECD comparative indicators,I,FRA,France,AV_TW,Average tax wedge,PT_COS_LB,Percentage of labour costs,S_C0,"Single person, no children",AW100,100% of average wage,_Z,Not applicable,A,Annual,2000,,50.428738,,2,Two,0,Units,A,Normal value,_Z,Not applicable
DATAFLOW,OECD.CTP.TPS:DSD_TAX_WAGES_COMP@DF_TW_COMP(1.0),Labour taxation – OECD comparative indicators,I,FRA,France,AV_TW,Average tax wedge,PT_COS_LB,Percentage of labour costs,S_C0,"Single person, no children",AW100,100% of average wage,_Z,Not applicable,A,Annual,2022,,46.993242,,2,Two,0,Units,A,Normal value,_Z,Not applicable
DATAFLOW,OECD.CTP.TPS:DSD_TAX_WAGES_COMP@DF_TW_COMP(1.0),Labour taxation – OECD comparative indicators,I,FRA,France,AV_TW,Average tax wedge,PT_COS_LB,Percentage of labour costs,S_C0,"Single person, no children",AW100,100% of average wage,_Z,Not applicable,A,Annual,2021,,46.901511,,2,Two,0,Units,A,Normal value,_Z,Not applicable
DATAFLOW,OECD.CTP.TPS:DSD_TAX_WAGES_COMP@DF_TW_COMP(1.0),Labour taxation – OECD comparative indicators,I,FRA,France,AV_TW,Average tax wedge,PT_COS_LB,Percentage of labour costs,S_C0,"Single person, no children",AW100,100% of average wage,_Z,Not applicable,A,Annual,2020,,46.481332,,2,Two,0,Units,A,Normal value,_Z,Not applicable
DATAFLOW,OECD.CTP.TPS:DSD_TAX_WAGES_COMP@DF_TW_COMP(1.0),Labour taxation – OECD comparative indicators,I,FRA,France,AV_TW,Average tax wedge,PT_COS_LB,Percentage of labour costs,S_C0,"Single person, no children",AW100,100% of average wage,_Z,Not applicable,A,Annual,2019,,47.173635,,2,Two,0,Units,A,Normal value,_Z,Not applicable
DATAFLOW,OECD.CTP.TPS:DSD_TAX_WAGES_COMP@DF_TW_COMP(1.0),Labour taxation – OECD comparative indicators,I,FRA,France,AV_TW,Average tax wedge,PT_COS_LB,Percentage of labour costs,S_C0,"Single person, no children",AW100,100% of average wage,_Z,Not applicable,A,Annual,2018,,47.41225,,2,Two,0,Units,A,Normal value,_Z,Not applicable
DATAFLOW,OECD.CTP.TPS:DSD_TAX_WAGES_COMP@DF_TW_COMP(1.0),Labour taxation – OECD comparative indicators,I,FRA,France,AV_TW,Average tax wedge,PT_COS_LB,Percentage of labour costs,S_C0,"Single person, no children",AW100,100% of average wage,_Z,Not applicable,A,Annual,2017,,47.439407,,2,Two,0,Units,A,Normal value,_Z,Not applicable
DATAFLOW,OECD.CTP.TPS:DSD_TAX_WAGES_COMP@DF_TW_COMP(1.0),Labour taxation – OECD comparative indicators,I,FRA,France,AV_TW,Average tax wedge,PT_COS_LB,Percentage of labour costs,S_C0,"Single person, no children",AW100,100% of average wage,_Z,Not applicable,A,Annual,2016,,48.024802,,2,Two,0,Units,A,Normal value,_Z,Not applicable
DATAFLOW,OECD.CTP.TPS:DSD_TAX_WAGES_COMP@DF_TW_COMP(1.0),Labour taxation – OECD comparative indicators,I,FRA,France,AV_TW,Average tax wedge,PT_COS_LB,Percentage of labour costs,S_C0,"Single person, no children",AW100,100% of average wage,_Z,Not applicable,A,Annual,2015,,48.508895,,2,Two,0,Units,A,Normal value,_Z,Not applicable
DATAFLOW,OECD.CTP.TPS:DSD_TAX_WAGES_COMP@DF_TW_COMP(1.0),Labour taxation – OECD comparative indicators,I,FRA,France,AV_TW,Average tax wedge,PT_COS_LB,Percentage of labour costs,S_C0,"Single person, no children",AW100,100% of average wage,_Z,Not applicable,A,Annual,2014,,48.387327,,2,Two,0,Units,A,Normal value,_Z,Not applicable
DATAFLOW,OECD.CTP.TPS:DSD_TAX_WAGES_COMP@DF_TW_COMP(1.0),Labour taxation – OECD comparative indicators,I,FRA,France,AV_TW,Average tax wedge,PT_COS_LB,Percentage of labour costs,S_C0,"Single person, no children",AW100,100% of average wage,_Z,Not applicable,A,Annual,2013,,48.814028,,2,Two,0,Units,A,Normal value,_Z,Not applicable
DATAFLOW,OECD.CTP.TPS:DSD_TAX_WAGES_COMP@DF_TW_COMP(1.0),Labour taxation – OECD comparative indicators,I,FRA,France,AV_TW,Average tax wedge,PT_COS_LB,Percentage of labour costs,S_C0,"Single person, no children",AW100,100% of average wage,_Z,Not applicable,A,Annual,2012,,50.095021,,2,Two,0,Units,A,Normal value,_Z,Not applicable
DATAFLOW,OECD.CTP.TPS:DSD_TAX_WAGES_COMP@DF_TW_COMP(1.0),Labour taxation – OECD comparative indicators,I,FRA,France,AV_TW,Average tax wedge,PT_COS_LB,Percentage of labour costs,S_C0,"Single person, no children",AW100,100% of average wage,_Z,Not applicable,A,Annual,2011,,49.963928,,2,Two,0,Units,A,Normal value,_Z,Not applicable
DATAFLOW,OECD.CTP.TPS:DSD_TAX_WAGES_COMP@DF_TW_COMP(1.0),Labour taxation – OECD comparative indicators,I,FRA,France,AV_TW,Average tax wedge,PT_COS_LB,Percentage of labour costs,S_C0,"Single person, no children",AW100,100% of average wage,_Z,Not applicable,A,Annual,2010,,49.897129,,2,Two,0,Units,A,Normal value,_Z,Not applicable
DATAFLOW,OECD.CTP.TPS:DSD_TAX_WAGES_COMP@DF_TW_COMP(1.0),Labour taxation – OECD comparative indicators,I,FRA,France,AV_TW,Average tax wedge,PT_COS_LB,Percentage of labour costs,S_C0,"Single person, no children",AW100,100% of average wage,_Z,Not applicable,A,Annual,2009,,49.836415,,2,Two,0,Units,A,Normal value,_Z,Not applicable
DATAFLOW,OECD.CTP.TPS:DSD_TAX_WAGES_COMP@DF_TW_COMP(1.0),Labour taxation – OECD comparative indicators,I,FRA,France,AV_TW,Average tax wedge,PT_COS_LB,Percentage of labour costs,S_C0,"Single person, no children",AW100,100% of average wage,_Z,Not applicable,A,Annual,2008,,49.764421,,2,Two,0,Units,A,Normal value,_Z,Not applicable
DATAFLOW,OECD.CTP.TPS:DSD_TAX_WAGES_COMP@DF_TW_COMP(1.0),Labour taxation – OECD comparative indicators,I,MEX,Mexico,AV_TW,Average tax wedge,PT_COS_LB,Percentage of labour costs,S_C0,"Single person, no children",AW100,100% of average wage,_Z,Not applicable,A,Annual,2023,,19.980339,,2,Two,0,Units,A,Normal value,_Z,Not applicable
DATAFLOW,OECD.CTP.TPS:DSD_TAX_WAGES_COMP@DF_TW_COMP(1.0),Labour taxation – OECD comparative indicators,I,MEX,Mexico,AV_TW,Average tax wedge,PT_COS_LB,Percentage of labour costs,S_C0,"Single person, no children",AW100,100% of average wage,_Z,Not applicable,A,Annual,2006,,15.054513,,2,Two,0,Units,A,Normal value,_Z,Not applicable
DATAFLOW,OECD.CTP.TPS:DSD_TAX_WAGES_COMP@DF_TW_COMP(1.0),Labour taxation – OECD comparative indicators,I,MEX,Mexico,AV_TW,Average tax wedge,PT_COS_LB,Percentage of labour costs,S_C0,"Single person, no children",AW100,100% of average wage,_Z,Not applicable,A,Annual,2005,,14.743151,,2,Two,0,Units,A,Normal value,_Z,Not applicable
DATAFLOW,OECD.CTP.TPS:DSD_TAX_WAGES_COMP@DF_TW_COMP(1.0),Labour taxation – OECD comparative indicators,I,MEX,Mexico,AV_TW,Average tax wedge,PT_COS_LB,Percentage of labour costs,S_C0,"Single person, no children",AW100,100% of average wage,_Z,Not applicable,A,Annual,2004,,15.300682,,2,Two,0,Units,A,Normal value,_Z,Not applicable
DATAFLOW,OECD.CTP.TPS:DSD_TAX_WAGES_COMP@DF_TW_COMP(1.0),Labour taxation – OECD comparative indicators,I,MEX,Mexico,AV_TW,Average tax wedge,PT_COS_LB,Percentage of labour costs,S_C0,"Single person, no children",AW100,100% of average wage,_Z,Not applicable,A,Annual,2003,,16.820677,,2,Two,0,Units,A,Normal value,_Z,Not applicable
DATAFLOW,OECD.CTP.TPS:DSD_TAX_WAGES_COMP@DF_TW_COMP(1.0),Labour taxation – OECD comparative indicators,I,MEX,Mexico,AV_TW,Average tax wedge,PT_COS_LB,Percentage of labour costs,S_C0,"Single person, no children",AW100,100% of average wage,_Z,Not applicable,A,Annual,2002,,15.874748,,2,Two,0,Units,A,Normal value,_Z,Not applicable
DATAFLOW,OECD.CTP.TPS:DSD_TAX_WAGES_COMP@DF_TW_COMP(1.0),Labour taxation – OECD comparative indicators,I,MEX,Mexico,AV_TW,Average tax wedge,PT_COS_LB,Percentage of labour costs,S_C0,"Single person, no children",AW100,100% of average wage,_Z,Not applicable,A,Annual,2001,,13.29133,,2,Two,0,Units,A,Normal value,_Z,Not applicable
DATAFLOW,OECD.CTP.TPS:DSD_TAX_WAGES_COMP@DF_TW_COMP(1.0),Labour taxation – OECD comparative indicators,I,MEX,Mexico,AV_TW,Average tax wedge,PT_COS_LB,Percentage of labour costs,S_C0,"Single person, no children",AW100,100% of average wage,_Z,Not applicable,A,Annual,2000,,12.681444,,2,Two,0,Units,A,Normal value,_Z,Not applicable
DATAFLOW,OECD.CTP.TPS:DSD_TAX_WAGES_COMP@DF_TW_COMP(1.0),Labour taxation – OECD comparative indicators,I,MEX,Mexico,AV_TW,Average tax wedge,PT_COS_LB,Percentage of labour costs,S_C0,"Single person, no children",AW100,100% of average wage,_Z,Not applicable,A,Annual,2022,,20.960599,,2,Two,0,Units,A,Normal value,_Z,Not applicable
DATAFLOW,OECD.CTP.TPS:DSD_TAX_WAGES_COMP@DF_TW_COMP(1.0),Labour taxation – OECD comparative indicators,I,MEX,Mexico,AV_TW,Average tax wedge,PT_COS_LB,Percentage of labour costs,S_C0,"Single person, no children",AW100,100% of average wage,_Z,Not applicable,A,Annual,2021,,20.216345,,2,Two,0,Units,A,Normal value,_Z,Not applicable
DATAFLOW,OECD.CTP.TPS:DSD_TAX_WAGES_COMP@DF_TW_COMP(1.0),Labour taxation – OECD comparative indicators,I,MEX,Mexico,AV_TW,Average tax wedge,PT_COS_LB,Percentage of labour costs,S_C0,"Single person, no children",AW100,100% of average wage,_Z,Not applicable,A,Annual,2020,,20.405208,,2,Two,0,Units,A,Normal value,_Z,Not applicable
DATAFLOW,OECD.CTP.TPS:DSD_TAX_WAGES_COMP@DF_TW_COMP(1.0),Labour taxation – OECD comparative indicators,I,MEX,Mexico,AV_TW,Average tax wedge,PT_COS_LB,Percentage of labour costs,S_C0,"Single person, no children",AW100,100% of average wage,_Z,Not applicable,A,Annual,2019,,20.196511,,2,Two,0,Units,A,Normal value,_Z,Not applicable
DATAFLOW,OECD.CTP.TPS:DSD_TAX_WAGES_COMP@DF_TW_COMP(1.0),Labour taxation – OECD comparative indicators,I,MEX,Mexico,AV_TW,Average tax wedge,PT_COS_LB,Percentage of labour costs,S_C0,"Single person, no children",AW100,100% of average wage,_Z,Not applicable,A,Annual,2018,,19.736301,,2,Two,0,Units,A,Normal value,_Z,Not applicable
DATAFLOW,OECD.CTP.TPS:DSD_TAX_WAGES_COMP@DF_TW_COMP(1.0),Labour taxation – OECD comparative indicators,I,MEX,Mexico,AV_TW,Average tax wedge,PT_COS_LB,Percentage of labour costs,S_C0,"Single person, no children",AW100,100% of average wage,_Z,Not applicable,A,Annual,2017,,20.395273,,2,Two,0,Units,A,Normal value,_Z,Not applicable
DATAFLOW,OECD.CTP.TPS:DSD_TAX_WAGES_COMP@DF_TW_COMP(1.0),Labour taxation – OECD comparative indicators,I,MEX,Mexico,AV_TW,Average tax wedge,PT_COS_LB,Percentage of labour costs,S_C0,"Single person, no children",AW100,100% of average wage,_Z,Not applicable,A,Annual,2016,,20.107327,,2,Two,0,Units,A,Normal value,_Z,Not applicable
DATAFLOW,OECD.CTP.TPS:DSD_TAX_WAGES_COMP@DF_TW_COMP(1.0),Labour taxation – OECD comparative indicators,I,MEX,Mexico,AV_TW,Average tax wedge,PT_COS_LB,Percentage of labour costs,S_C0,"Single person, no children",AW100,100% of average wage,_Z,Not applicable,A,Annual,2015,,19.800317,,2,Two,0,Units,A,Normal value,_Z,Not applicable
DATAFLOW,OECD.CTP.TPS:DSD_TAX_WAGES_COMP@DF_TW_COMP(1.0),Labour taxation – OECD comparative indicators,I,MEX,Mexico,AV_TW,Average tax wedge,PT_COS_LB,Percentage of labour costs,S_C0,"Single person, no children",AW100,100% of average wage,_Z,Not applicable,A,Annual,2014,,19.529179,,2,Two,0,Units,A,Normal value,_Z,Not applicable
DATAFLOW,OECD.CTP.TPS:DSD_TAX_WAGES_COMP@DF_TW_COMP(1.0),Labour taxation – OECD comparative indicators,I,MEX,Mexico,AV_TW,Average tax wedge,PT_COS_LB,Percentage of labour costs,S_C0,"Single person, no children",AW100,100% of average wage,_Z,Not applicable,A,Annual,2013,,19.257555,,2,Two,0,Units,A,Normal value,_Z,Not applicable
DATAFLOW,OECD.CTP.TPS:DSD_TAX_WAGES_COMP@DF_TW_COMP(1.0),Labour taxation – OECD comparative indicators,I,MEX,Mexico,AV_TW,Average tax wedge,PT_COS_LB,Percentage of labour costs,S_C0,"Single person, no children",AW100,100% of average wage,_Z,Not applicable,A,Annual,2012,,19.008463,,2,Two,0,Units,A,Normal value,_Z,Not applicable
DATAFLOW,OECD.CTP.TPS:DSD_TAX_WAGES_COMP@DF_TW_COMP(1.0),Labour taxation – OECD comparative indicators,I,MEX,Mexico,AV_TW,Average tax wedge,PT_COS_LB,Percentage of labour costs,S_C0,"Single person, no children",AW100,100% of average wage,_Z,Not applicable,A,Annual,2011,,18.730213,,2,Two,0,Units,A,Normal value,_Z,Not applicable
DATAFLOW,OECD.CTP.TPS:DSD_TAX_WAGES_COMP@DF_TW_COMP(1.0),Labour taxation – OECD comparative indicators,I,MEX,Mexico,AV_TW,Average tax wedge,PT_COS_LB,Percentage of labour costs,S_C0,"Single person, no children",AW100,100% of average wage,_Z,Not applicable,A,Annual,2010,,15.984065,,2,Two,0,Units,A,Normal value,_Z,Not applicable
DATAFLOW,OECD.CTP.TPS:DSD_TAX_WAGES_COMP@DF_TW_COMP(1.0),Labour taxation – OECD comparative indicators,I,MEX,Mexico,AV_TW,Average tax wedge,PT_COS_LB,Percentage of labour costs,S_C0,"Single person, no children",AW100,100% of average wage,_Z,Not applicable,A,Annual,2009,,15.323398,,2,Two,0,Units,A,Normal value,_Z,Not applicable
DATAFLOW,OECD.CTP.TPS:DSD_TAX_WAGES_COMP@DF_TW_COMP(1.0),Labour taxation – OECD comparative indicators,I,MEX,Mexico,AV_TW,Average tax wedge,PT_COS_LB,Percentage of labour costs,S_C0,"Single person, no children",AW100,100% of average wage,_Z,Not applicable,A,Annual,2008,,15.082913,,2,Two,0,Units,A,Normal value,_Z,Not applicable
DATAFLOW,OECD.CTP.TPS:DSD_TAX_WAGES_COMP@DF_TW_COMP(1.0),Labour taxation – OECD comparative indicators,I,LVA,Latvia,AV_TW,Average tax wedge,PT_COS_LB,Percentage of labour costs,S_C0,"Single person, no children",AW100,100% of average wage,_Z,Not applicable,A,Annual,2023,,41.057601,,2,Two,0,Units,A,Normal value,_Z,Not applicable
DATAFLOW,OECD.CTP.TPS:DSD_TAX_WAGES_COMP@DF_TW_COMP(1.0),Labour taxation – OECD comparative indicators,I,LVA,Latvia,AV_TW,Average tax wedge,PT_COS_LB,Percentage of labour costs,S_C0,"Single person, no children",AW100,100% of average wage,_Z,Not applicable,A,Annual,2006,,42.718848,,2,Two,0,Units,A,Normal value,_Z,Not applicable
DATAFLOW,OECD.CTP.TPS:DSD_TAX_WAGES_COMP@DF_TW_COMP(1.0),Labour taxation – OECD comparative indicators,I,LVA,Latvia,AV_TW,Average tax wedge,PT_COS_LB,Percentage of labour costs,S_C0,"Single person, no children",AW100,100% of average wage,_Z,Not applicable,A,Annual,2005,,43.142779,,2,Two,0,Units,A,Normal value,_Z,Not applicable
DATAFLOW,OECD.CTP.TPS:DSD_TAX_WAGES_COMP@DF_TW_COMP(1.0),Labour taxation – OECD comparative indicators,I,LVA,Latvia,AV_TW,Average tax wedge,PT_COS_LB,Percentage of labour costs,S_C0,"Single person, no children",AW100,100% of average wage,_Z,Not applicable,A,Annual,2004,,42.844819,,2,Two,0,Units,A,Normal value,_Z,Not applicable
DATAFLOW,OECD.CTP.TPS:DSD_TAX_WAGES_COMP@DF_TW_COMP(1.0),Labour taxation – OECD comparative indicators,I,LVA,Latvia,AV_TW,Average tax wedge,PT_COS_LB,Percentage of labour costs,S_C0,"Single person, no children",AW100,100% of average wage,_Z,Not applicable,A,Annual,2003,,42.702067,,2,Two,0,Units,A,Normal value,_Z,Not applicable
DATAFLOW,OECD.CTP.TPS:DSD_TAX_WAGES_COMP@DF_TW_COMP(1.0),Labour taxation – OECD comparative indicators,I,LVA,Latvia,AV_TW,Average tax wedge,PT_COS_LB,Percentage of labour costs,S_C0,"Single person, no children",AW100,100% of average wage,_Z,Not applicable,A,Annual,2002,,43.1385,,2,Two,0,Units,A,Normal value,_Z,Not applicable
DATAFLOW,OECD.CTP.TPS:DSD_TAX_WAGES_COMP@DF_TW_COMP(1.0),Labour taxation – OECD comparative indicators,I,LVA,Latvia,AV_TW,Average tax wedge,PT_COS_LB,Percentage of labour costs,S_C0,"Single person, no children",AW100,100% of average wage,_Z,Not applicable,A,Annual,2001,,42.96926,,2,Two,0,Units,A,Normal value,_Z,Not applicable
DATAFLOW,OECD.CTP.TPS:DSD_TAX_WAGES_COMP@DF_TW_COMP(1.0),Labour taxation – OECD comparative indicators,I,LVA,Latvia,AV_TW,Average tax wedge,PT_COS_LB,Percentage of labour costs,S_C0,"Single person, no children",AW100,100% of average wage,_Z,Not applicable,A,Annual,2000,,43.2122,,2,Two,0,Units,A,Normal value,_Z,Not applicable
DATAFLOW,OECD.CTP.TPS:DSD_TAX_WAGES_COMP@DF_TW_COMP(1.0),Labour taxation – OECD comparative indicators,I,LVA,Latvia,AV_TW,Average tax wedge,PT_COS_LB,Percentage of labour costs,S_C0,"Single person, no children",AW100,100% of average wage,_Z,Not applicable,A,Annual,2022,,40.443898,,2,Two,0,Units,A,Normal value,_Z,Not applicable
DATAFLOW,OECD.CTP.TPS:DSD_TAX_WAGES_COMP@DF_TW_COMP(1.0),Labour taxation – OECD comparative indicators,I,LVA,Latvia,AV_TW,Average tax wedge,PT_COS_LB,Percentage of labour costs,S_C0,"Single person, no children",AW100,100% of average wage,_Z,Not applicable,A,Annual,2021,,40.534127,,2,Two,0,Units,A,Normal value,_Z,Not applicable
DATAFLOW,OECD.CTP.TPS:DSD_TAX_WAGES_COMP@DF_TW_COMP(1.0),Labour taxation – OECD comparative indicators,I,LVA,Latvia,AV_TW,Average tax wedge,PT_COS_LB,Percentage of labour costs,S_C0,"Single person, no children",AW100,100% of average wage,_Z,Not applicable,A,Annual,2020,,42.260682,,2,Two,0,Units,A,Normal value,_Z,Not applicable
DATAFLOW,OECD.CTP.TPS:DSD_TAX_WAGES_COMP@DF_TW_COMP(1.0),Labour taxation – OECD comparative indicators,I,LVA,Latvia,AV_TW,Average tax wedge,PT_COS_LB,Percentage of labour costs,S_C0,"Single person, no children",AW100,100% of average wage,_Z,Not applicable,A,Annual,2019,,42.464223,,2,Two,0,Units,A,Normal value,_Z,Not applicable
DATAFLOW,OECD.CTP.TPS:DSD_TAX_WAGES_COMP@DF_TW_COMP(1.0),Labour taxation – OECD comparative indicators,I,LVA,Latvia,AV_TW,Average tax wedge,PT_COS_LB,Percentage of labour costs,S_C0,"Single person, no children",AW100,100% of average wage,_Z,Not applicable,A,Annual,2018,,42.586822,,2,Two,0,Units,A,Normal value,_Z,Not applicable
DATAFLOW,OECD.CTP.TPS:DSD_TAX_WAGES_COMP@DF_TW_COMP(1.0),Labour taxation – OECD comparative indicators,I,LVA,Latvia,AV_TW,Average tax wedge,PT_COS_LB,Percentage of labour costs,S_C0,"Single person, no children",AW100,100% of average wage,_Z,Not applicable,A,Annual,2017,,42.741284,,2,Two,0,Units,A,Normal value,_Z,Not applicable
DATAFLOW,OECD.CTP.TPS:DSD_TAX_WAGES_COMP@DF_TW_COMP(1.0),Labour taxation – OECD comparative indicators,I,LVA,Latvia,AV_TW,Average tax wedge,PT_COS_LB,Percentage of labour costs,S_C0,"Single person, no children",AW100,100% of average wage,_Z,Not applicable,A,Annual,2016,,42.469432,,2,Two,0,Units,A,Normal value,_Z,Not applicable
DATAFLOW,OECD.CTP.TPS:DSD_TAX_WAGES_COMP@DF_TW_COMP(1.0),Labour taxation – OECD comparative indicators,I,LVA,Latvia,AV_TW,Average tax wedge,PT_COS_LB,Percentage of labour costs,S_C0,"Single person, no children",AW100,100% of average wage,_Z,Not applicable,A,Annual,2015,,42.51311,,2,Two,0,Units,A,Normal value,_Z,Not applicable
DATAFLOW,OECD.CTP.TPS:DSD_TAX_WAGES_COMP@DF_TW_COMP(1.0),Labour taxation – OECD comparative indicators,I,LVA,Latvia,AV_TW,Average tax wedge,PT_COS_LB,Percentage of labour costs,S_C0,"Single person, no children",AW100,100% of average wage,_Z,Not applicable,A,Annual,2014,,43.020093,,2,Two,0,Units,A,Normal value,_Z,Not applicable
DATAFLOW,OECD.CTP.TPS:DSD_TAX_WAGES_COMP@DF_TW_COMP(1.0),Labour taxation – OECD comparative indicators,I,LVA,Latvia,AV_TW,Average tax wedge,PT_COS_LB,Percentage of labour costs,S_C0,"Single person, no children",AW100,100% of average wage,_Z,Not applicable,A,Annual,2013,,43.717217,,2,Two,0,Units,A,Normal value,_Z,Not applicable
DATAFLOW,OECD.CTP.TPS:DSD_TAX_WAGES_COMP@DF_TW_COMP(1.0),Labour taxation – OECD comparative indicators,I,LVA,Latvia,AV_TW,Average tax wedge,PT_COS_LB,Percentage of labour costs,S_C0,"Single person, no children",AW100,100% of average wage,_Z,Not applicable,A,Annual,2012,,44.272202,,2,Two,0,Units,A,Normal value,_Z,Not applicable
DATAFLOW,OECD.CTP.TPS:DSD_TAX_WAGES_COMP@DF_TW_COMP(1.0),Labour taxation – OECD comparative indicators,I,LVA,Latvia,AV_TW,Average tax wedge,PT_COS_LB,Percentage of labour costs,S_C0,"Single person, no children",AW100,100% of average wage,_Z,Not applicable,A,Annual,2011,,44.205257,,2,Two,0,Units,A,Normal value,_Z,Not applicable
DATAFLOW,OECD.CTP.TPS:DSD_TAX_WAGES_COMP@DF_TW_COMP(1.0),Labour taxation – OECD comparative indicators,I,LVA,Latvia,AV_TW,Average tax wedge,PT_COS_LB,Percentage of labour costs,S_C0,"Single person, no children",AW100,100% of average wage,_Z,Not applicable,A,Annual,2010,,44.041992,,2,Two,0,Units,A,Normal value,_Z,Not applicable
DATAFLOW,OECD.CTP.TPS:DSD_TAX_WAGES_COMP@DF_TW_COMP(1.0),Labour taxation – OECD comparative indicators,I,LVA,Latvia,AV_TW,Average tax wedge,PT_COS_LB,Percentage of labour costs,S_C0,"Single person, no children",AW100,100% of average wage,_Z,Not applicable,A,Annual,2009,,40.885,,2,Two,0,Units,A,Normal value,_Z,Not applicable
DATAFLOW,OECD.CTP.TPS:DSD_TAX_WAGES_COMP@DF_TW_COMP(1.0),Labour taxation – OECD comparative indicators,I,LVA,Latvia,AV_TW,Average tax wedge,PT_COS_LB,Percentage of labour costs,S_C0,"Single person, no children",AW100,100% of average wage,_Z,Not applicable,A,Annual,2008,,41.345542,,2,Two,0,Units,A,Normal value,_Z,Not applicable
DATAFLOW,OECD.CTP.TPS:DSD_TAX_WAGES_COMP@DF_TW_COMP(1.0),Labour taxation – OECD comparative indicators,I,AUT,Austria,AV_TW,Average tax wedge,PT_COS_LB,Percentage of labour costs,S_C0,"Single person, no children",AW100,100% of average wage,_Z,Not applicable,A,Annual,2023,,47.22527,,2,Two,0,Units,A,Normal value,_Z,Not applicable
DATAFLOW,OECD.CTP.TPS:DSD_TAX_WAGES_COMP@DF_TW_COMP(1.0),Labour taxation – OECD comparative indicators,I,AUT,Austria,AV_TW,Average tax wedge,PT_COS_LB,Percentage of labour costs,S_C0,"Single person, no children",AW100,100% of average wage,_Z,Not applicable,A,Annual,2006,,48.453854,,2,Two,0,Units,A,Normal value,_Z,Not applicable
DATAFLOW,OECD.CTP.TPS:DSD_TAX_WAGES_COMP@DF_TW_COMP(1.0),Labour taxation – OECD comparative indicators,I,AUT,Austria,AV_TW,Average tax wedge,PT_COS_LB,Percentage of labour costs,S_C0,"Single person, no children",AW100,100% of average wage,_Z,Not applicable,A,Annual,2005,,48.14329,,2,Two,0,Units,A,Normal value,_Z,Not applicable
DATAFLOW,OECD.CTP.TPS:DSD_TAX_WAGES_COMP@DF_TW_COMP(1.0),Labour taxation – OECD comparative indicators,I,AUT,Austria,AV_TW,Average tax wedge,PT_COS_LB,Percentage of labour costs,S_C0,"Single person, no children",AW100,100% of average wage,_Z,Not applicable,A,Annual,2004,,48.266145,,2,Two,0,Units,A,Normal value,_Z,Not applicable
DATAFLOW,OECD.CTP.TPS:DSD_TAX_WAGES_COMP@DF_TW_COMP(1.0),Labour taxation – OECD comparative indicators,I,AUT,Austria,AV_TW,Average tax wedge,PT_COS_LB,Percentage of labour costs,S_C0,"Single person, no children",AW100,100% of average wage,_Z,Not applicable,A,Annual,2003,,47.377708,,2,Two,0,Units,A,Normal value,_Z,Not applicable
DATAFLOW,OECD.CTP.TPS:DSD_TAX_WAGES_COMP@DF_TW_COMP(1.0),Labour taxation – OECD comparative indicators,I,AUT,Austria,AV_TW,Average tax wedge,PT_COS_LB,Percentage of labour costs,S_C0,"Single person, no children",AW100,100% of average wage,_Z,Not applicable,A,Annual,2002,,47.073607,,2,Two,0,Units,A,Normal value,_Z,Not applicable
DATAFLOW,OECD.CTP.TPS:DSD_TAX_WAGES_COMP@DF_TW_COMP(1.0),Labour taxation – OECD comparative indicators,I,AUT,Austria,AV_TW,Average tax wedge,PT_COS_LB,Percentage of labour costs,S_C0,"Single person, no children",AW100,100% of average wage,_Z,Not applicable,A,Annual,2001,,46.910884,,2,Two,0,Units,A,Normal value,_Z,Not applicable
DATAFLOW,OECD.CTP.TPS:DSD_TAX_WAGES_COMP@DF_TW_COMP(1.0),Labour taxation – OECD comparative indicators,I,AUT,Austria,AV_TW,Average tax wedge,PT_COS_LB,Percentage of labour costs,S_C0,"Single person, no children",AW100,100% of average wage,_Z,Not applicable,A,Annual,2000,,47.312048,,2,Two,0,Units,A,Normal value,_Z,Not applicable
DATAFLOW,OECD.CTP.TPS:DSD_TAX_WAGES_COMP@DF_TW_COMP(1.0),Labour taxation – OECD comparative indicators,I,AUT,Austria,AV_TW,Average tax wedge,PT_COS_LB,Percentage of labour costs,S_C0,"Single person, no children",AW100,100% of average wage,_Z,Not applicable,A,Annual,2022,,46.930989,,2,Two,0,Units,A,Normal value,_Z,Not applicable
DATAFLOW,OECD.CTP.TPS:DSD_TAX_WAGES_COMP@DF_TW_COMP(1.0),Labour taxation – OECD comparative indicators,I,AUT,Austria,AV_TW,Average tax wedge,PT_COS_LB,Percentage of labour costs,S_C0,"Single person, no children",AW100,100% of average wage,_Z,Not applicable,A,Annual,2021,,47.815365,,2,Two,0,Units,A,Normal value,_Z,Not applicable
DATAFLOW,OECD.CTP.TPS:DSD_TAX_WAGES_COMP@DF_TW_COMP(1.0),Labour taxation – OECD comparative indicators,I,AUT,Austria,AV_TW,Average tax wedge,PT_COS_LB,Percentage of labour costs,S_C0,"Single person, no children",AW100,100% of average wage,_Z,Not applicable,A,Annual,2020,,47.450901,,2,Two,0,Units,A,Normal value,_Z,Not applicable
DATAFLOW,OECD.CTP.TPS:DSD_TAX_WAGES_COMP@DF_TW_COMP(1.0),Labour taxation – OECD comparative indicators,I,AUT,Austria,AV_TW,Average tax wedge,PT_COS_LB,Percentage of labour costs,S_C0,"Single person, no children",AW100,100% of average wage,_Z,Not applicable,A,Annual,2019,,47.904752,,2,Two,0,Units,A,Normal value,_Z,Not applicable
DATAFLOW,OECD.CTP.TPS:DSD_TAX_WAGES_COMP@DF_TW_COMP(1.0),Labour taxation – OECD comparative indicators,I,AUT,Austria,AV_TW,Average tax wedge,PT_COS_LB,Percentage of labour costs,S_C0,"Single person, no children",AW100,100% of average wage,_Z,Not applicable,A,Annual,2018,,47.618571,,2,Two,0,Units,A,Normal value,_Z,Not applicable
DATAFLOW,OECD.CTP.TPS:DSD_TAX_WAGES_COMP@DF_TW_COMP(1.0),Labour taxation – OECD comparative indicators,I,AUT,Austria,AV_TW,Average tax wedge,PT_COS_LB,Percentage of labour costs,S_C0,"Single person, no children",AW100,100% of average wage,_Z,Not applicable,A,Annual,2017,,47.420241,,2,Two,0,Units,A,Normal value,_Z,Not applicable
DATAFLOW,OECD.CTP.TPS:DSD_TAX_WAGES_COMP@DF_TW_COMP(1.0),Labour taxation – OECD comparative indicators,I,AUT,Austria,AV_TW,Average tax wedge,PT_COS_LB,Percentage of labour costs,S_C0,"Single person, no children",AW100,100% of average wage,_Z,Not applicable,A,Annual,2016,,47.331796,,2,Two,0,Units,A,Normal value,_Z,Not applicable
DATAFLOW,OECD.CTP.TPS:DSD_TAX_WAGES_COMP@DF_TW_COMP(1.0),Labour taxation – OECD comparative indicators,I,AUT,Austria,AV_TW,Average tax wedge,PT_COS_LB,Percentage of labour costs,S_C0,"Single person, no children",AW100,100% of average wage,_Z,Not applicable,A,Annual,2015,,49.616021,,2,Two,0,Units,A,Normal value,_Z,Not applicable
DATAFLOW,OECD.CTP.TPS:DSD_TAX_WAGES_COMP@DF_TW_COMP(1.0),Labour taxation – OECD comparative indicators,I,AUT,Austria,AV_TW,Average tax wedge,PT_COS_LB,Percentage of labour costs,S_C0,"Single person, no children",AW100,100% of average wage,_Z,Not applicable,A,Annual,2014,,49.415725,,2,Two,0,Units,A,Normal value,_Z,Not applicable
DATAFLOW,OECD.CTP.TPS:DSD_TAX_WAGES_COMP@DF_TW_COMP(1.0),Labour taxation – OECD comparative indicators,I,AUT,Austria,AV_TW,Average tax wedge,PT_COS_LB,Percentage of labour costs,S_C0,"Single person, no children",AW100,100% of average wage,_Z,Not applicable,A,Annual,2013,,49.183759,,2,Two,0,Units,A,Normal value,_Z,Not applicable
DATAFLOW,OECD.CTP.TPS:DSD_TAX_WAGES_COMP@DF_TW_COMP(1.0),Labour taxation – OECD comparative indicators,I,AUT,Austria,AV_TW,Average tax wedge,PT_COS_LB,Percentage of labour costs,S_C0,"Single person, no children",AW100,100% of average wage,_Z,Not applicable,A,Annual,2012,,48.839612,,2,Two,0,Units,A,Normal value,_Z,Not applicable
DATAFLOW,OECD.CTP.TPS:DSD_TAX_WAGES_COMP@DF_TW_COMP(1.0),Labour taxation – OECD comparative indicators,I,AUT,Austria,AV_TW,Average tax wedge,PT_COS_LB,Percentage of labour costs,S_C0,"Single person, no children",AW100,100% of average wage,_Z,Not applicable,A,Annual,2011,,48.539773,,2,Two,0,Units,A,Normal value,_Z,Not applicable
DATAFLOW,OECD.CTP.TPS:DSD_TAX_WAGES_COMP@DF_TW_COMP(1.0),Labour taxation – OECD comparative indicators,I,AUT,Austria,AV_TW,Average tax wedge,PT_COS_LB,Percentage of labour costs,S_C0,"Single person, no children",AW100,100% of average wage,_Z,Not applicable,A,Annual,2010,,48.168771,,2,Two,0,Units,A,Normal value,_Z,Not applicable
DATAFLOW,OECD.CTP.TPS:DSD_TAX_WAGES_COMP@DF_TW_COMP(1.0),Labour taxation – OECD comparative indicators,I,AUT,Austria,AV_TW,Average tax wedge,PT_COS_LB,Percentage of labour costs,S_C0,"Single person, no children",AW100,100% of average wage,_Z,Not applicable,A,Annual,2009,,47.948742,,2,Two,0,Units,A,Normal value,_Z,Not applicable
DATAFLOW,OECD.CTP.TPS:DSD_TAX_WAGES_COMP@DF_TW_COMP(1.0),Labour taxation – OECD comparative indicators,I,AUT,Austria,AV_TW,Average tax wedge,PT_COS_LB,Percentage of labour costs,S_C0,"Single person, no children",AW100,100% of average wage,_Z,Not applicable,A,Annual,2008,,49.033048,,2,Two,0,Units,A,Normal value,_Z,Not applicable
DATAFLOW,OECD.CTP.TPS:DSD_TAX_WAGES_COMP@DF_TW_COMP(1.0),Labour taxation – OECD comparative indicators,I,IRL,Ireland,AV_TW,Average tax wedge,PT_COS_LB,Percentage of labour costs,S_C0,"Single person, no children",AW100,100% of average wage,_Z,Not applicable,A,Annual,2023,,35.128512,,2,Two,0,Units,A,Normal value,_Z,Not applicable
DATAFLOW,OECD.CTP.TPS:DSD_TAX_WAGES_COMP@DF_TW_COMP(1.0),Labour taxation – OECD comparative indicators,I,IRL,Ireland,AV_TW,Average tax wedge,PT_COS_LB,Percentage of labour costs,S_C0,"Single person, no children",AW100,100% of average wage,_Z,Not applicable,A,Annual,2006,,29.119889,,2,Two,0,Units,A,Normal value,_Z,Not applicable
DATAFLOW,OECD.CTP.TPS:DSD_TAX_WAGES_COMP@DF_TW_COMP(1.0),Labour taxation – OECD comparative indicators,I,IRL,Ireland,AV_TW,Average tax wedge,PT_COS_LB,Percentage of labour costs,S_C0,"Single person, no children",AW100,100% of average wage,_Z,Not applicable,A,Annual,2005,,30.317498,,2,Two,0,Units,A,Normal value,_Z,Not applicable
DATAFLOW,OECD.CTP.TPS:DSD_TAX_WAGES_COMP@DF_TW_COMP(1.0),Labour taxation – OECD comparative indicators,I,IRL,Ireland,AV_TW,Average tax wedge,PT_COS_LB,Percentage of labour costs,S_C0,"Single person, no children",AW100,100% of average wage,_Z,Not applicable,A,Annual,2004,,30.97389,,2,Two,0,Units,A,Normal value,_Z,Not applicable
DATAFLOW,OECD.CTP.TPS:DSD_TAX_WAGES_COMP@DF_TW_COMP(1.0),Labour taxation – OECD comparative indicators,I,IRL,Ireland,AV_TW,Average tax wedge,PT_COS_LB,Percentage of labour costs,S_C0,"Single person, no children",AW100,100% of average wage,_Z,Not applicable,A,Annual,2003,,30.416768,,2,Two,0,Units,A,Normal value,_Z,Not applicable
DATAFLOW,OECD.CTP.TPS:DSD_TAX_WAGES_COMP@DF_TW_COMP(1.0),Labour taxation – OECD comparative indicators,I,IRL,Ireland,AV_TW,Average tax wedge,PT_COS_LB,Percentage of labour costs,S_C0,"Single person, no children",AW100,100% of average wage,_Z,Not applicable,A,Annual,2002,,29.487785,,2,Two,0,Units,A,Normal value,_Z,Not applicable
DATAFLOW,OECD.CTP.TPS:DSD_TAX_WAGES_COMP@DF_TW_COMP(1.0),Labour taxation – OECD comparative indicators,I,IRL,Ireland,AV_TW,Average tax wedge,PT_COS_LB,Percentage of labour costs,S_C0,"Single person, no children",AW100,100% of average wage,_Z,Not applicable,A,Annual,2001,,31.709847,,2,Two,0,Units,A,Normal value,_Z,Not applicable
DATAFLOW,OECD.CTP.TPS:DSD_TAX_WAGES_COMP@DF_TW_COMP(1.0),Labour taxation – OECD comparative indicators,I,IRL,Ireland,AV_TW,Average tax wedge,PT_COS_LB,Percentage of labour costs,S_C0,"Single person, no children",AW100,100% of average wage,_Z,Not applicable,A,Annual,2000,,35.312125,,2,Two,0,Units,A,Normal value,_Z,Not applicable
DATAFLOW,OECD.CTP.TPS:DSD_TAX_WAGES_COMP@DF_TW_COMP(1.0),Labour taxation – OECD comparative indicators,I,IRL,Ireland,AV_TW,Average tax wedge,PT_COS_LB,Percentage of labour costs,S_C0,"Single person, no children",AW100,100% of average wage,_Z,Not applicable,A,Annual,2022,,35.644123,,2,Two,0,Units,A,Normal value,_Z,Not applicable
DATAFLOW,OECD.CTP.TPS:DSD_TAX_WAGES_COMP@DF_TW_COMP(1.0),Labour taxation – OECD comparative indicators,I,IRL,Ireland,AV_TW,Average tax wedge,PT_COS_LB,Percentage of labour costs,S_C0,"Single person, no children",AW100,100% of average wage,_Z,Not applicable,A,Annual,2021,,35.864262,,2,Two,0,Units,A,Normal value,_Z,Not applicable
DATAFLOW,OECD.CTP.TPS:DSD_TAX_WAGES_COMP@DF_TW_COMP(1.0),Labour taxation – OECD comparative indicators,I,IRL,Ireland,AV_TW,Average tax wedge,PT_COS_LB,Percentage of labour costs,S_C0,"Single person, no children",AW100,100% of average wage,_Z,Not applicable,A,Annual,2020,,35.180911,,2,Two,0,Units,A,Normal value,_Z,Not applicable
DATAFLOW,OECD.CTP.TPS:DSD_TAX_WAGES_COMP@DF_TW_COMP(1.0),Labour taxation – OECD comparative indicators,I,IRL,Ireland,AV_TW,Average tax wedge,PT_COS_LB,Percentage of labour costs,S_C0,"Single person, no children",AW100,100% of average wage,_Z,Not applicable,A,Annual,2019,,34.7583,,2,Two,0,Units,A,Normal value,_Z,Not applicable
DATAFLOW,OECD.CTP.TPS:DSD_TAX_WAGES_COMP@DF_TW_COMP(1.0),Labour taxation – OECD comparative indicators,I,IRL,Ireland,AV_TW,Average tax wedge,PT_COS_LB,Percentage of labour costs,S_C0,"Single person, no children",AW100,100% of average wage,_Z,Not applicable,A,Annual,2018,,32.901447,,2,Two,0,Units,A,Normal value,_Z,Not applicable
DATAFLOW,OECD.CTP.TPS:DSD_TAX_WAGES_COMP@DF_TW_COMP(1.0),Labour taxation – OECD comparative indicators,I,IRL,Ireland,AV_TW,Average tax wedge,PT_COS_LB,Percentage of labour costs,S_C0,"Single person, no children",AW100,100% of average wage,_Z,Not applicable,A,Annual,2017,,32.580372,,2,Two,0,Units,A,Normal value,_Z,Not applicable
DATAFLOW,OECD.CTP.TPS:DSD_TAX_WAGES_COMP@DF_TW_COMP(1.0),Labour taxation – OECD comparative indicators,I,IRL,Ireland,AV_TW,Average tax wedge,PT_COS_LB,Percentage of labour costs,S_C0,"Single person, no children",AW100,100% of average wage,_Z,Not applicable,A,Annual,2016,,32.658988,,2,Two,0,Units,A,Normal value,_Z,Not applicable
DATAFLOW,OECD.CTP.TPS:DSD_TAX_WAGES_COMP@DF_TW_COMP(1.0),Labour taxation – OECD comparative indicators,I,IRL,Ireland,AV_TW,Average tax wedge,PT_COS_LB,Percentage of labour costs,S_C0,"Single person, no children",AW100,100% of average wage,_Z,Not applicable,A,Annual,2015,,33.219641,,2,Two,0,Units,A,Normal value,_Z,Not applicable
DATAFLOW,OECD.CTP.TPS:DSD_TAX_WAGES_COMP@DF_TW_COMP(1.0),Labour taxation – OECD comparative indicators,I,IRL,Ireland,AV_TW,Average tax wedge,PT_COS_LB,Percentage of labour costs,S_C0,"Single person, no children",AW100,100% of average wage,_Z,Not applicable,A,Annual,2014,,34.030829,,2,Two,0,Units,A,Normal value,_Z,Not applicable
DATAFLOW,OECD.CTP.TPS:DSD_TAX_WAGES_COMP@DF_TW_COMP(1.0),Labour taxation – OECD comparative indicators,I,IRL,Ireland,AV_TW,Average tax wedge,PT_COS_LB,Percentage of labour costs,S_C0,"Single person, no children",AW100,100% of average wage,_Z,Not applicable,A,Annual,2013,,33.859867,,2,Two,0,Units,A,Normal value,_Z,Not applicable
DATAFLOW,OECD.CTP.TPS:DSD_TAX_WAGES_COMP@DF_TW_COMP(1.0),Labour taxation – OECD comparative indicators,I,IRL,Ireland,AV_TW,Average tax wedge,PT_COS_LB,Percentage of labour costs,S_C0,"Single person, no children",AW100,100% of average wage,_Z,Not applicable,A,Annual,2012,,33.015446,,2,Two,0,Units,A,Normal value,_Z,Not applicable
DATAFLOW,OECD.CTP.TPS:DSD_TAX_WAGES_COMP@DF_TW_COMP(1.0),Labour taxation – OECD comparative indicators,I,IRL,Ireland,AV_TW,Average tax wedge,PT_COS_LB,Percentage of labour costs,S_C0,"Single person, no children",AW100,100% of average wage,_Z,Not applicable,A,Annual,2011,,32.563837,,2,Two,0,Units,A,Normal value,_Z,Not applicable
DATAFLOW,OECD.CTP.TPS:DSD_TAX_WAGES_COMP@DF_TW_COMP(1.0),Labour taxation – OECD comparative indicators,I,IRL,Ireland,AV_TW,Average tax wedge,PT_COS_LB,Percentage of labour costs,S_C0,"Single person, no children",AW100,100% of average wage,_Z,Not applicable,A,Annual,2010,,30.875013,,2,Two,0,Units,A,Normal value,_Z,Not applicable
DATAFLOW,OECD.CTP.TPS:DSD_TAX_WAGES_COMP@DF_TW_COMP(1.0),Labour taxation – OECD comparative indicators,I,IRL,Ireland,AV_TW,Average tax wedge,PT_COS_LB,Percentage of labour costs,S_C0,"Single person, no children",AW100,100% of average wage,_Z,Not applicable,A,Annual,2009,,29.818056,,2,Two,0,Units,A,Normal value,_Z,Not applicable
DATAFLOW,OECD.CTP.TPS:DSD_TAX_WAGES_COMP@DF_TW_COMP(1.0),Labour taxation – OECD comparative indicators,I,IRL,Ireland,AV_TW,Average tax wedge,PT_COS_LB,Percentage of labour costs,S_C0,"Single person, no children",AW100,100% of average wage,_Z,Not applicable,A,Annual,2008,,28.173153,,2,Two,0,Units,A,Normal value,_Z,Not applicable
DATAFLOW,OECD.CTP.TPS:DSD_TAX_WAGES_COMP@DF_TW_COMP(1.0),Labour taxation – OECD comparative indicators,I,CAN,Canada,AV_TW,Average tax wedge,PT_COS_LB,Percentage of labour costs,S_C0,"Single person, no children",AW100,100% of average wage,_Z,Not applicable,A,Annual,2023,,31.857446,,2,Two,0,Units,A,Normal value,_Z,Not applicable
DATAFLOW,OECD.CTP.TPS:DSD_TAX_WAGES_COMP@DF_TW_COMP(1.0),Labour taxation – OECD comparative indicators,I,CAN,Canada,AV_TW,Average tax wedge,PT_COS_LB,Percentage of labour costs,S_C0,"Single person, no children",AW100,100% of average wage,_Z,Not applicable,A,Annual,2006,,32.811685,,2,Two,0,Units,A,Normal value,_Z,Not applicable
DATAFLOW,OECD.CTP.TPS:DSD_TAX_WAGES_COMP@DF_TW_COMP(1.0),Labour taxation – OECD comparative indicators,I,CAN,Canada,AV_TW,Average tax wedge,PT_COS_LB,Percentage of labour costs,S_C0,"Single person, no children",AW100,100% of average wage,_Z,Not applicable,A,Annual,2005,,32.805032,,2,Two,0,Units,A,Normal value,_Z,Not applicable
DATAFLOW,OECD.CTP.TPS:DSD_TAX_WAGES_COMP@DF_TW_COMP(1.0),Labour taxation – OECD comparative indicators,I,CAN,Canada,AV_TW,Average tax wedge,PT_COS_LB,Percentage of labour costs,S_C0,"Single person, no children",AW100,100% of average wage,_Z,Not applicable,A,Annual,2004,,32.686019,,2,Two,0,Units,A,Normal value,_Z,Not applicable
DATAFLOW,OECD.CTP.TPS:DSD_TAX_WAGES_COMP@DF_TW_COMP(1.0),Labour taxation – OECD comparative indicators,I,CAN,Canada,AV_TW,Average tax wedge,PT_COS_LB,Percentage of labour costs,S_C0,"Single person, no children",AW100,100% of average wage,_Z,Not applicable,A,Annual,2003,,32.532516,,2,Two,0,Units,A,Normal value,_Z,Not applicable
DATAFLOW,OECD.CTP.TPS:DSD_TAX_WAGES_COMP@DF_TW_COMP(1.0),Labour taxation – OECD comparative indicators,I,CAN,Canada,AV_TW,Average tax wedge,PT_COS_LB,Percentage of labour costs,S_C0,"Single person, no children",AW100,100% of average wage,_Z,Not applicable,A,Annual,2002,,32.709518,,2,Two,0,Units,A,Normal value,_Z,Not applicable
DATAFLOW,OECD.CTP.TPS:DSD_TAX_WAGES_COMP@DF_TW_COMP(1.0),Labour taxation – OECD comparative indicators,I,CAN,Canada,AV_TW,Average tax wedge,PT_COS_LB,Percentage of labour costs,S_C0,"Single person, no children",AW100,100% of average wage,_Z,Not applicable,A,Annual,2001,,32.610508,,2,Two,0,Units,A,Normal value,_Z,Not applicable
DATAFLOW,OECD.CTP.TPS:DSD_TAX_WAGES_COMP@DF_TW_COMP(1.0),Labour taxation – OECD comparative indicators,I,CAN,Canada,AV_TW,Average tax wedge,PT_COS_LB,Percentage of labour costs,S_C0,"Single person, no children",AW100,100% of average wage,_Z,Not applicable,A,Annual,2000,,34.070489,,2,Two,0,Units,A,Normal value,_Z,Not applicable
DATAFLOW,OECD.CTP.TPS:DSD_TAX_WAGES_COMP@DF_TW_COMP(1.0),Labour taxation – OECD comparative indicators,I,CAN,Canada,AV_TW,Average tax wedge,PT_COS_LB,Percentage of labour costs,S_C0,"Single person, no children",AW100,100% of average wage,_Z,Not applicable,A,Annual,2022,,31.863172,,2,Two,0,Units,A,Normal value,_Z,Not applicable
DATAFLOW,OECD.CTP.TPS:DSD_TAX_WAGES_COMP@DF_TW_COMP(1.0),Labour taxation – OECD comparative indicators,I,CAN,Canada,AV_TW,Average tax wedge,PT_COS_LB,Percentage of labour costs,S_C0,"Single person, no children",AW100,100% of average wage,_Z,Not applicable,A,Annual,2021,,31.482013,,2,Two,0,Units,A,Normal value,_Z,Not applicable
DATAFLOW,OECD.CTP.TPS:DSD_TAX_WAGES_COMP@DF_TW_COMP(1.0),Labour taxation – OECD comparative indicators,I,CAN,Canada,AV_TW,Average tax wedge,PT_COS_LB,Percentage of labour costs,S_C0,"Single person, no children",AW100,100% of average wage,_Z,Not applicable,A,Annual,2020,,31.090484,,2,Two,0,Units,A,Normal value,_Z,Not applicable
DATAFLOW,OECD.CTP.TPS:DSD_TAX_WAGES_COMP@DF_TW_COMP(1.0),Labour taxation – OECD comparative indicators,I,CAN,Canada,AV_TW,Average tax wedge,PT_COS_LB,Percentage of labour costs,S_C0,"Single person, no children",AW100,100% of average wage,_Z,Not applicable,A,Annual,2019,,30.999762,,2,Two,0,Units,A,Normal value,_Z,Not applicable
DATAFLOW,OECD.CTP.TPS:DSD_TAX_WAGES_COMP@DF_TW_COMP(1.0),Labour taxation – OECD comparative indicators,I,CAN,Canada,AV_TW,Average tax wedge,PT_COS_LB,Percentage of labour costs,S_C0,"Single person, no children",AW100,100% of average wage,_Z,Not applicable,A,Annual,2018,,31.364272,,2,Two,0,Units,A,Normal value,_Z,Not applicable
DATAFLOW,OECD.CTP.TPS:DSD_TAX_WAGES_COMP@DF_TW_COMP(1.0),Labour taxation – OECD comparative indicators,I,CAN,Canada,AV_TW,Average tax wedge,PT_COS_LB,Percentage of labour costs,S_C0,"Single person, no children",AW100,100% of average wage,_Z,Not applicable,A,Annual,2017,,31.398703,,2,Two,0,Units,A,Normal value,_Z,Not applicable
DATAFLOW,OECD.CTP.TPS:DSD_TAX_WAGES_COMP@DF_TW_COMP(1.0),Labour taxation – OECD comparative indicators,I,CAN,Canada,AV_TW,Average tax wedge,PT_COS_LB,Percentage of labour costs,S_C0,"Single person, no children",AW100,100% of average wage,_Z,Not applicable,A,Annual,2016,,32.114861,,2,Two,0,Units,A,Normal value,_Z,Not applicable
DATAFLOW,OECD.CTP.TPS:DSD_TAX_WAGES_COMP@DF_TW_COMP(1.0),Labour taxation – OECD comparative indicators,I,CAN,Canada,AV_TW,Average tax wedge,PT_COS_LB,Percentage of labour costs,S_C0,"Single person, no children",AW100,100% of average wage,_Z,Not applicable,A,Annual,2015,,32.490034,,2,Two,0,Units,A,Normal value,_Z,Not applicable
DATAFLOW,OECD.CTP.TPS:DSD_TAX_WAGES_COMP@DF_TW_COMP(1.0),Labour taxation – OECD comparative indicators,I,CAN,Canada,AV_TW,Average tax wedge,PT_COS_LB,Percentage of labour costs,S_C0,"Single person, no children",AW100,100% of average wage,_Z,Not applicable,A,Annual,2014,,32.446444,,2,Two,0,Units,A,Normal value,_Z,Not applicable
DATAFLOW,OECD.CTP.TPS:DSD_TAX_WAGES_COMP@DF_TW_COMP(1.0),Labour taxation – OECD comparative indicators,I,CAN,Canada,AV_TW,Average tax wedge,PT_COS_LB,Percentage of labour costs,S_C0,"Single person, no children",AW100,100% of average wage,_Z,Not applicable,A,Annual,2013,,32.274446,,2,Two,0,Units,A,Normal value,_Z,Not applicable
DATAFLOW,OECD.CTP.TPS:DSD_TAX_WAGES_COMP@DF_TW_COMP(1.0),Labour taxation – OECD comparative indicators,I,CAN,Canada,AV_TW,Average tax wedge,PT_COS_LB,Percentage of labour costs,S_C0,"Single person, no children",AW100,100% of average wage,_Z,Not applicable,A,Annual,2012,,32.107431,,2,Two,0,Units,A,Normal value,_Z,Not applicable
DATAFLOW,OECD.CTP.TPS:DSD_TAX_WAGES_COMP@DF_TW_COMP(1.0),Labour taxation – OECD comparative indicators,I,CAN,Canada,AV_TW,Average tax wedge,PT_COS_LB,Percentage of labour costs,S_C0,"Single person, no children",AW100,100% of average wage,_Z,Not applicable,A,Annual,2011,,32.014081,,2,Two,0,Units,A,Normal value,_Z,Not applicable
DATAFLOW,OECD.CTP.TPS:DSD_TAX_WAGES_COMP@DF_TW_COMP(1.0),Labour taxation – OECD comparative indicators,I,CAN,Canada,AV_TW,Average tax wedge,PT_COS_LB,Percentage of labour costs,S_C0,"Single person, no children",AW100,100% of average wage,_Z,Not applicable,A,Annual,2010,,31.84715,,2,Two,0,Units,A,Normal value,_Z,Not applicable
DATAFLOW,OECD.CTP.TPS:DSD_TAX_WAGES_COMP@DF_TW_COMP(1.0),Labour taxation – OECD comparative indicators,I,CAN,Canada,AV_TW,Average tax wedge,PT_COS_LB,Percentage of labour costs,S_C0,"Single person, no children",AW100,100% of average wage,_Z,Not applicable,A,Annual,2009,,32.124166,,2,Two,0,Units,A,Normal value,_Z,Not applicable
DATAFLOW,OECD.CTP.TPS:DSD_TAX_WAGES_COMP@DF_TW_COMP(1.0),Labour taxation – OECD comparative indicators,I,CAN,Canada,AV_TW,Average tax wedge,PT_COS_LB,Percentage of labour costs,S_C0,"Single person, no children",AW100,100% of average wage,_Z,Not applicable,A,Annual,2008,,32.381336,,2,Two,0,Units,A,Normal value,_Z,Not applicable
DATAFLOW,OECD.CTP.TPS:DSD_TAX_WAGES_COMP@DF_TW_COMP(1.0),Labour taxation – OECD comparative indicators,I,HUN,Hungary,AV_TW,Average tax wedge,PT_COS_LB,Percentage of labour costs,S_C0,"Single person, no children",AW100,100% of average wage,_Z,Not applicable,A,Annual,2023,,41.150442,,2,Two,0,Units,A,Normal value,_Z,Not applicable
DATAFLOW,OECD.CTP.TPS:DSD_TAX_WAGES_COMP@DF_TW_COMP(1.0),Labour taxation – OECD comparative indicators,I,HUN,Hungary,AV_TW,Average tax wedge,PT_COS_LB,Percentage of labour costs,S_C0,"Single person, no children",AW100,100% of average wage,_Z,Not applicable,A,Annual,2006,,51.91661,,2,Two,0,Units,A,Normal value,_Z,Not applicable
DATAFLOW,OECD.CTP.TPS:DSD_TAX_WAGES_COMP@DF_TW_COMP(1.0),Labour taxation – OECD comparative indicators,I,HUN,Hungary,AV_TW,Average tax wedge,PT_COS_LB,Percentage of labour costs,S_C0,"Single person, no children",AW100,100% of average wage,_Z,Not applicable,A,Annual,2005,,51.073936,,2,Two,0,Units,A,Normal value,_Z,Not applicable
DATAFLOW,OECD.CTP.TPS:DSD_TAX_WAGES_COMP@DF_TW_COMP(1.0),Labour taxation – OECD comparative indicators,I,HUN,Hungary,AV_TW,Average tax wedge,PT_COS_LB,Percentage of labour costs,S_C0,"Single person, no children",AW100,100% of average wage,_Z,Not applicable,A,Annual,2004,,51.743499,,2,Two,0,Units,A,Normal value,_Z,Not applicable
DATAFLOW,OECD.CTP.TPS:DSD_TAX_WAGES_COMP@DF_TW_COMP(1.0),Labour taxation – OECD comparative indicators,I,HUN,Hungary,AV_TW,Average tax wedge,PT_COS_LB,Percentage of labour costs,S_C0,"Single person, no children",AW100,100% of average wage,_Z,Not applicable,A,Annual,2003,,50.763152,,2,Two,0,Units,A,Normal value,_Z,Not applicable
DATAFLOW,OECD.CTP.TPS:DSD_TAX_WAGES_COMP@DF_TW_COMP(1.0),Labour taxation – OECD comparative indicators,I,HUN,Hungary,AV_TW,Average tax wedge,PT_COS_LB,Percentage of labour costs,S_C0,"Single person, no children",AW100,100% of average wage,_Z,Not applicable,A,Annual,2002,,53.739384,,2,Two,0,Units,A,Normal value,_Z,Not applicable
DATAFLOW,OECD.CTP.TPS:DSD_TAX_WAGES_COMP@DF_TW_COMP(1.0),Labour taxation – OECD comparative indicators,I,HUN,Hungary,AV_TW,Average tax wedge,PT_COS_LB,Percentage of labour costs,S_C0,"Single person, no children",AW100,100% of average wage,_Z,Not applicable,A,Annual,2001,,55.803417,,2,Two,0,Units,A,Normal value,_Z,Not applicable
DATAFLOW,OECD.CTP.TPS:DSD_TAX_WAGES_COMP@DF_TW_COMP(1.0),Labour taxation – OECD comparative indicators,I,HUN,Hungary,AV_TW,Average tax wedge,PT_COS_LB,Percentage of labour costs,S_C0,"Single person, no children",AW100,100% of average wage,_Z,Not applicable,A,Annual,2000,,54.675755,,2,Two,0,Units,A,Normal value,_Z,Not applicable
DATAFLOW,OECD.CTP.TPS:DSD_TAX_WAGES_COMP@DF_TW_COMP(1.0),Labour taxation – OECD comparative indicators,I,HUN,Hungary,AV_TW,Average tax wedge,PT_COS_LB,Percentage of labour costs,S_C0,"Single person, no children",AW100,100% of average wage,_Z,Not applicable,A,Annual,2022,,41.150442,,2,Two,0,Units,A,Normal value,_Z,Not applicable
DATAFLOW,OECD.CTP.TPS:DSD_TAX_WAGES_COMP@DF_TW_COMP(1.0),Labour taxation – OECD comparative indicators,I,HUN,Hungary,AV_TW,Average tax wedge,PT_COS_LB,Percentage of labour costs,S_C0,"Single person, no children",AW100,100% of average wage,_Z,Not applicable,A,Annual,2021,,43.162393,,2,Two,0,Units,A,Normal value,_Z,Not applicable
DATAFLOW,OECD.CTP.TPS:DSD_TAX_WAGES_COMP@DF_TW_COMP(1.0),Labour taxation – OECD comparative indicators,I,HUN,Hungary,AV_TW,Average tax wedge,PT_COS_LB,Percentage of labour costs,S_C0,"Single person, no children",AW100,100% of average wage,_Z,Not applicable,A,Annual,2020,,43.644068,,2,Two,0,Units,A,Normal value,_Z,Not applicable
DATAFLOW,OECD.CTP.TPS:DSD_TAX_WAGES_COMP@DF_TW_COMP(1.0),Labour taxation – OECD comparative indicators,I,HUN,Hungary,AV_TW,Average tax wedge,PT_COS_LB,Percentage of labour costs,S_C0,"Single person, no children",AW100,100% of average wage,_Z,Not applicable,A,Annual,2019,,44.583333,,2,Two,0,Units,A,Normal value,_Z,Not applicable
DATAFLOW,OECD.CTP.TPS:DSD_TAX_WAGES_COMP@DF_TW_COMP(1.0),Labour taxation – OECD comparative indicators,I,HUN,Hungary,AV_TW,Average tax wedge,PT_COS_LB,Percentage of labour costs,S_C0,"Single person, no children",AW100,100% of average wage,_Z,Not applicable,A,Annual,2018,,45.041322,,2,Two,0,Units,A,Normal value,_Z,Not applicable
DATAFLOW,OECD.CTP.TPS:DSD_TAX_WAGES_COMP@DF_TW_COMP(1.0),Labour taxation – OECD comparative indicators,I,HUN,Hungary,AV_TW,Average tax wedge,PT_COS_LB,Percentage of labour costs,S_C0,"Single person, no children",AW100,100% of average wage,_Z,Not applicable,A,Annual,2017,,46.153846,,2,Two,0,Units,A,Normal value,_Z,Not applicable
DATAFLOW,OECD.CTP.TPS:DSD_TAX_WAGES_COMP@DF_TW_COMP(1.0),Labour taxation – OECD comparative indicators,I,HUN,Hungary,AV_TW,Average tax wedge,PT_COS_LB,Percentage of labour costs,S_C0,"Single person, no children",AW100,100% of average wage,_Z,Not applicable,A,Annual,2016,,48.249027,,2,Two,0,Units,A,Normal value,_Z,Not applicable
DATAFLOW,OECD.CTP.TPS:DSD_TAX_WAGES_COMP@DF_TW_COMP(1.0),Labour taxation – OECD comparative indicators,I,HUN,Hungary,AV_TW,Average tax wedge,PT_COS_LB,Percentage of labour costs,S_C0,"Single person, no children",AW100,100% of average wage,_Z,Not applicable,A,Annual,2015,,49.027237,,2,Two,0,Units,A,Normal value,_Z,Not applicable
DATAFLOW,OECD.CTP.TPS:DSD_TAX_WAGES_COMP@DF_TW_COMP(1.0),Labour taxation – OECD comparative indicators,I,HUN,Hungary,AV_TW,Average tax wedge,PT_COS_LB,Percentage of labour costs,S_C0,"Single person, no children",AW100,100% of average wage,_Z,Not applicable,A,Annual,2014,,49.027237,,2,Two,0,Units,A,Normal value,_Z,Not applicable
DATAFLOW,OECD.CTP.TPS:DSD_TAX_WAGES_COMP@DF_TW_COMP(1.0),Labour taxation – OECD comparative indicators,I,HUN,Hungary,AV_TW,Average tax wedge,PT_COS_LB,Percentage of labour costs,S_C0,"Single person, no children",AW100,100% of average wage,_Z,Not applicable,A,Annual,2013,,49.027237,,2,Two,0,Units,A,Normal value,_Z,Not applicable
DATAFLOW,OECD.CTP.TPS:DSD_TAX_WAGES_COMP@DF_TW_COMP(1.0),Labour taxation – OECD comparative indicators,I,HUN,Hungary,AV_TW,Average tax wedge,PT_COS_LB,Percentage of labour costs,S_C0,"Single person, no children",AW100,100% of average wage,_Z,Not applicable,A,Annual,2012,,49.519793,,2,Two,0,Units,A,Normal value,_Z,Not applicable
DATAFLOW,OECD.CTP.TPS:DSD_TAX_WAGES_COMP@DF_TW_COMP(1.0),Labour taxation – OECD comparative indicators,I,HUN,Hungary,AV_TW,Average tax wedge,PT_COS_LB,Percentage of labour costs,S_C0,"Single person, no children",AW100,100% of average wage,_Z,Not applicable,A,Annual,2011,,49.493277,,2,Two,0,Units,A,Normal value,_Z,Not applicable
DATAFLOW,OECD.CTP.TPS:DSD_TAX_WAGES_COMP@DF_TW_COMP(1.0),Labour taxation – OECD comparative indicators,I,HUN,Hungary,AV_TW,Average tax wedge,PT_COS_LB,Percentage of labour costs,S_C0,"Single person, no children",AW100,100% of average wage,_Z,Not applicable,A,Annual,2010,,46.605061,,2,Two,0,Units,A,Normal value,_Z,Not applicable
DATAFLOW,OECD.CTP.TPS:DSD_TAX_WAGES_COMP@DF_TW_COMP(1.0),Labour taxation – OECD comparative indicators,I,HUN,Hungary,AV_TW,Average tax wedge,PT_COS_LB,Percentage of labour costs,S_C0,"Single person, no children",AW100,100% of average wage,_Z,Not applicable,A,Annual,2009,,53.097249,,2,Two,0,Units,A,Normal value,_Z,Not applicable
DATAFLOW,OECD.CTP.TPS:DSD_TAX_WAGES_COMP@DF_TW_COMP(1.0),Labour taxation – OECD comparative indicators,I,HUN,Hungary,AV_TW,Average tax wedge,PT_COS_LB,Percentage of labour costs,S_C0,"Single person, no children",AW100,100% of average wage,_Z,Not applicable,A,Annual,2008,,54.097725,,2,Two,0,Units,A,Normal value,_Z,Not applicable
DATAFLOW,OECD.CTP.TPS:DSD_TAX_WAGES_COMP@DF_TW_COMP(1.0),Labour taxation – OECD comparative indicators,I,ITA,Italy,AV_TW,Average tax wedge,PT_COS_LB,Percentage of labour costs,S_C0,"Single person, no children",AW100,100% of average wage,_Z,Not applicable,A,Annual,2023,,45.070799,,2,Two,0,Units,A,Normal value,_Z,Not applicable
DATAFLOW,OECD.CTP.TPS:DSD_TAX_WAGES_COMP@DF_TW_COMP(1.0),Labour taxation – OECD comparative indicators,I,ITA,Italy,AV_TW,Average tax wedge,PT_COS_LB,Percentage of labour costs,S_C0,"Single person, no children",AW100,100% of average wage,_Z,Not applicable,A,Annual,2006,,46.054402,,2,Two,0,Units,A,Normal value,_Z,Not applicable
DATAFLOW,OECD.CTP.TPS:DSD_TAX_WAGES_COMP@DF_TW_COMP(1.0),Labour taxation – OECD comparative indicators,I,ITA,Italy,AV_TW,Average tax wedge,PT_COS_LB,Percentage of labour costs,S_C0,"Single person, no children",AW100,100% of average wage,_Z,Not applicable,A,Annual,2005,,45.904517,,2,Two,0,Units,A,Normal value,_Z,Not applicable
DATAFLOW,OECD.CTP.TPS:DSD_TAX_WAGES_COMP@DF_TW_COMP(1.0),Labour taxation – OECD comparative indicators,I,ITA,Italy,AV_TW,Average tax wedge,PT_COS_LB,Percentage of labour costs,S_C0,"Single person, no children",AW100,100% of average wage,_Z,Not applicable,A,Annual,2004,,46.283141,,2,Two,0,Units,A,Normal value,_Z,Not applicable
DATAFLOW,OECD.CTP.TPS:DSD_TAX_WAGES_COMP@DF_TW_COMP(1.0),Labour taxation – OECD comparative indicators,I,ITA,Italy,AV_TW,Average tax wedge,PT_COS_LB,Percentage of labour costs,S_C0,"Single person, no children",AW100,100% of average wage,_Z,Not applicable,A,Annual,2003,,45.973631,,2,Two,0,Units,A,Normal value,_Z,Not applicable
DATAFLOW,OECD.CTP.TPS:DSD_TAX_WAGES_COMP@DF_TW_COMP(1.0),Labour taxation – OECD comparative indicators,I,ITA,Italy,AV_TW,Average tax wedge,PT_COS_LB,Percentage of labour costs,S_C0,"Single person, no children",AW100,100% of average wage,_Z,Not applicable,A,Annual,2002,,46.550047,,2,Two,0,Units,A,Normal value,_Z,Not applicable
DATAFLOW,OECD.CTP.TPS:DSD_TAX_WAGES_COMP@DF_TW_COMP(1.0),Labour taxation – OECD comparative indicators,I,ITA,Italy,AV_TW,Average tax wedge,PT_COS_LB,Percentage of labour costs,S_C0,"Single person, no children",AW100,100% of average wage,_Z,Not applicable,A,Annual,2001,,46.573693,,2,Two,0,Units,A,Normal value,_Z,Not applicable
DATAFLOW,OECD.CTP.TPS:DSD_TAX_WAGES_COMP@DF_TW_COMP(1.0),Labour taxation – OECD comparative indicators,I,ITA,Italy,AV_TW,Average tax wedge,PT_COS_LB,Percentage of labour costs,S_C0,"Single person, no children",AW100,100% of average wage,_Z,Not applicable,A,Annual,2000,,47.080116,,2,Two,0,Units,A,Normal value,_Z,Not applicable
DATAFLOW,OECD.CTP.TPS:DSD_TAX_WAGES_COMP@DF_TW_COMP(1.0),Labour taxation – OECD comparative indicators,I,ITA,Italy,AV_TW,Average tax wedge,PT_COS_LB,Percentage of labour costs,S_C0,"Single person, no children",AW100,100% of average wage,_Z,Not applicable,A,Annual,2022,,45.022441,,2,Two,0,Units,A,Normal value,_Z,Not applicable
DATAFLOW,OECD.CTP.TPS:DSD_TAX_WAGES_COMP@DF_TW_COMP(1.0),Labour taxation – OECD comparative indicators,I,ITA,Italy,AV_TW,Average tax wedge,PT_COS_LB,Percentage of labour costs,S_C0,"Single person, no children",AW100,100% of average wage,_Z,Not applicable,A,Annual,2021,,45.421401,,2,Two,0,Units,A,Normal value,_Z,Not applicable
DATAFLOW,OECD.CTP.TPS:DSD_TAX_WAGES_COMP@DF_TW_COMP(1.0),Labour taxation – OECD comparative indicators,I,ITA,Italy,AV_TW,Average tax wedge,PT_COS_LB,Percentage of labour costs,S_C0,"Single person, no children",AW100,100% of average wage,_Z,Not applicable,A,Annual,2020,,46.903075,,2,Two,0,Units,A,Normal value,_Z,Not applicable
DATAFLOW,OECD.CTP.TPS:DSD_TAX_WAGES_COMP@DF_TW_COMP(1.0),Labour taxation – OECD comparative indicators,I,ITA,Italy,AV_TW,Average tax wedge,PT_COS_LB,Percentage of labour costs,S_C0,"Single person, no children",AW100,100% of average wage,_Z,Not applicable,A,Annual,2019,,47.910345,,2,Two,0,Units,A,Normal value,_Z,Not applicable
DATAFLOW,OECD.CTP.TPS:DSD_TAX_WAGES_COMP@DF_TW_COMP(1.0),Labour taxation – OECD comparative indicators,I,ITA,Italy,AV_TW,Average tax wedge,PT_COS_LB,Percentage of labour costs,S_C0,"Single person, no children",AW100,100% of average wage,_Z,Not applicable,A,Annual,2018,,47.729699,,2,Two,0,Units,A,Normal value,_Z,Not applicable
DATAFLOW,OECD.CTP.TPS:DSD_TAX_WAGES_COMP@DF_TW_COMP(1.0),Labour taxation – OECD comparative indicators,I,ITA,Italy,AV_TW,Average tax wedge,PT_COS_LB,Percentage of labour costs,S_C0,"Single person, no children",AW100,100% of average wage,_Z,Not applicable,A,Annual,2017,,47.66339,,2,Two,0,Units,A,Normal value,_Z,Not applicable
DATAFLOW,OECD.CTP.TPS:DSD_TAX_WAGES_COMP@DF_TW_COMP(1.0),Labour taxation – OECD comparative indicators,I,ITA,Italy,AV_TW,Average tax wedge,PT_COS_LB,Percentage of labour costs,S_C0,"Single person, no children",AW100,100% of average wage,_Z,Not applicable,A,Annual,2016,,47.764797,,2,Two,0,Units,A,Normal value,_Z,Not applicable
DATAFLOW,OECD.CTP.TPS:DSD_TAX_WAGES_COMP@DF_TW_COMP(1.0),Labour taxation – OECD comparative indicators,I,ITA,Italy,AV_TW,Average tax wedge,PT_COS_LB,Percentage of labour costs,S_C0,"Single person, no children",AW100,100% of average wage,_Z,Not applicable,A,Annual,2015,,47.828028,,2,Two,0,Units,A,Normal value,_Z,Not applicable
DATAFLOW,OECD.CTP.TPS:DSD_TAX_WAGES_COMP@DF_TW_COMP(1.0),Labour taxation – OECD comparative indicators,I,ITA,Italy,AV_TW,Average tax wedge,PT_COS_LB,Percentage of labour costs,S_C0,"Single person, no children",AW100,100% of average wage,_Z,Not applicable,A,Annual,2014,,47.780933,,2,Two,0,Units,A,Normal value,_Z,Not applicable
DATAFLOW,OECD.CTP.TPS:DSD_TAX_WAGES_COMP@DF_TW_COMP(1.0),Labour taxation – OECD comparative indicators,I,ITA,Italy,AV_TW,Average tax wedge,PT_COS_LB,Percentage of labour costs,S_C0,"Single person, no children",AW100,100% of average wage,_Z,Not applicable,A,Annual,2013,,47.838911,,2,Two,0,Units,A,Normal value,_Z,Not applicable
DATAFLOW,OECD.CTP.TPS:DSD_TAX_WAGES_COMP@DF_TW_COMP(1.0),Labour taxation – OECD comparative indicators,I,ITA,Italy,AV_TW,Average tax wedge,PT_COS_LB,Percentage of labour costs,S_C0,"Single person, no children",AW100,100% of average wage,_Z,Not applicable,A,Annual,2012,,47.722719,,2,Two,0,Units,A,Normal value,_Z,Not applicable
DATAFLOW,OECD.CTP.TPS:DSD_TAX_WAGES_COMP@DF_TW_COMP(1.0),Labour taxation – OECD comparative indicators,I,ITA,Italy,AV_TW,Average tax wedge,PT_COS_LB,Percentage of labour costs,S_C0,"Single person, no children",AW100,100% of average wage,_Z,Not applicable,A,Annual,2011,,47.596501,,2,Two,0,Units,A,Normal value,_Z,Not applicable
DATAFLOW,OECD.CTP.TPS:DSD_TAX_WAGES_COMP@DF_TW_COMP(1.0),Labour taxation – OECD comparative indicators,I,ITA,Italy,AV_TW,Average tax wedge,PT_COS_LB,Percentage of labour costs,S_C0,"Single person, no children",AW100,100% of average wage,_Z,Not applicable,A,Annual,2010,,47.175866,,2,Two,0,Units,A,Normal value,_Z,Not applicable
DATAFLOW,OECD.CTP.TPS:DSD_TAX_WAGES_COMP@DF_TW_COMP(1.0),Labour taxation – OECD comparative indicators,I,ITA,Italy,AV_TW,Average tax wedge,PT_COS_LB,Percentage of labour costs,S_C0,"Single person, no children",AW100,100% of average wage,_Z,Not applicable,A,Annual,2009,,46.791249,,2,Two,0,Units,A,Normal value,_Z,Not applicable
DATAFLOW,OECD.CTP.TPS:DSD_TAX_WAGES_COMP@DF_TW_COMP(1.0),Labour taxation – OECD comparative indicators,I,ITA,Italy,AV_TW,Average tax wedge,PT_COS_LB,Percentage of labour costs,S_C0,"Single person, no children",AW100,100% of average wage,_Z,Not applicable,A,Annual,2008,,46.645578,,2,Two,0,Units,A,Normal value,_Z,Not applicable
DATAFLOW,OECD.CTP.TPS:DSD_TAX_WAGES_COMP@DF_TW_COMP(1.0),Labour taxation – OECD comparative indicators,I,SVK,Slovak Republic,AV_TW,Average tax wedge,PT_COS_LB,Percentage of labour costs,S_C0,"Single person, no children",AW100,100% of average wage,_Z,Not applicable,A,Annual,2023,,41.632967,,2,Two,0,Units,A,Normal value,_Z,Not applicable
DATAFLOW,OECD.CTP.TPS:DSD_TAX_WAGES_COMP@DF_TW_COMP(1.0),Labour taxation – OECD comparative indicators,I,SVK,Slovak Republic,AV_TW,Average tax wedge,PT_COS_LB,Percentage of labour costs,S_C0,"Single person, no children",AW100,100% of average wage,_Z,Not applicable,A,Annual,2006,,38.571286,,2,Two,0,Units,A,Normal value,_Z,Not applicable
DATAFLOW,OECD.CTP.TPS:DSD_TAX_WAGES_COMP@DF_TW_COMP(1.0),Labour taxation – OECD comparative indicators,I,SVK,Slovak Republic,AV_TW,Average tax wedge,PT_COS_LB,Percentage of labour costs,S_C0,"Single person, no children",AW100,100% of average wage,_Z,Not applicable,A,Annual,2005,,38.360433,,2,Two,0,Units,A,Normal value,_Z,Not applicable
DATAFLOW,OECD.CTP.TPS:DSD_TAX_WAGES_COMP@DF_TW_COMP(1.0),Labour taxation – OECD comparative indicators,I,SVK,Slovak Republic,AV_TW,Average tax wedge,PT_COS_LB,Percentage of labour costs,S_C0,"Single person, no children",AW100,100% of average wage,_Z,Not applicable,A,Annual,2004,,42.534212,,2,Two,0,Units,A,Normal value,_Z,Not applicable
DATAFLOW,OECD.CTP.TPS:DSD_TAX_WAGES_COMP@DF_TW_COMP(1.0),Labour taxation – OECD comparative indicators,I,SVK,Slovak Republic,AV_TW,Average tax wedge,PT_COS_LB,Percentage of labour costs,S_C0,"Single person, no children",AW100,100% of average wage,_Z,Not applicable,A,Annual,2003,,42.915992,,2,Two,0,Units,A,Normal value,_Z,Not applicable
DATAFLOW,OECD.CTP.TPS:DSD_TAX_WAGES_COMP@DF_TW_COMP(1.0),Labour taxation – OECD comparative indicators,I,SVK,Slovak Republic,AV_TW,Average tax wedge,PT_COS_LB,Percentage of labour costs,S_C0,"Single person, no children",AW100,100% of average wage,_Z,Not applicable,A,Annual,2002,,42.494532,,2,Two,0,Units,A,Normal value,_Z,Not applicable
DATAFLOW,OECD.CTP.TPS:DSD_TAX_WAGES_COMP@DF_TW_COMP(1.0),Labour taxation – OECD comparative indicators,I,SVK,Slovak Republic,AV_TW,Average tax wedge,PT_COS_LB,Percentage of labour costs,S_C0,"Single person, no children",AW100,100% of average wage,_Z,Not applicable,A,Annual,2001,,42.911691,,2,Two,0,Units,A,Normal value,_Z,Not applicable
DATAFLOW,OECD.CTP.TPS:DSD_TAX_WAGES_COMP@DF_TW_COMP(1.0),Labour taxation – OECD comparative indicators,I,SVK,Slovak Republic,AV_TW,Average tax wedge,PT_COS_LB,Percentage of labour costs,S_C0,"Single person, no children",AW100,100% of average wage,_Z,Not applicable,A,Annual,2000,,42.143066,,2,Two,0,Units,A,Normal value,_Z,Not applicable
DATAFLOW,OECD.CTP.TPS:DSD_TAX_WAGES_COMP@DF_TW_COMP(1.0),Labour taxation – OECD comparative indicators,I,SVK,Slovak Republic,AV_TW,Average tax wedge,PT_COS_LB,Percentage of labour costs,S_C0,"Single person, no children",AW100,100% of average wage,_Z,Not applicable,A,Annual,2022,,41.531929,,2,Two,0,Units,A,Normal value,_Z,Not applicable
DATAFLOW,OECD.CTP.TPS:DSD_TAX_WAGES_COMP@DF_TW_COMP(1.0),Labour taxation – OECD comparative indicators,I,SVK,Slovak Republic,AV_TW,Average tax wedge,PT_COS_LB,Percentage of labour costs,S_C0,"Single person, no children",AW100,100% of average wage,_Z,Not applicable,A,Annual,2021,,41.452087,,2,Two,0,Units,A,Normal value,_Z,Not applicable
DATAFLOW,OECD.CTP.TPS:DSD_TAX_WAGES_COMP@DF_TW_COMP(1.0),Labour taxation – OECD comparative indicators,I,SVK,Slovak Republic,AV_TW,Average tax wedge,PT_COS_LB,Percentage of labour costs,S_C0,"Single person, no children",AW100,100% of average wage,_Z,Not applicable,A,Annual,2020,,41.323674,,2,Two,0,Units,A,Normal value,_Z,Not applicable
DATAFLOW,OECD.CTP.TPS:DSD_TAX_WAGES_COMP@DF_TW_COMP(1.0),Labour taxation – OECD comparative indicators,I,SVK,Slovak Republic,AV_TW,Average tax wedge,PT_COS_LB,Percentage of labour costs,S_C0,"Single person, no children",AW100,100% of average wage,_Z,Not applicable,A,Annual,2019,,41.867944,,2,Two,0,Units,A,Normal value,_Z,Not applicable
DATAFLOW,OECD.CTP.TPS:DSD_TAX_WAGES_COMP@DF_TW_COMP(1.0),Labour taxation – OECD comparative indicators,I,SVK,Slovak Republic,AV_TW,Average tax wedge,PT_COS_LB,Percentage of labour costs,S_C0,"Single person, no children",AW100,100% of average wage,_Z,Not applicable,A,Annual,2018,,41.860356,,2,Two,0,Units,A,Normal value,_Z,Not applicable
DATAFLOW,OECD.CTP.TPS:DSD_TAX_WAGES_COMP@DF_TW_COMP(1.0),Labour taxation – OECD comparative indicators,I,SVK,Slovak Republic,AV_TW,Average tax wedge,PT_COS_LB,Percentage of labour costs,S_C0,"Single person, no children",AW100,100% of average wage,_Z,Not applicable,A,Annual,2017,,41.734351,,2,Two,0,Units,A,Normal value,_Z,Not applicable
DATAFLOW,OECD.CTP.TPS:DSD_TAX_WAGES_COMP@DF_TW_COMP(1.0),Labour taxation – OECD comparative indicators,I,SVK,Slovak Republic,AV_TW,Average tax wedge,PT_COS_LB,Percentage of labour costs,S_C0,"Single person, no children",AW100,100% of average wage,_Z,Not applicable,A,Annual,2016,,41.664039,,2,Two,0,Units,A,Normal value,_Z,Not applicable
DATAFLOW,OECD.CTP.TPS:DSD_TAX_WAGES_COMP@DF_TW_COMP(1.0),Labour taxation – OECD comparative indicators,I,SVK,Slovak Republic,AV_TW,Average tax wedge,PT_COS_LB,Percentage of labour costs,S_C0,"Single person, no children",AW100,100% of average wage,_Z,Not applicable,A,Annual,2015,,41.520143,,2,Two,0,Units,A,Normal value,_Z,Not applicable
DATAFLOW,OECD.CTP.TPS:DSD_TAX_WAGES_COMP@DF_TW_COMP(1.0),Labour taxation – OECD comparative indicators,I,SVK,Slovak Republic,AV_TW,Average tax wedge,PT_COS_LB,Percentage of labour costs,S_C0,"Single person, no children",AW100,100% of average wage,_Z,Not applicable,A,Annual,2014,,41.402609,,2,Two,0,Units,A,Normal value,_Z,Not applicable
DATAFLOW,OECD.CTP.TPS:DSD_TAX_WAGES_COMP@DF_TW_COMP(1.0),Labour taxation – OECD comparative indicators,I,SVK,Slovak Republic,AV_TW,Average tax wedge,PT_COS_LB,Percentage of labour costs,S_C0,"Single person, no children",AW100,100% of average wage,_Z,Not applicable,A,Annual,2013,,41.283611,,2,Two,0,Units,A,Normal value,_Z,Not applicable
DATAFLOW,OECD.CTP.TPS:DSD_TAX_WAGES_COMP@DF_TW_COMP(1.0),Labour taxation – OECD comparative indicators,I,SVK,Slovak Republic,AV_TW,Average tax wedge,PT_COS_LB,Percentage of labour costs,S_C0,"Single person, no children",AW100,100% of average wage,_Z,Not applicable,A,Annual,2012,,39.795796,,2,Two,0,Units,A,Normal value,_Z,Not applicable
DATAFLOW,OECD.CTP.TPS:DSD_TAX_WAGES_COMP@DF_TW_COMP(1.0),Labour taxation – OECD comparative indicators,I,SVK,Slovak Republic,AV_TW,Average tax wedge,PT_COS_LB,Percentage of labour costs,S_C0,"Single person, no children",AW100,100% of average wage,_Z,Not applicable,A,Annual,2011,,39.021094,,2,Two,0,Units,A,Normal value,_Z,Not applicable
DATAFLOW,OECD.CTP.TPS:DSD_TAX_WAGES_COMP@DF_TW_COMP(1.0),Labour taxation – OECD comparative indicators,I,SVK,Slovak Republic,AV_TW,Average tax wedge,PT_COS_LB,Percentage of labour costs,S_C0,"Single person, no children",AW100,100% of average wage,_Z,Not applicable,A,Annual,2010,,38.098494,,2,Two,0,Units,A,Normal value,_Z,Not applicable
DATAFLOW,OECD.CTP.TPS:DSD_TAX_WAGES_COMP@DF_TW_COMP(1.0),Labour taxation – OECD comparative indicators,I,SVK,Slovak Republic,AV_TW,Average tax wedge,PT_COS_LB,Percentage of labour costs,S_C0,"Single person, no children",AW100,100% of average wage,_Z,Not applicable,A,Annual,2009,,37.875722,,2,Two,0,Units,A,Normal value,_Z,Not applicable
DATAFLOW,OECD.CTP.TPS:DSD_TAX_WAGES_COMP@DF_TW_COMP(1.0),Labour taxation – OECD comparative indicators,I,SVK,Slovak Republic,AV_TW,Average tax wedge,PT_COS_LB,Percentage of labour costs,S_C0,"Single person, no children",AW100,100% of average wage,_Z,Not applicable,A,Annual,2008,,39.023409,,2,Two,0,Units,A,Normal value,_Z,Not applicable
DATAFLOW,OECD.CTP.TPS:DSD_TAX_WAGES_COMP@DF_TW_COMP(1.0),Labour taxation – OECD comparative indicators,I,DNK,Denmark,AV_TW,Average tax wedge,PT_COS_LB,Percentage of labour costs,S_C0,"Single person, no children",AW100,100% of average wage,_Z,Not applicable,A,Annual,2023,,36.38073,,2,Two,0,Units,A,Normal value,_Z,Not applicable
DATAFLOW,OECD.CTP.TPS:DSD_TAX_WAGES_COMP@DF_TW_COMP(1.0),Labour taxation – OECD comparative indicators,I,DNK,Denmark,AV_TW,Average tax wedge,PT_COS_LB,Percentage of labour costs,S_C0,"Single person, no children",AW100,100% of average wage,_Z,Not applicable,A,Annual,2006,,38.58812,,2,Two,0,Units,A,Normal value,_Z,Not applicable
DATAFLOW,OECD.CTP.TPS:DSD_TAX_WAGES_COMP@DF_TW_COMP(1.0),Labour taxation – OECD comparative indicators,I,DNK,Denmark,AV_TW,Average tax wedge,PT_COS_LB,Percentage of labour costs,S_C0,"Single person, no children",AW100,100% of average wage,_Z,Not applicable,A,Annual,2005,,38.48639,,2,Two,0,Units,A,Normal value,_Z,Not applicable
DATAFLOW,OECD.CTP.TPS:DSD_TAX_WAGES_COMP@DF_TW_COMP(1.0),Labour taxation – OECD comparative indicators,I,DNK,Denmark,AV_TW,Average tax wedge,PT_COS_LB,Percentage of labour costs,S_C0,"Single person, no children",AW100,100% of average wage,_Z,Not applicable,A,Annual,2004,,38.60587,,2,Two,0,Units,A,Normal value,_Z,Not applicable
DATAFLOW,OECD.CTP.TPS:DSD_TAX_WAGES_COMP@DF_TW_COMP(1.0),Labour taxation – OECD comparative indicators,I,DNK,Denmark,AV_TW,Average tax wedge,PT_COS_LB,Percentage of labour costs,S_C0,"Single person, no children",AW100,100% of average wage,_Z,Not applicable,A,Annual,2003,,39.957662,,2,Two,0,Units,A,Normal value,_Z,Not applicable
DATAFLOW,OECD.CTP.TPS:DSD_TAX_WAGES_COMP@DF_TW_COMP(1.0),Labour taxation – OECD comparative indicators,I,DNK,Denmark,AV_TW,Average tax wedge,PT_COS_LB,Percentage of labour costs,S_C0,"Single person, no children",AW100,100% of average wage,_Z,Not applicable,A,Annual,2002,,39.966891,,2,Two,0,Units,A,Normal value,_Z,Not applicable
DATAFLOW,OECD.CTP.TPS:DSD_TAX_WAGES_COMP@DF_TW_COMP(1.0),Labour taxation – OECD comparative indicators,I,DNK,Denmark,AV_TW,Average tax wedge,PT_COS_LB,Percentage of labour costs,S_C0,"Single person, no children",AW100,100% of average wage,_Z,Not applicable,A,Annual,2001,,40.637426,,2,Two,0,Units,A,Normal value,_Z,Not applicable
DATAFLOW,OECD.CTP.TPS:DSD_TAX_WAGES_COMP@DF_TW_COMP(1.0),Labour taxation – OECD comparative indicators,I,DNK,Denmark,AV_TW,Average tax wedge,PT_COS_LB,Percentage of labour costs,S_C0,"Single person, no children",AW100,100% of average wage,_Z,Not applicable,A,Annual,2000,,41.454608,,2,Two,0,Units,A,Normal value,_Z,Not applicable
DATAFLOW,OECD.CTP.TPS:DSD_TAX_WAGES_COMP@DF_TW_COMP(1.0),Labour taxation – OECD comparative indicators,I,DNK,Denmark,AV_TW,Average tax wedge,PT_COS_LB,Percentage of labour costs,S_C0,"Single person, no children",AW100,100% of average wage,_Z,Not applicable,A,Annual,2022,,36.318288,,2,Two,0,Units,A,Normal value,_Z,Not applicable
DATAFLOW,OECD.CTP.TPS:DSD_TAX_WAGES_COMP@DF_TW_COMP(1.0),Labour taxation – OECD comparative indicators,I,DNK,Denmark,AV_TW,Average tax wedge,PT_COS_LB,Percentage of labour costs,S_C0,"Single person, no children",AW100,100% of average wage,_Z,Not applicable,A,Annual,2021,,35.904443,,2,Two,0,Units,A,Normal value,_Z,Not applicable
DATAFLOW,OECD.CTP.TPS:DSD_TAX_WAGES_COMP@DF_TW_COMP(1.0),Labour taxation – OECD comparative indicators,I,DNK,Denmark,AV_TW,Average tax wedge,PT_COS_LB,Percentage of labour costs,S_C0,"Single person, no children",AW100,100% of average wage,_Z,Not applicable,A,Annual,2020,,35.828054,,2,Two,0,Units,A,Normal value,_Z,Not applicable
DATAFLOW,OECD.CTP.TPS:DSD_TAX_WAGES_COMP@DF_TW_COMP(1.0),Labour taxation – OECD comparative indicators,I,DNK,Denmark,AV_TW,Average tax wedge,PT_COS_LB,Percentage of labour costs,S_C0,"Single person, no children",AW100,100% of average wage,_Z,Not applicable,A,Annual,2019,,35.867886,,2,Two,0,Units,A,Normal value,_Z,Not applicable
DATAFLOW,OECD.CTP.TPS:DSD_TAX_WAGES_COMP@DF_TW_COMP(1.0),Labour taxation – OECD comparative indicators,I,DNK,Denmark,AV_TW,Average tax wedge,PT_COS_LB,Percentage of labour costs,S_C0,"Single person, no children",AW100,100% of average wage,_Z,Not applicable,A,Annual,2018,,35.738512,,2,Two,0,Units,A,Normal value,_Z,Not applicable
DATAFLOW,OECD.CTP.TPS:DSD_TAX_WAGES_COMP@DF_TW_COMP(1.0),Labour taxation – OECD comparative indicators,I,DNK,Denmark,AV_TW,Average tax wedge,PT_COS_LB,Percentage of labour costs,S_C0,"Single person, no children",AW100,100% of average wage,_Z,Not applicable,A,Annual,2017,,35.805903,,2,Two,0,Units,A,Normal value,_Z,Not applicable
DATAFLOW,OECD.CTP.TPS:DSD_TAX_WAGES_COMP@DF_TW_COMP(1.0),Labour taxation – OECD comparative indicators,I,DNK,Denmark,AV_TW,Average tax wedge,PT_COS_LB,Percentage of labour costs,S_C0,"Single person, no children",AW100,100% of average wage,_Z,Not applicable,A,Annual,2016,,35.872315,,2,Two,0,Units,A,Normal value,_Z,Not applicable
DATAFLOW,OECD.CTP.TPS:DSD_TAX_WAGES_COMP@DF_TW_COMP(1.0),Labour taxation – OECD comparative indicators,I,DNK,Denmark,AV_TW,Average tax wedge,PT_COS_LB,Percentage of labour costs,S_C0,"Single person, no children",AW100,100% of average wage,_Z,Not applicable,A,Annual,2015,,35.892394,,2,Two,0,Units,A,Normal value,_Z,Not applicable
DATAFLOW,OECD.CTP.TPS:DSD_TAX_WAGES_COMP@DF_TW_COMP(1.0),Labour taxation – OECD comparative indicators,I,DNK,Denmark,AV_TW,Average tax wedge,PT_COS_LB,Percentage of labour costs,S_C0,"Single person, no children",AW100,100% of average wage,_Z,Not applicable,A,Annual,2014,,35.632274,,2,Two,0,Units,A,Normal value,_Z,Not applicable
DATAFLOW,OECD.CTP.TPS:DSD_TAX_WAGES_COMP@DF_TW_COMP(1.0),Labour taxation – OECD comparative indicators,I,DNK,Denmark,AV_TW,Average tax wedge,PT_COS_LB,Percentage of labour costs,S_C0,"Single person, no children",AW100,100% of average wage,_Z,Not applicable,A,Annual,2013,,35.79447,,2,Two,0,Units,A,Normal value,_Z,Not applicable
DATAFLOW,OECD.CTP.TPS:DSD_TAX_WAGES_COMP@DF_TW_COMP(1.0),Labour taxation – OECD comparative indicators,I,DNK,Denmark,AV_TW,Average tax wedge,PT_COS_LB,Percentage of labour costs,S_C0,"Single person, no children",AW100,100% of average wage,_Z,Not applicable,A,Annual,2012,,36.155981,,2,Two,0,Units,A,Normal value,_Z,Not applicable
DATAFLOW,OECD.CTP.TPS:DSD_TAX_WAGES_COMP@DF_TW_COMP(1.0),Labour taxation – OECD comparative indicators,I,DNK,Denmark,AV_TW,Average tax wedge,PT_COS_LB,Percentage of labour costs,S_C0,"Single person, no children",AW100,100% of average wage,_Z,Not applicable,A,Annual,2011,,36.082605,,2,Two,0,Units,A,Normal value,_Z,Not applicable
DATAFLOW,OECD.CTP.TPS:DSD_TAX_WAGES_COMP@DF_TW_COMP(1.0),Labour taxation – OECD comparative indicators,I,DNK,Denmark,AV_TW,Average tax wedge,PT_COS_LB,Percentage of labour costs,S_C0,"Single person, no children",AW100,100% of average wage,_Z,Not applicable,A,Annual,2010,,35.939591,,2,Two,0,Units,A,Normal value,_Z,Not applicable
DATAFLOW,OECD.CTP.TPS:DSD_TAX_WAGES_COMP@DF_TW_COMP(1.0),Labour taxation – OECD comparative indicators,I,DNK,Denmark,AV_TW,Average tax wedge,PT_COS_LB,Percentage of labour costs,S_C0,"Single person, no children",AW100,100% of average wage,_Z,Not applicable,A,Annual,2009,,37.188637,,2,Two,0,Units,A,Normal value,_Z,Not applicable
DATAFLOW,OECD.CTP.TPS:DSD_TAX_WAGES_COMP@DF_TW_COMP(1.0),Labour taxation – OECD comparative indicators,I,DNK,Denmark,AV_TW,Average tax wedge,PT_COS_LB,Percentage of labour costs,S_C0,"Single person, no children",AW100,100% of average wage,_Z,Not applicable,A,Annual,2008,,38.584203,,2,Two,0,Units,A,Normal value,_Z,Not applicable
DATAFLOW,OECD.CTP.TPS:DSD_TAX_WAGES_COMP@DF_TW_COMP(1.0),Labour taxation – OECD comparative indicators,I,NZL,New Zealand,AV_TW,Average tax wedge,PT_COS_LB,Percentage of labour costs,S_C0,"Single person, no children",AW100,100% of average wage,_Z,Not applicable,A,Annual,2023,,21.052789,,2,Two,0,Units,A,Normal value,_Z,Not applicable
DATAFLOW,OECD.CTP.TPS:DSD_TAX_WAGES_COMP@DF_TW_COMP(1.0),Labour taxation – OECD comparative indicators,I,NZL,New Zealand,AV_TW,Average tax wedge,PT_COS_LB,Percentage of labour costs,S_C0,"Single person, no children",AW100,100% of average wage,_Z,Not applicable,A,Annual,2006,,20.439708,,2,Two,0,Units,A,Normal value,_Z,Not applicable
DATAFLOW,OECD.CTP.TPS:DSD_TAX_WAGES_COMP@DF_TW_COMP(1.0),Labour taxation – OECD comparative indicators,I,NZL,New Zealand,AV_TW,Average tax wedge,PT_COS_LB,Percentage of labour costs,S_C0,"Single person, no children",AW100,100% of average wage,_Z,Not applicable,A,Annual,2005,,20.032028,,2,Two,0,Units,A,Normal value,_Z,Not applicable
DATAFLOW,OECD.CTP.TPS:DSD_TAX_WAGES_COMP@DF_TW_COMP(1.0),Labour taxation – OECD comparative indicators,I,NZL,New Zealand,AV_TW,Average tax wedge,PT_COS_LB,Percentage of labour costs,S_C0,"Single person, no children",AW100,100% of average wage,_Z,Not applicable,A,Annual,2004,,19.713631,,2,Two,0,Units,A,Normal value,_Z,Not applicable
DATAFLOW,OECD.CTP.TPS:DSD_TAX_WAGES_COMP@DF_TW_COMP(1.0),Labour taxation – OECD comparative indicators,I,NZL,New Zealand,AV_TW,Average tax wedge,PT_COS_LB,Percentage of labour costs,S_C0,"Single person, no children",AW100,100% of average wage,_Z,Not applicable,A,Annual,2003,,19.459168,,2,Two,0,Units,A,Normal value,_Z,Not applicable
DATAFLOW,OECD.CTP.TPS:DSD_TAX_WAGES_COMP@DF_TW_COMP(1.0),Labour taxation – OECD comparative indicators,I,NZL,New Zealand,AV_TW,Average tax wedge,PT_COS_LB,Percentage of labour costs,S_C0,"Single person, no children",AW100,100% of average wage,_Z,Not applicable,A,Annual,2002,,19.416535,,2,Two,0,Units,A,Normal value,_Z,Not applicable
DATAFLOW,OECD.CTP.TPS:DSD_TAX_WAGES_COMP@DF_TW_COMP(1.0),Labour taxation – OECD comparative indicators,I,NZL,New Zealand,AV_TW,Average tax wedge,PT_COS_LB,Percentage of labour costs,S_C0,"Single person, no children",AW100,100% of average wage,_Z,Not applicable,A,Annual,2001,,19.36221,,2,Two,0,Units,A,Normal value,_Z,Not applicable
DATAFLOW,OECD.CTP.TPS:DSD_TAX_WAGES_COMP@DF_TW_COMP(1.0),Labour taxation – OECD comparative indicators,I,NZL,New Zealand,AV_TW,Average tax wedge,PT_COS_LB,Percentage of labour costs,S_C0,"Single person, no children",AW100,100% of average wage,_Z,Not applicable,A,Annual,2000,,19.367838,,2,Two,0,Units,A,Normal value,_Z,Not applicable
DATAFLOW,OECD.CTP.TPS:DSD_TAX_WAGES_COMP@DF_TW_COMP(1.0),Labour taxation – OECD comparative indicators,I,NZL,New Zealand,AV_TW,Average tax wedge,PT_COS_LB,Percentage of labour costs,S_C0,"Single person, no children",AW100,100% of average wage,_Z,Not applicable,A,Annual,2022,,20.136624,,2,Two,0,Units,A,Normal value,_Z,Not applicable
DATAFLOW,OECD.CTP.TPS:DSD_TAX_WAGES_COMP@DF_TW_COMP(1.0),Labour taxation – OECD comparative indicators,I,NZL,New Zealand,AV_TW,Average tax wedge,PT_COS_LB,Percentage of labour costs,S_C0,"Single person, no children",AW100,100% of average wage,_Z,Not applicable,A,Annual,2021,,19.417348,,2,Two,0,Units,A,Normal value,_Z,Not applicable
DATAFLOW,OECD.CTP.TPS:DSD_TAX_WAGES_COMP@DF_TW_COMP(1.0),Labour taxation – OECD comparative indicators,I,NZL,New Zealand,AV_TW,Average tax wedge,PT_COS_LB,Percentage of labour costs,S_C0,"Single person, no children",AW100,100% of average wage,_Z,Not applicable,A,Annual,2020,,19.260547,,2,Two,0,Units,A,Normal value,_Z,Not applicable
DATAFLOW,OECD.CTP.TPS:DSD_TAX_WAGES_COMP@DF_TW_COMP(1.0),Labour taxation – OECD comparative indicators,I,NZL,New Zealand,AV_TW,Average tax wedge,PT_COS_LB,Percentage of labour costs,S_C0,"Single person, no children",AW100,100% of average wage,_Z,Not applicable,A,Annual,2019,,18.950626,,2,Two,0,Units,A,Normal value,_Z,Not applicable
DATAFLOW,OECD.CTP.TPS:DSD_TAX_WAGES_COMP@DF_TW_COMP(1.0),Labour taxation – OECD comparative indicators,I,NZL,New Zealand,AV_TW,Average tax wedge,PT_COS_LB,Percentage of labour costs,S_C0,"Single person, no children",AW100,100% of average wage,_Z,Not applicable,A,Annual,2018,,18.609475,,2,Two,0,Units,A,Normal value,_Z,Not applicable
DATAFLOW,OECD.CTP.TPS:DSD_TAX_WAGES_COMP@DF_TW_COMP(1.0),Labour taxation – OECD comparative indicators,I,NZL,New Zealand,AV_TW,Average tax wedge,PT_COS_LB,Percentage of labour costs,S_C0,"Single person, no children",AW100,100% of average wage,_Z,Not applicable,A,Annual,2017,,18.285249,,2,Two,0,Units,A,Normal value,_Z,Not applicable
DATAFLOW,OECD.CTP.TPS:DSD_TAX_WAGES_COMP@DF_TW_COMP(1.0),Labour taxation – OECD comparative indicators,I,NZL,New Zealand,AV_TW,Average tax wedge,PT_COS_LB,Percentage of labour costs,S_C0,"Single person, no children",AW100,100% of average wage,_Z,Not applicable,A,Annual,2016,,18.002131,,2,Two,0,Units,A,Normal value,_Z,Not applicable
DATAFLOW,OECD.CTP.TPS:DSD_TAX_WAGES_COMP@DF_TW_COMP(1.0),Labour taxation – OECD comparative indicators,I,NZL,New Zealand,AV_TW,Average tax wedge,PT_COS_LB,Percentage of labour costs,S_C0,"Single person, no children",AW100,100% of average wage,_Z,Not applicable,A,Annual,2015,,17.632008,,2,Two,0,Units,A,Normal value,_Z,Not applicable
DATAFLOW,OECD.CTP.TPS:DSD_TAX_WAGES_COMP@DF_TW_COMP(1.0),Labour taxation – OECD comparative indicators,I,NZL,New Zealand,AV_TW,Average tax wedge,PT_COS_LB,Percentage of labour costs,S_C0,"Single person, no children",AW100,100% of average wage,_Z,Not applicable,A,Annual,2014,,17.313243,,2,Two,0,Units,A,Normal value,_Z,Not applicable
DATAFLOW,OECD.CTP.TPS:DSD_TAX_WAGES_COMP@DF_TW_COMP(1.0),Labour taxation – OECD comparative indicators,I,NZL,New Zealand,AV_TW,Average tax wedge,PT_COS_LB,Percentage of labour costs,S_C0,"Single person, no children",AW100,100% of average wage,_Z,Not applicable,A,Annual,2013,,16.941066,,2,Two,0,Units,A,Normal value,_Z,Not applicable
DATAFLOW,OECD.CTP.TPS:DSD_TAX_WAGES_COMP@DF_TW_COMP(1.0),Labour taxation – OECD comparative indicators,I,NZL,New Zealand,AV_TW,Average tax wedge,PT_COS_LB,Percentage of labour costs,S_C0,"Single person, no children",AW100,100% of average wage,_Z,Not applicable,A,Annual,2012,,16.459485,,2,Two,0,Units,A,Normal value,_Z,Not applicable
DATAFLOW,OECD.CTP.TPS:DSD_TAX_WAGES_COMP@DF_TW_COMP(1.0),Labour taxation – OECD comparative indicators,I,NZL,New Zealand,AV_TW,Average tax wedge,PT_COS_LB,Percentage of labour costs,S_C0,"Single person, no children",AW100,100% of average wage,_Z,Not applicable,A,Annual,2011,,15.900699,,2,Two,0,Units,A,Normal value,_Z,Not applicable
DATAFLOW,OECD.CTP.TPS:DSD_TAX_WAGES_COMP@DF_TW_COMP(1.0),Labour taxation – OECD comparative indicators,I,NZL,New Zealand,AV_TW,Average tax wedge,PT_COS_LB,Percentage of labour costs,S_C0,"Single person, no children",AW100,100% of average wage,_Z,Not applicable,A,Annual,2010,,16.991699,,2,Two,0,Units,A,Normal value,_Z,Not applicable
DATAFLOW,OECD.CTP.TPS:DSD_TAX_WAGES_COMP@DF_TW_COMP(1.0),Labour taxation – OECD comparative indicators,I,NZL,New Zealand,AV_TW,Average tax wedge,PT_COS_LB,Percentage of labour costs,S_C0,"Single person, no children",AW100,100% of average wage,_Z,Not applicable,A,Annual,2009,,18.073907,,2,Two,0,Units,A,Normal value,_Z,Not applicable
DATAFLOW,OECD.CTP.TPS:DSD_TAX_WAGES_COMP@DF_TW_COMP(1.0),Labour taxation – OECD comparative indicators,I,NZL,New Zealand,AV_TW,Average tax wedge,PT_COS_LB,Percentage of labour costs,S_C0,"Single person, no children",AW100,100% of average wage,_Z,Not applicable,A,Annual,2008,,20.511511,,2,Two,0,Units,A,Normal value,_Z,Not applicable
DATAFLOW,OECD.CTP.TPS:DSD_TAX_WAGES_COMP@DF_TW_COMP(1.0),Labour taxation – OECD comparative indicators,I,CZE,Czechia,AV_TW,Average tax wedge,PT_COS_LB,Percentage of labour costs,S_C0,"Single person, no children",AW100,100% of average wage,_Z,Not applicable,A,Annual,2023,,40.219877,,2,Two,0,Units,A,Normal value,_Z,Not applicable
DATAFLOW,OECD.CTP.TPS:DSD_TAX_WAGES_COMP@DF_TW_COMP(1.0),Labour taxation – OECD comparative indicators,I,CZE,Czechia,AV_TW,Average tax wedge,PT_COS_LB,Percentage of labour costs,S_C0,"Single person, no children",AW100,100% of average wage,_Z,Not applicable,A,Annual,2006,,42.52621,,2,Two,0,Units,A,Normal value,_Z,Not applicable
DATAFLOW,OECD.CTP.TPS:DSD_TAX_WAGES_COMP@DF_TW_COMP(1.0),Labour taxation – OECD comparative indicators,I,CZE,Czechia,AV_TW,Average tax wedge,PT_COS_LB,Percentage of labour costs,S_C0,"Single person, no children",AW100,100% of average wage,_Z,Not applicable,A,Annual,2005,,43.729066,,2,Two,0,Units,A,Normal value,_Z,Not applicable
DATAFLOW,OECD.CTP.TPS:DSD_TAX_WAGES_COMP@DF_TW_COMP(1.0),Labour taxation – OECD comparative indicators,I,CZE,Czechia,AV_TW,Average tax wedge,PT_COS_LB,Percentage of labour costs,S_C0,"Single person, no children",AW100,100% of average wage,_Z,Not applicable,A,Annual,2004,,43.518341,,2,Two,0,Units,A,Normal value,_Z,Not applicable
DATAFLOW,OECD.CTP.TPS:DSD_TAX_WAGES_COMP@DF_TW_COMP(1.0),Labour taxation – OECD comparative indicators,I,CZE,Czechia,AV_TW,Average tax wedge,PT_COS_LB,Percentage of labour costs,S_C0,"Single person, no children",AW100,100% of average wage,_Z,Not applicable,A,Annual,2003,,43.212722,,2,Two,0,Units,A,Normal value,_Z,Not applicable
DATAFLOW,OECD.CTP.TPS:DSD_TAX_WAGES_COMP@DF_TW_COMP(1.0),Labour taxation – OECD comparative indicators,I,CZE,Czechia,AV_TW,Average tax wedge,PT_COS_LB,Percentage of labour costs,S_C0,"Single person, no children",AW100,100% of average wage,_Z,Not applicable,A,Annual,2002,,42.975246,,2,Two,0,Units,A,Normal value,_Z,Not applicable
DATAFLOW,OECD.CTP.TPS:DSD_TAX_WAGES_COMP@DF_TW_COMP(1.0),Labour taxation – OECD comparative indicators,I,CZE,Czechia,AV_TW,Average tax wedge,PT_COS_LB,Percentage of labour costs,S_C0,"Single person, no children",AW100,100% of average wage,_Z,Not applicable,A,Annual,2001,,42.587997,,2,Two,0,Units,A,Normal value,_Z,Not applicable
DATAFLOW,OECD.CTP.TPS:DSD_TAX_WAGES_COMP@DF_TW_COMP(1.0),Labour taxation – OECD comparative indicators,I,CZE,Czechia,AV_TW,Average tax wedge,PT_COS_LB,Percentage of labour costs,S_C0,"Single person, no children",AW100,100% of average wage,_Z,Not applicable,A,Annual,2000,,42.585757,,2,Two,0,Units,A,Normal value,_Z,Not applicable
DATAFLOW,OECD.CTP.TPS:DSD_TAX_WAGES_COMP@DF_TW_COMP(1.0),Labour taxation – OECD comparative indicators,I,CZE,Czechia,AV_TW,Average tax wedge,PT_COS_LB,Percentage of labour costs,S_C0,"Single person, no children",AW100,100% of average wage,_Z,Not applicable,A,Annual,2022,,39.887855,,2,Two,0,Units,A,Normal value,_Z,Not applicable
DATAFLOW,OECD.CTP.TPS:DSD_TAX_WAGES_COMP@DF_TW_COMP(1.0),Labour taxation – OECD comparative indicators,I,CZE,Czechia,AV_TW,Average tax wedge,PT_COS_LB,Percentage of labour costs,S_C0,"Single person, no children",AW100,100% of average wage,_Z,Not applicable,A,Annual,2021,,40.032582,,2,Two,0,Units,A,Normal value,_Z,Not applicable
DATAFLOW,OECD.CTP.TPS:DSD_TAX_WAGES_COMP@DF_TW_COMP(1.0),Labour taxation – OECD comparative indicators,I,CZE,Czechia,AV_TW,Average tax wedge,PT_COS_LB,Percentage of labour costs,S_C0,"Single person, no children",AW100,100% of average wage,_Z,Not applicable,A,Annual,2020,,44.09946,,2,Two,0,Units,A,Normal value,_Z,Not applicable
DATAFLOW,OECD.CTP.TPS:DSD_TAX_WAGES_COMP@DF_TW_COMP(1.0),Labour taxation – OECD comparative indicators,I,CZE,Czechia,AV_TW,Average tax wedge,PT_COS_LB,Percentage of labour costs,S_C0,"Single person, no children",AW100,100% of average wage,_Z,Not applicable,A,Annual,2019,,43.961141,,2,Two,0,Units,A,Normal value,_Z,Not applicable
DATAFLOW,OECD.CTP.TPS:DSD_TAX_WAGES_COMP@DF_TW_COMP(1.0),Labour taxation – OECD comparative indicators,I,CZE,Czechia,AV_TW,Average tax wedge,PT_COS_LB,Percentage of labour costs,S_C0,"Single person, no children",AW100,100% of average wage,_Z,Not applicable,A,Annual,2018,,43.741403,,2,Two,0,Units,A,Normal value,_Z,Not applicable
DATAFLOW,OECD.CTP.TPS:DSD_TAX_WAGES_COMP@DF_TW_COMP(1.0),Labour taxation – OECD comparative indicators,I,CZE,Czechia,AV_TW,Average tax wedge,PT_COS_LB,Percentage of labour costs,S_C0,"Single person, no children",AW100,100% of average wage,_Z,Not applicable,A,Annual,2017,,43.376412,,2,Two,0,Units,A,Normal value,_Z,Not applicable
DATAFLOW,OECD.CTP.TPS:DSD_TAX_WAGES_COMP@DF_TW_COMP(1.0),Labour taxation – OECD comparative indicators,I,CZE,Czechia,AV_TW,Average tax wedge,PT_COS_LB,Percentage of labour costs,S_C0,"Single person, no children",AW100,100% of average wage,_Z,Not applicable,A,Annual,2016,,43.042047,,2,Two,0,Units,A,Normal value,_Z,Not applicable
DATAFLOW,OECD.CTP.TPS:DSD_TAX_WAGES_COMP@DF_TW_COMP(1.0),Labour taxation – OECD comparative indicators,I,CZE,Czechia,AV_TW,Average tax wedge,PT_COS_LB,Percentage of labour costs,S_C0,"Single person, no children",AW100,100% of average wage,_Z,Not applicable,A,Annual,2015,,42.806506,,2,Two,0,Units,A,Normal value,_Z,Not applicable
DATAFLOW,OECD.CTP.TPS:DSD_TAX_WAGES_COMP@DF_TW_COMP(1.0),Labour taxation – OECD comparative indicators,I,CZE,Czechia,AV_TW,Average tax wedge,PT_COS_LB,Percentage of labour costs,S_C0,"Single person, no children",AW100,100% of average wage,_Z,Not applicable,A,Annual,2014,,42.630017,,2,Two,0,Units,A,Normal value,_Z,Not applicable
DATAFLOW,OECD.CTP.TPS:DSD_TAX_WAGES_COMP@DF_TW_COMP(1.0),Labour taxation – OECD comparative indicators,I,CZE,Czechia,AV_TW,Average tax wedge,PT_COS_LB,Percentage of labour costs,S_C0,"Single person, no children",AW100,100% of average wage,_Z,Not applicable,A,Annual,2013,,42.450424,,2,Two,0,Units,A,Normal value,_Z,Not applicable
DATAFLOW,OECD.CTP.TPS:DSD_TAX_WAGES_COMP@DF_TW_COMP(1.0),Labour taxation – OECD comparative indicators,I,CZE,Czechia,AV_TW,Average tax wedge,PT_COS_LB,Percentage of labour costs,S_C0,"Single person, no children",AW100,100% of average wage,_Z,Not applicable,A,Annual,2012,,42.480717,,2,Two,0,Units,A,Normal value,_Z,Not applicable
DATAFLOW,OECD.CTP.TPS:DSD_TAX_WAGES_COMP@DF_TW_COMP(1.0),Labour taxation – OECD comparative indicators,I,CZE,Czechia,AV_TW,Average tax wedge,PT_COS_LB,Percentage of labour costs,S_C0,"Single person, no children",AW100,100% of average wage,_Z,Not applicable,A,Annual,2011,,42.623515,,2,Two,0,Units,A,Normal value,_Z,Not applicable
DATAFLOW,OECD.CTP.TPS:DSD_TAX_WAGES_COMP@DF_TW_COMP(1.0),Labour taxation – OECD comparative indicators,I,CZE,Czechia,AV_TW,Average tax wedge,PT_COS_LB,Percentage of labour costs,S_C0,"Single person, no children",AW100,100% of average wage,_Z,Not applicable,A,Annual,2010,,42.147489,,2,Two,0,Units,A,Normal value,_Z,Not applicable
DATAFLOW,OECD.CTP.TPS:DSD_TAX_WAGES_COMP@DF_TW_COMP(1.0),Labour taxation – OECD comparative indicators,I,CZE,Czechia,AV_TW,Average tax wedge,PT_COS_LB,Percentage of labour costs,S_C0,"Single person, no children",AW100,100% of average wage,_Z,Not applicable,A,Annual,2009,,41.963913,,2,Two,0,Units,A,Normal value,_Z,Not applicable
DATAFLOW,OECD.CTP.TPS:DSD_TAX_WAGES_COMP@DF_TW_COMP(1.0),Labour taxation – OECD comparative indicators,I,CZE,Czechia,AV_TW,Average tax wedge,PT_COS_LB,Percentage of labour costs,S_C0,"Single person, no children",AW100,100% of average wage,_Z,Not applicable,A,Annual,2008,,43.436606,,2,Two,0,Units,A,Normal value,_Z,Not applicable
DATAFLOW,OECD.CTP.TPS:DSD_TAX_WAGES_COMP@DF_TW_COMP(1.0),Labour taxation – OECD comparative indicators,I,SVN,Slovenia,AV_TW,Average tax wedge,PT_COS_LB,Percentage of labour costs,S_C0,"Single person, no children",AW100,100% of average wage,_Z,Not applicable,A,Annual,2023,,43.32113,,2,Two,0,Units,A,Normal value,_Z,Not applicable
DATAFLOW,OECD.CTP.TPS:DSD_TAX_WAGES_COMP@DF_TW_COMP(1.0),Labour taxation – OECD comparative indicators,I,SVN,Slovenia,AV_TW,Average tax wedge,PT_COS_LB,Percentage of labour costs,S_C0,"Single person, no children",AW100,100% of average wage,_Z,Not applicable,A,Annual,2006,,45.293668,,2,Two,0,Units,A,Normal value,_Z,Not applicable
DATAFLOW,OECD.CTP.TPS:DSD_TAX_WAGES_COMP@DF_TW_COMP(1.0),Labour taxation – OECD comparative indicators,I,SVN,Slovenia,AV_TW,Average tax wedge,PT_COS_LB,Percentage of labour costs,S_C0,"Single person, no children",AW100,100% of average wage,_Z,Not applicable,A,Annual,2005,,45.550904,,2,Two,0,Units,A,Normal value,_Z,Not applicable
DATAFLOW,OECD.CTP.TPS:DSD_TAX_WAGES_COMP@DF_TW_COMP(1.0),Labour taxation – OECD comparative indicators,I,SVN,Slovenia,AV_TW,Average tax wedge,PT_COS_LB,Percentage of labour costs,S_C0,"Single person, no children",AW100,100% of average wage,_Z,Not applicable,A,Annual,2004,,46.277781,,2,Two,0,Units,A,Normal value,_Z,Not applicable
DATAFLOW,OECD.CTP.TPS:DSD_TAX_WAGES_COMP@DF_TW_COMP(1.0),Labour taxation – OECD comparative indicators,I,SVN,Slovenia,AV_TW,Average tax wedge,PT_COS_LB,Percentage of labour costs,S_C0,"Single person, no children",AW100,100% of average wage,_Z,Not applicable,A,Annual,2003,,46.156228,,2,Two,0,Units,A,Normal value,_Z,Not applicable
DATAFLOW,OECD.CTP.TPS:DSD_TAX_WAGES_COMP@DF_TW_COMP(1.0),Labour taxation – OECD comparative indicators,I,SVN,Slovenia,AV_TW,Average tax wedge,PT_COS_LB,Percentage of labour costs,S_C0,"Single person, no children",AW100,100% of average wage,_Z,Not applicable,A,Annual,2002,,46.070724,,2,Two,0,Units,A,Normal value,_Z,Not applicable
DATAFLOW,OECD.CTP.TPS:DSD_TAX_WAGES_COMP@DF_TW_COMP(1.0),Labour taxation – OECD comparative indicators,I,SVN,Slovenia,AV_TW,Average tax wedge,PT_COS_LB,Percentage of labour costs,S_C0,"Single person, no children",AW100,100% of average wage,_Z,Not applicable,A,Annual,2001,,46.153982,,2,Two,0,Units,A,Normal value,_Z,Not applicable
DATAFLOW,OECD.CTP.TPS:DSD_TAX_WAGES_COMP@DF_TW_COMP(1.0),Labour taxation – OECD comparative indicators,I,SVN,Slovenia,AV_TW,Average tax wedge,PT_COS_LB,Percentage of labour costs,S_C0,"Single person, no children",AW100,100% of average wage,_Z,Not applicable,A,Annual,2000,,46.251725,,2,Two,0,Units,A,Normal value,_Z,Not applicable
DATAFLOW,OECD.CTP.TPS:DSD_TAX_WAGES_COMP@DF_TW_COMP(1.0),Labour taxation – OECD comparative indicators,I,SVN,Slovenia,AV_TW,Average tax wedge,PT_COS_LB,Percentage of labour costs,S_C0,"Single person, no children",AW100,100% of average wage,_Z,Not applicable,A,Annual,2022,,42.892647,,2,Two,0,Units,A,Normal value,_Z,Not applicable
DATAFLOW,OECD.CTP.TPS:DSD_TAX_WAGES_COMP@DF_TW_COMP(1.0),Labour taxation – OECD comparative indicators,I,SVN,Slovenia,AV_TW,Average tax wedge,PT_COS_LB,Percentage of labour costs,S_C0,"Single person, no children",AW100,100% of average wage,_Z,Not applicable,A,Annual,2021,,43.542739,,2,Two,0,Units,A,Normal value,_Z,Not applicable
DATAFLOW,OECD.CTP.TPS:DSD_TAX_WAGES_COMP@DF_TW_COMP(1.0),Labour taxation – OECD comparative indicators,I,SVN,Slovenia,AV_TW,Average tax wedge,PT_COS_LB,Percentage of labour costs,S_C0,"Single person, no children",AW100,100% of average wage,_Z,Not applicable,A,Annual,2020,,43.147755,,2,Two,0,Units,A,Normal value,_Z,Not applicable
DATAFLOW,OECD.CTP.TPS:DSD_TAX_WAGES_COMP@DF_TW_COMP(1.0),Labour taxation – OECD comparative indicators,I,SVN,Slovenia,AV_TW,Average tax wedge,PT_COS_LB,Percentage of labour costs,S_C0,"Single person, no children",AW100,100% of average wage,_Z,Not applicable,A,Annual,2019,,43.478565,,2,Two,0,Units,A,Normal value,_Z,Not applicable
DATAFLOW,OECD.CTP.TPS:DSD_TAX_WAGES_COMP@DF_TW_COMP(1.0),Labour taxation – OECD comparative indicators,I,SVN,Slovenia,AV_TW,Average tax wedge,PT_COS_LB,Percentage of labour costs,S_C0,"Single person, no children",AW100,100% of average wage,_Z,Not applicable,A,Annual,2018,,43.21038,,2,Two,0,Units,A,Normal value,_Z,Not applicable
DATAFLOW,OECD.CTP.TPS:DSD_TAX_WAGES_COMP@DF_TW_COMP(1.0),Labour taxation – OECD comparative indicators,I,SVN,Slovenia,AV_TW,Average tax wedge,PT_COS_LB,Percentage of labour costs,S_C0,"Single person, no children",AW100,100% of average wage,_Z,Not applicable,A,Annual,2017,,42.907803,,2,Two,0,Units,A,Normal value,_Z,Not applicable
DATAFLOW,OECD.CTP.TPS:DSD_TAX_WAGES_COMP@DF_TW_COMP(1.0),Labour taxation – OECD comparative indicators,I,SVN,Slovenia,AV_TW,Average tax wedge,PT_COS_LB,Percentage of labour costs,S_C0,"Single person, no children",AW100,100% of average wage,_Z,Not applicable,A,Annual,2016,,42.686203,,2,Two,0,Units,A,Normal value,_Z,Not applicable
DATAFLOW,OECD.CTP.TPS:DSD_TAX_WAGES_COMP@DF_TW_COMP(1.0),Labour taxation – OECD comparative indicators,I,SVN,Slovenia,AV_TW,Average tax wedge,PT_COS_LB,Percentage of labour costs,S_C0,"Single person, no children",AW100,100% of average wage,_Z,Not applicable,A,Annual,2015,,42.572902,,2,Two,0,Units,A,Normal value,_Z,Not applicable
DATAFLOW,OECD.CTP.TPS:DSD_TAX_WAGES_COMP@DF_TW_COMP(1.0),Labour taxation – OECD comparative indicators,I,SVN,Slovenia,AV_TW,Average tax wedge,PT_COS_LB,Percentage of labour costs,S_C0,"Single person, no children",AW100,100% of average wage,_Z,Not applicable,A,Annual,2014,,42.505138,,2,Two,0,Units,A,Normal value,_Z,Not applicable
DATAFLOW,OECD.CTP.TPS:DSD_TAX_WAGES_COMP@DF_TW_COMP(1.0),Labour taxation – OECD comparative indicators,I,SVN,Slovenia,AV_TW,Average tax wedge,PT_COS_LB,Percentage of labour costs,S_C0,"Single person, no children",AW100,100% of average wage,_Z,Not applicable,A,Annual,2013,,42.372659,,2,Two,0,Units,A,Normal value,_Z,Not applicable
DATAFLOW,OECD.CTP.TPS:DSD_TAX_WAGES_COMP@DF_TW_COMP(1.0),Labour taxation – OECD comparative indicators,I,SVN,Slovenia,AV_TW,Average tax wedge,PT_COS_LB,Percentage of labour costs,S_C0,"Single person, no children",AW100,100% of average wage,_Z,Not applicable,A,Annual,2012,,42.50224,,2,Two,0,Units,A,Normal value,_Z,Not applicable
DATAFLOW,OECD.CTP.TPS:DSD_TAX_WAGES_COMP@DF_TW_COMP(1.0),Labour taxation – OECD comparative indicators,I,SVN,Slovenia,AV_TW,Average tax wedge,PT_COS_LB,Percentage of labour costs,S_C0,"Single person, no children",AW100,100% of average wage,_Z,Not applicable,A,Annual,2011,,42.647217,,2,Two,0,Units,A,Normal value,_Z,Not applicable
DATAFLOW,OECD.CTP.TPS:DSD_TAX_WAGES_COMP@DF_TW_COMP(1.0),Labour taxation – OECD comparative indicators,I,SVN,Slovenia,AV_TW,Average tax wedge,PT_COS_LB,Percentage of labour costs,S_C0,"Single person, no children",AW100,100% of average wage,_Z,Not applicable,A,Annual,2010,,42.539289,,2,Two,0,Units,A,Normal value,_Z,Not applicable
DATAFLOW,OECD.CTP.TPS:DSD_TAX_WAGES_COMP@DF_TW_COMP(1.0),Labour taxation – OECD comparative indicators,I,SVN,Slovenia,AV_TW,Average tax wedge,PT_COS_LB,Percentage of labour costs,S_C0,"Single person, no children",AW100,100% of average wage,_Z,Not applicable,A,Annual,2009,,42.239052,,2,Two,0,Units,A,Normal value,_Z,Not applicable
DATAFLOW,OECD.CTP.TPS:DSD_TAX_WAGES_COMP@DF_TW_COMP(1.0),Labour taxation – OECD comparative indicators,I,SVN,Slovenia,AV_TW,Average tax wedge,PT_COS_LB,Percentage of labour costs,S_C0,"Single person, no children",AW100,100% of average wage,_Z,Not applicable,A,Annual,2008,,42.876682,,2,Two,0,Units,A,Normal value,_Z,Not applicable
DATAFLOW,OECD.CTP.TPS:DSD_TAX_WAGES_COMP@DF_TW_COMP(1.0),Labour taxation – OECD comparative indicators,I,DEU,Germany,AV_TW,Average tax wedge,PT_COS_LB,Percentage of labour costs,S_C0,"Single person, no children",AW100,100% of average wage,_Z,Not applicable,A,Annual,2023,,47.853007,,2,Two,0,Units,A,Normal value,_Z,Not applicable
DATAFLOW,OECD.CTP.TPS:DSD_TAX_WAGES_COMP@DF_TW_COMP(1.0),Labour taxation – OECD comparative indicators,I,DEU,Germany,AV_TW,Average tax wedge,PT_COS_LB,Percentage of labour costs,S_C0,"Single person, no children",AW100,100% of average wage,_Z,Not applicable,A,Annual,2006,,52.314298,,2,Two,0,Units,A,Normal value,_Z,Not applicable
DATAFLOW,OECD.CTP.TPS:DSD_TAX_WAGES_COMP@DF_TW_COMP(1.0),Labour taxation – OECD comparative indicators,I,DEU,Germany,AV_TW,Average tax wedge,PT_COS_LB,Percentage of labour costs,S_C0,"Single person, no children",AW100,100% of average wage,_Z,Not applicable,A,Annual,2005,,52.134375,,2,Two,0,Units,A,Normal value,_Z,Not applicable
DATAFLOW,OECD.CTP.TPS:DSD_TAX_WAGES_COMP@DF_TW_COMP(1.0),Labour taxation – OECD comparative indicators,I,DEU,Germany,AV_TW,Average tax wedge,PT_COS_LB,Percentage of labour costs,S_C0,"Single person, no children",AW100,100% of average wage,_Z,Not applicable,A,Annual,2004,,52.235619,,2,Two,0,Units,A,Normal value,_Z,Not applicable
DATAFLOW,OECD.CTP.TPS:DSD_TAX_WAGES_COMP@DF_TW_COMP(1.0),Labour taxation – OECD comparative indicators,I,DEU,Germany,AV_TW,Average tax wedge,PT_COS_LB,Percentage of labour costs,S_C0,"Single person, no children",AW100,100% of average wage,_Z,Not applicable,A,Annual,2003,,53.196448,,2,Two,0,Units,A,Normal value,_Z,Not applicable
DATAFLOW,OECD.CTP.TPS:DSD_TAX_WAGES_COMP@DF_TW_COMP(1.0),Labour taxation – OECD comparative indicators,I,DEU,Germany,AV_TW,Average tax wedge,PT_COS_LB,Percentage of labour costs,S_C0,"Single person, no children",AW100,100% of average wage,_Z,Not applicable,A,Annual,2002,,52.474167,,2,Two,0,Units,A,Normal value,_Z,Not applicable
DATAFLOW,OECD.CTP.TPS:DSD_TAX_WAGES_COMP@DF_TW_COMP(1.0),Labour taxation – OECD comparative indicators,I,DEU,Germany,AV_TW,Average tax wedge,PT_COS_LB,Percentage of labour costs,S_C0,"Single person, no children",AW100,100% of average wage,_Z,Not applicable,A,Annual,2001,,51.909506,,2,Two,0,Units,A,Normal value,_Z,Not applicable
DATAFLOW,OECD.CTP.TPS:DSD_TAX_WAGES_COMP@DF_TW_COMP(1.0),Labour taxation – OECD comparative indicators,I,DEU,Germany,AV_TW,Average tax wedge,PT_COS_LB,Percentage of labour costs,S_C0,"Single person, no children",AW100,100% of average wage,_Z,Not applicable,A,Annual,2000,,52.863749,,2,Two,0,Units,A,Normal value,_Z,Not applicable
DATAFLOW,OECD.CTP.TPS:DSD_TAX_WAGES_COMP@DF_TW_COMP(1.0),Labour taxation – OECD comparative indicators,I,DEU,Germany,AV_TW,Average tax wedge,PT_COS_LB,Percentage of labour costs,S_C0,"Single person, no children",AW100,100% of average wage,_Z,Not applicable,A,Annual,2022,,48.341874,,2,Two,0,Units,A,Normal value,_Z,Not applicable
DATAFLOW,OECD.CTP.TPS:DSD_TAX_WAGES_COMP@DF_TW_COMP(1.0),Labour taxation – OECD comparative indicators,I,DEU,Germany,AV_TW,Average tax wedge,PT_COS_LB,Percentage of labour costs,S_C0,"Single person, no children",AW100,100% of average wage,_Z,Not applicable,A,Annual,2021,,48.14229,,2,Two,0,Units,A,Normal value,_Z,Not applicable
DATAFLOW,OECD.CTP.TPS:DSD_TAX_WAGES_COMP@DF_TW_COMP(1.0),Labour taxation – OECD comparative indicators,I,DEU,Germany,AV_TW,Average tax wedge,PT_COS_LB,Percentage of labour costs,S_C0,"Single person, no children",AW100,100% of average wage,_Z,Not applicable,A,Annual,2020,,48.814419,,2,Two,0,Units,A,Normal value,_Z,Not applicable
DATAFLOW,OECD.CTP.TPS:DSD_TAX_WAGES_COMP@DF_TW_COMP(1.0),Labour taxation – OECD comparative indicators,I,DEU,Germany,AV_TW,Average tax wedge,PT_COS_LB,Percentage of labour costs,S_C0,"Single person, no children",AW100,100% of average wage,_Z,Not applicable,A,Annual,2019,,49.272451,,2,Two,0,Units,A,Normal value,_Z,Not applicable
DATAFLOW,OECD.CTP.TPS:DSD_TAX_WAGES_COMP@DF_TW_COMP(1.0),Labour taxation – OECD comparative indicators,I,DEU,Germany,AV_TW,Average tax wedge,PT_COS_LB,Percentage of labour costs,S_C0,"Single person, no children",AW100,100% of average wage,_Z,Not applicable,A,Annual,2018,,49.469332,,2,Two,0,Units,A,Normal value,_Z,Not applicable
DATAFLOW,OECD.CTP.TPS:DSD_TAX_WAGES_COMP@DF_TW_COMP(1.0),Labour taxation – OECD comparative indicators,I,DEU,Germany,AV_TW,Average tax wedge,PT_COS_LB,Percentage of labour costs,S_C0,"Single person, no children",AW100,100% of average wage,_Z,Not applicable,A,Annual,2017,,49.539002,,2,Two,0,Units,A,Normal value,_Z,Not applicable
DATAFLOW,OECD.CTP.TPS:DSD_TAX_WAGES_COMP@DF_TW_COMP(1.0),Labour taxation – OECD comparative indicators,I,DEU,Germany,AV_TW,Average tax wedge,PT_COS_LB,Percentage of labour costs,S_C0,"Single person, no children",AW100,100% of average wage,_Z,Not applicable,A,Annual,2016,,49.497071,,2,Two,0,Units,A,Normal value,_Z,Not applicable
DATAFLOW,OECD.CTP.TPS:DSD_TAX_WAGES_COMP@DF_TW_COMP(1.0),Labour taxation – OECD comparative indicators,I,DEU,Germany,AV_TW,Average tax wedge,PT_COS_LB,Percentage of labour costs,S_C0,"Single person, no children",AW100,100% of average wage,_Z,Not applicable,A,Annual,2015,,49.449011,,2,Two,0,Units,A,Normal value,_Z,Not applicable
DATAFLOW,OECD.CTP.TPS:DSD_TAX_WAGES_COMP@DF_TW_COMP(1.0),Labour taxation – OECD comparative indicators,I,DEU,Germany,AV_TW,Average tax wedge,PT_COS_LB,Percentage of labour costs,S_C0,"Single person, no children",AW100,100% of average wage,_Z,Not applicable,A,Annual,2014,,49.314137,,2,Two,0,Units,A,Normal value,_Z,Not applicable
DATAFLOW,OECD.CTP.TPS:DSD_TAX_WAGES_COMP@DF_TW_COMP(1.0),Labour taxation – OECD comparative indicators,I,DEU,Germany,AV_TW,Average tax wedge,PT_COS_LB,Percentage of labour costs,S_C0,"Single person, no children",AW100,100% of average wage,_Z,Not applicable,A,Annual,2013,,49.264716,,2,Two,0,Units,A,Normal value,_Z,Not applicable
DATAFLOW,OECD.CTP.TPS:DSD_TAX_WAGES_COMP@DF_TW_COMP(1.0),Labour taxation – OECD comparative indicators,I,DEU,Germany,AV_TW,Average tax wedge,PT_COS_LB,Percentage of labour costs,S_C0,"Single person, no children",AW100,100% of average wage,_Z,Not applicable,A,Annual,2012,,49.653493,,2,Two,0,Units,A,Normal value,_Z,Not applicable
DATAFLOW,OECD.CTP.TPS:DSD_TAX_WAGES_COMP@DF_TW_COMP(1.0),Labour taxation – OECD comparative indicators,I,DEU,Germany,AV_TW,Average tax wedge,PT_COS_LB,Percentage of labour costs,S_C0,"Single person, no children",AW100,100% of average wage,_Z,Not applicable,A,Annual,2011,,49.676747,,2,Two,0,Units,A,Normal value,_Z,Not applicable
DATAFLOW,OECD.CTP.TPS:DSD_TAX_WAGES_COMP@DF_TW_COMP(1.0),Labour taxation – OECD comparative indicators,I,DEU,Germany,AV_TW,Average tax wedge,PT_COS_LB,Percentage of labour costs,S_C0,"Single person, no children",AW100,100% of average wage,_Z,Not applicable,A,Annual,2010,,49.049591,,2,Two,0,Units,A,Normal value,_Z,Not applicable
DATAFLOW,OECD.CTP.TPS:DSD_TAX_WAGES_COMP@DF_TW_COMP(1.0),Labour taxation – OECD comparative indicators,I,DEU,Germany,AV_TW,Average tax wedge,PT_COS_LB,Percentage of labour costs,S_C0,"Single person, no children",AW100,100% of average wage,_Z,Not applicable,A,Annual,2009,,50.789115,,2,Two,0,Units,A,Normal value,_Z,Not applicable
DATAFLOW,OECD.CTP.TPS:DSD_TAX_WAGES_COMP@DF_TW_COMP(1.0),Labour taxation – OECD comparative indicators,I,DEU,Germany,AV_TW,Average tax wedge,PT_COS_LB,Percentage of labour costs,S_C0,"Single person, no children",AW100,100% of average wage,_Z,Not applicable,A,Annual,2008,,51.343991,,2,Two,0,Units,A,Normal value,_Z,Not applicable
DATAFLOW,OECD.CTP.TPS:DSD_TAX_WAGES_COMP@DF_TW_COMP(1.0),Labour taxation – OECD comparative indicators,I,SWE,Sweden,AV_TW,Average tax wedge,PT_COS_LB,Percentage of labour costs,S_C0,"Single person, no children",AW100,100% of average wage,_Z,Not applicable,A,Annual,2023,,42.094422,,2,Two,0,Units,A,Normal value,_Z,Not applicable
DATAFLOW,OECD.CTP.TPS:DSD_TAX_WAGES_COMP@DF_TW_COMP(1.0),Labour taxation – OECD comparative indicators,I,SWE,Sweden,AV_TW,Average tax wedge,PT_COS_LB,Percentage of labour costs,S_C0,"Single person, no children",AW100,100% of average wage,_Z,Not applicable,A,Annual,2006,,47.75037,,2,Two,0,Units,A,Normal value,_Z,Not applicable
DATAFLOW,OECD.CTP.TPS:DSD_TAX_WAGES_COMP@DF_TW_COMP(1.0),Labour taxation – OECD comparative indicators,I,SWE,Sweden,AV_TW,Average tax wedge,PT_COS_LB,Percentage of labour costs,S_C0,"Single person, no children",AW100,100% of average wage,_Z,Not applicable,A,Annual,2005,,48.05073,,2,Two,0,Units,A,Normal value,_Z,Not applicable
DATAFLOW,OECD.CTP.TPS:DSD_TAX_WAGES_COMP@DF_TW_COMP(1.0),Labour taxation – OECD comparative indicators,I,SWE,Sweden,AV_TW,Average tax wedge,PT_COS_LB,Percentage of labour costs,S_C0,"Single person, no children",AW100,100% of average wage,_Z,Not applicable,A,Annual,2004,,48.39539,,2,Two,0,Units,A,Normal value,_Z,Not applicable
DATAFLOW,OECD.CTP.TPS:DSD_TAX_WAGES_COMP@DF_TW_COMP(1.0),Labour taxation – OECD comparative indicators,I,SWE,Sweden,AV_TW,Average tax wedge,PT_COS_LB,Percentage of labour costs,S_C0,"Single person, no children",AW100,100% of average wage,_Z,Not applicable,A,Annual,2003,,48.229722,,2,Two,0,Units,A,Normal value,_Z,Not applicable
DATAFLOW,OECD.CTP.TPS:DSD_TAX_WAGES_COMP@DF_TW_COMP(1.0),Labour taxation – OECD comparative indicators,I,SWE,Sweden,AV_TW,Average tax wedge,PT_COS_LB,Percentage of labour costs,S_C0,"Single person, no children",AW100,100% of average wage,_Z,Not applicable,A,Annual,2002,,47.768617,,2,Two,0,Units,A,Normal value,_Z,Not applicable
DATAFLOW,OECD.CTP.TPS:DSD_TAX_WAGES_COMP@DF_TW_COMP(1.0),Labour taxation – OECD comparative indicators,I,SWE,Sweden,AV_TW,Average tax wedge,PT_COS_LB,Percentage of labour costs,S_C0,"Single person, no children",AW100,100% of average wage,_Z,Not applicable,A,Annual,2001,,49.099191,,2,Two,0,Units,A,Normal value,_Z,Not applicable
DATAFLOW,OECD.CTP.TPS:DSD_TAX_WAGES_COMP@DF_TW_COMP(1.0),Labour taxation – OECD comparative indicators,I,SWE,Sweden,AV_TW,Average tax wedge,PT_COS_LB,Percentage of labour costs,S_C0,"Single person, no children",AW100,100% of average wage,_Z,Not applicable,A,Annual,2000,,50.139717,,2,Two,0,Units,A,Normal value,_Z,Not applicable
DATAFLOW,OECD.CTP.TPS:DSD_TAX_WAGES_COMP@DF_TW_COMP(1.0),Labour taxation – OECD comparative indicators,I,SWE,Sweden,AV_TW,Average tax wedge,PT_COS_LB,Percentage of labour costs,S_C0,"Single person, no children",AW100,100% of average wage,_Z,Not applicable,A,Annual,2022,,42.358594,,2,Two,0,Units,A,Normal value,_Z,Not applicable
DATAFLOW,OECD.CTP.TPS:DSD_TAX_WAGES_COMP@DF_TW_COMP(1.0),Labour taxation – OECD comparative indicators,I,SWE,Sweden,AV_TW,Average tax wedge,PT_COS_LB,Percentage of labour costs,S_C0,"Single person, no children",AW100,100% of average wage,_Z,Not applicable,A,Annual,2021,,42.475808,,2,Two,0,Units,A,Normal value,_Z,Not applicable
DATAFLOW,OECD.CTP.TPS:DSD_TAX_WAGES_COMP@DF_TW_COMP(1.0),Labour taxation – OECD comparative indicators,I,SWE,Sweden,AV_TW,Average tax wedge,PT_COS_LB,Percentage of labour costs,S_C0,"Single person, no children",AW100,100% of average wage,_Z,Not applicable,A,Annual,2020,,42.651791,,2,Two,0,Units,A,Normal value,_Z,Not applicable
DATAFLOW,OECD.CTP.TPS:DSD_TAX_WAGES_COMP@DF_TW_COMP(1.0),Labour taxation – OECD comparative indicators,I,SWE,Sweden,AV_TW,Average tax wedge,PT_COS_LB,Percentage of labour costs,S_C0,"Single person, no children",AW100,100% of average wage,_Z,Not applicable,A,Annual,2019,,42.584043,,2,Two,0,Units,A,Normal value,_Z,Not applicable
DATAFLOW,OECD.CTP.TPS:DSD_TAX_WAGES_COMP@DF_TW_COMP(1.0),Labour taxation – OECD comparative indicators,I,SWE,Sweden,AV_TW,Average tax wedge,PT_COS_LB,Percentage of labour costs,S_C0,"Single person, no children",AW100,100% of average wage,_Z,Not applicable,A,Annual,2018,,42.990505,,2,Two,0,Units,A,Normal value,_Z,Not applicable
DATAFLOW,OECD.CTP.TPS:DSD_TAX_WAGES_COMP@DF_TW_COMP(1.0),Labour taxation – OECD comparative indicators,I,SWE,Sweden,AV_TW,Average tax wedge,PT_COS_LB,Percentage of labour costs,S_C0,"Single person, no children",AW100,100% of average wage,_Z,Not applicable,A,Annual,2017,,42.933366,,2,Two,0,Units,A,Normal value,_Z,Not applicable
DATAFLOW,OECD.CTP.TPS:DSD_TAX_WAGES_COMP@DF_TW_COMP(1.0),Labour taxation – OECD comparative indicators,I,SWE,Sweden,AV_TW,Average tax wedge,PT_COS_LB,Percentage of labour costs,S_C0,"Single person, no children",AW100,100% of average wage,_Z,Not applicable,A,Annual,2016,,42.842793,,2,Two,0,Units,A,Normal value,_Z,Not applicable
DATAFLOW,OECD.CTP.TPS:DSD_TAX_WAGES_COMP@DF_TW_COMP(1.0),Labour taxation – OECD comparative indicators,I,SWE,Sweden,AV_TW,Average tax wedge,PT_COS_LB,Percentage of labour costs,S_C0,"Single person, no children",AW100,100% of average wage,_Z,Not applicable,A,Annual,2015,,42.612492,,2,Two,0,Units,A,Normal value,_Z,Not applicable
DATAFLOW,OECD.CTP.TPS:DSD_TAX_WAGES_COMP@DF_TW_COMP(1.0),Labour taxation – OECD comparative indicators,I,SWE,Sweden,AV_TW,Average tax wedge,PT_COS_LB,Percentage of labour costs,S_C0,"Single person, no children",AW100,100% of average wage,_Z,Not applicable,A,Annual,2014,,42.46309,,2,Two,0,Units,A,Normal value,_Z,Not applicable
DATAFLOW,OECD.CTP.TPS:DSD_TAX_WAGES_COMP@DF_TW_COMP(1.0),Labour taxation – OECD comparative indicators,I,SWE,Sweden,AV_TW,Average tax wedge,PT_COS_LB,Percentage of labour costs,S_C0,"Single person, no children",AW100,100% of average wage,_Z,Not applicable,A,Annual,2013,,43.010853,,2,Two,0,Units,A,Normal value,_Z,Not applicable
DATAFLOW,OECD.CTP.TPS:DSD_TAX_WAGES_COMP@DF_TW_COMP(1.0),Labour taxation – OECD comparative indicators,I,SWE,Sweden,AV_TW,Average tax wedge,PT_COS_LB,Percentage of labour costs,S_C0,"Single person, no children",AW100,100% of average wage,_Z,Not applicable,A,Annual,2012,,42.85535,,2,Two,0,Units,A,Normal value,_Z,Not applicable
DATAFLOW,OECD.CTP.TPS:DSD_TAX_WAGES_COMP@DF_TW_COMP(1.0),Labour taxation – OECD comparative indicators,I,SWE,Sweden,AV_TW,Average tax wedge,PT_COS_LB,Percentage of labour costs,S_C0,"Single person, no children",AW100,100% of average wage,_Z,Not applicable,A,Annual,2011,,42.814102,,2,Two,0,Units,A,Normal value,_Z,Not applicable
DATAFLOW,OECD.CTP.TPS:DSD_TAX_WAGES_COMP@DF_TW_COMP(1.0),Labour taxation – OECD comparative indicators,I,SWE,Sweden,AV_TW,Average tax wedge,PT_COS_LB,Percentage of labour costs,S_C0,"Single person, no children",AW100,100% of average wage,_Z,Not applicable,A,Annual,2010,,42.756325,,2,Two,0,Units,A,Normal value,_Z,Not applicable
DATAFLOW,OECD.CTP.TPS:DSD_TAX_WAGES_COMP@DF_TW_COMP(1.0),Labour taxation – OECD comparative indicators,I,SWE,Sweden,AV_TW,Average tax wedge,PT_COS_LB,Percentage of labour costs,S_C0,"Single person, no children",AW100,100% of average wage,_Z,Not applicable,A,Annual,2009,,43.233667,,2,Two,0,Units,A,Normal value,_Z,Not applicable
DATAFLOW,OECD.CTP.TPS:DSD_TAX_WAGES_COMP@DF_TW_COMP(1.0),Labour taxation – OECD comparative indicators,I,SWE,Sweden,AV_TW,Average tax wedge,PT_COS_LB,Percentage of labour costs,S_C0,"Single person, no children",AW100,100% of average wage,_Z,Not applicable,A,Annual,2008,,44.81103,,2,Two,0,Units,A,Normal value,_Z,Not applicable
DATAFLOW,OECD.CTP.TPS:DSD_TAX_WAGES_COMP@DF_TW_COMP(1.0),Labour taxation – OECD comparative indicators,I,FIN,Finland,AV_TW,Average tax wedge,PT_COS_LB,Percentage of labour costs,S_C0,"Single person, no children",AW100,100% of average wage,_Z,Not applicable,A,Annual,2023,,43.547343,,2,Two,0,Units,A,Normal value,_Z,Not applicable
DATAFLOW,OECD.CTP.TPS:DSD_TAX_WAGES_COMP@DF_TW_COMP(1.0),Labour taxation – OECD comparative indicators,I,FIN,Finland,AV_TW,Average tax wedge,PT_COS_LB,Percentage of labour costs,S_C0,"Single person, no children",AW100,100% of average wage,_Z,Not applicable,A,Annual,2006,,44.022571,,2,Two,0,Units,A,Normal value,_Z,Not applicable
DATAFLOW,OECD.CTP.TPS:DSD_TAX_WAGES_COMP@DF_TW_COMP(1.0),Labour taxation – OECD comparative indicators,I,FIN,Finland,AV_TW,Average tax wedge,PT_COS_LB,Percentage of labour costs,S_C0,"Single person, no children",AW100,100% of average wage,_Z,Not applicable,A,Annual,2005,,44.391512,,2,Two,0,Units,A,Normal value,_Z,Not applicable
DATAFLOW,OECD.CTP.TPS:DSD_TAX_WAGES_COMP@DF_TW_COMP(1.0),Labour taxation – OECD comparative indicators,I,FIN,Finland,AV_TW,Average tax wedge,PT_COS_LB,Percentage of labour costs,S_C0,"Single person, no children",AW100,100% of average wage,_Z,Not applicable,A,Annual,2004,,44.223765,,2,Two,0,Units,A,Normal value,_Z,Not applicable
DATAFLOW,OECD.CTP.TPS:DSD_TAX_WAGES_COMP@DF_TW_COMP(1.0),Labour taxation – OECD comparative indicators,I,FIN,Finland,AV_TW,Average tax wedge,PT_COS_LB,Percentage of labour costs,S_C0,"Single person, no children",AW100,100% of average wage,_Z,Not applicable,A,Annual,2003,,44.764667,,2,Two,0,Units,A,Normal value,_Z,Not applicable
DATAFLOW,OECD.CTP.TPS:DSD_TAX_WAGES_COMP@DF_TW_COMP(1.0),Labour taxation – OECD comparative indicators,I,FIN,Finland,AV_TW,Average tax wedge,PT_COS_LB,Percentage of labour costs,S_C0,"Single person, no children",AW100,100% of average wage,_Z,Not applicable,A,Annual,2002,,45.658889,,2,Two,0,Units,A,Normal value,_Z,Not applicable
DATAFLOW,OECD.CTP.TPS:DSD_TAX_WAGES_COMP@DF_TW_COMP(1.0),Labour taxation – OECD comparative indicators,I,FIN,Finland,AV_TW,Average tax wedge,PT_COS_LB,Percentage of labour costs,S_C0,"Single person, no children",AW100,100% of average wage,_Z,Not applicable,A,Annual,2001,,46.092829,,2,Two,0,Units,A,Normal value,_Z,Not applicable
DATAFLOW,OECD.CTP.TPS:DSD_TAX_WAGES_COMP@DF_TW_COMP(1.0),Labour taxation – OECD comparative indicators,I,FIN,Finland,AV_TW,Average tax wedge,PT_COS_LB,Percentage of labour costs,S_C0,"Single person, no children",AW100,100% of average wage,_Z,Not applicable,A,Annual,2000,,47.523951,,2,Two,0,Units,A,Normal value,_Z,Not applicable
DATAFLOW,OECD.CTP.TPS:DSD_TAX_WAGES_COMP@DF_TW_COMP(1.0),Labour taxation – OECD comparative indicators,I,FIN,Finland,AV_TW,Average tax wedge,PT_COS_LB,Percentage of labour costs,S_C0,"Single person, no children",AW100,100% of average wage,_Z,Not applicable,A,Annual,2022,,43.127554,,2,Two,0,Units,A,Normal value,_Z,Not applicable
DATAFLOW,OECD.CTP.TPS:DSD_TAX_WAGES_COMP@DF_TW_COMP(1.0),Labour taxation – OECD comparative indicators,I,FIN,Finland,AV_TW,Average tax wedge,PT_COS_LB,Percentage of labour costs,S_C0,"Single person, no children",AW100,100% of average wage,_Z,Not applicable,A,Annual,2021,,43.090982,,2,Two,0,Units,A,Normal value,_Z,Not applicable
DATAFLOW,OECD.CTP.TPS:DSD_TAX_WAGES_COMP@DF_TW_COMP(1.0),Labour taxation – OECD comparative indicators,I,FIN,Finland,AV_TW,Average tax wedge,PT_COS_LB,Percentage of labour costs,S_C0,"Single person, no children",AW100,100% of average wage,_Z,Not applicable,A,Annual,2020,,41.839589,,2,Two,0,Units,A,Normal value,_Z,Not applicable
DATAFLOW,OECD.CTP.TPS:DSD_TAX_WAGES_COMP@DF_TW_COMP(1.0),Labour taxation – OECD comparative indicators,I,FIN,Finland,AV_TW,Average tax wedge,PT_COS_LB,Percentage of labour costs,S_C0,"Single person, no children",AW100,100% of average wage,_Z,Not applicable,A,Annual,2019,,42.168012,,2,Two,0,Units,A,Normal value,_Z,Not applicable
DATAFLOW,OECD.CTP.TPS:DSD_TAX_WAGES_COMP@DF_TW_COMP(1.0),Labour taxation – OECD comparative indicators,I,FIN,Finland,AV_TW,Average tax wedge,PT_COS_LB,Percentage of labour costs,S_C0,"Single person, no children",AW100,100% of average wage,_Z,Not applicable,A,Annual,2018,,42.620574,,2,Two,0,Units,A,Normal value,_Z,Not applicable
DATAFLOW,OECD.CTP.TPS:DSD_TAX_WAGES_COMP@DF_TW_COMP(1.0),Labour taxation – OECD comparative indicators,I,FIN,Finland,AV_TW,Average tax wedge,PT_COS_LB,Percentage of labour costs,S_C0,"Single person, no children",AW100,100% of average wage,_Z,Not applicable,A,Annual,2017,,42.971371,,2,Two,0,Units,A,Normal value,_Z,Not applicable
DATAFLOW,OECD.CTP.TPS:DSD_TAX_WAGES_COMP@DF_TW_COMP(1.0),Labour taxation – OECD comparative indicators,I,FIN,Finland,AV_TW,Average tax wedge,PT_COS_LB,Percentage of labour costs,S_C0,"Single person, no children",AW100,100% of average wage,_Z,Not applicable,A,Annual,2016,,44.114717,,2,Two,0,Units,A,Normal value,_Z,Not applicable
DATAFLOW,OECD.CTP.TPS:DSD_TAX_WAGES_COMP@DF_TW_COMP(1.0),Labour taxation – OECD comparative indicators,I,FIN,Finland,AV_TW,Average tax wedge,PT_COS_LB,Percentage of labour costs,S_C0,"Single person, no children",AW100,100% of average wage,_Z,Not applicable,A,Annual,2015,,43.512412,,2,Two,0,Units,A,Normal value,_Z,Not applicable
DATAFLOW,OECD.CTP.TPS:DSD_TAX_WAGES_COMP@DF_TW_COMP(1.0),Labour taxation – OECD comparative indicators,I,FIN,Finland,AV_TW,Average tax wedge,PT_COS_LB,Percentage of labour costs,S_C0,"Single person, no children",AW100,100% of average wage,_Z,Not applicable,A,Annual,2014,,43.595602,,2,Two,0,Units,A,Normal value,_Z,Not applicable
DATAFLOW,OECD.CTP.TPS:DSD_TAX_WAGES_COMP@DF_TW_COMP(1.0),Labour taxation – OECD comparative indicators,I,FIN,Finland,AV_TW,Average tax wedge,PT_COS_LB,Percentage of labour costs,S_C0,"Single person, no children",AW100,100% of average wage,_Z,Not applicable,A,Annual,2013,,43.109455,,2,Two,0,Units,A,Normal value,_Z,Not applicable
DATAFLOW,OECD.CTP.TPS:DSD_TAX_WAGES_COMP@DF_TW_COMP(1.0),Labour taxation – OECD comparative indicators,I,FIN,Finland,AV_TW,Average tax wedge,PT_COS_LB,Percentage of labour costs,S_C0,"Single person, no children",AW100,100% of average wage,_Z,Not applicable,A,Annual,2012,,42.48978,,2,Two,0,Units,A,Normal value,_Z,Not applicable
DATAFLOW,OECD.CTP.TPS:DSD_TAX_WAGES_COMP@DF_TW_COMP(1.0),Labour taxation – OECD comparative indicators,I,FIN,Finland,AV_TW,Average tax wedge,PT_COS_LB,Percentage of labour costs,S_C0,"Single person, no children",AW100,100% of average wage,_Z,Not applicable,A,Annual,2011,,42.346324,,2,Two,0,Units,A,Normal value,_Z,Not applicable
DATAFLOW,OECD.CTP.TPS:DSD_TAX_WAGES_COMP@DF_TW_COMP(1.0),Labour taxation – OECD comparative indicators,I,FIN,Finland,AV_TW,Average tax wedge,PT_COS_LB,Percentage of labour costs,S_C0,"Single person, no children",AW100,100% of average wage,_Z,Not applicable,A,Annual,2010,,42.292463,,2,Two,0,Units,A,Normal value,_Z,Not applicable
DATAFLOW,OECD.CTP.TPS:DSD_TAX_WAGES_COMP@DF_TW_COMP(1.0),Labour taxation – OECD comparative indicators,I,FIN,Finland,AV_TW,Average tax wedge,PT_COS_LB,Percentage of labour costs,S_C0,"Single person, no children",AW100,100% of average wage,_Z,Not applicable,A,Annual,2009,,42.495874,,2,Two,0,Units,A,Normal value,_Z,Not applicable
DATAFLOW,OECD.CTP.TPS:DSD_TAX_WAGES_COMP@DF_TW_COMP(1.0),Labour taxation – OECD comparative indicators,I,FIN,Finland,AV_TW,Average tax wedge,PT_COS_LB,Percentage of labour costs,S_C0,"Single person, no children",AW100,100% of average wage,_Z,Not applicable,A,Annual,2008,,43.83802,,2,Two,0,Units,A,Normal value,_Z,Not applicable
DATAFLOW,OECD.CTP.TPS:DSD_TAX_WAGES_COMP@DF_TW_COMP(1.0),Labour taxation – OECD comparative indicators,I,PRT,Portugal,AV_TW,Average tax wedge,PT_COS_LB,Percentage of labour costs,S_C0,"Single person, no children",AW100,100% of average wage,_Z,Not applicable,A,Annual,2023,,42.264331,,2,Two,0,Units,A,Normal value,_Z,Not applicable
DATAFLOW,OECD.CTP.TPS:DSD_TAX_WAGES_COMP@DF_TW_COMP(1.0),Labour taxation – OECD comparative indicators,I,PRT,Portugal,AV_TW,Average tax wedge,PT_COS_LB,Percentage of labour costs,S_C0,"Single person, no children",AW100,100% of average wage,_Z,Not applicable,A,Annual,2006,,37.523852,,2,Two,0,Units,A,Normal value,_Z,Not applicable
DATAFLOW,OECD.CTP.TPS:DSD_TAX_WAGES_COMP@DF_TW_COMP(1.0),Labour taxation – OECD comparative indicators,I,PRT,Portugal,AV_TW,Average tax wedge,PT_COS_LB,Percentage of labour costs,S_C0,"Single person, no children",AW100,100% of average wage,_Z,Not applicable,A,Annual,2005,,36.796095,,2,Two,0,Units,A,Normal value,_Z,Not applicable
DATAFLOW,OECD.CTP.TPS:DSD_TAX_WAGES_COMP@DF_TW_COMP(1.0),Labour taxation – OECD comparative indicators,I,PRT,Portugal,AV_TW,Average tax wedge,PT_COS_LB,Percentage of labour costs,S_C0,"Single person, no children",AW100,100% of average wage,_Z,Not applicable,A,Annual,2004,,37.40016,,2,Two,0,Units,A,Normal value,_Z,Not applicable
DATAFLOW,OECD.CTP.TPS:DSD_TAX_WAGES_COMP@DF_TW_COMP(1.0),Labour taxation – OECD comparative indicators,I,PRT,Portugal,AV_TW,Average tax wedge,PT_COS_LB,Percentage of labour costs,S_C0,"Single person, no children",AW100,100% of average wage,_Z,Not applicable,A,Annual,2003,,37.368579,,2,Two,0,Units,A,Normal value,_Z,Not applicable
DATAFLOW,OECD.CTP.TPS:DSD_TAX_WAGES_COMP@DF_TW_COMP(1.0),Labour taxation – OECD comparative indicators,I,PRT,Portugal,AV_TW,Average tax wedge,PT_COS_LB,Percentage of labour costs,S_C0,"Single person, no children",AW100,100% of average wage,_Z,Not applicable,A,Annual,2002,,37.571481,,2,Two,0,Units,A,Normal value,_Z,Not applicable
DATAFLOW,OECD.CTP.TPS:DSD_TAX_WAGES_COMP@DF_TW_COMP(1.0),Labour taxation – OECD comparative indicators,I,PRT,Portugal,AV_TW,Average tax wedge,PT_COS_LB,Percentage of labour costs,S_C0,"Single person, no children",AW100,100% of average wage,_Z,Not applicable,A,Annual,2001,,36.436956,,2,Two,0,Units,A,Normal value,_Z,Not applicable
DATAFLOW,OECD.CTP.TPS:DSD_TAX_WAGES_COMP@DF_TW_COMP(1.0),Labour taxation – OECD comparative indicators,I,PRT,Portugal,AV_TW,Average tax wedge,PT_COS_LB,Percentage of labour costs,S_C0,"Single person, no children",AW100,100% of average wage,_Z,Not applicable,A,Annual,2000,,37.331801,,2,Two,0,Units,A,Normal value,_Z,Not applicable
DATAFLOW,OECD.CTP.TPS:DSD_TAX_WAGES_COMP@DF_TW_COMP(1.0),Labour taxation – OECD comparative indicators,I,PRT,Portugal,AV_TW,Average tax wedge,PT_COS_LB,Percentage of labour costs,S_C0,"Single person, no children",AW100,100% of average wage,_Z,Not applicable,A,Annual,2022,,42.125063,,2,Two,0,Units,A,Normal value,_Z,Not applicable
DATAFLOW,OECD.CTP.TPS:DSD_TAX_WAGES_COMP@DF_TW_COMP(1.0),Labour taxation – OECD comparative indicators,I,PRT,Portugal,AV_TW,Average tax wedge,PT_COS_LB,Percentage of labour costs,S_C0,"Single person, no children",AW100,100% of average wage,_Z,Not applicable,A,Annual,2021,,41.959668,,2,Two,0,Units,A,Normal value,_Z,Not applicable
DATAFLOW,OECD.CTP.TPS:DSD_TAX_WAGES_COMP@DF_TW_COMP(1.0),Labour taxation – OECD comparative indicators,I,PRT,Portugal,AV_TW,Average tax wedge,PT_COS_LB,Percentage of labour costs,S_C0,"Single person, no children",AW100,100% of average wage,_Z,Not applicable,A,Annual,2020,,41.494263,,2,Two,0,Units,A,Normal value,_Z,Not applicable
DATAFLOW,OECD.CTP.TPS:DSD_TAX_WAGES_COMP@DF_TW_COMP(1.0),Labour taxation – OECD comparative indicators,I,PRT,Portugal,AV_TW,Average tax wedge,PT_COS_LB,Percentage of labour costs,S_C0,"Single person, no children",AW100,100% of average wage,_Z,Not applicable,A,Annual,2019,,41.363884,,2,Two,0,Units,A,Normal value,_Z,Not applicable
DATAFLOW,OECD.CTP.TPS:DSD_TAX_WAGES_COMP@DF_TW_COMP(1.0),Labour taxation – OECD comparative indicators,I,PRT,Portugal,AV_TW,Average tax wedge,PT_COS_LB,Percentage of labour costs,S_C0,"Single person, no children",AW100,100% of average wage,_Z,Not applicable,A,Annual,2018,,40.898407,,2,Two,0,Units,A,Normal value,_Z,Not applicable
DATAFLOW,OECD.CTP.TPS:DSD_TAX_WAGES_COMP@DF_TW_COMP(1.0),Labour taxation – OECD comparative indicators,I,PRT,Portugal,AV_TW,Average tax wedge,PT_COS_LB,Percentage of labour costs,S_C0,"Single person, no children",AW100,100% of average wage,_Z,Not applicable,A,Annual,2017,,41.393009,,2,Two,0,Units,A,Normal value,_Z,Not applicable
DATAFLOW,OECD.CTP.TPS:DSD_TAX_WAGES_COMP@DF_TW_COMP(1.0),Labour taxation – OECD comparative indicators,I,PRT,Portugal,AV_TW,Average tax wedge,PT_COS_LB,Percentage of labour costs,S_C0,"Single person, no children",AW100,100% of average wage,_Z,Not applicable,A,Annual,2016,,41.500464,,2,Two,0,Units,A,Normal value,_Z,Not applicable
DATAFLOW,OECD.CTP.TPS:DSD_TAX_WAGES_COMP@DF_TW_COMP(1.0),Labour taxation – OECD comparative indicators,I,PRT,Portugal,AV_TW,Average tax wedge,PT_COS_LB,Percentage of labour costs,S_C0,"Single person, no children",AW100,100% of average wage,_Z,Not applicable,A,Annual,2015,,42.118898,,2,Two,0,Units,A,Normal value,_Z,Not applicable
DATAFLOW,OECD.CTP.TPS:DSD_TAX_WAGES_COMP@DF_TW_COMP(1.0),Labour taxation – OECD comparative indicators,I,PRT,Portugal,AV_TW,Average tax wedge,PT_COS_LB,Percentage of labour costs,S_C0,"Single person, no children",AW100,100% of average wage,_Z,Not applicable,A,Annual,2014,,41.128617,,2,Two,0,Units,A,Normal value,_Z,Not applicable
DATAFLOW,OECD.CTP.TPS:DSD_TAX_WAGES_COMP@DF_TW_COMP(1.0),Labour taxation – OECD comparative indicators,I,PRT,Portugal,AV_TW,Average tax wedge,PT_COS_LB,Percentage of labour costs,S_C0,"Single person, no children",AW100,100% of average wage,_Z,Not applicable,A,Annual,2013,,41.361608,,2,Two,0,Units,A,Normal value,_Z,Not applicable
DATAFLOW,OECD.CTP.TPS:DSD_TAX_WAGES_COMP@DF_TW_COMP(1.0),Labour taxation – OECD comparative indicators,I,PRT,Portugal,AV_TW,Average tax wedge,PT_COS_LB,Percentage of labour costs,S_C0,"Single person, no children",AW100,100% of average wage,_Z,Not applicable,A,Annual,2012,,37.601224,,2,Two,0,Units,A,Normal value,_Z,Not applicable
DATAFLOW,OECD.CTP.TPS:DSD_TAX_WAGES_COMP@DF_TW_COMP(1.0),Labour taxation – OECD comparative indicators,I,PRT,Portugal,AV_TW,Average tax wedge,PT_COS_LB,Percentage of labour costs,S_C0,"Single person, no children",AW100,100% of average wage,_Z,Not applicable,A,Annual,2011,,38.000937,,2,Two,0,Units,A,Normal value,_Z,Not applicable
DATAFLOW,OECD.CTP.TPS:DSD_TAX_WAGES_COMP@DF_TW_COMP(1.0),Labour taxation – OECD comparative indicators,I,PRT,Portugal,AV_TW,Average tax wedge,PT_COS_LB,Percentage of labour costs,S_C0,"Single person, no children",AW100,100% of average wage,_Z,Not applicable,A,Annual,2010,,37.131515,,2,Two,0,Units,A,Normal value,_Z,Not applicable
DATAFLOW,OECD.CTP.TPS:DSD_TAX_WAGES_COMP@DF_TW_COMP(1.0),Labour taxation – OECD comparative indicators,I,PRT,Portugal,AV_TW,Average tax wedge,PT_COS_LB,Percentage of labour costs,S_C0,"Single person, no children",AW100,100% of average wage,_Z,Not applicable,A,Annual,2009,,36.537074,,2,Two,0,Units,A,Normal value,_Z,Not applicable
DATAFLOW,OECD.CTP.TPS:DSD_TAX_WAGES_COMP@DF_TW_COMP(1.0),Labour taxation – OECD comparative indicators,I,PRT,Portugal,AV_TW,Average tax wedge,PT_COS_LB,Percentage of labour costs,S_C0,"Single person, no children",AW100,100% of average wage,_Z,Not applicable,A,Annual,2008,,36.946905,,2,Two,0,Units,A,Normal value,_Z,Not applicable
DATAFLOW,OECD.CTP.TPS:DSD_TAX_WAGES_COMP@DF_TW_COMP(1.0),Labour taxation – OECD comparative indicators,I,EU22OECD,European Union (22 countries) in OECD,AV_TW,Average tax wedge,PT_COS_LB,Percentage of labour costs,S_C0,"Single person, no children",AW100,100% of average wage,_Z,Not applicable,A,Annual,2023,,41.556811,,2,Two,0,Units,A,Normal value,_Z,Not applicable
DATAFLOW,OECD.CTP.TPS:DSD_TAX_WAGES_COMP@DF_TW_COMP(1.0),Labour taxation – OECD comparative indicators,I,EU22OECD,European Union (22 countries) in OECD,AV_TW,Average tax wedge,PT_COS_LB,Percentage of labour costs,S_C0,"Single person, no children",AW100,100% of average wage,_Z,Not applicable,A,Annual,2006,,43.008517,,2,Two,0,Units,A,Normal value,_Z,Not applicable
DATAFLOW,OECD.CTP.TPS:DSD_TAX_WAGES_COMP@DF_TW_COMP(1.0),Labour taxation – OECD comparative indicators,I,EU22OECD,European Union (22 countries) in OECD,AV_TW,Average tax wedge,PT_COS_LB,Percentage of labour costs,S_C0,"Single person, no children",AW100,100% of average wage,_Z,Not applicable,A,Annual,2005,,43.120177,,2,Two,0,Units,A,Normal value,_Z,Not applicable
DATAFLOW,OECD.CTP.TPS:DSD_TAX_WAGES_COMP@DF_TW_COMP(1.0),Labour taxation – OECD comparative indicators,I,EU22OECD,European Union (22 countries) in OECD,AV_TW,Average tax wedge,PT_COS_LB,Percentage of labour costs,S_C0,"Single person, no children",AW100,100% of average wage,_Z,Not applicable,A,Annual,2004,,43.412677,,2,Two,0,Units,A,Normal value,_Z,Not applicable
DATAFLOW,OECD.CTP.TPS:DSD_TAX_WAGES_COMP@DF_TW_COMP(1.0),Labour taxation – OECD comparative indicators,I,EU22OECD,European Union (22 countries) in OECD,AV_TW,Average tax wedge,PT_COS_LB,Percentage of labour costs,S_C0,"Single person, no children",AW100,100% of average wage,_Z,Not applicable,A,Annual,2003,,43.24385,,2,Two,0,Units,A,Normal value,_Z,Not applicable
DATAFLOW,OECD.CTP.TPS:DSD_TAX_WAGES_COMP@DF_TW_COMP(1.0),Labour taxation – OECD comparative indicators,I,EU22OECD,European Union (22 countries) in OECD,AV_TW,Average tax wedge,PT_COS_LB,Percentage of labour costs,S_C0,"Single person, no children",AW100,100% of average wage,_Z,Not applicable,A,Annual,2002,,43.349903,,2,Two,0,Units,A,Normal value,_Z,Not applicable
DATAFLOW,OECD.CTP.TPS:DSD_TAX_WAGES_COMP@DF_TW_COMP(1.0),Labour taxation – OECD comparative indicators,I,EU22OECD,European Union (22 countries) in OECD,AV_TW,Average tax wedge,PT_COS_LB,Percentage of labour costs,S_C0,"Single person, no children",AW100,100% of average wage,_Z,Not applicable,A,Annual,2001,,43.640176,,2,Two,0,Units,A,Normal value,_Z,Not applicable
DATAFLOW,OECD.CTP.TPS:DSD_TAX_WAGES_COMP@DF_TW_COMP(1.0),Labour taxation – OECD comparative indicators,I,EU22OECD,European Union (22 countries) in OECD,AV_TW,Average tax wedge,PT_COS_LB,Percentage of labour costs,S_C0,"Single person, no children",AW100,100% of average wage,_Z,Not applicable,A,Annual,2000,,44.264939,,2,Two,0,Units,A,Normal value,_Z,Not applicable
DATAFLOW,OECD.CTP.TPS:DSD_TAX_WAGES_COMP@DF_TW_COMP(1.0),Labour taxation – OECD comparative indicators,I,EU22OECD,European Union (22 countries) in OECD,AV_TW,Average tax wedge,PT_COS_LB,Percentage of labour costs,S_C0,"Single person, no children",AW100,100% of average wage,_Z,Not applicable,A,Annual,2022,,41.384209,,2,Two,0,Units,A,Normal value,_Z,Not applicable
DATAFLOW,OECD.CTP.TPS:DSD_TAX_WAGES_COMP@DF_TW_COMP(1.0),Labour taxation – OECD comparative indicators,I,EU22OECD,European Union (22 countries) in OECD,AV_TW,Average tax wedge,PT_COS_LB,Percentage of labour costs,S_C0,"Single person, no children",AW100,100% of average wage,_Z,Not applicable,A,Annual,2021,,41.410577,,2,Two,0,Units,A,Normal value,_Z,Not applicable
DATAFLOW,OECD.CTP.TPS:DSD_TAX_WAGES_COMP@DF_TW_COMP(1.0),Labour taxation – OECD comparative indicators,I,EU22OECD,European Union (22 countries) in OECD,AV_TW,Average tax wedge,PT_COS_LB,Percentage of labour costs,S_C0,"Single person, no children",AW100,100% of average wage,_Z,Not applicable,A,Annual,2020,,41.643905,,2,Two,0,Units,A,Normal value,_Z,Not applicable
DATAFLOW,OECD.CTP.TPS:DSD_TAX_WAGES_COMP@DF_TW_COMP(1.0),Labour taxation – OECD comparative indicators,I,EU22OECD,European Union (22 countries) in OECD,AV_TW,Average tax wedge,PT_COS_LB,Percentage of labour costs,S_C0,"Single person, no children",AW100,100% of average wage,_Z,Not applicable,A,Annual,2019,,41.95898,,2,Two,0,Units,A,Normal value,_Z,Not applicable
DATAFLOW,OECD.CTP.TPS:DSD_TAX_WAGES_COMP@DF_TW_COMP(1.0),Labour taxation – OECD comparative indicators,I,EU22OECD,European Union (22 countries) in OECD,AV_TW,Average tax wedge,PT_COS_LB,Percentage of labour costs,S_C0,"Single person, no children",AW100,100% of average wage,_Z,Not applicable,A,Annual,2018,,42.041431,,2,Two,0,Units,A,Normal value,_Z,Not applicable
DATAFLOW,OECD.CTP.TPS:DSD_TAX_WAGES_COMP@DF_TW_COMP(1.0),Labour taxation – OECD comparative indicators,I,EU22OECD,European Union (22 countries) in OECD,AV_TW,Average tax wedge,PT_COS_LB,Percentage of labour costs,S_C0,"Single person, no children",AW100,100% of average wage,_Z,Not applicable,A,Annual,2017,,42.218225,,2,Two,0,Units,A,Normal value,_Z,Not applicable
DATAFLOW,OECD.CTP.TPS:DSD_TAX_WAGES_COMP@DF_TW_COMP(1.0),Labour taxation – OECD comparative indicators,I,EU22OECD,European Union (22 countries) in OECD,AV_TW,Average tax wedge,PT_COS_LB,Percentage of labour costs,S_C0,"Single person, no children",AW100,100% of average wage,_Z,Not applicable,A,Annual,2016,,42.442258,,2,Two,0,Units,A,Normal value,_Z,Not applicable
DATAFLOW,OECD.CTP.TPS:DSD_TAX_WAGES_COMP@DF_TW_COMP(1.0),Labour taxation – OECD comparative indicators,I,EU22OECD,European Union (22 countries) in OECD,AV_TW,Average tax wedge,PT_COS_LB,Percentage of labour costs,S_C0,"Single person, no children",AW100,100% of average wage,_Z,Not applicable,A,Annual,2015,,42.594137,,2,Two,0,Units,A,Normal value,_Z,Not applicable
DATAFLOW,OECD.CTP.TPS:DSD_TAX_WAGES_COMP@DF_TW_COMP(1.0),Labour taxation – OECD comparative indicators,I,EU22OECD,European Union (22 countries) in OECD,AV_TW,Average tax wedge,PT_COS_LB,Percentage of labour costs,S_C0,"Single person, no children",AW100,100% of average wage,_Z,Not applicable,A,Annual,2014,,42.778292,,2,Two,0,Units,A,Normal value,_Z,Not applicable
DATAFLOW,OECD.CTP.TPS:DSD_TAX_WAGES_COMP@DF_TW_COMP(1.0),Labour taxation – OECD comparative indicators,I,EU22OECD,European Union (22 countries) in OECD,AV_TW,Average tax wedge,PT_COS_LB,Percentage of labour costs,S_C0,"Single person, no children",AW100,100% of average wage,_Z,Not applicable,A,Annual,2013,,42.907291,,2,Two,0,Units,A,Normal value,_Z,Not applicable
DATAFLOW,OECD.CTP.TPS:DSD_TAX_WAGES_COMP@DF_TW_COMP(1.0),Labour taxation – OECD comparative indicators,I,EU22OECD,European Union (22 countries) in OECD,AV_TW,Average tax wedge,PT_COS_LB,Percentage of labour costs,S_C0,"Single person, no children",AW100,100% of average wage,_Z,Not applicable,A,Annual,2012,,42.679944,,2,Two,0,Units,A,Normal value,_Z,Not applicable
DATAFLOW,OECD.CTP.TPS:DSD_TAX_WAGES_COMP@DF_TW_COMP(1.0),Labour taxation – OECD comparative indicators,I,EU22OECD,European Union (22 countries) in OECD,AV_TW,Average tax wedge,PT_COS_LB,Percentage of labour costs,S_C0,"Single person, no children",AW100,100% of average wage,_Z,Not applicable,A,Annual,2011,,42.50488,,2,Two,0,Units,A,Normal value,_Z,Not applicable
DATAFLOW,OECD.CTP.TPS:DSD_TAX_WAGES_COMP@DF_TW_COMP(1.0),Labour taxation – OECD comparative indicators,I,EU22OECD,European Union (22 countries) in OECD,AV_TW,Average tax wedge,PT_COS_LB,Percentage of labour costs,S_C0,"Single person, no children",AW100,100% of average wage,_Z,Not applicable,A,Annual,2010,,41.84742,,2,Two,0,Units,A,Normal value,_Z,Not applicable
DATAFLOW,OECD.CTP.TPS:DSD_TAX_WAGES_COMP@DF_TW_COMP(1.0),Labour taxation – OECD comparative indicators,I,EU22OECD,European Union (22 countries) in OECD,AV_TW,Average tax wedge,PT_COS_LB,Percentage of labour costs,S_C0,"Single person, no children",AW100,100% of average wage,_Z,Not applicable,A,Annual,2009,,41.939826,,2,Two,0,Units,A,Normal value,_Z,Not applicable
DATAFLOW,OECD.CTP.TPS:DSD_TAX_WAGES_COMP@DF_TW_COMP(1.0),Labour taxation – OECD comparative indicators,I,EU22OECD,European Union (22 countries) in OECD,AV_TW,Average tax wedge,PT_COS_LB,Percentage of labour costs,S_C0,"Single person, no children",AW100,100% of average wage,_Z,Not applicable,A,Annual,2008,,42.44169,,2,Two,0,Units,A,Normal value,_Z,Not applicable
DATAFLOW,OECD.CTP.TPS:DSD_TAX_WAGES_COMP@DF_TW_COMP(1.0),Labour taxation – OECD comparative indicators,I,OECD_REP,OECD average country,AV_TW,Average tax wedge,PT_COS_LB,Percentage of labour costs,S_C0,"Single person, no children",AW100,100% of average wage,_Z,Not applicable,A,Annual,2007,,35.410767,,2,Two,0,Units,A,Normal value,_Z,Not applicable
DATAFLOW,OECD.CTP.TPS:DSD_TAX_WAGES_COMP@DF_TW_COMP(1.0),Labour taxation – OECD comparative indicators,I,LTU,Lithuania,AV_TW,Average tax wedge,PT_COS_LB,Percentage of labour costs,S_C0,"Single person, no children",AW100,100% of average wage,_Z,Not applicable,A,Annual,2006,,44.440055,,2,Two,0,Units,A,Normal value,_Z,Not applicable
DATAFLOW,OECD.CTP.TPS:DSD_TAX_WAGES_COMP@DF_TW_COMP(1.0),Labour taxation – OECD comparative indicators,I,EST,Estonia,AV_TW,Average tax wedge,PT_COS_LB,Percentage of labour costs,S_C0,"Single person, no children",AW100,100% of average wage,_Z,Not applicable,A,Annual,2007,,39.004571,,2,Two,0,Units,A,Normal value,_Z,Not applicable
DATAFLOW,OECD.CTP.TPS:DSD_TAX_WAGES_COMP@DF_TW_COMP(1.0),Labour taxation – OECD comparative indicators,I,COL,Colombia,AV_TW,Average tax wedge,PT_COS_LB,Percentage of labour costs,S_C0,"Single person, no children",AW100,100% of average wage,_Z,Not applicable,A,Annual,2009,,0,,2,Two,0,Units,A,Normal value,_Z,Not applicable
DATAFLOW,OECD.CTP.TPS:DSD_TAX_WAGES_COMP@DF_TW_COMP(1.0),Labour taxation – OECD comparative indicators,I,ISR,Israel,AV_TW,Average tax wedge,PT_COS_LB,Percentage of labour costs,S_C0,"Single person, no children",AW100,100% of average wage,_Z,Not applicable,A,Annual,2007,,24.92694,,2,Two,0,Units,A,Normal value,_Z,Not applicable
DATAFLOW,OECD.CTP.TPS:DSD_TAX_WAGES_COMP@DF_TW_COMP(1.0),Labour taxation – OECD comparative indicators,I,CRI,Costa Rica,AV_TW,Average tax wedge,PT_COS_LB,Percentage of labour costs,S_C0,"Single person, no children",AW100,100% of average wage,_Z,Not applicable,A,Annual,2007,,27.777778,,2,Two,0,Units,A,Normal value,_Z,Not applicable
DATAFLOW,OECD.CTP.TPS:DSD_TAX_WAGES_COMP@DF_TW_COMP(1.0),Labour taxation – OECD comparative indicators,I,POL,Poland,AV_TW,Average tax wedge,PT_COS_LB,Percentage of labour costs,S_C0,"Single person, no children",AW100,100% of average wage,_Z,Not applicable,A,Annual,2007,,38.161958,,2,Two,0,Units,A,Normal value,_Z,Not applicable
DATAFLOW,OECD.CTP.TPS:DSD_TAX_WAGES_COMP@DF_TW_COMP(1.0),Labour taxation – OECD comparative indicators,I,GBR,United Kingdom,AV_TW,Average tax wedge,PT_COS_LB,Percentage of labour costs,S_C0,"Single person, no children",AW100,100% of average wage,_Z,Not applicable,A,Annual,2007,,34.123721,,2,Two,0,Units,A,Normal value,_Z,Not applicable
DATAFLOW,OECD.CTP.TPS:DSD_TAX_WAGES_COMP@DF_TW_COMP(1.0),Labour taxation – OECD comparative indicators,I,ISL,Iceland,AV_TW,Average tax wedge,PT_COS_LB,Percentage of labour costs,S_C0,"Single person, no children",AW100,100% of average wage,_Z,Not applicable,A,Annual,2007,,30.539833,,2,Two,0,Units,A,Normal value,_Z,Not applicable
DATAFLOW,OECD.CTP.TPS:DSD_TAX_WAGES_COMP@DF_TW_COMP(1.0),Labour taxation – OECD comparative indicators,I,GRC,Greece,AV_TW,Average tax wedge,PT_COS_LB,Percentage of labour costs,S_C0,"Single person, no children",AW100,100% of average wage,_Z,Not applicable,A,Annual,2007,,41.959412,,2,Two,0,Units,A,Normal value,_Z,Not applicable
DATAFLOW,OECD.CTP.TPS:DSD_TAX_WAGES_COMP@DF_TW_COMP(1.0),Labour taxation – OECD comparative indicators,I,JPN,Japan,AV_TW,Average tax wedge,PT_COS_LB,Percentage of labour costs,S_C0,"Single person, no children",AW100,100% of average wage,_Z,Not applicable,A,Annual,2007,,29.312332,,2,Two,0,Units,A,Normal value,_Z,Not applicable
DATAFLOW,OECD.CTP.TPS:DSD_TAX_WAGES_COMP@DF_TW_COMP(1.0),Labour taxation – OECD comparative indicators,I,KOR,Korea,AV_TW,Average tax wedge,PT_COS_LB,Percentage of labour costs,S_C0,"Single person, no children",AW100,100% of average wage,_Z,Not applicable,A,Annual,2007,,19.718794,,2,Two,0,Units,A,Normal value,_Z,Not applicable
DATAFLOW,OECD.CTP.TPS:DSD_TAX_WAGES_COMP@DF_TW_COMP(1.0),Labour taxation – OECD comparative indicators,I,TUR,Türkiye,AV_TW,Average tax wedge,PT_COS_LB,Percentage of labour costs,S_C0,"Single person, no children",AW100,100% of average wage,_Z,Not applicable,A,Annual,2007,,42.219318,,2,Two,0,Units,A,Normal value,_Z,Not applicable
DATAFLOW,OECD.CTP.TPS:DSD_TAX_WAGES_COMP@DF_TW_COMP(1.0),Labour taxation – OECD comparative indicators,I,USA,United States,AV_TW,Average tax wedge,PT_COS_LB,Percentage of labour costs,S_C0,"Single person, no children",AW100,100% of average wage,_Z,Not applicable,A,Annual,2007,,30.917168,,2,Two,0,Units,A,Normal value,_Z,Not applicable
DATAFLOW,OECD.CTP.TPS:DSD_TAX_WAGES_COMP@DF_TW_COMP(1.0),Labour taxation – OECD comparative indicators,I,AUS,Australia,AV_TW,Average tax wedge,PT_COS_LB,Percentage of labour costs,S_C0,"Single person, no children",AW100,100% of average wage,_Z,Not applicable,A,Annual,2007,,27.697401,,2,Two,0,Units,A,Normal value,_Z,Not applicable
DATAFLOW,OECD.CTP.TPS:DSD_TAX_WAGES_COMP@DF_TW_COMP(1.0),Labour taxation – OECD comparative indicators,I,NOR,Norway,AV_TW,Average tax wedge,PT_COS_LB,Percentage of labour costs,S_C0,"Single person, no children",AW100,100% of average wage,_Z,Not applicable,A,Annual,2007,,37.537132,,2,Two,0,Units,A,Normal value,_Z,Not applicable
DATAFLOW,OECD.CTP.TPS:DSD_TAX_WAGES_COMP@DF_TW_COMP(1.0),Labour taxation – OECD comparative indicators,I,CHL,Chile,AV_TW,Average tax wedge,PT_COS_LB,Percentage of labour costs,S_C0,"Single person, no children",AW100,100% of average wage,_Z,Not applicable,A,Annual,2007,,7,,2,Two,0,Units,A,Normal value,_Z,Not applicable
DATAFLOW,OECD.CTP.TPS:DSD_TAX_WAGES_COMP@DF_TW_COMP(1.0),Labour taxation – OECD comparative indicators,I,BEL,Belgium,AV_TW,Average tax wedge,PT_COS_LB,Percentage of labour costs,S_C0,"Single person, no children",AW100,100% of average wage,_Z,Not applicable,A,Annual,2007,,55.560067,,2,Two,0,Units,A,Normal value,_Z,Not applicable
DATAFLOW,OECD.CTP.TPS:DSD_TAX_WAGES_COMP@DF_TW_COMP(1.0),Labour taxation – OECD comparative indicators,I,LUX,Luxembourg,AV_TW,Average tax wedge,PT_COS_LB,Percentage of labour costs,S_C0,"Single person, no children",AW100,100% of average wage,_Z,Not applicable,A,Annual,2007,,35.019248,,2,Two,0,Units,A,Normal value,_Z,Not applicable
DATAFLOW,OECD.CTP.TPS:DSD_TAX_WAGES_COMP@DF_TW_COMP(1.0),Labour taxation – OECD comparative indicators,I,CHE,Switzerland,AV_TW,Average tax wedge,PT_COS_LB,Percentage of labour costs,S_C0,"Single person, no children",AW100,100% of average wage,_Z,Not applicable,A,Annual,2007,,22.390852,,2,Two,0,Units,A,Normal value,_Z,Not applicable
DATAFLOW,OECD.CTP.TPS:DSD_TAX_WAGES_COMP@DF_TW_COMP(1.0),Labour taxation – OECD comparative indicators,I,ESP,Spain,AV_TW,Average tax wedge,PT_COS_LB,Percentage of labour costs,S_C0,"Single person, no children",AW100,100% of average wage,_Z,Not applicable,A,Annual,2007,,38.987028,,2,Two,0,Units,A,Normal value,_Z,Not applicable
DATAFLOW,OECD.CTP.TPS:DSD_TAX_WAGES_COMP@DF_TW_COMP(1.0),Labour taxation – OECD comparative indicators,I,NLD,Netherlands,AV_TW,Average tax wedge,PT_COS_LB,Percentage of labour costs,S_C0,"Single person, no children",AW100,100% of average wage,_Z,Not applicable,A,Annual,2007,,38.672191,,2,Two,0,Units,A,Normal value,_Z,Not applicable
DATAFLOW,OECD.CTP.TPS:DSD_TAX_WAGES_COMP@DF_TW_COMP(1.0),Labour taxation – OECD comparative indicators,I,FRA,France,AV_TW,Average tax wedge,PT_COS_LB,Percentage of labour costs,S_C0,"Single person, no children",AW100,100% of average wage,_Z,Not applicable,A,Annual,2007,,49.748358,,2,Two,0,Units,A,Normal value,_Z,Not applicable
DATAFLOW,OECD.CTP.TPS:DSD_TAX_WAGES_COMP@DF_TW_COMP(1.0),Labour taxation – OECD comparative indicators,I,MEX,Mexico,AV_TW,Average tax wedge,PT_COS_LB,Percentage of labour costs,S_C0,"Single person, no children",AW100,100% of average wage,_Z,Not applicable,A,Annual,2007,,15.937642,,2,Two,0,Units,A,Normal value,_Z,Not applicable
DATAFLOW,OECD.CTP.TPS:DSD_TAX_WAGES_COMP@DF_TW_COMP(1.0),Labour taxation – OECD comparative indicators,I,LVA,Latvia,AV_TW,Average tax wedge,PT_COS_LB,Percentage of labour costs,S_C0,"Single person, no children",AW100,100% of average wage,_Z,Not applicable,A,Annual,2007,,42.248624,,2,Two,0,Units,A,Normal value,_Z,Not applicable
DATAFLOW,OECD.CTP.TPS:DSD_TAX_WAGES_COMP@DF_TW_COMP(1.0),Labour taxation – OECD comparative indicators,I,AUT,Austria,AV_TW,Average tax wedge,PT_COS_LB,Percentage of labour costs,S_C0,"Single person, no children",AW100,100% of average wage,_Z,Not applicable,A,Annual,2007,,48.760437,,2,Two,0,Units,A,Normal value,_Z,Not applicable
DATAFLOW,OECD.CTP.TPS:DSD_TAX_WAGES_COMP@DF_TW_COMP(1.0),Labour taxation – OECD comparative indicators,I,IRL,Ireland,AV_TW,Average tax wedge,PT_COS_LB,Percentage of labour costs,S_C0,"Single person, no children",AW100,100% of average wage,_Z,Not applicable,A,Annual,2007,,28.077575,,2,Two,0,Units,A,Normal value,_Z,Not applicable
DATAFLOW,OECD.CTP.TPS:DSD_TAX_WAGES_COMP@DF_TW_COMP(1.0),Labour taxation – OECD comparative indicators,I,CAN,Canada,AV_TW,Average tax wedge,PT_COS_LB,Percentage of labour costs,S_C0,"Single person, no children",AW100,100% of average wage,_Z,Not applicable,A,Annual,2007,,32.392128,,2,Two,0,Units,A,Normal value,_Z,Not applicable
DATAFLOW,OECD.CTP.TPS:DSD_TAX_WAGES_COMP@DF_TW_COMP(1.0),Labour taxation – OECD comparative indicators,I,HUN,Hungary,AV_TW,Average tax wedge,PT_COS_LB,Percentage of labour costs,S_C0,"Single person, no children",AW100,100% of average wage,_Z,Not applicable,A,Annual,2007,,54.533102,,2,Two,0,Units,A,Normal value,_Z,Not applicable
DATAFLOW,OECD.CTP.TPS:DSD_TAX_WAGES_COMP@DF_TW_COMP(1.0),Labour taxation – OECD comparative indicators,I,ITA,Italy,AV_TW,Average tax wedge,PT_COS_LB,Percentage of labour costs,S_C0,"Single person, no children",AW100,100% of average wage,_Z,Not applicable,A,Annual,2007,,46.388348,,2,Two,0,Units,A,Normal value,_Z,Not applicable
DATAFLOW,OECD.CTP.TPS:DSD_TAX_WAGES_COMP@DF_TW_COMP(1.0),Labour taxation – OECD comparative indicators,I,SVK,Slovak Republic,AV_TW,Average tax wedge,PT_COS_LB,Percentage of labour costs,S_C0,"Single person, no children",AW100,100% of average wage,_Z,Not applicable,A,Annual,2007,,38.643065,,2,Two,0,Units,A,Normal value,_Z,Not applicable
DATAFLOW,OECD.CTP.TPS:DSD_TAX_WAGES_COMP@DF_TW_COMP(1.0),Labour taxation – OECD comparative indicators,I,DNK,Denmark,AV_TW,Average tax wedge,PT_COS_LB,Percentage of labour costs,S_C0,"Single person, no children",AW100,100% of average wage,_Z,Not applicable,A,Annual,2007,,38.765757,,2,Two,0,Units,A,Normal value,_Z,Not applicable
DATAFLOW,OECD.CTP.TPS:DSD_TAX_WAGES_COMP@DF_TW_COMP(1.0),Labour taxation – OECD comparative indicators,I,NZL,New Zealand,AV_TW,Average tax wedge,PT_COS_LB,Percentage of labour costs,S_C0,"Single person, no children",AW100,100% of average wage,_Z,Not applicable,A,Annual,2007,,21.075868,,2,Two,0,Units,A,Normal value,_Z,Not applicable
DATAFLOW,OECD.CTP.TPS:DSD_TAX_WAGES_COMP@DF_TW_COMP(1.0),Labour taxation – OECD comparative indicators,I,CZE,Czechia,AV_TW,Average tax wedge,PT_COS_LB,Percentage of labour costs,S_C0,"Single person, no children",AW100,100% of average wage,_Z,Not applicable,A,Annual,2007,,42.883267,,2,Two,0,Units,A,Normal value,_Z,Not applicable
DATAFLOW,OECD.CTP.TPS:DSD_TAX_WAGES_COMP@DF_TW_COMP(1.0),Labour taxation – OECD comparative indicators,I,SVN,Slovenia,AV_TW,Average tax wedge,PT_COS_LB,Percentage of labour costs,S_C0,"Single person, no children",AW100,100% of average wage,_Z,Not applicable,A,Annual,2007,,43.28492,,2,Two,0,Units,A,Normal value,_Z,Not applicable
DATAFLOW,OECD.CTP.TPS:DSD_TAX_WAGES_COMP@DF_TW_COMP(1.0),Labour taxation – OECD comparative indicators,I,DEU,Germany,AV_TW,Average tax wedge,PT_COS_LB,Percentage of labour costs,S_C0,"Single person, no children",AW100,100% of average wage,_Z,Not applicable,A,Annual,2007,,51.798265,,2,Two,0,Units,A,Normal value,_Z,Not applicable
DATAFLOW,OECD.CTP.TPS:DSD_TAX_WAGES_COMP@DF_TW_COMP(1.0),Labour taxation – OECD comparative indicators,I,SWE,Sweden,AV_TW,Average tax wedge,PT_COS_LB,Percentage of labour costs,S_C0,"Single person, no children",AW100,100% of average wage,_Z,Not applicable,A,Annual,2007,,45.322344,,2,Two,0,Units,A,Normal value,_Z,Not applicable
DATAFLOW,OECD.CTP.TPS:DSD_TAX_WAGES_COMP@DF_TW_COMP(1.0),Labour taxation – OECD comparative indicators,I,FIN,Finland,AV_TW,Average tax wedge,PT_COS_LB,Percentage of labour costs,S_C0,"Single person, no children",AW100,100% of average wage,_Z,Not applicable,A,Annual,2007,,43.881646,,2,Two,0,Units,A,Normal value,_Z,Not applicable
DATAFLOW,OECD.CTP.TPS:DSD_TAX_WAGES_COMP@DF_TW_COMP(1.0),Labour taxation – OECD comparative indicators,I,PRT,Portugal,AV_TW,Average tax wedge,PT_COS_LB,Percentage of labour costs,S_C0,"Single person, no children",AW100,100% of average wage,_Z,Not applicable,A,Annual,2007,,37.325414,,2,Two,0,Units,A,Normal value,_Z,Not applicable
DATAFLOW,OECD.CTP.TPS:DSD_TAX_WAGES_COMP@DF_TW_COMP(1.0),Labour taxation – OECD comparative indicators,I,EU22OECD,European Union (22 countries) in OECD,AV_TW,Average tax wedge,PT_COS_LB,Percentage of labour costs,S_C0,"Single person, no children",AW100,100% of average wage,_Z,Not applicable,A,Annual,2007,,42.820102,,2,Two,0,Units,A,Normal value,_Z,Not applicable
