Cites,Authors,Title,Year,Source,Publisher,ArticleURL,CitesURL,GSRank,QueryDate,Type,DOI,ISSN,CitationURL,Volume,Issue,StartPage,EndPage,ECC,CitesPerYear,CitesPerAuthor,AuthorCount,Age,Abstract,FullTextURL,RelatedURL
11,"A Ahammer, A Packham","Dying to work: Effects of unemployment insurance on health",2020,"","nber.org","https://www.nber.org/papers/w27267","https://scholar.google.com/scholar?cites=3575865978823749599&as_sdt=2005&sciodt=0,5&hl=en",90,"2022-08-15 21:28:05","","","","",,,,,11,5.50,6,2,2,"… that an extension in unemployment insurance (UI) duration increases unemployment length and … For men, we find that extending UI benefit duration increases the likelihood of a cardiac …","https://www.nber.org/system/files/working_papers/w27267/w27267.pdf","https://scholar.google.com/scholar?q=related:368xeCkHoDEJ:scholar.google.com/&scioq=duration+%22standard+error%22%7C%22standard+errors%22%7Cpbd%7C%22benefit+duration%22%7Cwba%7C%22weekly+benefit+amount%22%7C%22replacement+rate%22+%22unemployment+insurance%22&hl=en&as_sdt=0,5"
20,"A Alba, JM Arranz, F Muñoz-Bullón","Re-employment probabilities of unemployment benefit recipients",2012,"Applied Economics","Taylor & Francis","https://www.tandfonline.com/doi/abs/10.1080/00036846.2011.579067","https://scholar.google.com/scholar?cites=18048093170604344785&as_sdt=2005&sciodt=0,5&hl=en",650,"2022-08-15 21:28:05","","10.1080/00036846.2011.579067","","",,,,,20,2.00,7,3,10,"… time of exhaustion of benefits. However, this happens only for workers receiving Unemployment Insurance … In particular, the effect of entitlement benefit duration on the hazard rate out of …","https://www.tandfonline.com/doi/pdf/10.1080/00036846.2011.579067","https://scholar.google.com/scholar?q=related:0YUGox21d_oJ:scholar.google.com/&scioq=duration+%22standard+error%22%7C%22standard+errors%22%7Cpbd%7C%22benefit+duration%22%7Cwba%7C%22weekly+benefit+amount%22%7C%22replacement+rate%22+%22unemployment+insurance%22&hl=en&as_sdt=0,5"
23,"A Asenjo, C Pignatti","Unemployment insurance schemes around the world: Evidence and policy options",2019,"","sarkoups.free.fr","http://sarkoups.free.fr/ilo723778.pdf","https://scholar.google.com/scholar?cites=16876979897195376599&as_sdt=2005&sciodt=0,5&hl=en",225,"2022-08-15 21:28:05","BOOK","","","",,,,,23,7.67,12,2,3,"… At the same time, we find that the replacement rate of unemployment benefits as well as their maximum duration are generally lower in emerging than advanced economies. Finally, job-…","http://sarkoups.free.fr/ilo723778.pdf","https://scholar.google.com/scholar?q=related:1y-9ZcwTN-oJ:scholar.google.com/&scioq=duration+%22standard+error%22%7C%22standard+errors%22%7Cpbd%7C%22benefit+duration%22%7Cwba%7C%22weekly+benefit+amount%22%7C%22replacement+rate%22+%22unemployment+insurance%22&hl=en&as_sdt=0,5"
99,"A Barr, S Turner","Out of work and into school: Labor market policies and college enrollment during the Great Recession",2015,"Journal of Public Economics","Elsevier","https://www.sciencedirect.com/science/article/pii/S0047272714002552","https://scholar.google.com/scholar?cites=2762075605929279906&as_sdt=2005&sciodt=0,5&hl=en",598,"2022-08-15 21:28:05","","","","",,,,,99,14.14,50,2,7,"… impact of the length of unemployment insurance duration on the … , using the benefit duration available to individuals at the … We combine employment status and unemployment duration …","","https://scholar.google.com/scholar?q=related:osEvJiHdVCYJ:scholar.google.com/&scioq=duration+%22standard+error%22%7C%22standard+errors%22%7Cpbd%7C%22benefit+duration%22%7Cwba%7C%22weekly+benefit+amount%22%7C%22replacement+rate%22+%22unemployment+insurance%22&hl=en&as_sdt=0,5"
55,"A Bassanini, D Venn","The Impact of Labour Market Policies on Productivity in OECD Countries.",2008,"International Productivity Monitor","csls.ca","http://www.csls.ca/ipm/17/IPM-17-bassanini.pdf","https://scholar.google.com/scholar?cites=18149002888173808252&as_sdt=2005&sciodt=0,5&hl=en",879,"2022-08-15 21:28:05","PDF","","","",,,,,55,3.93,28,2,14,"… terms of either duration, replacement rate or both) may provide a buffer of time and resources to … increase in average replacement rate, unemployment benefit duration and initial benefit …","http://www.csls.ca/ipm/17/IPM-17-bassanini.pdf","https://scholar.google.com/scholar?q=related:fGojIfg13vsJ:scholar.google.com/&scioq=duration+%22standard+error%22%7C%22standard+errors%22%7Cpbd%7C%22benefit+duration%22%7Cwba%7C%22weekly+benefit+amount%22%7C%22replacement+rate%22+%22unemployment+insurance%22&hl=en&as_sdt=0,5"
17,"A Bell, TJ Hedin, G Schnorr…","An analysis of unemployment insurance claims in California during the COVID-19 pandemic",2020,"California Policy Lab …","capolicylab.org","https://www.capolicylab.org/wp-content/uploads/2021/12/June-30th-Analysis-of-Unemployment-Insurance-Claims-in-California-During-the-COVID-19-Pandemic.pdf","https://scholar.google.com/scholar?cites=3101445663124912387&as_sdt=2005&sciodt=0,5&hl=en",280,"2022-08-15 21:28:05","PDF","","","",,,,,17,8.50,4,4,2,"… to 50% of their average weekly earnings in a base period, up to a maximum of $450 per week.The average weekly benefit amount (WBA) for initial claimants who filed at the end of May …","https://www.capolicylab.org/wp-content/uploads/2021/12/June-30th-Analysis-of-Unemployment-Insurance-Claims-in-California-During-the-COVID-19-Pandemic.pdf","https://scholar.google.com/scholar?q=related:A3m8AGaMCisJ:scholar.google.com/&scioq=duration+%22standard+error%22%7C%22standard+errors%22%7Cpbd%7C%22benefit+duration%22%7Cwba%7C%22weekly+benefit+amount%22%7C%22replacement+rate%22+%22unemployment+insurance%22&hl=en&as_sdt=0,5"
2,"A Bell, TJ Hedin, P Mannino, R Moghadam, G Schnorr…","Disparities in Access to Unemployment Insurance During the COVID-19 Pandemic: Lessons from US and California Claims Data",2021,"","capolicylab.org","https://www.capolicylab.org/wp-content/uploads/2022/02/Disparities-in-Access-to-UI-Insurance-During-COVID-19-Pandemic.pdf","https://scholar.google.com/scholar?cites=10120381896121282669&as_sdt=2005&sciodt=0,5&hl=en",467,"2022-08-15 21:28:05","PDF","","","",,,,,2,2.00,0,6,1,"… PBD. The main reason for avoiding using DOL data to calculate cohort exhaustion rate is the substantial disparities in PBD, … unemployment duration increases, the benefit duration also …","https://www.capolicylab.org/wp-content/uploads/2022/02/Disparities-in-Access-to-UI-Insurance-During-COVID-19-Pandemic.pdf","https://scholar.google.com/scholar?q=related:bXCa5bbRcowJ:scholar.google.com/&scioq=duration+%22standard+error%22%7C%22standard+errors%22%7Cpbd%7C%22benefit+duration%22%7Cwba%7C%22weekly+benefit+amount%22%7C%22replacement+rate%22+%22unemployment+insurance%22&hl=en&as_sdt=0,5"
1,"A Bell, TJ Hedin, P Mannino, R Moghadam…","Estimating the Disparate Cumulative Impact of the Pandemic in Administrative Unemployment Insurance Data",2022,"AEA Papers and …","aeaweb.org","https://www.aeaweb.org/articles?id=10.1257/pandp.20221008","https://scholar.google.com/scholar?cites=10271289598398612999&as_sdt=2005&sciodt=0,5&hl=en",194,"2022-08-15 21:28:05","","","","",,,,,1,1.00,0,5,1,"… benefit duration well over 26 weeks. In regular economic times, considering mean total UI duration or … 7 It is also the case that not all claimants qualify for the maximum benefit duration, …","",""
11,"A Bindler","Still unemployed, what next? Crime and unemployment duration",2016,"","gupea.ub.gu.se","https://gupea.ub.gu.se/handle/2077/44450","https://scholar.google.com/scholar?cites=1354017168697951198&as_sdt=2005&sciodt=0,5&hl=en",548,"2022-08-15 21:28:05","","","","",,,,,11,1.83,11,1,6,"… the national average duration of persons … unemployment insurance as well as EUC08 extended benefits. Clearly, the actual benefit duration is shorter than the potential benefit duration. …","https://gupea.ub.gu.se/bitstream/handle/2077/44450/gupea_2077_44450_1.pdf?sequence=1&isAllowed=y","https://scholar.google.com/scholar?q=related:3oMF6HBvyhIJ:scholar.google.com/&scioq=duration+%22standard+error%22%7C%22standard+errors%22%7Cpbd%7C%22benefit+duration%22%7Cwba%7C%22weekly+benefit+amount%22%7C%22replacement+rate%22+%22unemployment+insurance%22&hl=en&as_sdt=0,5"
98,"A Björklund","Unemployment and income distribution: time-series evidence from Sweden",1991,"The Scandinavian Journal of Economics","JSTOR","https://www.jstor.org/stable/3440187","https://scholar.google.com/scholar?cites=5544843596327457430&as_sdt=2005&sciodt=0,5&hl=en",568,"2022-08-15 21:28:05","","","","",,,,,98,3.16,98,1,31,"… For a long time, Swedish politicians have been devoted to keeping unemployment at low … Further, the Swedish unemployment insurance system replaces only about 70 per cent of …","","https://scholar.google.com/scholar?q=related:lpIyft8980wJ:scholar.google.com/&scioq=duration+%22standard+error%22%7C%22standard+errors%22%7Cpbd%7C%22benefit+duration%22%7Cwba%7C%22weekly+benefit+amount%22%7C%22replacement+rate%22+%22unemployment+insurance%22&hl=en&as_sdt=0,5"
49,"A Brandolini, F Carta, F D'amuri","A Feasible Unemployment‐Based Shock Absorber for the Euro Area",2016,"JCMS: Journal of Common …","Wiley Online Library","https://onlinelibrary.wiley.com/doi/abs/10.1111/jcms.12398","https://scholar.google.com/scholar?cites=7571873390800818083&as_sdt=2005&sciodt=0,5&hl=en",666,"2022-08-15 21:28:05","","10.1111/jcms.12398","","",,,,,49,8.17,16,3,6,"… We envisage a NEUI (Notional Euro-wide Unemployment Insurance) that works through … we set the replacement rate at either 35 or 50 per cent and the maximum duration to either three …","https://www.econstor.eu/bitstream/10419/121339/1/819201626.pdf","https://scholar.google.com/scholar?q=related:o0_qPruyFGkJ:scholar.google.com/&scioq=duration+%22standard+error%22%7C%22standard+errors%22%7Cpbd%7C%22benefit+duration%22%7Cwba%7C%22weekly+benefit+amount%22%7C%22replacement+rate%22+%22unemployment+insurance%22&hl=en&as_sdt=0,5"
17,"A De Serres, F Murtin","Unemployment at risk: the policy determinants of labour market exposure to economic shocks",2014,"Economic Policy","academic.oup.com","https://academic.oup.com/economicpolicy/article-abstract/29/80/603/2918410","https://scholar.google.com/scholar?cites=14830428245485307510&as_sdt=2005&sciodt=0,5&hl=en",983,"2022-08-15 21:28:05","","","","",,,,,17,2.13,9,2,8,"… duration is calculated as the average replacement rate over a period of 5 years divided by the initial replacement rate… average net replacement rate of unemployment insurance benefits, …","https://www.economic-policy.org/wp-content/uploads/2013/10/de-serres-murtin.pdf","https://scholar.google.com/scholar?q=related:dkYSD-pD0M0J:scholar.google.com/&scioq=duration+%22standard+error%22%7C%22standard+errors%22%7Cpbd%7C%22benefit+duration%22%7Cwba%7C%22weekly+benefit+amount%22%7C%22replacement+rate%22+%22unemployment+insurance%22&hl=en&as_sdt=0,5"
0,"A Desbuquois","Essays in unemployment insurance",2022,"","etheses.lse.ac.uk","http://etheses.lse.ac.uk/id/eprint/4419","",339,"2022-08-15 21:28:05","","","","",,,,,0,0.00,0,1,1,"… it starts and ends, information about the entitlement length etc. It also provides information about the exact level of the replacement rate and therefore about the level of UB received by …","http://etheses.lse.ac.uk/4419/1/Desbuquois__Essays-unemployment-insurance.pdf",""
5,"A Dube","A plan to reform the Unemployment Insurance system in the United States",2021,"Hamilton Project Policy Proposal","hamiltonproject.org","https://www.hamiltonproject.org/assets/files/A_Plan_to_Reform_the_Unemployment_Insurance.pdf","https://scholar.google.com/scholar?cites=2528060655629694380&as_sdt=2005&sciodt=0,5&hl=en",12,"2022-08-15 21:28:05","PDF","","","",,,,,5,5.00,5,1,1,"… length of time an individual can collect UI is known as the potential benefit duration, or PBD, while the share of income that is replaced by UI benefits is known as the replacement rate. …","https://www.hamiltonproject.org/assets/files/A_Plan_to_Reform_the_Unemployment_Insurance.pdf","https://scholar.google.com/scholar?q=related:rPVypcV5FSMJ:scholar.google.com/&scioq=duration+%22standard+error%22%7C%22standard+errors%22%7Cpbd%7C%22benefit+duration%22%7Cwba%7C%22weekly+benefit+amount%22%7C%22replacement+rate%22+%22unemployment+insurance%22&hl=en&as_sdt=0,5"
21,"A Dube","Aggregate employment effects of unemployment benefits during deep downturns: Evidence from the expiration of the Federal Pandemic Unemployment …",2021,"","nber.org","https://www.nber.org/papers/w28470","https://scholar.google.com/scholar?cites=760588912076949257&as_sdt=2005&sciodt=0,5&hl=en",295,"2022-08-15 21:28:05","","","","",,,,,21,21.00,21,1,1,"… the replacement rate during a time when employment was recovering during the Covid recession. Leveraging the considerable variation in this drop across states, I use a difference-in-…","https://www.nber.org/system/files/working_papers/w28470/w28470.pdf","https://scholar.google.com/scholar?q=related:CYdy9JUnjgoJ:scholar.google.com/&scioq=duration+%22standard+error%22%7C%22standard+errors%22%7Cpbd%7C%22benefit+duration%22%7Cwba%7C%22weekly+benefit+amount%22%7C%22replacement+rate%22+%22unemployment+insurance%22&hl=en&as_sdt=0,5"
68,"A Ebenstein, K Stange","Does inconvenience explain low take‐up? Evidence from unemployment insurance",2010,"Journal of Policy Analysis and …","Wiley Online Library","https://onlinelibrary.wiley.com/doi/abs/10.1002/pam.20481","https://scholar.google.com/scholar?cites=13769475199815036781&as_sdt=2005&sciodt=0,5&hl=en",307,"2022-08-15 21:28:05","","10.1002/pam.20481","","",,,,,68,5.67,34,2,12,"… 23 A two-hour application time reduction is equivalent to a 1 … , a 40 percent replacement rate, and 14 weeks expected duration. … to that derived using our state-clustered standard errors. …","https://deepblue.lib.umich.edu/bitstream/handle/2027.42/64570/20481_ftp.pdf?sequence=1","https://scholar.google.com/scholar?q=related:ba-GjL0AF78J:scholar.google.com/&scioq=duration+%22standard+error%22%7C%22standard+errors%22%7Cpbd%7C%22benefit+duration%22%7Cwba%7C%22weekly+benefit+amount%22%7C%22replacement+rate%22+%22unemployment+insurance%22&hl=en&as_sdt=0,5"
18,"A Farooq, AD Kugler, U Muratori","Do unemployment insurance benefits improve match quality? Evidence from recent US recessions",2020,"","nber.org","https://www.nber.org/papers/w27574","https://scholar.google.com/scholar?cites=3497402318975562371&as_sdt=2005&sciodt=0,5&hl=en",249,"2022-08-15 21:28:05","","","","",,,,,18,9.00,6,3,2,"… benefit duration significantly decreases the mismatch for women, nonwhites, and less-educated workers. Moreover, increasing UI benefit duration … of unemployment insurance duration …","https://www.nber.org/system/files/working_papers/w27574/w27574.pdf","https://scholar.google.com/scholar?q=related:g3IqC-FEiTAJ:scholar.google.com/&scioq=duration+%22standard+error%22%7C%22standard+errors%22%7Cpbd%7C%22benefit+duration%22%7Cwba%7C%22weekly+benefit+amount%22%7C%22replacement+rate%22+%22unemployment+insurance%22&hl=en&as_sdt=0,5"
0,"A Gaillard, S Kankanamge","Gross Labor Market Flows, Self-Employment, and Unemployment Insurance",2022,"… , and Unemployment Insurance (July …","papers.ssrn.com","https://papers.ssrn.com/sol3/papers.cfm?abstract_id=3902165","",594,"2022-08-15 21:28:05","","","","",,,,,0,0.00,0,2,1,"… duration and the maximum weekly benefit amount at the state level from the US Department of Labor’s ""significant provisions of state unemployment insurance … but also over time within …","http://kankanamge.free.fr/docs/GK_GLMFE.pdf","https://scholar.google.com/scholar?q=related:3laRiuG3faYJ:scholar.google.com/&scioq=duration+%22standard+error%22%7C%22standard+errors%22%7Cpbd%7C%22benefit+duration%22%7Cwba%7C%22weekly+benefit+amount%22%7C%22replacement+rate%22+%22unemployment+insurance%22&hl=en&as_sdt=0,5"
0,"A Gaillard, S Kankanamge","Entrepreneurship and Labor Market Mobility: the Role of Unemployment Insurance",2021,"","publications.ut-capitole.fr","http://publications.ut-capitole.fr/42410/1/wp_tse_1187.pdf","",706,"2022-08-15 21:28:05","PDF","","","",,,,,0,0.00,0,2,1,"… maximum duration and replacement rate fall in the range of the variations observed across US states and over time, including UI extensions. We, thus, vary the replacement rate from 30…","http://publications.ut-capitole.fr/42410/1/wp_tse_1187.pdf","https://scholar.google.com/scholar?q=related:B0og3eIhEqcJ:scholar.google.com/&scioq=duration+%22standard+error%22%7C%22standard+errors%22%7Cpbd%7C%22benefit+duration%22%7Cwba%7C%22weekly+benefit+amount%22%7C%22replacement+rate%22+%22unemployment+insurance%22&hl=en&as_sdt=0,5"
13,"A Godøy, K Røed","Unemployment insurance and underemployment",2016,"Labour","Wiley Online Library","https://onlinelibrary.wiley.com/doi/abs/10.1111/labr.12066","https://scholar.google.com/scholar?cites=13222998598315759750&as_sdt=2005&sciodt=0,5&hl=en",361,"2022-08-15 21:28:05","","10.1111/labr.12066","","",,,,,13,2.17,7,2,6,"… , statistical inference is seriously limited by large standard errors. Based on Danish data, … maximum benefit duration is 24 months for all workers in the sample, the average spell duration …","https://www.econstor.eu/bitstream/10419/93290/1/dp7913.pdf","https://scholar.google.com/scholar?q=related:hlgZriqHgbcJ:scholar.google.com/&scioq=duration+%22standard+error%22%7C%22standard+errors%22%7Cpbd%7C%22benefit+duration%22%7Cwba%7C%22weekly+benefit+amount%22%7C%22replacement+rate%22+%22unemployment+insurance%22&hl=en&as_sdt=0,5"
47,"A Gould-Werth, HL Shaefer","Unemployment Insurance participation by education and by race and ethnicity",2012,"Monthly Lab. Rev.","HeinOnline","https://heinonline.org/hol-cgi-bin/get_pdf.cgi?handle=hein.journals/month135&section=92","https://scholar.google.com/scholar?cites=7660651354546095502&as_sdt=2005&sciodt=0,5&hl=en",791,"2022-08-15 21:28:05","","","","",,,,,47,4.70,24,2,10,"… for unemployment, earnings history, part-time or filltime work status, union coverage, and du… and standard errors are clustered at the state level to account for the CPS's stratified survey …","https://stats.bls.gov/opub/mlr/2012/10/art3full.pdf","https://scholar.google.com/scholar?q=related:jsXVr9EZUGoJ:scholar.google.com/&scioq=duration+%22standard+error%22%7C%22standard+errors%22%7Cpbd%7C%22benefit+duration%22%7Cwba%7C%22weekly+benefit+amount%22%7C%22replacement+rate%22+%22unemployment+insurance%22&hl=en&as_sdt=0,5"
881,"A Han, JA Hausman","Flexible parametric estimation of duration and competing risk models",1990,"Journal of applied Econometrics","Wiley Online Library","https://onlinelibrary.wiley.com/doi/abs/10.1002/jae.3950050102","https://scholar.google.com/scholar?cites=14114617686925188017&as_sdt=2005&sciodt=0,5&hl=en",366,"2022-08-15 21:28:05","","10.1002/jae.3950050102","","",,,,,881,27.53,441,2,32,"… duration and competing risks specifications. We find an important effect arising from the exhaustion of unemployment insurance … and federal rules which govern benefit duration. l 3 The …","","https://scholar.google.com/scholar?q=related:sRuf-QAy4cMJ:scholar.google.com/&scioq=duration+%22standard+error%22%7C%22standard+errors%22%7Cpbd%7C%22benefit+duration%22%7Cwba%7C%22weekly+benefit+amount%22%7C%22replacement+rate%22+%22unemployment+insurance%22&hl=en&as_sdt=0,5"
4,"A Harkman","Unemployment Compensation and Unemployment Duration–What was the Effect of the Cut in the Replacement Rate from 90 to 80 percent?",1997,"Unemployment Insurance and the Functioning of the …","","","https://scholar.google.com/scholar?cites=9993594509843982765&as_sdt=2005&sciodt=0,5&hl=en",768,"2022-08-15 21:28:05","CITATION","","","",,,,,4,0.16,4,1,25,"","","https://scholar.google.com/scholar?q=related:rWmLJEJhsIoJ:scholar.google.com/&scioq=duration+%22standard+error%22%7C%22standard+errors%22%7Cpbd%7C%22benefit+duration%22%7Cwba%7C%22weekly+benefit+amount%22%7C%22replacement+rate%22+%22unemployment+insurance%22&hl=en&as_sdt=0,5"
16,"A Heyma, JC Van Ours","How eligibility criteria and entitlement characteristics of unemployment benefits affect job finding rates of elderly workers",2006,"Tilburg University","Citeseer","https://citeseerx.ist.psu.edu/viewdoc/download?doi=10.1.1.518.2977&rep=rep1&type=pdf","https://scholar.google.com/scholar?cites=12028433696455952477&as_sdt=2005&sciodt=0,5&hl=en",556,"2022-08-15 21:28:05","PDF","","","",,,,,16,1.00,8,2,16,"… of PBD the emphasis is on end-of-period behavior with spikes in the exit rates, in this study we focus on beginning-of-the-period … Individuals entitled to Unemployment Insurance (UI) …","https://citeseerx.ist.psu.edu/viewdoc/download?doi=10.1.1.518.2977&rep=rep1&type=pdf","https://scholar.google.com/scholar?q=related:XYiYsbeU7aYJ:scholar.google.com/&scioq=duration+%22standard+error%22%7C%22standard+errors%22%7Cpbd%7C%22benefit+duration%22%7Cwba%7C%22weekly+benefit+amount%22%7C%22replacement+rate%22+%22unemployment+insurance%22&hl=en&as_sdt=0,5"
117,"A Holen","Effects of unemployment insurance entitlement on duration and job search outcome",1977,"ILR Review","journals.sagepub.com","https://journals.sagepub.com/doi/pdf/10.1177/001979397703000401","https://scholar.google.com/scholar?cites=10748150115783879190&as_sdt=2005&sciodt=0,5&hl=en",77,"2022-08-15 21:28:05","","10.1177/001979397703000401","","",,,,,117,2.60,117,1,45,"… The coefficient of weekly benefit amount in the earnings equation thus represents both the … via its effect on duration. The coefficient of 8.9 for the weekly benefit amount means that a $10 …","","https://scholar.google.com/scholar?q=related:Firfi5UZKZUJ:scholar.google.com/&scioq=duration+%22standard+error%22%7C%22standard+errors%22%7Cpbd%7C%22benefit+duration%22%7Cwba%7C%22weekly+benefit+amount%22%7C%22replacement+rate%22+%22unemployment+insurance%22&hl=en&as_sdt=0,5"
21,"A Holen, S Horowitz","Partial unemployment insurance benefits and the extent of partial unemployment",1974,"The journal of human resources","JSTOR","https://www.jstor.org/stable/144698","https://scholar.google.com/scholar?cites=9376147826504285387&as_sdt=2005&sciodt=0,5&hl=en",871,"2022-08-15 21:28:05","","","","",,,,,21,0.44,11,2,48,"… Partial unemployment insurance benefits are provided in all s … is often the weekly benefit amount which the receive if he … and part-time employment. The former refers to less than full-…","","https://scholar.google.com/scholar?q=related:y7xWcMXEHoIJ:scholar.google.com/&scioq=duration+%22standard+error%22%7C%22standard+errors%22%7Cpbd%7C%22benefit+duration%22%7Cwba%7C%22weekly+benefit+amount%22%7C%22replacement+rate%22+%22unemployment+insurance%22&hl=en&as_sdt=0,5"
50,"A Holen, SA Horowitz","The effect of unemployment insurance and eligibility enforcement on unemployment",1974,"The Journal of Law and Economics","journals.uchicago.edu","https://www.journals.uchicago.edu/doi/pdf/10.1086/466799","https://scholar.google.com/scholar?cites=2111540857222437805&as_sdt=2005&sciodt=0,5&hl=en",532,"2022-08-15 21:28:05","","10.1086/466799","","",,,,,50,1.04,25,2,48,"… the base period (year) or within the high quarter of the base period. … the average weekly benefit amount 5. claims exhaustions as … through which unemployment insurance liberality can …","","https://scholar.google.com/scholar?q=related:rZt34zizTR0J:scholar.google.com/&scioq=duration+%22standard+error%22%7C%22standard+errors%22%7Cpbd%7C%22benefit+duration%22%7Cwba%7C%22weekly+benefit+amount%22%7C%22replacement+rate%22+%22unemployment+insurance%22&hl=en&as_sdt=0,5"
21,"A Hornstein, M Yuan","Can a matching model explain the long-run increase in Canada's unemployment rate?",1999,"Canadian Journal of Economics","JSTOR","https://www.jstor.org/stable/136409","https://scholar.google.com/scholar?cites=7784707369625593078&as_sdt=2005&sciodt=0,5&hl=en",853,"2022-08-15 21:28:05","","","","",,,,,21,0.91,11,2,23,"… unemployment insurance … replacement rate as the expected value of unemployment benefits to an unemployed worker, based on the legislated replacement rate, the maximum duration …","","https://scholar.google.com/scholar?q=related:9iTmhhvWCGwJ:scholar.google.com/&scioq=duration+%22standard+error%22%7C%22standard+errors%22%7Cpbd%7C%22benefit+duration%22%7Cwba%7C%22weekly+benefit+amount%22%7C%22replacement+rate%22+%22unemployment+insurance%22&hl=en&as_sdt=0,5"
8,"A Hornstein, M Yuan","Can a matching model explain the long-run increase in Canada's unemployment rate?",1998,"","papers.ssrn.com","https://papers.ssrn.com/sol3/papers.cfm?abstract_id=2123680","https://scholar.google.com/scholar?cites=15313385273795726410&as_sdt=2005&sciodt=0,5&hl=en",948,"2022-08-15 21:28:05","","","","",,,,,8,0.33,4,2,24,"… unemployment insurance … replacement rate as the expected value of unemployment benefits to an unemployed worker, based on the legislated replacement rate, the maximum duration …","https://www.bankofcanada.ca/wp-content/uploads/2010/05/wp98-19.pdf","https://scholar.google.com/scholar?q=related:SsxK0cUShNQJ:scholar.google.com/&scioq=duration+%22standard+error%22%7C%22standard+errors%22%7Cpbd%7C%22benefit+duration%22%7Cwba%7C%22weekly+benefit+amount%22%7C%22replacement+rate%22+%22unemployment+insurance%22&hl=en&as_sdt=0,5"
152,"A Karlström, M Palme, I Svensson","The employment effect of stricter rules for eligibility for DI: Evidence from a natural experiment in Sweden",2008,"Journal of public economics","Elsevier","https://www.sciencedirect.com/science/article/pii/S0047272708000765","https://scholar.google.com/scholar?cites=866506771726607124&as_sdt=2005&sciodt=0,5&hl=en",790,"2022-08-15 21:28:05","","","","",,,,,152,10.86,51,3,14,"… The unemployment insurance benefit consists of two parts: one basic … replacement rate for unemployment insurance has also been changed on several occasions during the time period …","http://www2.ne.su.se/paper/wp08_03.pdf","https://scholar.google.com/scholar?q=related:FCM8ZFFzBgwJ:scholar.google.com/&scioq=duration+%22standard+error%22%7C%22standard+errors%22%7Cpbd%7C%22benefit+duration%22%7Cwba%7C%22weekly+benefit+amount%22%7C%22replacement+rate%22+%22unemployment+insurance%22&hl=en&as_sdt=0,5"
4,"A Kelly","The performance of Illinois' unemployment insurance system over business cycles",1997,"International Journal of Public Administration","Taylor & Francis","https://www.tandfonline.com/doi/abs/10.1080/01900699708525267","https://scholar.google.com/scholar?cites=4598375577560642611&as_sdt=2005&sciodt=0,5&hl=en",876,"2022-08-15 21:28:05","","10.1080/01900699708525267","","",,,,,4,0.16,4,1,25,"… Initially, a few states borrowed from this fund for short time periods. The back-to-back recessions of … of wages replaced by Unemployment Insurance (the Replacement Rate). This ratio is …","","https://scholar.google.com/scholar?q=related:M3RVfDm20D8J:scholar.google.com/&scioq=duration+%22standard+error%22%7C%22standard+errors%22%7Cpbd%7C%22benefit+duration%22%7Cwba%7C%22weekly+benefit+amount%22%7C%22replacement+rate%22+%22unemployment+insurance%22&hl=en&as_sdt=0,5"
6,"A Kettemann","The Macroeconomics of Incomplete Unemployment Insurance Take-up",2017,"Unpublished report, Department of Economics","econ.uzh.ch","http://www.econ.uzh.ch/dam/jcr:ed9af161-f4f4-4b90-bf41-6fcd9a0b76f2/seffort2.pdf","https://scholar.google.com/scholar?cites=13444078580593961399&as_sdt=2005&sciodt=0,5&hl=en",872,"2022-08-15 21:28:05","PDF","","","",,,,,6,1.20,6,1,5,"… of search effort to unemployment insurance among the … a case for a countercyclical replacement rate. This hence mirrors … for unemployment insurance benefits z during every period of …","http://www.econ.uzh.ch/dam/jcr:ed9af161-f4f4-4b90-bf41-6fcd9a0b76f2/seffort2.pdf","https://scholar.google.com/scholar?q=related:t6m9QD32kroJ:scholar.google.com/&scioq=duration+%22standard+error%22%7C%22standard+errors%22%7Cpbd%7C%22benefit+duration%22%7Cwba%7C%22weekly+benefit+amount%22%7C%22replacement+rate%22+%22unemployment+insurance%22&hl=en&as_sdt=0,5"
41,"A Kuhn, S Staubli, JP Wuellrich, J Zweimüller","Fatal attraction? Extended unemployment benefits, labor force exits, and mortality",2020,"Journal of Public Economics","Elsevier","https://www.sciencedirect.com/science/article/pii/S0047272719301483","https://scholar.google.com/scholar?cites=2124849954550656576&as_sdt=2005&sciodt=0,5&hl=en",880,"2022-08-15 21:28:05","","","","",,,,,41,20.50,10,4,2,"… change in Austria's unemployment insurance system that … pension and unemployment insurance (UI) system during that time. … -region level, all standard errors we report are adjusted for …","https://www.nber.org/system/files/working_papers/w25124/w25124.pdf","https://scholar.google.com/scholar?q=related:QC7_lcb7fB0J:scholar.google.com/&scioq=duration+%22standard+error%22%7C%22standard+errors%22%7Cpbd%7C%22benefit+duration%22%7Cwba%7C%22weekly+benefit+amount%22%7C%22replacement+rate%22+%22unemployment+insurance%22&hl=en&as_sdt=0,5"
49,"A Larson, MG Murray","The development of unemployment insurance in the United States",1954,"Vand. L. Rev.","HeinOnline","https://heinonline.org/hol-cgi-bin/get_pdf.cgi?handle=hein.journals/vanlr8&section=18","https://scholar.google.com/scholar?cites=1465404372688483500&as_sdt=2005&sciodt=0,5&hl=en",610,"2022-08-15 21:28:05","","","","",,,,,49,0.72,25,2,68,"… a period of very heavy unemployment, with the result that the possible costs of a system of unemployment insurance … Forty-eight states provided a maximum weekly benefit amount of …","https://scholarship.law.vanderbilt.edu/cgi/viewcontent.cgi?article=4348&context=vlr","https://scholar.google.com/scholar?q=related:rLRmToMpVhQJ:scholar.google.com/&scioq=duration+%22standard+error%22%7C%22standard+errors%22%7Cpbd%7C%22benefit+duration%22%7Cwba%7C%22weekly+benefit+amount%22%7C%22replacement+rate%22+%22unemployment+insurance%22&hl=en&as_sdt=0,5"
23,"A Lauringson","Disincentive effects of unemployment insurance benefits: maximum benefit duration versus benefit level",2011,"Baltic Journal of Economics","Taylor & Francis","https://www.tandfonline.com/doi/abs/10.1080/1406099X.2011.10840489","https://scholar.google.com/scholar?cites=11433776798882835695&as_sdt=2005&sciodt=0,5&hl=en",6,"2022-08-15 21:28:05","","10.1080/1406099X.2011.10840489","","",,,,,23,2.09,23,1,11,"… duration of unemployment insurance benefit is longer. The unemployed eligible for shorter unemployment insurance … time-varying covariates: 1) as a replacement rate, 2) as a grouped …","https://www.tandfonline.com/doi/pdf/10.1080/1406099X.2011.10840489","https://scholar.google.com/scholar?q=related:76yDemvvrJ4J:scholar.google.com/&scioq=duration+%22standard+error%22%7C%22standard+errors%22%7Cpbd%7C%22benefit+duration%22%7Cwba%7C%22weekly+benefit+amount%22%7C%22replacement+rate%22+%22unemployment+insurance%22&hl=en&as_sdt=0,5"
34,"A Lichter","Benefit duration and Job search effort: Evidence from a Natural Experiment",2016,"","papers.ssrn.com","https://papers.ssrn.com/sol3/papers.cfm?abstract_id=2849749","https://scholar.google.com/scholar?cites=8247202689039174014&as_sdt=2005&sciodt=0,5&hl=en",104,"2022-08-15 21:28:05","","","","",,,,,34,5.67,34,1,6,"… A central challenge of unemployment insurance (UI) … losses while at the same time repressing the unintended incentives … as well as the potential benefit duration (PBD), have been well …","https://www.econstor.eu/bitstream/10419/147950/1/dp10264.pdf","https://scholar.google.com/scholar?q=related:fonTbibzc3IJ:scholar.google.com/&scioq=duration+%22standard+error%22%7C%22standard+errors%22%7Cpbd%7C%22benefit+duration%22%7Cwba%7C%22weekly+benefit+amount%22%7C%22replacement+rate%22+%22unemployment+insurance%22&hl=en&as_sdt=0,5"
16,"A Lichter, A Schiprowski","Benefit duration, job search behavior and re-employment",2021,"Journal of Public Economics","Elsevier","https://www.sciencedirect.com/science/article/pii/S0047272720301900","https://scholar.google.com/scholar?cites=5593399018374186918&as_sdt=2005&sciodt=0,5&hl=en",39,"2022-08-15 21:28:05","","","","",,,,,16,16.00,8,2,1,"… unemployment insurance (UI) scheme in 2008, which increased the potential benefit duration … cohort, we find that the PBD extension prolonged the duration of UI receipt for this group …","https://www.econstor.eu/bitstream/10419/226837/1/ECONtribute-037-2020.pdf","https://scholar.google.com/scholar?q=related:pkc2qcW-n00J:scholar.google.com/&scioq=duration+%22standard+error%22%7C%22standard+errors%22%7Cpbd%7C%22benefit+duration%22%7Cwba%7C%22weekly+benefit+amount%22%7C%22replacement+rate%22+%22unemployment+insurance%22&hl=en&as_sdt=0,5"
8,"A Lifschitz, O Setty, Y Yedid-Levi","Who Cares about Unemployment Insurance?",2013,"","ageconsearch.umn.edu","https://ageconsearch.umn.edu/record/275784/","https://scholar.google.com/scholar?cites=2089737370401634008&as_sdt=2005&sciodt=0,5&hl=en",219,"2022-08-15 21:28:05","","","","",,,,,8,0.89,3,3,9,"… Considering a proportional tax and replacement rate UI … The model is in discrete time and there is no aggregate risk. … In our baseline model, we consider an unemployment insurance …","https://ageconsearch.umn.edu/record/275784/files/2013-8.pdf","https://scholar.google.com/scholar?q=related:2PalBBE9AB0J:scholar.google.com/&scioq=duration+%22standard+error%22%7C%22standard+errors%22%7Cpbd%7C%22benefit+duration%22%7Cwba%7C%22weekly+benefit+amount%22%7C%22replacement+rate%22+%22unemployment+insurance%22&hl=en&as_sdt=0,5"
5,"A Lifschitz, O Setty, Y Yedid-Levi","On the provision of unemployment insurance when workers are ex-ante heterogeneous",2018,"Report.[440]","m.tau.ac.il","https://m.tau.ac.il/~ofers/LSY_revision_1.pdf","https://scholar.google.com/scholar?cites=11621483583458536451&as_sdt=2005&sciodt=0,5&hl=en",599,"2022-08-15 21:28:05","PDF","","","",,,,,5,1.25,2,3,4,"… replacement rate h = 0.4, ie a 40% replacement rate, as is typically used to describe the replacement rate in … The point estimates for the AR(1) coefficient are based on a two year period …","https://m.tau.ac.il/~ofers/LSY_revision_1.pdf","https://scholar.google.com/scholar?q=related:A2wU877NR6EJ:scholar.google.com/&scioq=duration+%22standard+error%22%7C%22standard+errors%22%7Cpbd%7C%22benefit+duration%22%7Cwba%7C%22weekly+benefit+amount%22%7C%22replacement+rate%22+%22unemployment+insurance%22&hl=en&as_sdt=0,5"
39,"A Light, Y Omori","Unemployment insurance and job quits",2004,"Journal of Labor Economics","journals.uchicago.edu","https://www.journals.uchicago.edu/doi/abs/10.1086/380406","https://scholar.google.com/scholar?cites=1453338942445599317&as_sdt=2005&sciodt=0,5&hl=en",452,"2022-08-15 21:28:05","","10.1086/380406","","",,,,,39,2.17,20,2,18,"… second period, individuals remain employed at their period 1 … {l}$$ hours of nonwork time per period, and in period 1 they … could potentially bias our standard errors. This aggregation …","","https://scholar.google.com/scholar?q=related:VTq2ahFMKxQJ:scholar.google.com/&scioq=duration+%22standard+error%22%7C%22standard+errors%22%7Cpbd%7C%22benefit+duration%22%7Cwba%7C%22weekly+benefit+amount%22%7C%22replacement+rate%22+%22unemployment+insurance%22&hl=en&as_sdt=0,5"
37,"A Lindner, B Reizer","Front-Loading the Unemployment Benefit: An Empirical Assessment",2020,"American Economic Journal: Applied Economics","aeaweb.org","https://www.aeaweb.org/articles?id=10.1257/app.20180138","https://scholar.google.com/scholar?cites=13159378766563157039&as_sdt=2005&sciodt=0,5&hl=en",824,"2022-08-15 21:28:05","","","","",,,,,37,18.50,19,2,2,"… on the optimal time profile of unemployment insurance (eg, … on the effect of unemployment insurance on job quality. … the UI replacement rate or benefit duration on reemployment wages …","https://discovery.ucl.ac.uk/id/eprint/10081315/1/Lindner_app.20180138.pdf","https://scholar.google.com/scholar?q=related:L6TQTUSBn7YJ:scholar.google.com/&scioq=duration+%22standard+error%22%7C%22standard+errors%22%7Cpbd%7C%22benefit+duration%22%7Cwba%7C%22weekly+benefit+amount%22%7C%22replacement+rate%22+%22unemployment+insurance%22&hl=en&as_sdt=0,5"
0,"A Lyshol","Occupational Mobility, Mismatch & Unemployment Insurance",2022,"Mismatch & Unemployment Insurance","papers.ssrn.com","https://papers.ssrn.com/sol3/papers.cfm?abstract_id=4153339","",613,"2022-08-15 21:28:05","","","","",,,,,0,0.00,0,1,1,"… correlation of unemployment duration and duration of unemployment insurance, the estimate of … Note: The 95% confidence intervals are based on standard errors clustered on state. The …","",""
0,"A Masters, K You","Unemployment Insurance, Wage Dispersion and the Re-Entitlement Effect",,"Wage Dispersion and the Re-Entitlement Effect","papers.ssrn.com","https://papers.ssrn.com/sol3/papers.cfm?abstract_id=4184997","",646,"2022-08-15 21:28:05","","","","",,,,,0,0.00,0,2,,"… This paper studies how finite duration Unemployment Insurance (UI) benefit payments affect … In a directed on-the-job search model, benefit duration is determined by recent employment …","https://www.albany.edu/~am755146/papers/rqweb.pdf",""
95,"A McKay, R Reis","Optimal automatic stabilizers",2021,"The Review of Economic Studies","academic.oup.com","https://academic.oup.com/restud/article-abstract/88/5/2375/6174002","https://scholar.google.com/scholar?cites=7698357449434296462&as_sdt=2005&sciodt=0,5&hl=en",721,"2022-08-15 21:28:05","","","","",,,,,95,95.00,48,2,1,"… We introduce unemployment insurance and progressive … We calculate the optimal unemployment replacement rate and … adjusts the tax instruments every period in response to …","https://www.nber.org/system/files/working_papers/w22359/w22359.pdf","https://scholar.google.com/scholar?q=related:jnCDB1AP1moJ:scholar.google.com/&scioq=duration+%22standard+error%22%7C%22standard+errors%22%7Cpbd%7C%22benefit+duration%22%7Cwba%7C%22weekly+benefit+amount%22%7C%22replacement+rate%22+%22unemployment+insurance%22&hl=en&as_sdt=0,5"
69,"A Moreira, ÁA Domínguez, C Antunes…","Austerity-driven labour market reforms in southern Europe: Eroding the security of labour market insiders",2015,"… Journal of Social …","journals.sagepub.com","https://journals.sagepub.com/doi/abs/10.1177/138826271501700204","https://scholar.google.com/scholar?cites=6028731245963973526&as_sdt=2005&sciodt=0,5&hl=en",906,"2022-08-15 21:28:05","","10.1177/138826271501700204","","",,,,,69,9.86,17,4,7,"… and duration of unemployment insurance benefits. The cap on unemployment insurance benefits … the gross replacement rate for an individual with the following characteristics: – Age 35 …","https://repositorio.ul.pt/bitstream/10451/22585/1/ICS_AMoreira_Austeridade_ARI.pdf","https://scholar.google.com/scholar?q=related:lhP7aSBbqlMJ:scholar.google.com/&scioq=duration+%22standard+error%22%7C%22standard+errors%22%7Cpbd%7C%22benefit+duration%22%7Cwba%7C%22weekly+benefit+amount%22%7C%22replacement+rate%22+%22unemployment+insurance%22&hl=en&as_sdt=0,5"
287,"A Nekoei, A Weber","Does extending unemployment benefits improve job quality?",2017,"American Economic Review","aeaweb.org","https://www.aeaweb.org/articles?id=10.1257/aer.20150528","https://scholar.google.com/scholar?cites=13126906792680445266&as_sdt=2005&sciodt=0,5&hl=en",463,"2022-08-15 21:28:05","","","","",,,,,287,57.40,144,2,5,"… The positive effect of unemployment insurance (UI) on unemployment duration is one of the … We begin by studying how an extension of the potential UI benefit duration affects laid-off …","https://www.econstor.eu/bitstream/10419/115109/1/wp1404.pdf","https://scholar.google.com/scholar?q=related:UlVhuS0kLLYJ:scholar.google.com/&scioq=duration+%22standard+error%22%7C%22standard+errors%22%7Cpbd%7C%22benefit+duration%22%7Cwba%7C%22weekly+benefit+amount%22%7C%22replacement+rate%22+%22unemployment+insurance%22&hl=en&as_sdt=0,5"
13,"A Pollak","Unemployment, human capital depreciation, and unemployment insurance policy",2013,"Journal of Applied Econometrics","Wiley Online Library","https://onlinelibrary.wiley.com/doi/abs/10.1002/jae.2275","https://scholar.google.com/scholar?cites=16722058076073540997&as_sdt=2005&sciodt=0,5&hl=en",435,"2022-08-15 21:28:05","","10.1002/jae.2275","","",,,,,13,1.44,13,1,9,"… unemployment insurance (UI) systems in Germany and the USA during the 1990s, the time period … The maximum benefit duration was 12 months for workers under the age of 42, but it …","","https://scholar.google.com/scholar?q=related:hb3QETmvEOgJ:scholar.google.com/&scioq=duration+%22standard+error%22%7C%22standard+errors%22%7Cpbd%7C%22benefit+duration%22%7Cwba%7C%22weekly+benefit+amount%22%7C%22replacement+rate%22+%22unemployment+insurance%22&hl=en&as_sdt=0,5"
2,"A Pollak","Employment Insurance: Interregional Redistribution versus Protection against Changing Labour Market Conditions",2019,"Canadian Public Policy","utpjournals.press","https://www.utpjournals.press/doi/abs/10.3138/cpp.2018-053","https://scholar.google.com/scholar?cites=11061379317089910504&as_sdt=2005&sciodt=0,5&hl=en",847,"2022-08-15 21:28:05","","10.3138/cpp.2018-053","","",,,,,2,0.67,2,1,3,"… properties of the Canadian unemployment insurance system, … conditions and thus varies over time with the state of the … particular benefit duration, as well as the maximum duration …","","https://scholar.google.com/scholar?q=related:6D7_GOLpgZkJ:scholar.google.com/&scioq=duration+%22standard+error%22%7C%22standard+errors%22%7Cpbd%7C%22benefit+duration%22%7Cwba%7C%22weekly+benefit+amount%22%7C%22replacement+rate%22+%22unemployment+insurance%22&hl=en&as_sdt=0,5"
3,"A Pollak","Optimal Unemployment Insurance",2007,"","books.google.com","https://books.google.com/books?hl=en&lr=&id=KfvYpw8o9MUC&oi=fnd&pg=PA1&dq=duration+%22standard+error%22%7C%22standard+errors%22%7Cpbd%7C%22benefit+duration%22%7Cwba%7C%22weekly+benefit+amount%22%7C%22replacement+rate%22+%22unemployment+insurance%22&ots=N1JmUXf8Up&sig=DQbPjfjPOfWQRvyHJyWU96X5FK4","https://scholar.google.com/scholar?cites=9693400141549587346&as_sdt=2005&sciodt=0,5&hl=en",963,"2022-08-15 21:28:05","BOOK","","","",,,,,3,0.20,3,1,15,"… After running out of unemployment insurance benefits, individuals were often eligible for … was paid at a replacement rate of up to 57% without any restrictions on the duration. At the other …","","https://scholar.google.com/scholar?q=related:ksvIJhLghYYJ:scholar.google.com/&scioq=duration+%22standard+error%22%7C%22standard+errors%22%7Cpbd%7C%22benefit+duration%22%7Cwba%7C%22weekly+benefit+amount%22%7C%22replacement+rate%22+%22unemployment+insurance%22&hl=en&as_sdt=0,5"
0,"A Rangarajan, C Razafindrakoto, W Corson","To What Extent Is the Unemployment Insurance System a Safety Net for Former TANF Recipients? Evidence from New Jersey",2002,"","researchgate.net","https://www.researchgate.net/profile/Carol-Razafindrakoto/publication/241762129_To_What_Extent_is_the_Unemployment_Insurance_System_a_Safety_Net_for_Former_TANF_Recipients_Evidence_from_New_Jersey_Princeton_NJ_Mathematica_Policy_Research/links/551db2aa0cf213ef063e9075/To-What-Extent-is-the-Unemployment-Insurance-System-a-Safety-Net-for-Former-TANF-Recipients-Evidence-from-New-Jersey-Princeton-NJ-Mathematica-Policy-Research.pdf","",707,"2022-08-15 21:28:05","PDF","","","",,,,,0,0.00,0,3,20,"… Potential duration (weeks) The weekly benefit amount (WBA) ranges from 40 to 60 percent of average weekly wages. It typically is set equal to 50 percent of the average weekly wage in …","https://www.researchgate.net/profile/Carol-Razafindrakoto/publication/241762129_To_What_Extent_is_the_Unemployment_Insurance_System_a_Safety_Net_for_Former_TANF_Recipients_Evidence_from_New_Jersey_Princeton_NJ_Mathematica_Policy_Research/links/551db2aa0cf213ef063e9075/To-What-Extent-is-the-Unemployment-Insurance-System-a-Safety-Net-for-Former-TANF-Recipients-Evidence-from-New-Jersey-Princeton-NJ-Mathematica-Policy-Research.pdf","https://scholar.google.com/scholar?q=related:MCU0P0j1EwEJ:scholar.google.com/&scioq=duration+%22standard+error%22%7C%22standard+errors%22%7Cpbd%7C%22benefit+duration%22%7Cwba%7C%22weekly+benefit+amount%22%7C%22replacement+rate%22+%22unemployment+insurance%22&hl=en&as_sdt=0,5"
19,"A Rangarajan…","Unemployment Insurance as a potential safety net for TANF leavers: Evidence from five states",2004,"Final Report submitted to …","mathematica-mpr.com","http://www.mathematica-mpr.com/~/media/publications/PDFs/unemtanf.pdf","https://scholar.google.com/scholar?cites=17522949321411479375&as_sdt=2005&sciodt=0,5&hl=en",351,"2022-08-15 21:28:05","PDF","","","",,,,,19,1.06,10,2,18,"… of the base period. With respect to benefits, in 2001 the maximum weekly benefit amount of $205 that … Potential duration also varied across the states, with some states having a uniform …","http://www.mathematica-mpr.com/~/media/publications/PDFs/unemtanf.pdf","https://scholar.google.com/scholar?q=related:T0fnN5EFLvMJ:scholar.google.com/&scioq=duration+%22standard+error%22%7C%22standard+errors%22%7Cpbd%7C%22benefit+duration%22%7Cwba%7C%22weekly+benefit+amount%22%7C%22replacement+rate%22+%22unemployment+insurance%22&hl=en&as_sdt=0,5"
6,"A Rosolia, P Sestito","The effects of unemployment benefits in Italy",2008,"Bank of Italy, mimeo","dt.mef.gov.it","https://www.dt.mef.gov.it/modules/documenti_en/analisi_progammazione/brown_bag/presentazione_sintetica.pdf","https://scholar.google.com/scholar?cites=2583788611302396194&as_sdt=2005&sciodt=0,5&hl=en",576,"2022-08-15 21:28:05","PDF","","","",,,,,6,0.43,3,2,14,"… ► Population entitled only to higher replacement rate did not change significanlty time on … Detect significant effects of replacement rate only in comparison to non-recipients; magnitude …","https://www.dt.mef.gov.it/modules/documenti_en/analisi_progammazione/brown_bag/presentazione_sintetica.pdf","https://scholar.google.com/scholar?q=related:IhFhbw122yMJ:scholar.google.com/&scioq=duration+%22standard+error%22%7C%22standard+errors%22%7Cpbd%7C%22benefit+duration%22%7Cwba%7C%22weekly+benefit+amount%22%7C%22replacement+rate%22+%22unemployment+insurance%22&hl=en&as_sdt=0,5"
0,"A Roulet","Essays in Labor Economics",2017,"","search.proquest.com","https://search.proquest.com/openview/9bccb8613f1dea853b7829062178276d/1?pq-origsite=gscholar&cbl=44156","",829,"2022-08-15 21:28:05","","","","",,,,,0,0.00,0,1,5,"… effect of job loss on health when unemployment insurance is generous, health insurance has … of PBD on the desired number of hours, duration of labor contract and commuting time/…","https://dash.harvard.edu/bitstream/handle/1/40046498/ROULET-DISSERTATION-2017.pdf?sequence=1&isAllowed=y","https://scholar.google.com/scholar?q=related:hYHQKQedTTgJ:scholar.google.com/&scioq=duration+%22standard+error%22%7C%22standard+errors%22%7Cpbd%7C%22benefit+duration%22%7Cwba%7C%22weekly+benefit+amount%22%7C%22replacement+rate%22+%22unemployment+insurance%22&hl=en&as_sdt=0,5"
22,"A Schiprowski","The role of caseworkers in unemployment insurance: Evidence from unplanned absences",2020,"Journal of Labor Economics","journals.uchicago.edu","https://www.journals.uchicago.edu/doi/abs/10.1086/706092","https://scholar.google.com/scholar?cites=8527171236300290444&as_sdt=2005&sciodt=0,5&hl=en",142,"2022-08-15 21:28:05","","10.1086/706092","","",,,,,22,11.00,22,1,2,"… unemployment (520 days is the maximum potential benefit duration in the sample). The solid … The unemployment duration is capped at 520 days (12.3% of the sample). Standard errors …","https://www.econstor.eu/bitstream/10419/171024/1/dp11040.pdf","https://scholar.google.com/scholar?q=related:jHmbfg-ZVnYJ:scholar.google.com/&scioq=duration+%22standard+error%22%7C%22standard+errors%22%7Cpbd%7C%22benefit+duration%22%7Cwba%7C%22weekly+benefit+amount%22%7C%22replacement+rate%22+%22unemployment+insurance%22&hl=en&as_sdt=0,5"
0,"A Schiprowski","The Role of Caseworkers in Unemployment Insurance: Evidence from Unexpected Absences",2017,"","conference.iza.org","https://conference.iza.org/conference_files/SUM_2017/schiprowski_a9007.pdf","",693,"2022-08-15 21:28:05","PDF","","","",,,,,0,0.00,0,1,5,"… job seekers and the unemployment insurance (UI) system.… with caseworkers affects the duration of unemployment spells. … , socio-demographics, potential benefit duration as well as …","https://conference.iza.org/conference_files/SUM_2017/schiprowski_a9007.pdf","https://scholar.google.com/scholar?q=related:p4DT4DnQYSoJ:scholar.google.com/&scioq=duration+%22standard+error%22%7C%22standard+errors%22%7Cpbd%7C%22benefit+duration%22%7Cwba%7C%22weekly+benefit+amount%22%7C%22replacement+rate%22+%22unemployment+insurance%22&hl=en&as_sdt=0,5"
0,"A Thompson","Women's Eligibility for Unemployment Insurance: Disparities and Reforms",2021,"","conservancy.umn.edu","https://conservancy.umn.edu/handle/11299/229557","",989,"2022-08-15 21:28:05","","","","",,,,,0,0.00,0,1,1,"… within the unemployment insurance program (UI). UI program requirements like full-time work … points while a 10% increase in weekly benefit duration would increase receipt by 0.5 - 1 …","https://conservancy.umn.edu/bitstream/handle/11299/229557/Women's%20Eligibility%20for%20Unemployment%20Insurance%20-%20Disparities%20and%20Reforms.pdf?sequence=1",""
0,"A Zanella","Tempo di minuetto (no. 2) per pianoforte. Op. 54.",1917,"","urresearch.rochester.edu","https://urresearch.rochester.edu/fileDownloadForInstitutionalItem.action?itemId=13440&itemFileId=31128","",999,"2022-08-15 21:28:05","PDF","","","",,,,,0,0.00,0,1,105,"… unemployment insurance policy. The results suggest that the optimal replacement rate is … In this paper, we assume that replacement rate is constant over time, and focus on the role …","https://urresearch.rochester.edu/fileDownloadForInstitutionalItem.action?itemId=13440&itemFileId=31128","https://scholar.google.com/scholar?q=related:VTMcB06JX6cJ:scholar.google.com/&scioq=duration+%22standard+error%22%7C%22standard+errors%22%7Cpbd%7C%22benefit+duration%22%7Cwba%7C%22weekly+benefit+amount%22%7C%22replacement+rate%22+%22unemployment+insurance%22&hl=en&as_sdt=0,5"
536,"A İmrohoroglu, S Imrohoroglu, DH Joines","A life cycle analysis of social security",1995,"Economic theory","Springer","https://link.springer.com/article/10.1007/BF01213942","https://scholar.google.com/scholar?cites=14325511042645948907&as_sdt=2005&sciodt=0,5&hl=en",949,"2022-08-15 21:28:05","","10.1007/BF01213942","","",,,,,536,19.85,179,3,27,"… Our setup consists of overlapping generations of 65-period lived individuals facing mortality … replacement rate and the payroll tax rate for social security. The unemployment insurance …","","https://scholar.google.com/scholar?q=related:6_nYumRwzsYJ:scholar.google.com/&scioq=duration+%22standard+error%22%7C%22standard+errors%22%7Cpbd%7C%22benefit+duration%22%7Cwba%7C%22weekly+benefit+amount%22%7C%22replacement+rate%22+%22unemployment+insurance%22&hl=en&as_sdt=0,5"
38,"AB Atkinson","Institutional features of unemployment insurance and the working of the labour market",1992,"Economic Aspects of Markets and Games","books.google.com","https://books.google.com/books?hl=en&lr=&id=Rg_HCz9X_okC&oi=fnd&pg=PA82&dq=duration+%22standard+error%22%7C%22standard+errors%22%7Cpbd%7C%22benefit+duration%22%7Cwba%7C%22weekly+benefit+amount%22%7C%22replacement+rate%22+%22unemployment+insurance%22&ots=sYtvAWLllh&sig=13o9hWgNUFWW_-sFXjSCzrtx4As","https://scholar.google.com/scholar?cites=2062618455634604263&as_sdt=2005&sciodt=0,5&hl=en",674,"2022-08-15 21:28:05","","","","",,,,,38,1.27,38,1,30,"… the same time, unemployment insurance affects the level of wages, since it increases the … for the unemployment rate (u) and the replacement rate (p, defined relative to the competitive …","","https://scholar.google.com/scholar?q=related:5_BDo47knxwJ:scholar.google.com/&scioq=duration+%22standard+error%22%7C%22standard+errors%22%7Cpbd%7C%22benefit+duration%22%7Cwba%7C%22weekly+benefit+amount%22%7C%22replacement+rate%22+%22unemployment+insurance%22&hl=en&as_sdt=0,5"
180,"AB Atkinson, J Gomulka, J Micklewright…","Unemployment benefit, duration and incentives in Britain: how robust is the evidence?",1984,"Journal of Public …","Elsevier","https://www.sciencedirect.com/science/article/pii/0047272784900653","https://scholar.google.com/scholar?cites=1279926636962867166&as_sdt=2005&sciodt=0,5&hl=en",21,"2022-08-15 21:28:05","","","","",,,,,180,4.74,45,4,38,"… , different specifications of the replacement rate, different time periods, and the inclusion/… The person who expects to find a significant disincentive of unemployment insurance will no …","https://www.academia.edu/download/50212801/0047-2727_2884_2990065-320161109-13833-16k7dji.pdf","https://scholar.google.com/scholar?q=related:3me7tn42wxEJ:scholar.google.com/&scioq=duration+%22standard+error%22%7C%22standard+errors%22%7Cpbd%7C%22benefit+duration%22%7Cwba%7C%22weekly+benefit+amount%22%7C%22replacement+rate%22+%22unemployment+insurance%22&hl=en&as_sdt=0,5"
395,"AB Krueger, A Mueller","Job search and unemployment insurance: New evidence from time use data",2010,"Journal of Public Economics","Elsevier","https://www.sciencedirect.com/science/article/pii/S0047272709001625","https://scholar.google.com/scholar?cites=16101401286367181146&as_sdt=2005&sciodt=0,5&hl=en",22,"2022-08-15 21:28:05","","","","",,,,,395,32.92,198,2,12,"… of worker i in state s, s ist is time allocated to job search (in minutes per day) of individual i in state s and time t, wba ist is the maximum weekly benefit amount, X i is a set of controls such …","https://www.econstor.eu/bitstream/10419/35182/1/578090686.pdf","https://scholar.google.com/scholar?q=related:WvnuOymrc98J:scholar.google.com/&scioq=duration+%22standard+error%22%7C%22standard+errors%22%7Cpbd%7C%22benefit+duration%22%7Cwba%7C%22weekly+benefit+amount%22%7C%22replacement+rate%22+%22unemployment+insurance%22&hl=en&as_sdt=0,5"
300,"AB Krueger, A Mueller, SJ Davis, A Şahin","Job search, emotional well-being, and job finding in a period of mass unemployment: Evidence from high frequency longitudinal data [with comments and discussion]",2011,"Brookings Papers on Economic …","JSTOR","https://www.jstor.org/stable/41228523","https://scholar.google.com/scholar?cites=7915607417697912680&as_sdt=2005&sciodt=0,5&hl=en",655,"2022-08-15 21:28:05","","","","",,,,,300,27.27,75,4,11,"… We find that the amount of time devoted to job search declines … around the time that extended unemployment insurance (UI) … not shown because the standard errors are usually small (…","https://www.econstor.eu/bitstream/10419/46145/1/66106591X.pdf","https://scholar.google.com/scholar?q=related:aMdU-QHj2W0J:scholar.google.com/&scioq=duration+%22standard+error%22%7C%22standard+errors%22%7Cpbd%7C%22benefit+duration%22%7Cwba%7C%22weekly+benefit+amount%22%7C%22replacement+rate%22+%22unemployment+insurance%22&hl=en&as_sdt=0,5"
22,"AC Johnston","Unemployment insurance taxes and labor demand: Quasi-experimental evidence from administrative data",2021,"American Economic Journal: Economic Policy","aeaweb.org","https://www.aeaweb.org/doi/10.1257/pol.20190031","https://scholar.google.com/scholar?cites=10041273274331462117&as_sdt=2005&sciodt=0,5&hl=en",332,"2022-08-15 21:28:05","","10.1257/pol.20190031","","",,,,,22,22.00,22,1,1,"… Throughout the analysis, standard errors are clustered at the firm level to account for correlated outcomes within a firm over time. To assess the influence of unobserved firm differences …","https://www.econstor.eu/bitstream/10419/216429/1/dp13117.pdf","https://scholar.google.com/scholar?q=related:5XkmkdfEWYsJ:scholar.google.com/&scioq=duration+%22standard+error%22%7C%22standard+errors%22%7Cpbd%7C%22benefit+duration%22%7Cwba%7C%22weekly+benefit+amount%22%7C%22replacement+rate%22+%22unemployment+insurance%22&hl=en&as_sdt=0,5"
130,"AC Johnston, A Mas","Potential unemployment insurance duration and labor supply: The individual and market-level response to a benefit cut",2018,"Journal of Political Economy","journals.uchicago.edu","https://www.journals.uchicago.edu/doi/abs/10.1086/699973","https://scholar.google.com/scholar?cites=5935012520659753953&as_sdt=2005&sciodt=0,5&hl=en",100,"2022-08-15 21:28:05","","10.1086/699973","","",,,,,130,32.50,65,2,4,"… knowledge, this was the first time states cut UI benefit durations. … the duration of UI benefits to below 26 weeks, the duration … UI benefit duration on the duration of UI receipt, the length of …","https://www.nber.org/system/files/working_papers/w22411/w22411.pdf","https://scholar.google.com/scholar?q=related:4ZtrR3FmXVIJ:scholar.google.com/&scioq=duration+%22standard+error%22%7C%22standard+errors%22%7Cpbd%7C%22benefit+duration%22%7Cwba%7C%22weekly+benefit+amount%22%7C%22replacement+rate%22+%22unemployment+insurance%22&hl=en&as_sdt=0,5"
12,"AD Kugler","Strengthening reemployment in the unemployment insurance system",2015,"","brookings.edu","https://www.brookings.edu/wp-content/uploads/2016/06/strengthening_reemployment_in_unemployment_insurance_syste_kugler.pdf","https://scholar.google.com/scholar?cites=167578255617934657&as_sdt=2005&sciodt=0,5&hl=en",270,"2022-08-15 21:28:05","BOOK","","","",,,,,12,1.71,12,1,7,"… is generally set as a fraction of the weekly benefit amount (WBA) (eg, 30 percent), with … and 30 percent of the WBA. In many states those moving to part-time jobs may earn too much to …","https://www.brookings.edu/wp-content/uploads/2016/06/strengthening_reemployment_in_unemployment_insurance_syste_kugler.pdf","https://scholar.google.com/scholar?q=related:QcUvHolbUwIJ:scholar.google.com/&scioq=duration+%22standard+error%22%7C%22standard+errors%22%7Cpbd%7C%22benefit+duration%22%7Cwba%7C%22weekly+benefit+amount%22%7C%22replacement+rate%22+%22unemployment+insurance%22&hl=en&as_sdt=0,5"
115,"AI Mueller, J Rothstein…","Unemployment insurance and disability insurance in the Great Recession",2016,"Journal of Labor …","journals.uchicago.edu","https://www.journals.uchicago.edu/doi/abs/10.1086/683140","https://scholar.google.com/scholar?cites=4843557154085176899&as_sdt=2005&sciodt=0,5&hl=en",162,"2022-08-15 21:28:05","","10.1086/683140","","",,,,,115,19.17,38,3,6,"… final exhaustions measure, controlling for state and month effects, is 0.24, with a standard error of 0.03. When we exclude the June–August 2010 period, the elasticity rises to 0.28. …","https://www.nber.org/system/files/working_papers/w19672/w19672.pdf","https://scholar.google.com/scholar?q=related:Q4aMwpHFN0MJ:scholar.google.com/&scioq=duration+%22standard+error%22%7C%22standard+errors%22%7Cpbd%7C%22benefit+duration%22%7Cwba%7C%22weekly+benefit+amount%22%7C%22replacement+rate%22+%22unemployment+insurance%22&hl=en&as_sdt=0,5"
6,"AM Bourbonniere, DR Mann","Benefit duration and return to work outcomes in short term disability insurance programs: Evidence from temporary disability insurance program",2018,"Journal of Occupational Rehabilitation","Springer","https://link.springer.com/article/10.1007/s10926-018-9779-5","https://scholar.google.com/scholar?cites=6872325783499041540&as_sdt=2005&sciodt=0,5&hl=en",391,"2022-08-15 21:28:05","","10.1007/s10926-018-9779-5","","",,,,,6,1.50,3,2,4,"… base period is used when determining the weekly benefit amount for a claim. The base period … The weekly benefit amount for a claim in 2014 was 4.62% of the total wage earnings from …","","https://scholar.google.com/scholar?q=related:BOs3kuNnX18J:scholar.google.com/&scioq=duration+%22standard+error%22%7C%22standard+errors%22%7Cpbd%7C%22benefit+duration%22%7Cwba%7C%22weekly+benefit+amount%22%7C%22replacement+rate%22+%22unemployment+insurance%22&hl=en&as_sdt=0,5"
15,"B Beach, J Lopresti","Losing by less? Import competition, unemployment insurance generosity, and crime",2019,"Economic Inquiry","Wiley Online Library","https://onlinelibrary.wiley.com/doi/abs/10.1111/ecin.12758","https://scholar.google.com/scholar?cites=1094936086824926069&as_sdt=2005&sciodt=0,5&hl=en",448,"2022-08-15 21:28:05","","10.1111/ecin.12758","","",,,,,15,5.00,8,2,3,"… the base period multiplied by a replacement rate—approximately … It is worth noting, however, that unless our standard errors … It would take a 74% increase in our standard errors to fail to …","https://brianbbeach.github.io/Materials/Publications/2019_Losing_by_less_EI.pdf","https://scholar.google.com/scholar?q=related:dbv02pH-MQ8J:scholar.google.com/&scioq=duration+%22standard+error%22%7C%22standard+errors%22%7Cpbd%7C%22benefit+duration%22%7Cwba%7C%22weekly+benefit+amount%22%7C%22replacement+rate%22+%22unemployment+insurance%22&hl=en&as_sdt=0,5"
28,"B Bieszk-Stolorz, I Markowicz","Influence of unemployment benefit on duration of registered unemployment spells",2015,"Equilibrium. Quarterly Journal …","economic-research.pl","http://www.economic-research.pl/Journals/index.php/eq/article/view/212","https://scholar.google.com/scholar?cites=15655354149119793662&as_sdt=2005&sciodt=0,5&hl=en",717,"2022-08-15 21:28:05","","","","",,,,,28,4.00,14,2,7,"… They adopted the age thresholds reflecting the potential benefit duration as the non-linearity … have left the labour office register within the period of time shorter than t0. The value exp(β+…","http://www.economic-research.pl/Journals/index.php/eq/article/download/212/180","https://scholar.google.com/scholar?q=related:_hk5K6f9QtkJ:scholar.google.com/&scioq=duration+%22standard+error%22%7C%22standard+errors%22%7Cpbd%7C%22benefit+duration%22%7Cwba%7C%22weekly+benefit+amount%22%7C%22replacement+rate%22+%22unemployment+insurance%22&hl=en&as_sdt=0,5"
25,"B Cockx, J Ries","The exhaustion of unemployment benefits in Belgium: Does it enhance the probability of employment?",2004,"Available at SSRN 561742","papers.ssrn.com","https://papers.ssrn.com/sol3/papers.cfm?abstract_id=561742","https://scholar.google.com/scholar?cites=1715669285212312280&as_sdt=2005&sciodt=0,5&hl=en",758,"2022-08-15 21:28:05","","","","",,,,,25,1.39,13,2,18,"… In Belgium unemployment insurance benefits can only exhaust for one category of … whole period, the impact is negative in a range between -11% and 0%. However, the standard errors …","https://www.econstor.eu/bitstream/10419/20417/1/dp1177.pdf","https://scholar.google.com/scholar?q=related:2NIg-R9IzxcJ:scholar.google.com/&scioq=duration+%22standard+error%22%7C%22standard+errors%22%7Cpbd%7C%22benefit+duration%22%7Cwba%7C%22weekly+benefit+amount%22%7C%22replacement+rate%22+%22unemployment+insurance%22&hl=en&as_sdt=0,5"
21,"B Eugster","Effects of a higher replacement rate on unemployment durations, employment, and earnings",2015,"Swiss Journal of Economics and Statistics","Springer","https://link.springer.com/article/10.1007/BF03399412","https://scholar.google.com/scholar?cites=9362466773203862788&as_sdt=2005&sciodt=0,5&hl=en",32,"2022-08-15 21:28:05","","10.1007/BF03399412","","",,,,,21,3.00,21,1,7,"… on the unemployment insurance contribution time before … benefit duration was decreased from 24 to 18 months. This paper exploits a less-known feature of the unemployment insurance …","https://link.springer.com/content/pdf/10.1007/BF03399412.pdf","https://scholar.google.com/scholar?q=related:BMU2_uwp7oEJ:scholar.google.com/&scioq=duration+%22standard+error%22%7C%22standard+errors%22%7Cpbd%7C%22benefit+duration%22%7Cwba%7C%22weekly+benefit+amount%22%7C%22replacement+rate%22+%22unemployment+insurance%22&hl=en&as_sdt=0,5"
82,"B Eugster, R Lalive, A Steinhauer…","Culture, work attitudes, and job search: Evidence from the Swiss language border",2017,"Journal of the …","academic.oup.com","https://academic.oup.com/jeea/article-abstract/15/5/1056/2965617","https://scholar.google.com/scholar?cites=10686015121181829785&as_sdt=2005&sciodt=0,5&hl=en",675,"2022-08-15 21:28:05","","","","",,,,,82,16.40,21,4,5,"… At the time of our analysis, maximum benefit duration is … unemployment insurance claim. About 5.2% of all unemployment spells are still in progress at the end of our observation period. …","https://academic.oup.com/jeea/article/15/5/1056/2965617","https://scholar.google.com/scholar?q=related:mep-wiJaTJQJ:scholar.google.com/&scioq=duration+%22standard+error%22%7C%22standard+errors%22%7Cpbd%7C%22benefit+duration%22%7Cwba%7C%22weekly+benefit+amount%22%7C%22replacement+rate%22+%22unemployment+insurance%22&hl=en&as_sdt=0,5"
49,"B Fitzenberger, RA Wilke","New insights on unemployment duration and post unemployment earnings in Germany: Censored Box-Cox quantile regression at work",2007,"Available at SSRN 963313","papers.ssrn.com","https://papers.ssrn.com/sol3/papers.cfm?abstract_id=963313","https://scholar.google.com/scholar?cites=42208848322801007&as_sdt=2005&sciodt=0,5&hl=en",893,"2022-08-15 21:28:05","","","","",,,,,49,3.27,25,2,15,"… data from the unemployment insurance records involving the … assistance, and the length of benefit entitlement periods. To … of benefit duration in the 1980s did not increase the duration …","https://www.econstor.eu/bitstream/10419/24557/1/dp07007.pdf","https://scholar.google.com/scholar?q=related:b62oUrn0lQAJ:scholar.google.com/&scioq=duration+%22standard+error%22%7C%22standard+errors%22%7Cpbd%7C%22benefit+duration%22%7Cwba%7C%22weekly+benefit+amount%22%7C%22replacement+rate%22+%22unemployment+insurance%22&hl=en&as_sdt=0,5"
34,"B Fitzenberger, RA Wilke","New insights into unemployment duration and post unemployment earnings in Germany",2010,"Oxford Bulletin of Economics and …","Wiley Online Library","https://onlinelibrary.wiley.com/doi/abs/10.1111/j.1468-0084.2010.00597.x","https://scholar.google.com/scholar?cites=13552915470506976110&as_sdt=2005&sciodt=0,5&hl=en",897,"2022-08-15 21:28:05","","10.1111/j.1468-0084.2010.00597.x","","",,,,,34,2.83,17,2,12,"… length of benefit entitlement periods. Changes in benefit levels over the course of an unemployment spell are a feature of all unemployment insurance … in benefit duration on the …","http://citeseerx.ist.psu.edu/viewdoc/download?doi=10.1.1.620.8816&rep=rep1&type=pdf","https://scholar.google.com/scholar?q=related:buN2YtCgFbwJ:scholar.google.com/&scioq=duration+%22standard+error%22%7C%22standard+errors%22%7Cpbd%7C%22benefit+duration%22%7Cwba%7C%22weekly+benefit+amount%22%7C%22replacement+rate%22+%22unemployment+insurance%22&hl=en&as_sdt=0,5"
30,"B Fortin, P Lanoie, C Laporte","Is workers' compensation a substitute for unemployment insurance?",1999,"Journal of Risk and Uncertainty","Springer","https://link.springer.com/article/10.1023/A:1007890630779","https://scholar.google.com/scholar?cites=4230058036778675209&as_sdt=2005&sciodt=0,5&hl=en",820,"2022-08-15 21:28:05","","10.1023/A:1007890630779","","",,,,,30,1.30,10,3,23,"… Note, however, that the standard errors of the corresponding estimated coefficients are … used to generate consistent standard errors estimates, such an approach would be highly time-…","https://www.researchgate.net/profile/Bernard-Fortin-2/publication/5152213_Is_Workers%27_Compensation_a_Substitute_for_Unemployment_Insurance/links/0c960524efbe0b7a04000000/Is-Workers-Compensation-a-Substitute-for-Unemployment-Insurance.pdf","https://scholar.google.com/scholar?q=related:Cax6ZV8vtDoJ:scholar.google.com/&scioq=duration+%22standard+error%22%7C%22standard+errors%22%7Cpbd%7C%22benefit+duration%22%7Cwba%7C%22weekly+benefit+amount%22%7C%22replacement+rate%22+%22unemployment+insurance%22&hl=en&as_sdt=0,5"
9,"B Galle","How to Save Unemployment Insurance",2018,"Ariz. St. LJ","HeinOnline","https://heinonline.org/hol-cgi-bin/get_pdf.cgi?handle=hein.journals/arzjl50&section=41","https://scholar.google.com/scholar?cites=13027108171478699680&as_sdt=2005&sciodt=0,5&hl=en",777,"2022-08-15 21:28:05","","","","",,,,,9,2.25,9,1,4,"… workers are less ""attached"" to the workforce than othersthat is, that they value their non-work time more highly-it might make sense to offer them a lower replacement rate. See Nicholson …","https://arizonastatelawjournal.org/wp-content/uploads/2019/02/Galle-Pub.pdf","https://scholar.google.com/scholar?q=related:oI6Tg9yVybQJ:scholar.google.com/&scioq=duration+%22standard+error%22%7C%22standard+errors%22%7Cpbd%7C%22benefit+duration%22%7Cwba%7C%22weekly+benefit+amount%22%7C%22replacement+rate%22+%22unemployment+insurance%22&hl=en&as_sdt=0,5"
6,"B Grell","Unemployment compensation in the United States: Provisions and institutional changes since the 1980s",2011,"","econstor.eu","https://www.econstor.eu/handle/10419/56802","https://scholar.google.com/scholar?cites=3267563953755971703&as_sdt=2005&sciodt=0,5&hl=en",882,"2022-08-15 21:28:05","","","","",,,,,6,0.55,6,1,11,"… From the beginning, when unemployment insurance was … in setting contribution rates, duration and levels of benefits and … benefit duration under regular unemployment insurance …","https://www.econstor.eu/bitstream/10419/56802/1/689918682.pdf","https://scholar.google.com/scholar?q=related:d-B-iBq4WC0J:scholar.google.com/&scioq=duration+%22standard+error%22%7C%22standard+errors%22%7Cpbd%7C%22benefit+duration%22%7Cwba%7C%22weekly+benefit+amount%22%7C%22replacement+rate%22+%22unemployment+insurance%22&hl=en&as_sdt=0,5"
16,"B Guler, T Taskin","Does unemployment insurance crowd out home production?",2013,"European Economic Review","Elsevier","https://www.sciencedirect.com/science/article/pii/S001429211300055X","https://scholar.google.com/scholar?cites=15187731818660403559&as_sdt=2005&sciodt=0,5&hl=en",302,"2022-08-15 21:28:05","","","","",,,,,16,1.78,8,2,9,"… In particular, the average fraction of time spent in home production for unemployed is decreasing from 0.19 to 0.15 as we increase replacement rate from 0.20 to 0.90 gradually. We also …","http://citeseerx.ist.psu.edu/viewdoc/download?doi=10.1.1.890.8009&rep=rep1&type=pdf","https://scholar.google.com/scholar?q=related:Z5km-56pxdIJ:scholar.google.com/&scioq=duration+%22standard+error%22%7C%22standard+errors%22%7Cpbd%7C%22benefit+duration%22%7Cwba%7C%22weekly+benefit+amount%22%7C%22replacement+rate%22+%22unemployment+insurance%22&hl=en&as_sdt=0,5"
50,"B Hartung, P Jung, M Kuhn","What hides behind the German labor market miracle? Unemployment insurance reforms and labor market dynamics",2018,"Unemployment Insurance Reforms …","papers.ssrn.com","https://papers.ssrn.com/sol3/papers.cfm?abstract_id=3290520","https://scholar.google.com/scholar?cites=9724134346598956004&as_sdt=2005&sciodt=0,5&hl=en",398,"2022-08-15 21:28:05","","","","",,,,,50,12.50,17,3,4,"… the changes of separation rates by employment duration and age. Looking at the pre… benefit duration was 12 months. For older workers, we find a steep gradient in employment duration …","https://www.econstor.eu/bitstream/10419/191404/1/cesifo1_wp7379.pdf","https://scholar.google.com/scholar?q=related:5Ls05aoQ84YJ:scholar.google.com/&scioq=duration+%22standard+error%22%7C%22standard+errors%22%7Cpbd%7C%22benefit+duration%22%7Cwba%7C%22weekly+benefit+amount%22%7C%22replacement+rate%22+%22unemployment+insurance%22&hl=en&as_sdt=0,5"
0,"B Hartung, P Jung, M Kuhn","Unemployment insurance reforms and labor market dynamics",2022,"","wiwi.uni-bonn.de","https://www.wiwi.uni-bonn.de/kuhn/paper/Unemployment_Insurance_and_Separation_Rates.pdf","",676,"2022-08-15 21:28:05","PDF","","","",,,,,0,0.00,0,3,1,"… The first dimension of heterogeneity that we exploit are heterogeneous changes in maximum benefit duration by age and employment duration. On average, we find that separation …","https://www.wiwi.uni-bonn.de/kuhn/paper/Unemployment_Insurance_and_Separation_Rates.pdf",""
39,"B Hofmann","Short-and long-term ex-post effects of unemployment insurance sanctions",2012,"Jahrbücher für Nationalökonomie und Statistik","degruyter.com","https://www.degruyter.com/document/doi/10.1515/jbnst-2012-0105/html","https://scholar.google.com/scholar?cites=13657562833480940893&as_sdt=2005&sciodt=0,5&hl=en",844,"2022-08-15 21:28:05","","10.1515/jbnst-2012-0105","","",,,,,39,3.90,39,1,10,"… The standard errors are calculated pointwise by each duration interval and for each outcome variable separately. For both, the formula proposed by Lechner (1999b) is used. …","","https://scholar.google.com/scholar?q=related:XX01Qwlpib0J:scholar.google.com/&scioq=duration+%22standard+error%22%7C%22standard+errors%22%7Cpbd%7C%22benefit+duration%22%7Cwba%7C%22weekly+benefit+amount%22%7C%22replacement+rate%22+%22unemployment+insurance%22&hl=en&as_sdt=0,5"
386,"B Holmlund","Unemployment insurance in theory and practice",1998,"Scandinavian Journal of economics","Wiley Online Library","https://onlinelibrary.wiley.com/doi/abs/10.1111/1467-9442.00093","https://scholar.google.com/scholar?cites=16683301779593408498&as_sdt=2005&sciodt=0,5&hl=en",33,"2022-08-15 21:28:05","","10.1111/1467-9442.00093","","",,,,,386,16.08,386,1,24,"… economic analysis of unemployment insurance provides a good … unemployment insurance as it has evolved since the 1970s. … time period, but the assumption of infinite benefit duration …","https://www.diva-portal.org/smash/get/diva2:128654/FULLTEXT01.pdf","https://scholar.google.com/scholar?q=related:8q9OnZP-hucJ:scholar.google.com/&scioq=duration+%22standard+error%22%7C%22standard+errors%22%7Cpbd%7C%22benefit+duration%22%7Cwba%7C%22weekly+benefit+amount%22%7C%22replacement+rate%22+%22unemployment+insurance%22&hl=en&as_sdt=0,5"
11,"B Holmlund","Theoretical aspects of unemployment insurance",2015,"","bm.dk","https://www.bm.dk/media/6656/theoretical_aspects_unemployment_-insurance-pdf.pdf","https://scholar.google.com/scholar?cites=14682814362839585569&as_sdt=2005&sciodt=0,5&hl=en",364,"2022-08-15 21:28:05","PDF","","","",,,,,11,1.57,11,1,7,"… benefit level and the potential duration of benefit receipt. The … a replacement rate – up to a cap (and sometimes also involving a floor). The potential duration is closely related to the time …","https://www.bm.dk/media/6656/theoretical_aspects_unemployment_-insurance-pdf.pdf","https://scholar.google.com/scholar?q=related:IZMOwN7Vw8sJ:scholar.google.com/&scioq=duration+%22standard+error%22%7C%22standard+errors%22%7Cpbd%7C%22benefit+duration%22%7Cwba%7C%22weekly+benefit+amount%22%7C%22replacement+rate%22+%22unemployment+insurance%22&hl=en&as_sdt=0,5"
5,"B Holmlund","Unemployment insurance and incentives",2002,"Towards Higher Employment: the Role of Labour …","core.ac.uk","https://core.ac.uk/download/pdf/153492089.pdf#page=29","https://scholar.google.com/scholar?cites=14185129473935017550&as_sdt=2005&sciodt=0,5&hl=en",508,"2022-08-15 21:28:05","PDF","","","",,,,,5,0.25,5,1,20,"… Unemployment insurance (UI) emerged as one of the targets for expenditure cutting. In the early 1990s, the maximum replacement rate … the duration of unemployment insurance and the …","https://core.ac.uk/download/pdf/153492089.pdf#page=29","https://scholar.google.com/scholar?q=related:TgbSuhm028QJ:scholar.google.com/&scioq=duration+%22standard+error%22%7C%22standard+errors%22%7Cpbd%7C%22benefit+duration%22%7Cwba%7C%22weekly+benefit+amount%22%7C%22replacement+rate%22+%22unemployment+insurance%22&hl=en&as_sdt=0,5"
31,"B McCall, W Chi","Unemployment insurance, unemployment durations and re-employment wages",2008,"Economics Letters","Elsevier","https://www.sciencedirect.com/science/article/pii/S0165176507002236","https://scholar.google.com/scholar?cites=1174818200317751574&as_sdt=2005&sciodt=0,5&hl=en",27,"2022-08-15 21:28:05","","","","",,,,,31,2.21,16,2,14,"… State Unemployment Insurance Laws … weekly benefit amount (WBA) that individual's qualified for. We also determined whether a state required a waiting period, the maximum duration …","https://scholar.google.comftp://dlib.info/opt/ReDIF/RePEc/hrr/papers/0306.pdf","https://scholar.google.com/scholar?q=related:FnGawe3KTRAJ:scholar.google.com/&scioq=duration+%22standard+error%22%7C%22standard+errors%22%7Cpbd%7C%22benefit+duration%22%7Cwba%7C%22weekly+benefit+amount%22%7C%22replacement+rate%22+%22unemployment+insurance%22&hl=en&as_sdt=0,5"
1,"B McDermott","Unleashing UI's Potential to Counter Recessions",2021,"Progressive Policy Institute, April","progressivepolicy.org","https://progressivepolicy.org/wp-content/uploads/2021/04/PPI_Unleashing-UIs-Potential-to-Counter-Recessions_4.8.21.pdf","https://scholar.google.com/scholar?cites=16782376872390384072&as_sdt=2005&sciodt=0,5&hl=en",950,"2022-08-15 21:28:05","PDF","","","",,,,,1,1.00,1,1,1,"… But 18 million Americans still rely on unemployment insurance … the replacement rate is 50 percent still gets an increase if the … Unemployed workers turn to UI during a difficult time in their …","https://progressivepolicy.org/wp-content/uploads/2021/04/PPI_Unleashing-UIs-Potential-to-Counter-Recessions_4.8.21.pdf","https://scholar.google.com/scholar?q=related:yFmPPdn65ugJ:scholar.google.com/&scioq=duration+%22standard+error%22%7C%22standard+errors%22%7Cpbd%7C%22benefit+duration%22%7Cwba%7C%22weekly+benefit+amount%22%7C%22replacement+rate%22+%22unemployment+insurance%22&hl=en&as_sdt=0,5"
43,"B Price","The duration and wage effects of long-term unemployment benefits: Evidence from Germany's Hartz IV reform",2018,"… unter http://brendanprice. ucdavis. edu/uploads …","brendanmichaelprice.com","https://www.brendanmichaelprice.com/research/working/Price-Hartz-20191226.pdf","https://scholar.google.com/scholar?cites=874437499326690420&as_sdt=2005&sciodt=0,5&hl=en",975,"2022-08-15 21:28:05","PDF","","","",,,,,43,10.75,43,1,4,"… of limited-duration unemployment insurance (Arbeitslosengeld) … I cluster standard errors by individual throughout the paper, … of potential short-term benefit duration. The choice of entry …","https://www.brendanmichaelprice.com/research/working/Price-Hartz-20191226.pdf","https://scholar.google.com/scholar?q=related:dPSlzUWgIgwJ:scholar.google.com/&scioq=duration+%22standard+error%22%7C%22standard+errors%22%7Cpbd%7C%22benefit+duration%22%7Cwba%7C%22weekly+benefit+amount%22%7C%22replacement+rate%22+%22unemployment+insurance%22&hl=en&as_sdt=0,5"
0,"B Provisions","State Unemployment Insurance Legislation, 1953",1953,"HeinOnline","","https://heinonline.org/hol-cgi-bin/get_pdf.cgi?handle=hein.journals/ssbul16&section=112","",350,"2022-08-15 21:28:05","","","","",,,,,0,0.00,0,1,69,"… Montana, where base-period earnings equal to at least 30 times the weekly benefit amount had been necessary, changed to a requirement of 11/2 times highquarter earnings. …","",""
0,"B Provisions","State Unemployment Insurance Legislation, 195 Г",1951,"Bulletin, December","HeinOnline","https://heinonline.org/hol-cgi-bin/get_pdf.cgi?handle=hein.journals/ssbul14&section=105","",363,"2022-08-15 21:28:05","","","","",,,,,0,0.00,0,1,71,"… in the lag period between the base period and the beginning of … to five times his weekly benefit amount after the beginning of … 25 times wba 30 times wba and $166 in 1 quarter. 30 times …","",""
0,"B Provisions","State Unemployment Insurance Legislation",2002,"","search.proquest.com","https://search.proquest.com/openview/a2699b6ef0e6fafb8d128ca560bbeee7/1?pq-origsite=gscholar&cbl=1818498","",647,"2022-08-15 21:28:05","","","","",,,,,0,0.00,0,1,20,"… in the lag period between the base period and the … his weekly benefit amount after the beginning of the preceding benefit year, California, amended its law to provide that lag-period …","",""
25,"B Van Doornik, D Schoenherr, J Skrastins","Unemployment insurance, strategic unemployment, and firm-worker collusion",2018,"Central Bank of Brazil …","bcb.gov.br","https://www.bcb.gov.br/pec/wps/ingl/wps483.pdf","https://scholar.google.com/scholar?cites=936807478101718008&as_sdt=2005&sciodt=0,5&hl=en",293,"2022-08-15 21:28:05","PDF","","","",,,,,25,6.25,8,3,4,"… of unemployment insurance programs to such countries. … and workers collude to time formal unemployment inflow and … , we include the replacement rate in the empirical specification …","https://www.bcb.gov.br/pec/wps/ingl/wps483.pdf","https://scholar.google.com/scholar?q=related:-LMuG3A1AA0J:scholar.google.com/&scioq=duration+%22standard+error%22%7C%22standard+errors%22%7Cpbd%7C%22benefit+duration%22%7Cwba%7C%22weekly+benefit+amount%22%7C%22replacement+rate%22+%22unemployment+insurance%22&hl=en&as_sdt=0,5"
0,"B Van der Linden","Eligibility criteria, enforcement and labour market regimes: Discussion",2005,"EUROPEAN ECONOMY SPECIAL REPORT …","ec.europa.eu","https://ec.europa.eu/economy_finance/events/2005/bxlworkshop0305/doc16en.pdf","",733,"2022-08-15 21:28:05","PDF","","","",,,,,0,0.00,0,1,17,"… maximum duration of unemployment insurance benefits (“potential benefit duration” or ‘PBD” … before reaching the time limit, an instantaneous effect around the expiration of UBs and an …","https://ec.europa.eu/economy_finance/events/2005/bxlworkshop0305/doc16en.pdf","https://scholar.google.com/scholar?q=related:fHYDPNH-J8gJ:scholar.google.com/&scioq=duration+%22standard+error%22%7C%22standard+errors%22%7Cpbd%7C%22benefit+duration%22%7Cwba%7C%22weekly+benefit+amount%22%7C%22replacement+rate%22+%22unemployment+insurance%22&hl=en&as_sdt=0,5"
0,"B Vidalenc","Optimal Eligibility for Unemployment Insurance",2021,"","adres2022.sciencesconf.org","https://adres2022.sciencesconf.org/data/pages/Vidalenc_Basile.pdf","",433,"2022-08-15 21:28:05","PDF","","","",,,,,0,0.00,0,1,1,"… as the replacement rate or the potential benefit duration (PBD) are used to … duration, the employment duration chosen when the incentives provided by the unemployment insurance …","https://adres2022.sciencesconf.org/data/pages/Vidalenc_Basile.pdf","https://scholar.google.com/scholar?q=related:UkHUaB7tSJ4J:scholar.google.com/&scioq=duration+%22standard+error%22%7C%22standard+errors%22%7Cpbd%7C%22benefit+duration%22%7Cwba%7C%22weekly+benefit+amount%22%7C%22replacement+rate%22+%22unemployment+insurance%22&hl=en&as_sdt=0,5"
0,"BC Hsu","Study of the Adequacy of the Unemployment Compensation Trust Fund in Oklahoma",1962,"","shareok.org","https://shareok.org/bitstream/handle/11244/27949/Thesis-1962-H873s.pdf?sequence=1","",834,"2022-08-15 21:28:05","PDF","","","",,,,,0,0.00,0,1,60,"… in the development of unemployment insurance program in … a percent of maximum duration, average benefit duration of … the advance in average weekly benefit amount has failed to …","https://shareok.org/bitstream/handle/11244/27949/Thesis-1962-H873s.pdf?sequence=1",""
72,"BD Meyer","A quasi-experimental approach to the effects of unemployment insurance",1989,"","nber.org","https://www.nber.org/papers/w3159","https://scholar.google.com/scholar?cites=17095705135497655324&as_sdt=2005&sciodt=0,5&hl=en",35,"2022-08-15 21:28:05","","","","",,,,,72,2.18,72,1,33,"… comes from periodic increases in the maximum weekly benefit amount to estimate the effects of the level of UI benefits on the length of unemployment and reemployment earnings. This …","https://www.nber.org/system/files/working_papers/w3159/w3159.pdf","https://scholar.google.com/scholar?q=related:HLQoaj4lQO0J:scholar.google.com/&scioq=duration+%22standard+error%22%7C%22standard+errors%22%7Cpbd%7C%22benefit+duration%22%7Cwba%7C%22weekly+benefit+amount%22%7C%22replacement+rate%22+%22unemployment+insurance%22&hl=en&as_sdt=0,5"
2697,"BD Meyer","Unemployment insurance and unemployment spells",1988,"","nber.org","https://www.nber.org/papers/w2546","https://scholar.google.com/scholar?cites=11266067405589483769&as_sdt=2005&sciodt=0,5&hl=en",152,"2022-08-15 21:28:05","","","","",,,,,2697,79.32,2697,1,34,"… Their study found that a 10-percentage point increase in the replacement rate was associated with about a one week increase in the average length of unemployment spells. The …","https://www.nber.org/system/files/working_papers/w2546/w2546.pdf","https://scholar.google.com/scholar?q=related:-ZDEfZ0cWZwJ:scholar.google.com/&scioq=duration+%22standard+error%22%7C%22standard+errors%22%7Cpbd%7C%22benefit+duration%22%7Cwba%7C%22weekly+benefit+amount%22%7C%22replacement+rate%22+%22unemployment+insurance%22&hl=en&as_sdt=0,5"
85,"BD Meyer","Unemployment and workers' compensation programmes: rationale, design, labour supply and income support",2002,"Fiscal Studies","Wiley Online Library","https://onlinelibrary.wiley.com/doi/abs/10.1111/j.1475-5890.2002.tb00053.x","https://scholar.google.com/scholar?cites=13083115836955557671&as_sdt=2005&sciodt=0,5&hl=en",515,"2022-08-15 21:28:05","","10.1111/j.1475-5890.2002.tb00053.x","","",,,,,85,4.25,85,1,20,"… In this paper, I will focus on unemployment insurance (UI) … of 26 and base period earnings divided by three times the … the minimum and maximum weekly benefit amount (WBA). The …","https://voices.uchicago.edu/brucemeyer/files/2019/11/MeyerFiscalStudies2002.pdf","https://scholar.google.com/scholar?q=related:J_8FUYmQkLUJ:scholar.google.com/&scioq=duration+%22standard+error%22%7C%22standard+errors%22%7Cpbd%7C%22benefit+duration%22%7Cwba%7C%22weekly+benefit+amount%22%7C%22replacement+rate%22+%22unemployment+insurance%22&hl=en&as_sdt=0,5"
703,"BD Meyer","Policy Lessons from the US Unemployment Experiments",1992,"","nber.org","https://www.nber.org/papers/w4197","https://scholar.google.com/scholar?cites=15317704201193227728&as_sdt=2005&sciodt=0,5&hl=en",582,"2022-08-15 21:28:05","","","","",,,,,703,23.43,703,1,30,"… or weekly benefit amount, a $500 bonus. To put this dollar amount in perspective, it was about 4 times the average weekly unemployment insurance benefit. The qualification period …","https://www.nber.org/system/files/working_papers/w4197/w4197.pdf","https://scholar.google.com/scholar?q=related:0IWhdtBqk9QJ:scholar.google.com/&scioq=duration+%22standard+error%22%7C%22standard+errors%22%7Cpbd%7C%22benefit+duration%22%7Cwba%7C%22weekly+benefit+amount%22%7C%22replacement+rate%22+%22unemployment+insurance%22&hl=en&as_sdt=0,5"
506,"BD Meyer, WK Viscusi, D Durbin","Workers' compensation and injury duration: evidence from a natural experiment",1990,"","nber.org","https://www.nber.org/papers/w3494","https://scholar.google.com/scholar?cites=4690603004778456866&as_sdt=2005&sciodt=0,5&hl=en",550,"2022-08-15 21:28:05","","","","",,,,,506,15.81,169,3,32,"… on the time until an injured worker returns to work. Two large increases in the maximum weekly benefit amount in … examine the level of unemployment insurance benefits on the length of …","https://www.nber.org/system/files/working_papers/w3494/w3494.pdf","https://scholar.google.com/scholar?q=related:IiczupReGEEJ:scholar.google.com/&scioq=duration+%22standard+error%22%7C%22standard+errors%22%7Cpbd%7C%22benefit+duration%22%7Cwba%7C%22weekly+benefit+amount%22%7C%22replacement+rate%22+%22unemployment+insurance%22&hl=en&as_sdt=0,5"
17,"BD Meyer, WKC Mok","A short review of recent evidence on the disincentive effects of unemployment insurance and new evidence from New York State",2014,"National Tax Journal","journals.uchicago.edu","https://www.journals.uchicago.edu/doi/abs/10.17310/ntj.2014.1.07","https://scholar.google.com/scholar?cites=10350749626228379851&as_sdt=2005&sciodt=0,5&hl=en",111,"2022-08-15 21:28:05","","10.17310/ntj.2014.1.07","","",,,,,17,2.13,9,2,8,"… on the effect ofUI on claim duration from a 36 percent … standard errors in the con however, because of the possibility of common shocks to a given earnin quarter, the standard errors …","http://harris.uchicago.edu/files/shortreview.pdf","https://scholar.google.com/scholar?q=related:y5BZxvE_pY8J:scholar.google.com/&scioq=duration+%22standard+error%22%7C%22standard+errors%22%7Cpbd%7C%22benefit+duration%22%7Cwba%7C%22weekly+benefit+amount%22%7C%22replacement+rate%22+%22unemployment+insurance%22&hl=en&as_sdt=0,5"
69,"BD Meyer, WKC Mok","Quasi-experimental evidence on the effects of unemployment insurance from New York State",2007,"","nber.org","https://www.nber.org/papers/w12865","https://scholar.google.com/scholar?cites=14335009721088309514&as_sdt=2005&sciodt=0,5&hl=en",123,"2022-08-15 21:28:05","","","","",,,,,69,4.60,35,2,15,"… drop in spell length for High Earnings claimants in the third and fourth quarters. We should also point out that the standard errors on changes in incidence and duration are likely …","https://www.nber.org/system/files/working_papers/w12865/w12865.pdf","https://scholar.google.com/scholar?q=related:Cnk9JWQv8MYJ:scholar.google.com/&scioq=duration+%22standard+error%22%7C%22standard+errors%22%7Cpbd%7C%22benefit+duration%22%7Cwba%7C%22weekly+benefit+amount%22%7C%22replacement+rate%22+%22unemployment+insurance%22&hl=en&as_sdt=0,5"
1,"BDN Price","1981 and 1982 Changes in the Unemployment Insurance Program",1983,"Social Security Bulletin","137.200.4.16","https://137.200.4.16/policy/docs/ssb/v46n5/v46n5p10.pdf","https://scholar.google.com/scholar?cites=12768375519049441155&as_sdt=2005&sciodt=0,5&hl=en",709,"2022-08-15 21:28:05","PDF","","","",,,,,1,0.03,1,1,39,"… for a maximum duration of the lesser of … weekly benefit amount was reduced from 70 percent of the average weekly wage to an amount equal to the previous unemployment insurance …","https://137.200.4.16/policy/docs/ssb/v46n5/v46n5p10.pdf","https://scholar.google.com/scholar?q=related:g1-8g-JhMrEJ:scholar.google.com/&scioq=duration+%22standard+error%22%7C%22standard+errors%22%7Cpbd%7C%22benefit+duration%22%7Cwba%7C%22weekly+benefit+amount%22%7C%22replacement+rate%22+%22unemployment+insurance%22&hl=en&as_sdt=0,5"
4,"BFNV Doornik, D Schoenherr…","Strategic Formal Layoffs: Unemployment Insurance and Informal Labor Markets",2021,"Available at SSRN …","papers.ssrn.com","https://papers.ssrn.com/sol3/papers.cfm?abstract_id=3381907","https://scholar.google.com/scholar?cites=10102433656852952308&as_sdt=2005&sciodt=0,5&hl=en",512,"2022-08-15 21:28:05","","","","",,,,,4,4.00,1,3,1,"… Specifically, we estimate equation (3) for the time-period from March 2014 to February 2016 with F … We calculate standard errors for all estimated parameters by bootstrapping from the …","https://www.aeaweb.org/content/file?id=16171","https://scholar.google.com/scholar?q=related:9LSry-INM4wJ:scholar.google.com/&scioq=duration+%22standard+error%22%7C%22standard+errors%22%7Cpbd%7C%22benefit+duration%22%7Cwba%7C%22weekly+benefit+amount%22%7C%22replacement+rate%22+%22unemployment+insurance%22&hl=en&as_sdt=0,5"
9,"BJ Noel","Two essays on unemployment insurance: Claimant responses to policy changes",1998,"","search.proquest.com","https://search.proquest.com/openview/17d673155c27e12d6f07992cc72ac770/1?pq-origsite=gscholar&cbl=18750&diss=y","https://scholar.google.com/scholar?cites=335590147887847411&as_sdt=2005&sciodt=0,5&hl=en",447,"2022-08-15 21:28:05","BOOK","","","",,,,,9,0.38,9,1,24,"… is exogenous to the recipient The second part of this section analyzes the impact of policy changes in EUC benefit duration on the duration of unemployment spells. If potential benefit …","","https://scholar.google.com/scholar?q=related:89f5InZBqAQJ:scholar.google.com/&scioq=duration+%22standard+error%22%7C%22standard+errors%22%7Cpbd%7C%22benefit+duration%22%7Cwba%7C%22weekly+benefit+amount%22%7C%22replacement+rate%22+%22unemployment+insurance%22&hl=en&as_sdt=0,5"
256,"BP McCall","Unemployment insurance rules, joblessness, and part-time work",1996,"Econometrica: Journal of the Econometric Society","JSTOR","https://www.jstor.org/stable/2171865","https://scholar.google.com/scholar?cites=10885561967374304644&as_sdt=2005&sciodt=0,5&hl=en",88,"2022-08-15 21:28:05","","","","",,,,,256,9.85,256,1,26,"… Thus, the maximum benefit duration was set at the maximum duration of regular benefits for the state of residence. This was 26 weeks for all states in the sample except Massachusetts …","","https://scholar.google.com/scholar?q=related:hAXZZe9IEZcJ:scholar.google.com/&scioq=duration+%22standard+error%22%7C%22standard+errors%22%7Cpbd%7C%22benefit+duration%22%7Cwba%7C%22weekly+benefit+amount%22%7C%22replacement+rate%22+%22unemployment+insurance%22&hl=en&as_sdt=0,5"
92,"BP McCall","The impact of unemployment insurance benefit levels on recipiency",1995,"Journal of Business & Economic Statistics","Taylor & Francis","https://www.tandfonline.com/doi/abs/10.1080/07350015.1995.10524593","https://scholar.google.com/scholar?cites=5137282803093378999&as_sdt=2005&sciodt=0,5&hl=en",130,"2022-08-15 21:28:05","","10.1080/07350015.1995.10524593","","",,,,,92,3.41,92,1,27,"… recrplency among those eligible for unemployment insurance benefits. Using a sample from the CPS DWS, it was found that raising the replacement rate increases the likelihood of UI re…","https://amstat.tandfonline.com/doi/pdf/10.1080/07350015.1995.10524593","https://scholar.google.com/scholar?q=related:t5carX1LS0cJ:scholar.google.com/&scioq=duration+%22standard+error%22%7C%22standard+errors%22%7Cpbd%7C%22benefit+duration%22%7Cwba%7C%22weekly+benefit+amount%22%7C%22replacement+rate%22+%22unemployment+insurance%22&hl=en&as_sdt=0,5"
0,"BP McCall","Unemployment Insurance Receipt and Unemployment Durations of Immigrants",2005,"… the 57th Annual Meeting, January 7 …","Labor and Employment Relations …","","",825,"2022-08-15 21:28:05","CITATION","","","",,,,,0,0.00,0,1,17,"","","https://scholar.google.com/scholar?q=related:nJJsGWHfd7oJ:scholar.google.com/&scioq=duration+%22standard+error%22%7C%22standard+errors%22%7Cpbd%7C%22benefit+duration%22%7Cwba%7C%22weekly+benefit+amount%22%7C%22replacement+rate%22+%22unemployment+insurance%22&hl=en&as_sdt=0,5"
0,"BS München","Acemoglu, D./Shimer, R. 2000: Productivity Gains from Unemployment Insurance. In: Euro-pean Economic Review, Vol. 44, S. 1195–1224 Adamy, W …",,"","","","",997,"2022-08-15 21:28:05","CITATION","","","",,,,,0,0.00,0,1,,"","",""
194,"C Belzil","Unemployment insurance and subsequent job duration: Job matching versus unobserved heterogeneity",2001,"Journal of applied econometrics","Wiley Online Library","https://onlinelibrary.wiley.com/doi/abs/10.1002/jae.618","https://scholar.google.com/scholar?cites=11707678008879322943&as_sdt=2005&sciodt=0,5&hl=en",4,"2022-08-15 21:28:05","","10.1002/jae.618","","",,,,,194,9.24,194,1,21,"… The analysis presented in this paper is based on a multi-state duration model which is used to estimate the effects of unemployment insurance benefit duration on subsequent job match …","https://www.econstor.eu/bitstream/10419/20957/1/dp116.pdf","https://scholar.google.com/scholar?q=related:P5fnfx4HeqIJ:scholar.google.com/&scioq=duration+%22standard+error%22%7C%22standard+errors%22%7Cpbd%7C%22benefit+duration%22%7Cwba%7C%22weekly+benefit+amount%22%7C%22replacement+rate%22+%22unemployment+insurance%22&hl=en&as_sdt=0,5"
67,"C Belzil","Unemployment insurance and unemployment over time: An analysis with event history data",1995,"The Review of Economics and Statistics","JSTOR","https://www.jstor.org/stable/2109997","https://scholar.google.com/scholar?cites=8145239260469407298&as_sdt=2005&sciodt=0,5&hl=en",72,"2022-08-15 21:28:05","","","","",,,,,67,2.48,67,1,27,"… as benefit duration or benefit level to infer how Unemployment Insurance and the duration of … Given that, in most western countries, UI parameters such as benefit duration and benefit …","","https://scholar.google.com/scholar?q=related:Qi7YuvOzCXEJ:scholar.google.com/&scioq=duration+%22standard+error%22%7C%22standard+errors%22%7Cpbd%7C%22benefit+duration%22%7Cwba%7C%22weekly+benefit+amount%22%7C%22replacement+rate%22+%22unemployment+insurance%22&hl=en&as_sdt=0,5"
9,"C Belzil","Some estimates of the effects of unemployment insurance on re-employment duration",1994,"Economics Letters","Elsevier","https://www.sciencedirect.com/science/article/pii/0165176594900116","https://scholar.google.com/scholar?cites=836221402003482375&as_sdt=2005&sciodt=0,5&hl=en",91,"2022-08-15 21:28:05","","","","",,,,,9,0.32,9,1,28,"… at benefit duration using two distinct approaches depending on whether the benefit duration … spell, the individual becomes re-eligible for the same maximum benefit duration period, this …","","https://scholar.google.com/scholar?q=related:Byf_Q-_amgsJ:scholar.google.com/&scioq=duration+%22standard+error%22%7C%22standard+errors%22%7Cpbd%7C%22benefit+duration%22%7Cwba%7C%22weekly+benefit+amount%22%7C%22replacement+rate%22+%22unemployment+insurance%22&hl=en&as_sdt=0,5"
10,"C Belzil","On the empirical relationship between unemployment duration, unemployment insurance and voluntary unemployment",1992,"Economics Letters","Elsevier","https://www.sciencedirect.com/science/article/pii/016517659290296B","https://scholar.google.com/scholar?cites=11007797693662459359&as_sdt=2005&sciodt=0,5&hl=en",189,"2022-08-15 21:28:05","","","","",,,,,10,0.33,10,1,30,"… In a certain sense, this result may be viewed as a more general extension of the well-known result about the effects of benefit duration exhaustion on the escape rate out of …","","https://scholar.google.com/scholar?q=related:33UdOq6Nw5gJ:scholar.google.com/&scioq=duration+%22standard+error%22%7C%22standard+errors%22%7Cpbd%7C%22benefit+duration%22%7Cwba%7C%22weekly+benefit+amount%22%7C%22replacement+rate%22+%22unemployment+insurance%22&hl=en&as_sdt=0,5"
23,"C Boar, S Mongey","Dynamic trade-offs and labor supply under the CARES Act",2020,"","nber.org","https://www.nber.org/papers/w27727","https://scholar.google.com/scholar?cites=4956408444755497158&as_sdt=2005&sciodt=0,5&hl=en",887,"2022-08-15 21:28:05","","","","",,,,,23,11.50,12,2,2,"… with the lower replacement rate of the usual unemployment insurance policy, while they find a new job. As the job finding rate decreases, the expected length of time on these lower …","https://www.nber.org/system/files/working_papers/w27727/w27727.pdf","https://scholar.google.com/scholar?q=related:xtBlZzizyEQJ:scholar.google.com/&scioq=duration+%22standard+error%22%7C%22standard+errors%22%7Cpbd%7C%22benefit+duration%22%7Cwba%7C%22weekly+benefit+amount%22%7C%22replacement+rate%22+%22unemployment+insurance%22&hl=en&as_sdt=0,5"
56,"C Boone, A Dube, L Goodman, E Kaplan","Unemployment insurance generosity and aggregate employment",2021,"American Economic Journal …","aeaweb.org","https://www.aeaweb.org/articles?id=10.1257/pol.20160613","https://scholar.google.com/scholar?cites=7218710450989638059&as_sdt=2005&sciodt=0,5&hl=en",98,"2022-08-15 21:28:05","","","","",,,,,56,56.00,14,4,1,"… county-specific time invariant measure of treatment, treatc, which we define as the difference in time-averaged maximum benefit duration in a given county during the “treatment period” (…","https://www.econstor.eu/bitstream/10419/161062/1/dp10439.pdf","https://scholar.google.com/scholar?q=related:qyGjp-gCLmQJ:scholar.google.com/&scioq=duration+%22standard+error%22%7C%22standard+errors%22%7Cpbd%7C%22benefit+duration%22%7Cwba%7C%22weekly+benefit+amount%22%7C%22replacement+rate%22+%22unemployment+insurance%22&hl=en&as_sdt=0,5"
0,"C Brébion, S Briole, L Khoury","Unemployment Insurance Eligibility and the Duration of Employment",,"parisschoolofeconomics.eu","","https://www.parisschoolofeconomics.eu/docs/brebion-clement/working-paper.pdf","",559,"2022-08-15 21:28:05","PDF","","","",,,,,0,0.00,0,3,,"… benefit duration. After the reform, a simpler rule was adopted introducing … benefit duration. The minimum work history to be eligible is equal to 4 months, and the potential benefit duration …","https://www.parisschoolofeconomics.eu/docs/brebion-clement/working-paper.pdf","https://scholar.google.com/scholar?q=related:Kccg3Xog_YgJ:scholar.google.com/&scioq=duration+%22standard+error%22%7C%22standard+errors%22%7Cpbd%7C%22benefit+duration%22%7Cwba%7C%22weekly+benefit+amount%22%7C%22replacement+rate%22+%22unemployment+insurance%22&hl=en&as_sdt=0,5"
116,"C Davidson, SA Woodbury","Optimal unemployment insurance",1997,"Journal of Public Economics","Elsevier","https://www.sciencedirect.com/science/article/pii/S0047272796016234","https://scholar.google.com/scholar?cites=2181677783442089728&as_sdt=2005&sciodt=0,5&hl=en",56,"2022-08-15 21:28:05","","","","",,,,,116,4.64,58,2,25,"… Thus, an optimal program must include an infinite potential duration of benefits. In Section 3.2, we solve for the optimal replacement rate under a program in which benefits are offered …","https://research.upjohn.org/cgi/viewcontent.cgi?article=1052&context=up_workingpapers","https://scholar.google.com/scholar?q=related:AGdtkGLgRh4J:scholar.google.com/&scioq=duration+%22standard+error%22%7C%22standard+errors%22%7Cpbd%7C%22benefit+duration%22%7Cwba%7C%22weekly+benefit+amount%22%7C%22replacement+rate%22+%22unemployment+insurance%22&hl=en&as_sdt=0,5"
17,"C Davidson, SA Woodbury","Unemployment Insurance and Unemployment: Implications of the Reemployment Bonus Experiments",1996,"","econstor.eu","https://www.econstor.eu/handle/10419/172379","https://scholar.google.com/scholar?cites=15905791000193679994&as_sdt=2005&sciodt=0,5&hl=en",80,"2022-08-15 21:28:05","","","","",,,,,17,0.65,9,2,26,"… To obtain results on the impact of changes in the UI replacement rate and potential duration of UI … The first consists of workers who are ineligible for unemployment insurance. We refer to …","https://www.econstor.eu/bitstream/10419/172379/1/wp1996-44.pdf","https://scholar.google.com/scholar?q=related:ekImZqS4vNwJ:scholar.google.com/&scioq=duration+%22standard+error%22%7C%22standard+errors%22%7Cpbd%7C%22benefit+duration%22%7Cwba%7C%22weekly+benefit+amount%22%7C%22replacement+rate%22+%22unemployment+insurance%22&hl=en&as_sdt=0,5"
11,"C Davidson, SA Woodbury","The optimal dole with risk aversion and job destruction",1998,"","research.upjohn.org","https://research.upjohn.org/up_workingpapers/47/","https://scholar.google.com/scholar?cites=3831906786960798631&as_sdt=2005&sciodt=0,5&hl=en",702,"2022-08-15 21:28:05","","","","",,,,,11,0.46,6,2,24,"… earlier research on optimal unemployment insurance (UI) by … of the optimal replacement rate and potential duration of benefits, … , we find that the optimal replacement rate is above 1. It …","https://research.upjohn.org/cgi/viewcontent.cgi?article=1064&context=up_workingpapers","https://scholar.google.com/scholar?q=related:p_M0oeuqLTUJ:scholar.google.com/&scioq=duration+%22standard+error%22%7C%22standard+errors%22%7Cpbd%7C%22benefit+duration%22%7Cwba%7C%22weekly+benefit+amount%22%7C%22replacement+rate%22+%22unemployment+insurance%22&hl=en&as_sdt=0,5"
0,"C Doniger, D Toohey","These Caps Spilleth Over: Equilibrium Effects of Unemployment Insurance.",2022,"","papers.ssrn.com","https://papers.ssrn.com/sol3/papers.cfm?abstract_id=4164051","",469,"2022-08-15 21:28:05","","","","",,,,,0,0.00,0,2,1,"… Over the horizon we study, Kentucky has insured earnings accrued during the full base period but altered its statutory replacement rate thrice. The average absolute value of these …","",""
5,"C Edwards, G Leef","Failures of the Unemployment Insurance System",2011,"","downsizinggovernment.org","https://www.downsizinggovernment.org/labor/failures-of-unemployment-insurance","https://scholar.google.com/scholar?cites=6704517914295794523&as_sdt=2005&sciodt=0,5&hl=en",817,"2022-08-15 21:28:05","HTML","","","",,,,,5,0.45,3,2,11,"… net replacement rate of UI … increases the duration of unemployment by about 1.5 weeks."" Thus, if a state increased its UI benefits so that the replacement rose from 45 to 55 percent, …","https://www.downsizinggovernment.org/labor/failures-of-unemployment-insurance","https://scholar.google.com/scholar?q=related:W_vXX4U7C10J:scholar.google.com/&scioq=duration+%22standard+error%22%7C%22standard+errors%22%7Cpbd%7C%22benefit+duration%22%7Cwba%7C%22weekly+benefit+amount%22%7C%22replacement+rate%22+%22unemployment+insurance%22&hl=en&as_sdt=0,5"
12,"C Hall","Do interactions between unemployment insurance and sickness insurance affect transitions to employment?",2011,"Labour","Wiley Online Library","https://onlinelibrary.wiley.com/doi/abs/10.1111/j.1467-9914.2011.00532.x","https://scholar.google.com/scholar?cites=8672423322676196705&as_sdt=2005&sciodt=0,5&hl=en",710,"2022-08-15 21:28:05","","10.1111/j.1467-9914.2011.00532.x","","",,,,,12,1.09,12,1,11,"… length of the sanction period … SI replacement rate was 80 per cent of the previous wage. For the unemployed, it was 80 per cent of the wage prior to unemployment. The replacement rate …","https://www.econstor.eu/bitstream/10419/45760/1/577936654.pdf","https://scholar.google.com/scholar?q=related:YXXtQRCjWngJ:scholar.google.com/&scioq=duration+%22standard+error%22%7C%22standard+errors%22%7Cpbd%7C%22benefit+duration%22%7Cwba%7C%22weekly+benefit+amount%22%7C%22replacement+rate%22+%22unemployment+insurance%22&hl=en&as_sdt=0,5"
5,"C Heflin, PR Mueser","Aid to Jobless Workers in Florida in the Face of the Great Recession: The Interaction of Unemployment Insurance and the Supplemental Nutritional Assistance …",2013,"","papers.ssrn.com","https://papers.ssrn.com/sol3/papers.cfm?abstract_id=2363273","https://scholar.google.com/scholar?cites=3945657202286164786&as_sdt=2005&sciodt=0,5&hl=en",799,"2022-08-15 21:28:05","","","","",,,,,5,0.56,3,2,9,"… 2010, the Unemployment Insurance program was altered to extend the maximum duration of … For that reason, we suppress standard errors and other measures of statistical significance …","https://www.econstor.eu/bitstream/10419/90068/1/dp7772.pdf","https://scholar.google.com/scholar?q=related:Mnu6C1LKwTYJ:scholar.google.com/&scioq=duration+%22standard+error%22%7C%22standard+errors%22%7Cpbd%7C%22benefit+duration%22%7Cwba%7C%22weekly+benefit+amount%22%7C%22replacement+rate%22+%22unemployment+insurance%22&hl=en&as_sdt=0,5"
19,"C Huneeus, S Leiva, A Micco","Unemployment insurance and search effort in Chile",2012,"","papers.ssrn.com","https://papers.ssrn.com/sol3/papers.cfm?abstract_id=2149060","https://scholar.google.com/scholar?cites=14934382976415249997&as_sdt=2005&sciodt=0,5&hl=en",773,"2022-08-15 21:28:05","","","","",,,,,19,1.90,6,3,10,"… replacement rate for the first month in UI. For men who qualified to use the UISF, the replacement rate … , ie, a 50 percent replacement rate for the first period and 25 percent for the fifth …","https://www.econstor.eu/bitstream/10419/89008/1/IDB-WP-313.pdf","https://scholar.google.com/scholar?q=related:TTbf-DCWQc8J:scholar.google.com/&scioq=duration+%22standard+error%22%7C%22standard+errors%22%7Cpbd%7C%22benefit+duration%22%7Cwba%7C%22weekly+benefit+amount%22%7C%22replacement+rate%22+%22unemployment+insurance%22&hl=en&as_sdt=0,5"
33,"C Knotz, J Lindvall","Coalitions and compensation: The case of unemployment benefit duration",2015,"Comparative Political Studies","journals.sagepub.com","https://journals.sagepub.com/doi/abs/10.1177/0010414014556209","https://scholar.google.com/scholar?cites=925451315639963470&as_sdt=2005&sciodt=0,5&hl=en",25,"2022-08-15 21:28:05","","10.1177/0010414014556209","","",,,,,33,4.71,17,2,7,"… benefit duration were made by coalition governments, spending on training programs tended to increase, but when cuts in duration … with reforms of unemployment insurance schemes, …","https://www.johanneslindvall.org/uploads/1/3/7/6/13768205/ubreforms_onlineversion.pdf","https://scholar.google.com/scholar?q=related:Tk-jfRHd1wwJ:scholar.google.com/&scioq=duration+%22standard+error%22%7C%22standard+errors%22%7Cpbd%7C%22benefit+duration%22%7Cwba%7C%22weekly+benefit+amount%22%7C%22replacement+rate%22+%22unemployment+insurance%22&hl=en&as_sdt=0,5"
231,"C Landais","Assessing the welfare effects of unemployment benefits using the regression kink design",2015,"American Economic Journal: Economic Policy","aeaweb.org","https://www.aeaweb.org/articles?id=10.1257/pol.20130248","https://scholar.google.com/scholar?cites=3013375007029030514&as_sdt=2005&sciodt=0,5&hl=en",256,"2022-08-15 21:28:05","","","","",,,,,231,33.00,231,1,7,"… and liquidity effects of unemployment insurance (UI ) using variations along the time profile of … in the benefit level as well as the benefit duration. Importantly, this strategy only relies on …","http://eprints.lse.ac.uk/64565/1/Regression%20kink%20design.pdf","https://scholar.google.com/scholar?q=related:cm4BdZqo0SkJ:scholar.google.com/&scioq=duration+%22standard+error%22%7C%22standard+errors%22%7Cpbd%7C%22benefit+duration%22%7Cwba%7C%22weekly+benefit+amount%22%7C%22replacement+rate%22+%22unemployment+insurance%22&hl=en&as_sdt=0,5"
4,"C Landais","Heterogeneity and behavioral responses to unemployment benefits over the business cycle",2011,"","academia.edu","https://www.academia.edu/download/43231683/Heterogeneity_and_Behavioral_Responses_t20160301-16893-18ksxnw.pdf","https://scholar.google.com/scholar?cites=2836891077724234663&as_sdt=2005&sciodt=0,5&hl=en",947,"2022-08-15 21:28:05","PDF","","","",,,,,4,0.36,4,1,11,"… Finally, increasing unemployment insurance may induce equilibrium adjustments or spillover … Figure 2 plots the evolution of the weekly benefit amount schedule in Louisiana for the time …","https://www.academia.edu/download/43231683/Heterogeneity_and_Behavioral_Responses_t20160301-16893-18ksxnw.pdf","https://scholar.google.com/scholar?q=related:p2M6mmepXicJ:scholar.google.com/&scioq=duration+%22standard+error%22%7C%22standard+errors%22%7Cpbd%7C%22benefit+duration%22%7Cwba%7C%22weekly+benefit+amount%22%7C%22replacement+rate%22+%22unemployment+insurance%22&hl=en&as_sdt=0,5"
29,"C Landais, A Nekoei, P Nilsson, D Seim…","Risk-based selection in unemployment insurance: Evidence and implications",2021,"American Economic …","aeaweb.org","https://www.aeaweb.org/articles?id=10.1257/aer.20180820","https://scholar.google.com/scholar?cites=1520735121645480590&as_sdt=2005&sciodt=0,5&hl=en",852,"2022-08-15 21:28:05","","","","",,,,,29,29.00,6,5,1,"… -time evidence on the presence and severity of risk-based selection into unemployment insurance … The graph shows first that the replacement rate for b1 is close to exactly 80 percent on …","http://eprints.lse.ac.uk/108448/1/Risk_based_Selection_in_Unemployment_Insurance.pdf","https://scholar.google.com/scholar?q=related:jqojM4m8GhUJ:scholar.google.com/&scioq=duration+%22standard+error%22%7C%22standard+errors%22%7Cpbd%7C%22benefit+duration%22%7Cwba%7C%22weekly+benefit+amount%22%7C%22replacement+rate%22+%22unemployment+insurance%22&hl=en&as_sdt=0,5"
99,"C Landais, P Michaillat, E Saez","A macroeconomic approach to optimal unemployment insurance: Applications",2018,"American Economic Journal …","aeaweb.org","https://www.aeaweb.org/articles?id=10.1257/pol.20160462","https://scholar.google.com/scholar?cites=1647695792777955998&as_sdt=2005&sciodt=0,5&hl=en",40,"2022-08-15 21:28:05","","","","",,,,,99,24.75,33,3,4,"… To synthesize the actual generosity of UI—both level and duration of benefits—we construct an effective replacement rate by averaging the replacement rate among all eligible …","https://drive.google.com/file/d/1ifTTjzTXCEmDVNPvrG7D_TeTYyORQ68K/view","https://scholar.google.com/scholar?q=related:nopv-pfK3RYJ:scholar.google.com/&scioq=duration+%22standard+error%22%7C%22standard+errors%22%7Cpbd%7C%22benefit+duration%22%7Cwba%7C%22weekly+benefit+amount%22%7C%22replacement+rate%22+%22unemployment+insurance%22&hl=en&as_sdt=0,5"
129,"C Landais, P Michaillat, E Saez","A macroeconomic approach to optimal unemployment insurance: Theory",2018,"American Economic Journal …","aeaweb.org","https://www.aeaweb.org/doi/10.1257/pol.20150088","https://scholar.google.com/scholar?cites=8087162316490330377&as_sdt=2005&sciodt=0,5&hl=en",68,"2022-08-15 21:28:05","","10.1257/pol.20150088","","",,,,,129,32.25,43,3,4,"… the optimal UI replacement rate equals the Baily-Chetty replacement rate plus a correction … duration with respect to the replacement rate. This elasticity is denoted ε R m and defined by …","https://drive.google.com/file/d/19nSJm7CAc3Qhr90elTnvRNHWgeLiZFAk/view","https://scholar.google.com/scholar?q=related:CdFUe0dfO3AJ:scholar.google.com/&scioq=duration+%22standard+error%22%7C%22standard+errors%22%7Cpbd%7C%22benefit+duration%22%7Cwba%7C%22weekly+benefit+amount%22%7C%22replacement+rate%22+%22unemployment+insurance%22&hl=en&as_sdt=0,5"
38,"C Landais, P Michaillat, E Saez","A macroeconomic theory of optimal unemployment insurance",2010,"","nber.org","https://www.nber.org/papers/w16526","https://scholar.google.com/scholar?cites=11406560917812139302&as_sdt=2005&sciodt=0,5&hl=en",198,"2022-08-15 21:28:05","","","","",,,,,38,3.17,13,3,12,"… Unemployment insurance (UI) is a key component of social … We derive a formula that gives the optimal replacement rate of … BLS), we construct a monthly time series for the share of labor …","https://www.nber.org/system/files/working_papers/w16526/w16526.pdf","https://scholar.google.com/scholar?q=related:JtULX7g-TJ4J:scholar.google.com/&scioq=duration+%22standard+error%22%7C%22standard+errors%22%7Cpbd%7C%22benefit+duration%22%7Cwba%7C%22weekly+benefit+amount%22%7C%22replacement+rate%22+%22unemployment+insurance%22&hl=en&as_sdt=0,5"
179,"C Landais, P Michaillat, E Saez","Optimal unemployment insurance over the business cycle",2010,"","eprints.lse.ac.uk","http://eprints.lse.ac.uk/35596/","https://scholar.google.com/scholar?cites=4770011390244637775&as_sdt=2005&sciodt=0,5&hl=en",892,"2022-08-15 21:28:05","","","","",,,,,179,14.92,60,3,12,"… Following Baily [1978], we analyze the optimal provision of unemployment insurance (UI) when … Hence, we interpret T as the replacement rate of the UI system and refer to it as such.The …","http://eprints.lse.ac.uk/35596/1/michelaillat_optimal_unemployment_insurance_2010.pdf","https://scholar.google.com/scholar?q=related:T0wZOhZ8MkIJ:scholar.google.com/&scioq=duration+%22standard+error%22%7C%22standard+errors%22%7Cpbd%7C%22benefit+duration%22%7Cwba%7C%22weekly+benefit+amount%22%7C%22replacement+rate%22+%22unemployment+insurance%22&hl=en&as_sdt=0,5"
8,"C Luigjes, G Fischer, F Vandenbroucke","The US Unemployment Insurance Scheme: A Model for the EU?",2019,"Intereconomics","Springer","https://link.springer.com/article/10.1007/s10272-019-0844-x","https://scholar.google.com/scholar?cites=2742057026815176280&as_sdt=2005&sciodt=0,5&hl=en",326,"2022-08-15 21:28:05","","10.1007/s10272-019-0844-x","","",,,,,8,2.67,3,3,3,"… Congress legislated additional federally financed emergency benefits, further extending the benefit duration to a maximum of 99 weeks. In return, states had to accept a ‘non-reduction …","https://link.springer.com/content/pdf/10.1007/s10272-019-0844-x.pdf","https://scholar.google.com/scholar?q=related:WK4ufVa-DSYJ:scholar.google.com/&scioq=duration+%22standard+error%22%7C%22standard+errors%22%7Cpbd%7C%22benefit+duration%22%7Cwba%7C%22weekly+benefit+amount%22%7C%22replacement+rate%22+%22unemployment+insurance%22&hl=en&as_sdt=0,5"
0,"C McKenna","B21-370, the “Unemployment Benefits Modernization Amendment Act of 2015”",2016,"","nelp.org","https://www.nelp.org/wp-content/uploads/NELP-Testimony-DC-Unemployment-Benefits-Modernization-Act-B21-370.pdf","",699,"2022-08-15 21:28:05","PDF","","","",,,,,0,0.00,0,1,6,"… , the reported replacement rate will understate the actual replacement rate; the opposite is … , the goal of unemployment insurance is to give jobless workers enough time to search for a …","https://www.nelp.org/wp-content/uploads/NELP-Testimony-DC-Unemployment-Benefits-Modernization-Act-B21-370.pdf","https://scholar.google.com/scholar?q=related:qeqr8POen9gJ:scholar.google.com/&scioq=duration+%22standard+error%22%7C%22standard+errors%22%7Cpbd%7C%22benefit+duration%22%7Cwba%7C%22weekly+benefit+amount%22%7C%22replacement+rate%22+%22unemployment+insurance%22&hl=en&as_sdt=0,5"
9,"C McKenna, G Wentworth","Unraveling the Unemployment Insurance Lifeline",2011,"Legislative update, August. National …","stage.nelp.org","http://stage.nelp.org/wp-content/uploads/2015/03/Unraveling_UI_Lifeline_Report.pdf","https://scholar.google.com/scholar?cites=11433579221219738407&as_sdt=2005&sciodt=0,5&hl=en",313,"2022-08-15 21:28:05","PDF","","","",,,,,9,0.82,5,2,11,"… For the first time in over 50 years, six states will offer fully qualified unemployed workers a maximum benefit duration of less than 26 weeks. Consequently, these workers will also have …","http://stage.nelp.org/wp-content/uploads/2015/03/Unraveling_UI_Lifeline_Report.pdf","https://scholar.google.com/scholar?q=related:JwMXWLk7rJ4J:scholar.google.com/&scioq=duration+%22standard+error%22%7C%22standard+errors%22%7Cpbd%7C%22benefit+duration%22%7Cwba%7C%22weekly+benefit+amount%22%7C%22replacement+rate%22+%22unemployment+insurance%22&hl=en&as_sdt=0,5"
103,"C Michelacci, H Ruffo","Optimal life cycle unemployment insurance",2015,"American Economic Review","aeaweb.org","https://www.aeaweb.org/articles?id=10.1257/aer.20111559","https://scholar.google.com/scholar?cites=17737366996750044405&as_sdt=2005&sciodt=0,5&hl=en",208,"2022-08-15 21:28:05","","","","",,,,,103,14.71,52,2,7,"… as the optimal replacement rate of a worker whose human capital at the time of … 2007; and Chetty 2008), we find that the optimal replacement rate—0.51—is close to the actual US level. …","http://www.eief.it/files/2015/02/michelacci_ruffo_aer_2015.pdf","https://scholar.google.com/scholar?q=related:9QwGlE7JJ_YJ:scholar.google.com/&scioq=duration+%22standard+error%22%7C%22standard+errors%22%7Cpbd%7C%22benefit+duration%22%7Cwba%7C%22weekly+benefit+amount%22%7C%22replacement+rate%22+%22unemployment+insurance%22&hl=en&as_sdt=0,5"
11,"C O'Leary, P Decker, S Wandner","Targeting Reemployment Bonuses",2002,"Targeting Employment …","books.google.com","https://books.google.com/books?hl=en&lr=&id=LNu_6cT53rAC&oi=fnd&pg=PA161&dq=duration+%22standard+error%22%7C%22standard+errors%22%7Cpbd%7C%22benefit+duration%22%7Cwba%7C%22weekly+benefit+amount%22%7C%22replacement+rate%22+%22unemployment+insurance%22&ots=Kh9l85Zrov&sig=3rGoFB7YW8n8Opa69kR42lcJl_8","https://scholar.google.com/scholar?cites=7211637113930734067&as_sdt=2005&sciodt=0,5&hl=en",867,"2022-08-15 21:28:05","","","","",,,,,11,0.55,4,3,20,"… early return to work by unemployment insurance (UI) claimants … WBA) and a qualiﬁcation period that averaged about 7.5 weeks long. Pennsylvania paid either three or six times the WBA …","https://research.upjohn.org/cgi/viewcontent.cgi?filename=5&article=1160&context=up_press&type=additional","https://scholar.google.com/scholar?q=related:81ndCL_hFGQJ:scholar.google.com/&scioq=duration+%22standard+error%22%7C%22standard+errors%22%7Cpbd%7C%22benefit+duration%22%7Cwba%7C%22weekly+benefit+amount%22%7C%22replacement+rate%22+%22unemployment+insurance%22&hl=en&as_sdt=0,5"
11,"C O'Leary, P Decker, S Wandner","Targeting Reemployment Bonuses",2002,"Targeting Employment …","books.google.com","https://books.google.com/books?hl=en&lr=&id=LNu_6cT53rAC&oi=fnd&pg=PA161&dq=duration+%22standard+error%22%7C%22standard+errors%22%7Cpbd%7C%22benefit+duration%22%7Cwba%7C%22weekly+benefit+amount%22%7C%22replacement+rate%22+%22unemployment+insurance%22&ots=Kh9l85ZymA&sig=9LWfp1DCeJ2gp20NykEiCdKIaMk","https://scholar.google.com/scholar?cites=7211637113930734067&as_sdt=2005&sciodt=0,5&hl=en",951,"2022-08-15 21:28:05","","","","",,,,,11,0.55,4,3,20,"… early return to work by unemployment insurance (UI) claimants … WBA) and a qualiﬁcation period that averaged about 7.5 weeks long. Pennsylvania paid either three or six times the WBA …","https://research.upjohn.org/cgi/viewcontent.cgi?filename=5&article=1160&context=up_press&type=additional","https://scholar.google.com/scholar?q=related:81ndCL_hFGQJ:scholar.google.com/&scioq=duration+%22standard+error%22%7C%22standard+errors%22%7Cpbd%7C%22benefit+duration%22%7Cwba%7C%22weekly+benefit+amount%22%7C%22replacement+rate%22+%22unemployment+insurance%22&hl=en&as_sdt=0,5"
54,"C Ochsen, H Welsch","Who benefits from labor market institutions? Evidence from surveys of life satisfaction",2012,"Journal of Economic Psychology","Elsevier","https://www.sciencedirect.com/science/article/pii/S0167487011001255","https://scholar.google.com/scholar?cites=18315385609501868968&as_sdt=2005&sciodt=0,5&hl=en",461,"2022-08-15 21:28:05","","","","",,,,,54,5.40,27,2,10,"… and a higher benefit replacement rate increase the life satisfaction of … to employment protection and unemployment insurance. … of benefit duration in the period 1960–1995, which is the …","","https://scholar.google.com/scholar?q=related:qAOpOixSLf4J:scholar.google.com/&scioq=duration+%22standard+error%22%7C%22standard+errors%22%7Cpbd%7C%22benefit+duration%22%7Cwba%7C%22weekly+benefit+amount%22%7C%22replacement+rate%22+%22unemployment+insurance%22&hl=en&as_sdt=0,5"
5,"C Riddell, P Kuhn","The Long-Term Effects of Unemployment Insurance: Evidence from New Brunswick and Maine, 1940-1991",2010,"Industrial and Labor Relations Review","researchgate.net","https://www.researchgate.net/profile/Chris-Riddell-2/publication/46529836_The_Long-Term_Effects_of_Unemployment_Insurance_Evidence_from_New_Brunswick_and_Maine_1940-1991/links/0a85e53a1d0c3a25cb000000/The-Long-Term-Effects-of-Unemployment-Insurance-Evidence-from-New-Brunswick-and-Maine-1940-1991.pdf","https://scholar.google.com/scholar?cites=2728423941685977428&as_sdt=2005&sciodt=0,5&hl=en",636,"2022-08-15 21:28:05","PDF","","","",,,,,5,0.42,3,2,12,"… of unemployment insurance (UI) might examine the impact of the benefit replacement rate … Finally, the Canadian program underwent some dramatic changes during our sample period…","https://www.researchgate.net/profile/Chris-Riddell-2/publication/46529836_The_Long-Term_Effects_of_Unemployment_Insurance_Evidence_from_New_Brunswick_and_Maine_1940-1991/links/0a85e53a1d0c3a25cb000000/The-Long-Term-Effects-of-Unemployment-Insurance-Evidence-from-New-Brunswick-and-Maine-1940-1991.pdf","https://scholar.google.com/scholar?q=related:VCHdgB5P3SUJ:scholar.google.com/&scioq=duration+%22standard+error%22%7C%22standard+errors%22%7Cpbd%7C%22benefit+duration%22%7Cwba%7C%22weekly+benefit+amount%22%7C%22replacement+rate%22+%22unemployment+insurance%22&hl=en&as_sdt=0,5"
11,"C Stone, R Greenstein, M Coven","Addressing Longstanding Gaps in Unemployment Insurance Coverage",2007,"A Report by the Center on Budget and …","cbpp.org","https://www.cbpp.org/sites/default/files/archive/7-20-07ui.pdf","https://scholar.google.com/scholar?cites=313415579075963169&as_sdt=2005&sciodt=0,5&hl=en",991,"2022-08-15 21:28:05","PDF","","","",,,,,11,0.73,4,3,15,"… The basic unemployment insurance program is run by the … ’ benefit formulas specify a replacement rate of 50 percent or … eligibility period for regular unemployment insurance benefits. …","https://www.cbpp.org/sites/default/files/archive/7-20-07ui.pdf","https://scholar.google.com/scholar?q=related:IWnlAc95WQQJ:scholar.google.com/&scioq=duration+%22standard+error%22%7C%22standard+errors%22%7Cpbd%7C%22benefit+duration%22%7Cwba%7C%22weekly+benefit+amount%22%7C%22replacement+rate%22+%22unemployment+insurance%22&hl=en&as_sdt=0,5"
153,"C Wang, SD Williamson","Moral hazard, optimal unemployment insurance, and experience rating",2002,"Journal of monetary Economics","Elsevier","https://www.sciencedirect.com/science/article/pii/S0304393202001745","https://scholar.google.com/scholar?cites=18148212464646895983&as_sdt=2005&sciodt=0,5&hl=en",110,"2022-08-15 21:28:05","","","","",,,,,153,7.65,77,2,20,"… as being of critical importance for the design of unemployment insurance (UI) systems. A dynamic … In particular, we are interested in the effects of the replacement rate, the duration of UI …","https://citeseerx.ist.psu.edu/viewdoc/download?doi=10.1.1.189.1184&rep=rep1&type=pdf","https://scholar.google.com/scholar?q=related:bzmYTxVn2_sJ:scholar.google.com/&scioq=duration+%22standard+error%22%7C%22standard+errors%22%7Cpbd%7C%22benefit+duration%22%7Cwba%7C%22weekly+benefit+amount%22%7C%22replacement+rate%22+%22unemployment+insurance%22&hl=en&as_sdt=0,5"
18,"CC Carvalho, R Corbi, R Narita","Unintended consequences of unemployment insurance: Evidence from stricter eligibility criteria in Brazil",2018,"Economics Letters","Elsevier","https://www.sciencedirect.com/science/article/pii/S0165176517304329","https://scholar.google.com/scholar?cites=14349107601043929741&as_sdt=2005&sciodt=0,5&hl=en",763,"2022-08-15 21:28:05","","","","",,,,,18,4.50,6,3,4,"… Unemployment insurance (UI) is a mechanism of … in level and potential UI duration distort the unemployment spell of … Standard errors are clustered by sector and shown in parentheses. …","http://www.repec.eae.fea.usp.br/documentos/Carvalho_Corbi_Narita_16WP.pdf","https://scholar.google.com/scholar?q=related:jboUnFZFIscJ:scholar.google.com/&scioq=duration+%22standard+error%22%7C%22standard+errors%22%7Cpbd%7C%22benefit+duration%22%7Cwba%7C%22weekly+benefit+amount%22%7C%22replacement+rate%22+%22unemployment+insurance%22&hl=en&as_sdt=0,5"
172,"CC Coile, PB Levine","Labor market shocks and retirement: Do government programs matter?",2007,"Journal of Public Economics","Elsevier","https://www.sciencedirect.com/science/article/pii/S0047272707000096","https://scholar.google.com/scholar?cites=6032830955042377549&as_sdt=2005&sciodt=0,5&hl=en",276,"2022-08-15 21:28:05","","","","",,,,,172,11.47,86,2,15,"… whether more generous Unemployment Insurance (UI) … to delay retirement for the period that benefits are available or for … maximum weekly benefit amount within states over time and …","https://www.nber.org/system/files/working_papers/w12559/w12559.pdf","https://scholar.google.com/scholar?q=related:TQ9IUcrruFMJ:scholar.google.com/&scioq=duration+%22standard+error%22%7C%22standard+errors%22%7Cpbd%7C%22benefit+duration%22%7Cwba%7C%22weekly+benefit+amount%22%7C%22replacement+rate%22+%22unemployment+insurance%22&hl=en&as_sdt=0,5"
9,"CI Lee","The impact of taxing unemployment insurance benefits on unemployment duration and post-unemployment earnings",2000,"International Tax and Public Finance","Springer","https://link.springer.com/article/10.1023/A:1008741607468","https://scholar.google.com/scholar?cites=4547725003627012222&as_sdt=2005&sciodt=0,5&hl=en",119,"2022-08-15 21:28:05","","10.1023/A:1008741607468","","",,,,,9,0.41,9,1,22,"… reason for conducting this regression is to examine whether treating the durations of special benefit recipients as if they are censored at the exhaustion of the regular benefit duration …","","https://scholar.google.com/scholar?q=related:fqBZwcvDHD8J:scholar.google.com/&scioq=duration+%22standard+error%22%7C%22standard+errors%22%7Cpbd%7C%22benefit+duration%22%7Cwba%7C%22weekly+benefit+amount%22%7C%22replacement+rate%22+%22unemployment+insurance%22&hl=en&as_sdt=0,5"
14,"CJ O'Leary","A Changing Federal-State Balance in Unemployment Insurance?",2013,"Employment Research Newsletter","research.upjohn.org","https://research.upjohn.org/cgi/viewcontent.cgi?article=1204&context=empl_research","https://scholar.google.com/scholar?cites=10576908180937328374&as_sdt=2005&sciodt=0,5&hl=en",193,"2022-08-15 21:28:05","PDF","","","",,,,,14,1.56,14,1,9,"… in funding and benefit duration threaten the countercyclical … than 2 million jobs in this time period merely to keep up with … working part time when they wanted to have full-time positions…","https://research.upjohn.org/cgi/viewcontent.cgi?article=1204&context=empl_research","https://scholar.google.com/scholar?q=related:9kaxovO5yJIJ:scholar.google.com/&scioq=duration+%22standard+error%22%7C%22standard+errors%22%7Cpbd%7C%22benefit+duration%22%7Cwba%7C%22weekly+benefit+amount%22%7C%22replacement+rate%22+%22unemployment+insurance%22&hl=en&as_sdt=0,5"
15,"CJ O'Leary","The Adequacy of Unemployment Insurance Benefits",1995,"","research.upjohn.org","https://research.upjohn.org/cgi/viewcontent.cgi?article=1009&context=up_technicalreports","https://scholar.google.com/scholar?cites=2102919122589326024&as_sdt=2005&sciodt=0,5&hl=en",195,"2022-08-15 21:28:05","PDF","","","",,,,,15,0.56,15,1,27,"… at the ACUC conference on reforming the unemployment insurance system, August 18, 1994, … over a six-month period, with a maximum weekly benefit amount equal to two-thirds …","https://research.upjohn.org/cgi/viewcontent.cgi?article=1009&context=up_technicalreports","https://scholar.google.com/scholar?q=related:yBpQ3cwRLx0J:scholar.google.com/&scioq=duration+%22standard+error%22%7C%22standard+errors%22%7Cpbd%7C%22benefit+duration%22%7Cwba%7C%22weekly+benefit+amount%22%7C%22replacement+rate%22+%22unemployment+insurance%22&hl=en&as_sdt=0,5"
6,"CJ O'Leary","An evaluation of the washington state unemployment insurance earnings deduction experiment",1997,"","research.upjohn.org","https://research.upjohn.org/cgi/viewcontent.cgi?article=1143&context=reports","https://scholar.google.com/scholar?cites=8216447082743505413&as_sdt=2005&sciodt=0,5&hl=en",297,"2022-08-15 21:28:05","PDF","","","",,,,,6,0.24,6,1,25,"… unemployment insurance (UI) systems it is possible for claimants to collect benefits while employed and earning wages. The weekly benefit amount is … to full-time employment with the …","https://research.upjohn.org/cgi/viewcontent.cgi?article=1143&context=reports","https://scholar.google.com/scholar?q=related:BaK40havBnIJ:scholar.google.com/&scioq=duration+%22standard+error%22%7C%22standard+errors%22%7Cpbd%7C%22benefit+duration%22%7Cwba%7C%22weekly+benefit+amount%22%7C%22replacement+rate%22+%22unemployment+insurance%22&hl=en&as_sdt=0,5"
1,"CJ O'Leary","Use of Unemployment Insurance and Public Employment Services after Leaving Welfare",2015,"","papers.ssrn.com","https://papers.ssrn.com/sol3/papers.cfm?abstract_id=2660341","https://scholar.google.com/scholar?cites=6095606001577333985&as_sdt=2005&sciodt=0,5&hl=en",312,"2022-08-15 21:28:05","","","","",,,,,1,0.14,1,1,7,"… weekly benefit amount (WBA) or maximum benefits payable. Because of this, the sample size for which full-time … for the states, weekly benefit amount (WBA), WBA at maximum, base …","https://research.upjohn.org/cgi/viewcontent.cgi?article=1253&context=up_workingpapers","https://scholar.google.com/scholar?q=related:4ZTBzlzxl1QJ:scholar.google.com/&scioq=duration+%22standard+error%22%7C%22standard+errors%22%7Cpbd%7C%22benefit+duration%22%7Cwba%7C%22weekly+benefit+amount%22%7C%22replacement+rate%22+%22unemployment+insurance%22&hl=en&as_sdt=0,5"
3,"CJ O'Leary","Unemployment Insurance and Reemployment among Older Workers",2006,"","research.upjohn.org","https://research.upjohn.org/externalpapers/22/","https://scholar.google.com/scholar?cites=12134957799451977977&as_sdt=2005&sciodt=0,5&hl=en",372,"2022-08-15 21:28:05","","","","",,,,,3,0.19,3,1,16,"… That period is called the UI benefit year. Since the maximum benefit entitlement is 26 weeks at the full weekly benefit amount (WBA), … These quarters include the period when prime age …","https://research.upjohn.org/cgi/viewcontent.cgi?article=1026&context=externalpapers","https://scholar.google.com/scholar?q=related:-eiwKNMHaKgJ:scholar.google.com/&scioq=duration+%22standard+error%22%7C%22standard+errors%22%7Cpbd%7C%22benefit+duration%22%7Cwba%7C%22weekly+benefit+amount%22%7C%22replacement+rate%22+%22unemployment+insurance%22&hl=en&as_sdt=0,5"
0,"CJ O'Leary","Simulation Analysis of the Louisiana Unemployment Insurance Tax System",2021,"","research.upjohn.org","https://research.upjohn.org/up_technicalreports/39/","",535,"2022-08-15 21:28:05","","","","",,,,,0,0.00,0,1,1,"… period 2012‒2015, then we increase the Max WBA and TWB every two years after that time, … Table 6 presents the imputed values for Max WBA and TWB. The Benefit Financing Model (…","https://research.upjohn.org/cgi/viewcontent.cgi?article=1043&context=up_technicalreports",""
6,"CJ O'Leary","Profiling for Reemployment bonus offers",1998,"Employment Research Newsletter","research.upjohn.org","https://research.upjohn.org/cgi/viewcontent.cgi?article=1047&context=empl_research","https://scholar.google.com/scholar?cites=10100753190812314268&as_sdt=2005&sciodt=0,5&hl=en",545,"2022-08-15 21:28:05","PDF","","","",,,,,6,0.25,6,1,24,"… early return to work by unemployment insurance (UI) claimants. … period and a bonus amount which decreased as the … = 3 x WBA (weekly benefit amount); high = 6 x WBA; declining = …","https://research.upjohn.org/cgi/viewcontent.cgi?article=1047&context=empl_research","https://scholar.google.com/scholar?q=related:nOpCzoIVLYwJ:scholar.google.com/&scioq=duration+%22standard+error%22%7C%22standard+errors%22%7Cpbd%7C%22benefit+duration%22%7Cwba%7C%22weekly+benefit+amount%22%7C%22replacement+rate%22+%22unemployment+insurance%22&hl=en&as_sdt=0,5"
0,"CJ O'Leary","Restoring Unemployment Insurance as Social Insurance",2018,"","research.upjohn.org","https://research.upjohn.org/cgi/viewcontent.cgi?article=1058&context=presentations","",588,"2022-08-15 21:28:05","PDF","","","",,,,,0,0.00,0,1,4,"… 4 of previous 4 or 5 quarters (ABP) • If usually full- or part-time and seeking same • Allow personal and family good cause quits • No income or … New maximum benefit duration (weeks) …","https://research.upjohn.org/cgi/viewcontent.cgi?article=1058&context=presentations",""
2,"CJ O'Leary","Use of unemployment insurance and employment services by newly unemployed leavers from Temporary Assistance for Needy Families",2009,"","books.google.com","https://books.google.com/books?hl=en&lr=&id=cN5p9N-6YOAC&oi=fnd&pg=PR3&dq=duration+%22standard+error%22%7C%22standard+errors%22%7Cpbd%7C%22benefit+duration%22%7Cwba%7C%22weekly+benefit+amount%22%7C%22replacement+rate%22+%22unemployment+insurance%22&ots=eZvuFG22P6&sig=rQopLxfQWTku4GORCzwzboK2JyE","https://scholar.google.com/scholar?cites=6503244227602634076&as_sdt=2005&sciodt=0,5&hl=en",625,"2022-08-15 21:28:05","BOOK","","","",,,,,2,0.15,2,1,13,"… This is full-time equivalent weeks of UI computed as total dollars of UI benefits received divided by the beneficiary's UI weekly benefit amount (WBA) for joblessness throughout a full …","https://books.google.com/books?hl=en&lr=&id=cN5p9N-6YOAC&oi=fnd&pg=PR3&dq=duration+%22standard+error%22%7C%22standard+errors%22%7Cpbd%7C%22benefit+duration%22%7Cwba%7C%22weekly+benefit+amount%22%7C%22replacement+rate%22+%22unemployment+insurance%22&ots=eZvuFG22P6&sig=rQopLxfQWTku4GORCzwzboK2JyE","https://scholar.google.com/scholar?q=related:XFXdWSsqQFoJ:scholar.google.com/&scioq=duration+%22standard+error%22%7C%22standard+errors%22%7Cpbd%7C%22benefit+duration%22%7Cwba%7C%22weekly+benefit+amount%22%7C%22replacement+rate%22+%22unemployment+insurance%22&hl=en&as_sdt=0,5"
15,"CJ O'Leary","US Unemployment insurance: Progress and prospects",2000,"Employment Research Newsletter","research.upjohn.org","https://research.upjohn.org/cgi/viewcontent.cgi?article=1034&context=empl_research","https://scholar.google.com/scholar?cites=14256126429863793076&as_sdt=2005&sciodt=0,5&hl=en",653,"2022-08-15 21:28:05","PDF","","","",,,,,15,0.68,15,1,22,"… In 1999, the weekly benefit amount averaged $200. During the past half-century, UI has … The original focus of the UI system on prime-age, full-time workers in a labor surplus economy …","https://research.upjohn.org/cgi/viewcontent.cgi?article=1034&context=empl_research","https://scholar.google.com/scholar?q=related:tNEWrXTv18UJ:scholar.google.com/&scioq=duration+%22standard+error%22%7C%22standard+errors%22%7Cpbd%7C%22benefit+duration%22%7Cwba%7C%22weekly+benefit+amount%22%7C%22replacement+rate%22+%22unemployment+insurance%22&hl=en&as_sdt=0,5"
0,"CJ O'Leary","… Program (SNAP) provides financial assistance for buying food to households near or below the poverty level. 1 Unemployment insurance (UI) provides tempo-rary …",2019,"… Nutrition Assistance and Unemployment Insurance","books.google.com","https://books.google.com/books?hl=en&lr=&id=XHCrDwAAQBAJ&oi=fnd&pg=PA281&dq=duration+%22standard+error%22%7C%22standard+errors%22%7Cpbd%7C%22benefit+duration%22%7Cwba%7C%22weekly+benefit+amount%22%7C%22replacement+rate%22+%22unemployment+insurance%22&ots=n3PLr-zeJs&sig=G-BT0SD9qWxOUIo_EPrOilKP3CA","",691,"2022-08-15 21:28:05","","","","",,,,,0,0.00,0,1,3,"… weekly benefit amount (WBA) that increases with prior earnings up to the state maximum WBA… at the maximum WBA for UI among those also receiving SNAP at the time of UI benefit …","","https://scholar.google.com/scholar?q=related:TY8pieNy0-oJ:scholar.google.com/&scioq=duration+%22standard+error%22%7C%22standard+errors%22%7Cpbd%7C%22benefit+duration%22%7Cwba%7C%22weekly+benefit+amount%22%7C%22replacement+rate%22+%22unemployment+insurance%22&hl=en&as_sdt=0,5"
0,"CJ O'Leary","Receipt of SNAP and UI Benefits in Michigan around the Great Recession",2019,"… Nutrition Assistance and Unemployment Insurance …","research.upjohn.org","https://research.upjohn.org/cgi/viewcontent.cgi?filename=7&article=1276&context=up_press&type=additional","",993,"2022-08-15 21:28:05","PDF","","","",,,,,0,0.00,0,1,3,"… weekly benefit amount (WBA) that increases with prior earnings up to the state maximum WBA… at the maximum WBA for UI among those also receiving SNAP at the time of UI benefit …","https://research.upjohn.org/cgi/viewcontent.cgi?filename=7&article=1276&context=up_press&type=additional","https://scholar.google.com/scholar?q=related:0bsU4W9FqeAJ:scholar.google.com/&scioq=duration+%22standard+error%22%7C%22standard+errors%22%7Cpbd%7C%22benefit+duration%22%7Cwba%7C%22weekly+benefit+amount%22%7C%22replacement+rate%22+%22unemployment+insurance%22&hl=en&as_sdt=0,5"
10,"CJ O'Leary, BS Barnow…","Lessons from the American federal‐state unemployment insurance system for a European unemployment benefits system",2020,"… Social Security Review","Wiley Online Library","https://onlinelibrary.wiley.com/doi/abs/10.1111/issr.12226","https://scholar.google.com/scholar?cites=15891297741422784771&as_sdt=2005&sciodt=0,5&hl=en",441,"2022-08-15 21:28:05","","10.1111/issr.12226","","",,,,,10,5.00,3,3,2,"… of lost wages up to the state maximum weekly benefit amount for up to 26 weeks of involuntary … For example, the duration of unemployment benefit pay-outs and the replacement rate …","https://research.upjohn.org/cgi/viewcontent.cgi?article=1282&context=up_workingpapers","https://scholar.google.com/scholar?q=related:A_F4oRk7idwJ:scholar.google.com/&scioq=duration+%22standard+error%22%7C%22standard+errors%22%7Cpbd%7C%22benefit+duration%22%7Cwba%7C%22weekly+benefit+amount%22%7C%22replacement+rate%22+%22unemployment+insurance%22&hl=en&as_sdt=0,5"
1,"CJ O'Leary, J Van Erden","North Carolina's Unemployment Insurance System: A Simulation and Policy Analysis",2012,"","research.upjohn.org","https://research.upjohn.org/reports/203/","https://scholar.google.com/scholar?cites=6648516277328278791&as_sdt=2005&sciodt=0,5&hl=en",555,"2022-08-15 21:28:05","","","","",,,,,1,0.10,1,2,10,"… state law, the level of the weekly benefit amount, the duration of benefits usually up to 26 weeks, (seven states now have a maximum UI benefit duration of less than 26 weeks) whether …","https://research.upjohn.org/cgi/viewcontent.cgi?article=1206&context=reports","https://scholar.google.com/scholar?q=related:B_WNMVRGRFwJ:scholar.google.com/&scioq=duration+%22standard+error%22%7C%22standard+errors%22%7Cpbd%7C%22benefit+duration%22%7Cwba%7C%22weekly+benefit+amount%22%7C%22replacement+rate%22+%22unemployment+insurance%22&hl=en&as_sdt=0,5"
2,"CJ O'Leary, K Kline","State Unemployment Insurance Reserves Are Not Adequate",2020,"","papers.ssrn.com","https://papers.ssrn.com/sol3/papers.cfm?abstract_id=3559342","https://scholar.google.com/scholar?cites=13514704643778209667&as_sdt=2005&sciodt=0,5&hl=en",473,"2022-08-15 21:28:05","","","","",,,,,2,1.00,1,2,2,"… Regular unemployment insurance (UI) benefits are paid from reserves held in state accounts … potential duration and reduced the maximum weekly benefit amount from a formula-based …","https://www.econstor.eu/bitstream/10419/228425/1/1693358786.pdf","https://scholar.google.com/scholar?q=related:g-e4AEXgjbsJ:scholar.google.com/&scioq=duration+%22standard+error%22%7C%22standard+errors%22%7Cpbd%7C%22benefit+duration%22%7Cwba%7C%22weekly+benefit+amount%22%7C%22replacement+rate%22+%22unemployment+insurance%22&hl=en&as_sdt=0,5"
5,"CJ O'Leary, K Kline","Are State Unemployment Insurance Reserves Sufficient for the Next Recession?",2016,"","papers.ssrn.com","https://papers.ssrn.com/sol3/papers.cfm?abstract_id=2779112","https://scholar.google.com/scholar?cites=1661671100881329667&as_sdt=2005&sciodt=0,5&hl=en",506,"2022-08-15 21:28:05","","","","",,,,,5,0.83,3,2,6,"… Regular state unemployment insurance (UI) benefits are paid from state reserves held in … benefit duration in Florida, which peaks at 23 weeks for unemployment rates at or above …","https://www.econstor.eu/bitstream/10419/172219/1/16-257.pdf","https://scholar.google.com/scholar?q=related:A16Q9Q9xDxcJ:scholar.google.com/&scioq=duration+%22standard+error%22%7C%22standard+errors%22%7Cpbd%7C%22benefit+duration%22%7Cwba%7C%22weekly+benefit+amount%22%7C%22replacement+rate%22+%22unemployment+insurance%22&hl=en&as_sdt=0,5"
22,"CJ O'Leary, M Rubin","Adequacy of the weekly benefit amount",1997,"Book chapters authored by Upjohn Institute …","ideas.repec.org","https://ideas.repec.org/h/upj/uchaps/uius2ch5.html","https://scholar.google.com/scholar?cites=12275233414152828487&as_sdt=2005&sciodt=0,5&hl=en",95,"2022-08-15 21:28:05","","","","",,,,,22,0.88,11,2,25,"… The unemployment insurance (UI) system was established to alleviate the distress and hardship caused by involuntary unemployment. Through weekly benefit payments to eligible …","","https://scholar.google.com/scholar?q=related:R7aV0cBjWqoJ:scholar.google.com/&scioq=duration+%22standard+error%22%7C%22standard+errors%22%7Cpbd%7C%22benefit+duration%22%7Cwba%7C%22weekly+benefit+amount%22%7C%22replacement+rate%22+%22unemployment+insurance%22&hl=en&as_sdt=0,5"
23,"CJ O'Leary, RG Spiegelman…","Do bonus offers shorten unemployment insurance spells? Results from the Washington experiment",1995,"Journal of Policy Analysis …","Wiley Online Library","https://onlinelibrary.wiley.com/doi/abs/10.2307/3325152","https://scholar.google.com/scholar?cites=13688012221219074146&as_sdt=2005&sciodt=0,5&hl=en",103,"2022-08-15 21:28:05","","10.2307/3325152","","",,,,,23,0.85,8,3,27,"… weekly benefit amount (WBA) or 2 x WBA. the medium bonus is 4 x WBA, and the high bonus is 6 x WBA… -namely the weekly benefit amount (WBA) and base period earnings (BPE). …","","https://scholar.google.com/scholar?q=related:YvD3zpeW9b0J:scholar.google.com/&scioq=duration+%22standard+error%22%7C%22standard+errors%22%7Cpbd%7C%22benefit+duration%22%7Cwba%7C%22weekly+benefit+amount%22%7C%22replacement+rate%22+%22unemployment+insurance%22&hl=en&as_sdt=0,5"
40,"CJ O'Leary, SA Wandner","Unemployment insurance in the United States: analysis of policy issues",1997,"","core.ac.uk","https://core.ac.uk/download/pdf/217643038.pdf","https://scholar.google.com/scholar?cites=2697155425194022097&as_sdt=2005&sciodt=0,5&hl=en",178,"2022-08-15 21:28:05","BOOK","","","",,,,,40,1.60,20,2,25,"… The wage replacement rate in Japan of 80 percent at low wage levels is the highest rate, but … Variation in maximum duration in relation to Nation Maximum benefit duration for full-time …","https://core.ac.uk/download/pdf/217643038.pdf","https://scholar.google.com/scholar?q=related:0RS1rpE4biUJ:scholar.google.com/&scioq=duration+%22standard+error%22%7C%22standard+errors%22%7Cpbd%7C%22benefit+duration%22%7Cwba%7C%22weekly+benefit+amount%22%7C%22replacement+rate%22+%22unemployment+insurance%22&hl=en&as_sdt=0,5"
11,"CJ O'Leary, SA Wandner","An illustrated case for unemployment insurance reform",2020,"Available at SSRN 3525097","papers.ssrn.com","https://papers.ssrn.com/sol3/papers.cfm?abstract_id=3525097","https://scholar.google.com/scholar?cites=8712777965498129370&as_sdt=2005&sciodt=0,5&hl=en",203,"2022-08-15 21:28:05","","","","",,,,,11,5.50,6,2,2,"… wages that they have lost (the wage replacement rate). Figure 5 shows the downward trend … of their prior wages over time (the wage replacement rate). In the period from 1980 through …","https://www.econstor.eu/bitstream/10419/228423/1/1690020407.pdf","https://scholar.google.com/scholar?q=related:2ttduGUB6ngJ:scholar.google.com/&scioq=duration+%22standard+error%22%7C%22standard+errors%22%7Cpbd%7C%22benefit+duration%22%7Cwba%7C%22weekly+benefit+amount%22%7C%22replacement+rate%22+%22unemployment+insurance%22&hl=en&as_sdt=0,5"
16,"CJ O'Leary, SA Wandner","Unemployment compensation and older workers",2000,"","papers.ssrn.com","https://papers.ssrn.com/sol3/papers.cfm?abstract_id=291405","https://scholar.google.com/scholar?cites=12629314541182210301&as_sdt=2005&sciodt=0,5&hl=en",595,"2022-08-15 21:28:05","","","","",,,,,16,0.73,8,2,22,"… The level of the weekly benefit amount (WBA) is directly … reinforces the concept that unemployment insurance is an earned … -time workers are considered, investigation of minimum …","https://www.econstor.eu/bitstream/10419/172395/1/wp2000-61.pdf","https://scholar.google.com/scholar?q=related:_VDXh6lWRK8J:scholar.google.com/&scioq=duration+%22standard+error%22%7C%22standard+errors%22%7Cpbd%7C%22benefit+duration%22%7Cwba%7C%22weekly+benefit+amount%22%7C%22replacement+rate%22+%22unemployment+insurance%22&hl=en&as_sdt=0,5"
0,"CJ O'Leary, SA Wandner","Unemployment Insurance Reform",2018,"Unemployment Insurance Reform: Fixing a …","JSTOR","https://www.jstor.org/stable/pdf/j.ctvh4zfsf.8.pdf","",597,"2022-08-15 21:28:05","","","","",,,,,0,0.00,0,2,4,"… With the weekly benefit amount (WBA) and maximum WBA definitions based on … duration of 26 weeks with the same wage replacement rate and same maximum weekly benefit amount …","https://research.upjohn.org/cgi/viewcontent.cgi?article=1268&context=up_press#page=143","https://scholar.google.com/scholar?q=related:L2hcgyn_R6gJ:scholar.google.com/&scioq=duration+%22standard+error%22%7C%22standard+errors%22%7Cpbd%7C%22benefit+duration%22%7Cwba%7C%22weekly+benefit+amount%22%7C%22replacement+rate%22+%22unemployment+insurance%22&hl=en&as_sdt=0,5"
0,"CJ O'Leary, SA Wandner","work Incentives and UN 黑偲 NA",,"research.upjohn.org","","https://research.upjohn.org/cgi/viewcontent.cgi?filename=8&article=1194&context=up_press&type=additional","",1000,"2022-08-15 21:28:05","PDF","","","",,,,,0,0.00,0,2,,"… The unemployment insurance (UI) system must address a funda… equal to their full weekly benefit amount (WBA). A small … , and variations in potential duration of benefits have a small …","https://research.upjohn.org/cgi/viewcontent.cgi?filename=8&article=1194&context=up_press&type=additional","https://scholar.google.com/scholar?q=related:IF8kUiYS2wAJ:scholar.google.com/&scioq=duration+%22standard+error%22%7C%22standard+errors%22%7Cpbd%7C%22benefit+duration%22%7Cwba%7C%22weekly+benefit+amount%22%7C%22replacement+rate%22+%22unemployment+insurance%22&hl=en&as_sdt=0,5"
13,"CJ O'leary","Benefit payment costs of Unemployment Insurance modernization: Estimates based on Kentucky administrative data",2011,"","papers.ssrn.com","https://papers.ssrn.com/sol3/papers.cfm?abstract_id=1808802","https://scholar.google.com/scholar?cites=17811863042079366391&as_sdt=2005&sciodt=0,5&hl=en",224,"2022-08-15 21:28:05","","","","",,,,,13,1.18,13,1,11,"… quarters of the base period of the second claim of at least eight times the WBA. … WBA; the others are Arkansas, Montana, New Hampshire, Oregon, and West Virginia. The minimum WBA …","https://www.econstor.eu/bitstream/10419/64337/1/668052686.pdf","https://scholar.google.com/scholar?q=related:95wMwxBzMPcJ:scholar.google.com/&scioq=duration+%22standard+error%22%7C%22standard+errors%22%7Cpbd%7C%22benefit+duration%22%7Cwba%7C%22weekly+benefit+amount%22%7C%22replacement+rate%22+%22unemployment+insurance%22&hl=en&as_sdt=0,5"
8,"CJ O'leary, K Kline","Use of supplemental nutritional assistance program benefits by unemployment insurance applicants in Michigan during the great recession",2014,"","papers.ssrn.com","https://papers.ssrn.com/sol3/papers.cfm?abstract_id=2401120","https://scholar.google.com/scholar?cites=15014697900625022678&as_sdt=2005&sciodt=0,5&hl=en",519,"2022-08-15 21:28:05","","","","",,,,,8,1.00,4,2,8,"… , industry of prior employment, and length of time spent on the job immediately preceding UI … minimum and maximum UI weekly benefit amount (WBA). The WBA distribution within that …","https://research.upjohn.org/cgi/viewcontent.cgi?article=1227&context=up_workingpapers","https://scholar.google.com/scholar?q=related:1s6OeDDsXtAJ:scholar.google.com/&scioq=duration+%22standard+error%22%7C%22standard+errors%22%7Cpbd%7C%22benefit+duration%22%7Cwba%7C%22weekly+benefit+amount%22%7C%22replacement+rate%22+%22unemployment+insurance%22&hl=en&as_sdt=0,5"
31,"CJ O'leary, PT Decker, SA Wandner","Reemployment bonuses and profiling",1998,"","Citeseer","https://citeseerx.ist.psu.edu/viewdoc/download?doi=10.1.1.210.2305&rep=rep1&type=pdf","https://scholar.google.com/scholar?cites=11185707311210776661&as_sdt=2005&sciodt=0,5&hl=en",533,"2022-08-15 21:28:05","BOOK","","","",,,,,31,1.29,10,3,24,"… The targeting of offers to the unemployment insurance (UI) … amount, with a long qualification period, targeted to the half of … the weekly benefit amount and a long qualification period--…","https://citeseerx.ist.psu.edu/viewdoc/download?doi=10.1.1.210.2305&rep=rep1&type=pdf","https://scholar.google.com/scholar?q=related:VUg1_oidO5sJ:scholar.google.com/&scioq=duration+%22standard+error%22%7C%22standard+errors%22%7Cpbd%7C%22benefit+duration%22%7Cwba%7C%22weekly+benefit+amount%22%7C%22replacement+rate%22+%22unemployment+insurance%22&hl=en&as_sdt=0,5"
4,"CJ O'leary, RG Spiegelman, KJ Kline","Reemployment incentives for unemployment insurance beneficiaries: Results from the Washington reemployment bonus experiment",1993,"","research.upjohn.org","https://research.upjohn.org/up_workingpapers/22/","https://scholar.google.com/scholar?cites=11845780625206715053&as_sdt=2005&sciodt=0,5&hl=en",444,"2022-08-15 21:28:05","","","","",,,,,4,0.14,1,3,29,"… The mean values of the weekly benefit amount (WBA) for T4 and T6 were significantly greater than the control group, and T5 and T6 had significantly higher base period earnings (BPE) …","https://research.upjohn.org/cgi/viewcontent.cgi?article=1039&context=up_workingpapers","https://scholar.google.com/scholar?q=related:raKmjLeqZKQJ:scholar.google.com/&scioq=duration+%22standard+error%22%7C%22standard+errors%22%7Cpbd%7C%22benefit+duration%22%7Cwba%7C%22weekly+benefit+amount%22%7C%22replacement+rate%22+%22unemployment+insurance%22&hl=en&as_sdt=0,5"
10,"CJ O'leary, RW Eberts","Reemployment and earnings recovery among older unemployment insurance claimants",2007,"","econstor.eu","https://www.econstor.eu/handle/10419/64335","https://scholar.google.com/scholar?cites=6104106480467262352&as_sdt=2005&sciodt=0,5&hl=en",274,"2022-08-15 21:28:05","","","","",,,,,10,0.67,5,2,15,"… ), education indicators (four categories), UI base period earnings (earnings in the first four of … earnings base period, the UI weekly benefit amount (WBA), an indicator for the WBA being …","https://www.econstor.eu/bitstream/10419/64335/1/532212614.pdf","https://scholar.google.com/scholar?q=related:kDtpx4AktlQJ:scholar.google.com/&scioq=duration+%22standard+error%22%7C%22standard+errors%22%7Cpbd%7C%22benefit+duration%22%7Cwba%7C%22weekly+benefit+amount%22%7C%22replacement+rate%22+%22unemployment+insurance%22&hl=en&as_sdt=0,5"
181,"CJ Simon","Frictional unemployment and the role of industrial diversity",1988,"The Quarterly Journal of Economics","academic.oup.com","https://academic.oup.com/qje/article-abstract/103/4/715/1942290","https://scholar.google.com/scholar?cites=11062147059529882974&as_sdt=2005&sciodt=0,5&hl=en",845,"2022-08-15 21:28:05","","","","",,,,,181,5.32,181,1,34,"… across industries, cities, and time. Even if the expected rate of … hiring that occurs both at the same time and in the same city. … before-tax unemployment insurance replacement rate. More …","","https://scholar.google.com/scholar?q=related:Xh1pECSkhJkJ:scholar.google.com/&scioq=duration+%22standard+error%22%7C%22standard+errors%22%7Cpbd%7C%22benefit+duration%22%7Cwba%7C%22weekly+benefit+amount%22%7C%22replacement+rate%22+%22unemployment+insurance%22&hl=en&as_sdt=0,5"
38,"CK Gustafson, PB Levine","Less-skilled workers, welfare reform, and the unemployment insurance system",1998,"","nber.org","https://www.nber.org/papers/w6489","https://scholar.google.com/scholar?cites=2815003426694273393&as_sdt=2005&sciodt=0,5&hl=en",465,"2022-08-15 21:28:05","","","","",,,,,38,1.58,19,2,24,"… , like the weekly benefit amount and the maximum duration of benefits. We found … period in much the same way as the maximum duration of benefits, so including the maximum duration …","https://www.nber.org/system/files/working_papers/w6489/w6489.pdf","https://scholar.google.com/scholar?q=related:cZmeubPmECcJ:scholar.google.com/&scioq=duration+%22standard+error%22%7C%22standard+errors%22%7Cpbd%7C%22benefit+duration%22%7Cwba%7C%22weekly+benefit+amount%22%7C%22replacement+rate%22+%22unemployment+insurance%22&hl=en&as_sdt=0,5"
28,"CL Rogers","Expectations of unemployment insurance and unemployment duration",1998,"Journal of Labor Economics","journals.uchicago.edu","https://www.journals.uchicago.edu/doi/abs/10.1086/209901","https://scholar.google.com/scholar?cites=10035100122519999800&as_sdt=2005&sciodt=0,5&hl=en",282,"2022-08-15 21:28:05","","10.1086/209901","","",,,,,28,1.17,28,1,24,"… Search theory suggests that a higher benefit ratio (the weekly benefit amount divided by the highest quarterly earnings in the base period) increases the value of being employed. This …","","https://scholar.google.com/scholar?q=related:OJVIqGTWQ4sJ:scholar.google.com/&scioq=duration+%22standard+error%22%7C%22standard+errors%22%7Cpbd%7C%22benefit+duration%22%7Cwba%7C%22weekly+benefit+amount%22%7C%22replacement+rate%22+%22unemployment+insurance%22&hl=en&as_sdt=0,5"
0,"CL Scott III","Effects of Differing Unemployment Insurance Taxable Wage Bases on System Capacity",1986,"Journal of Risk and Insurance","JSTOR","https://www.jstor.org/stable/252394","",697,"2022-08-15 21:28:05","","","","",,,,,0,0.00,0,1,36,"… only to cover changes in the weekly benefit amount (WBA). The WBA is the amount a UI … to receive the Average Weekly Benefit Amount for the Average Potential Duration. Benefits …","","https://scholar.google.com/scholar?q=related:jUvhEyWgS6gJ:scholar.google.com/&scioq=duration+%22standard+error%22%7C%22standard+errors%22%7Cpbd%7C%22benefit+duration%22%7Cwba%7C%22weekly+benefit+amount%22%7C%22replacement+rate%22+%22unemployment+insurance%22&hl=en&as_sdt=0,5"
43,"CN East, E Kuka","Reexamining the consumption smoothing benefits of Unemployment Insurance",2015,"Journal of Public Economics","Elsevier","https://www.sciencedirect.com/science/article/pii/S0047272715001565","https://scholar.google.com/scholar?cites=14600099006053622473&as_sdt=2005&sciodt=0,5&hl=en",217,"2022-08-15 21:28:05","","","","",,,,,43,6.14,22,2,7,"… for other changes occurring across states and over time. With our preferred model we find that a 10 percentage point increase in the replacement rate leads to a 1.0% reduction in the …","http://www.chloeneast.com/uploads/8/9/9/7/8997263/east_kuka_jpube2015.pdf","https://scholar.google.com/scholar?q=related:ySJc_bD4ncoJ:scholar.google.com/&scioq=duration+%22standard+error%22%7C%22standard+errors%22%7Cpbd%7C%22benefit+duration%22%7Cwba%7C%22weekly+benefit+amount%22%7C%22replacement+rate%22+%22unemployment+insurance%22&hl=en&as_sdt=0,5"
8,"D Aaronson, SA Brave, RA Butters, M Fogarty…","Forecasting unemployment insurance claims in realtime with Google Trends",2022,"International Journal of …","Elsevier","https://www.sciencedirect.com/science/article/pii/S0169207021000649","https://scholar.google.com/scholar?cites=132164839575811913&as_sdt=2005&sciodt=0,5&hl=en",784,"2022-08-15 21:28:05","","","","",,,,,8,8.00,2,5,1,"… turn use to forecast the demand for unemployment insurance in real time during recessions. … Trends Ratio term and its standard error. Standard errors are estimated by 10,000 event-…","","https://scholar.google.com/scholar?q=related:SXe2qjiL1QEJ:scholar.google.com/&scioq=duration+%22standard+error%22%7C%22standard+errors%22%7Cpbd%7C%22benefit+duration%22%7Cwba%7C%22weekly+benefit+amount%22%7C%22replacement+rate%22+%22unemployment+insurance%22&hl=en&as_sdt=0,5"
678,"D Acemoglu, R Shimer","Productivity gains from unemployment insurance",2000,"European economic review","Elsevier","https://www.sciencedirect.com/science/article/pii/S0014292100000350","https://scholar.google.com/scholar?cites=9845876460300173743&as_sdt=2005&sciodt=0,5&hl=en",78,"2022-08-15 21:28:05","","","","",,,,,678,30.82,339,2,22,"… Moderate increases in the replacement rate or the duration of unemployment benefits lead … unemployment insurance to match US policy. To get an average benefit duration of six months…","https://www.nber.org/system/files/working_papers/w7352/w7352.pdf","https://scholar.google.com/scholar?q=related:r4GSlnmUo4gJ:scholar.google.com/&scioq=duration+%22standard+error%22%7C%22standard+errors%22%7Cpbd%7C%22benefit+duration%22%7Cwba%7C%22weekly+benefit+amount%22%7C%22replacement+rate%22+%22unemployment+insurance%22&hl=en&as_sdt=0,5"
7,"D Alexiadou","Finding political capital for monetary tightening: Unemployment insurance and partisan monetary cycles",2012,"European Journal of Political Research","Wiley Online Library","https://ejpr.onlinelibrary.wiley.com/doi/abs/10.1111/j.1475-6765.2012.02053.x","https://scholar.google.com/scholar?cites=7841914699455892670&as_sdt=2005&sciodt=0,5&hl=en",233,"2022-08-15 21:28:05","","10.1111/j.1475-6765.2012.02053.x","","",,,,,7,0.70,7,1,10,"… Countries vary widely in the duration of benefits. For example, in the United States … this alternative measure of unemployment insurance. Unemployment benefit duration is an indicator …","https://www.researchgate.net/profile/Despina-Alexiadou-2/publication/263045141_Finding_political_capital_for_monetary_tightening_Unemployment_insurance_and_partisan_monetary_cycles/links/5b0ef1d1a6fdcc80995bb083/Finding-political-capital-for-monetary-tightening-Unemployment-insurance-and-partisan-monetary-cycles.pdf","https://scholar.google.com/scholar?q=related:voz7894T1GwJ:scholar.google.com/&scioq=duration+%22standard+error%22%7C%22standard+errors%22%7Cpbd%7C%22benefit+duration%22%7Cwba%7C%22weekly+benefit+amount%22%7C%22replacement+rate%22+%22unemployment+insurance%22&hl=en&as_sdt=0,5"
0,"D Anderberg","Unemployment Insurance: Theory and Empirics",2007,"","personal.rhul.ac.uk","http://personal.rhul.ac.uk/umte/234/oldstuff/uitemp.pdf","",616,"2022-08-15 21:28:05","PDF","","","",,,,,0,0.00,0,1,15,"… Eg unemployment insurance may reduce the … spell duration with respect to the benefit level of around 0.8. The corresponding elasticity of spell duration with respect to benefit duration is …","http://personal.rhul.ac.uk/umte/234/oldstuff/uitemp.pdf","https://scholar.google.com/scholar?q=related:jVRW-3fGH64J:scholar.google.com/&scioq=duration+%22standard+error%22%7C%22standard+errors%22%7Cpbd%7C%22benefit+duration%22%7Cwba%7C%22weekly+benefit+amount%22%7C%22replacement+rate%22+%22unemployment+insurance%22&hl=en&as_sdt=0,5"
75,"D Andolfatto, P Gomme","Unemployment insurance and labor-market activity in Canada",1996,"Carnegie-Rochester Conference Series on Public …","Elsevier","https://www.sciencedirect.com/science/article/pii/S0167223196900044","https://scholar.google.com/scholar?cites=4925624436622380530&as_sdt=2005&sciodt=0,5&hl=en",303,"2022-08-15 21:28:05","","","","",,,,,75,2.88,38,2,26,"… As indicated above, the minimum period of … duration of benefits rose from 15 weeks to anywhere between 28 and 44 weeks, depending on the region in Canada. The replacement rate (…","","https://scholar.google.com/scholar?q=related:8k3c-VNVW0QJ:scholar.google.com/&scioq=duration+%22standard+error%22%7C%22standard+errors%22%7Cpbd%7C%22benefit+duration%22%7Cwba%7C%22weekly+benefit+amount%22%7C%22replacement+rate%22+%22unemployment+insurance%22&hl=en&as_sdt=0,5"
131,"D Baker, A Glyn, D Howell, J Schmitt","Unemployment and labour market institutions: the failure of the empirical case for deregulation",2004,"ILO Working Paper","Citeseer","http://citeseerx.ist.psu.edu/viewdoc/download?doi=10.1.1.536.6582&rep=rep1&type=pdf","https://scholar.google.com/scholar?cites=13415028798793058966&as_sdt=2005&sciodt=0,5&hl=en",634,"2022-08-15 21:28:05","PDF","","","",,,,,131,7.28,33,4,18,"… policies, unemployment insurance benefits (in terms of both replacement rates and duration), … year replacement rate or the ratio of the longer-term generosity of benefits to the one-year …","http://citeseerx.ist.psu.edu/viewdoc/download?doi=10.1.1.536.6582&rep=rep1&type=pdf","https://scholar.google.com/scholar?q=related:lgqy253BK7oJ:scholar.google.com/&scioq=duration+%22standard+error%22%7C%22standard+errors%22%7Cpbd%7C%22benefit+duration%22%7Cwba%7C%22weekly+benefit+amount%22%7C%22replacement+rate%22+%22unemployment+insurance%22&hl=en&as_sdt=0,5"
9,"D Black, J Smith, M Plesca, S Plourde","Estimating the duration of unemployment insurance benefit recipiency",2002,"Draft Report to USDOL","researchgate.net","https://www.researchgate.net/profile/Jeffrey-Smith-40/publication/228431301_Estimating_the_duration_of_unemployment_insurance_benefit_recipiency/links/02e7e5213807af346b000000/Estimating-the-duration-of-unemployment-insurance-benefit-recipiency.pdf","https://scholar.google.com/scholar?cites=8408334888142649184&as_sdt=2005&sciodt=0,5&hl=en",434,"2022-08-15 21:28:05","PDF","","","",,,,,9,0.45,2,4,20,"… 15 Models 18 and 19 include the weekly benefit amount received and the potential amount. We use the potential (ie, maximum allowable) weekly benefit amount because at the time of …","https://www.researchgate.net/profile/Jeffrey-Smith-40/publication/228431301_Estimating_the_duration_of_unemployment_insurance_benefit_recipiency/links/02e7e5213807af346b000000/Estimating-the-duration-of-unemployment-insurance-benefit-recipiency.pdf","https://scholar.google.com/scholar?q=related:YDdEEAhosHQJ:scholar.google.com/&scioq=duration+%22standard+error%22%7C%22standard+errors%22%7Cpbd%7C%22benefit+duration%22%7Cwba%7C%22weekly+benefit+amount%22%7C%22replacement+rate%22+%22unemployment+insurance%22&hl=en&as_sdt=0,5"
9,"D Britto","Unemployment insurance and the duration of employment: Evidence from a regression kink design",2015,"","papers.ssrn.com","https://papers.ssrn.com/sol3/papers.cfm?abstract_id=2737982","https://scholar.google.com/scholar?cites=18052458698445285930&as_sdt=2005&sciodt=0,5&hl=en",382,"2022-08-15 21:28:05","","","","",,,,,9,1.29,9,1,7,"… large extension of potential benefit duration (from 52 to 209 weeks). More importantly, it does not assess whether these changes in inflow affect average job duration. Interestingly, …","https://www.econstor.eu/bitstream/10419/159896/1/wp1058.pdf","https://scholar.google.com/scholar?q=related:Kuo9S4o3h_oJ:scholar.google.com/&scioq=duration+%22standard+error%22%7C%22standard+errors%22%7Cpbd%7C%22benefit+duration%22%7Cwba%7C%22weekly+benefit+amount%22%7C%22replacement+rate%22+%22unemployment+insurance%22&hl=en&as_sdt=0,5"
5,"D Britto","Unemployment insurance and the duration of employment: Theory and evidence from a regression kink design",2016,"Available at SSRN 2648166","papers.ssrn.com","https://papers.ssrn.com/sol3/papers.cfm?abstract_id=2648166","https://scholar.google.com/scholar?cites=9763363575626165846&as_sdt=2005&sciodt=0,5&hl=en",491,"2022-08-15 21:28:05","","","","",,,,,5,0.83,5,1,6,"… estimates are local to old workers (50-65 years old) who may use UI as a pathway to retirement and comprise the response to an unusually large extension of potential benefit duration (…","https://www.econstor.eu/bitstream/10419/170645/1/disce-wp048.pdf","https://scholar.google.com/scholar?q=related:Vm4vinFvfocJ:scholar.google.com/&scioq=duration+%22standard+error%22%7C%22standard+errors%22%7Cpbd%7C%22benefit+duration%22%7Cwba%7C%22weekly+benefit+amount%22%7C%22replacement+rate%22+%22unemployment+insurance%22&hl=en&as_sdt=0,5"
35,"D Béland, J Myles","Varieties of federalism, institutional legacies, and social policy: Comparing old‐age and unemployment insurance reform in Canada",2012,"International Journal of Social Welfare","Wiley Online Library","https://onlinelibrary.wiley.com/doi/abs/10.1111/j.1468-2397.2011.00838.x","https://scholar.google.com/scholar?cites=12463452587382065617&as_sdt=2005&sciodt=0,5&hl=en",962,"2022-08-15 21:28:05","","10.1111/j.1468-2397.2011.00838.x","","",,,,,35,3.50,18,2,10,"… departing trends witnessed in the field of unemployment insurance. As shown, this absence … as the plan to double the CPP replacement rate proposed by the Canadian Labour Congress…","https://www.academia.edu/download/52620854/j.1468-2397.2011.00838.x20170414-14968-16q672e.pdf","https://scholar.google.com/scholar?q=related:0cnUERgU96wJ:scholar.google.com/&scioq=duration+%22standard+error%22%7C%22standard+errors%22%7Cpbd%7C%22benefit+duration%22%7Cwba%7C%22weekly+benefit+amount%22%7C%22replacement+rate%22+%22unemployment+insurance%22&hl=en&as_sdt=0,5"
153,"D Card, A Johnston, P Leung, A Mas…","The effect of unemployment benefits on the duration of unemployment insurance receipt: New evidence from a regression kink design in Missouri, 2003-2013",2015,"American Economic …","aeaweb.org","https://www.aeaweb.org/articles?id=10.1257/aer.p20151061","https://scholar.google.com/scholar?cites=10066445609253492882&as_sdt=2005&sciodt=0,5&hl=en",16,"2022-08-15 21:28:05","","","","",,,,,153,21.86,31,5,7,"… opportunity to investigate the Great Recession period. We find that the elasticity of UI duration with respect to the weekly benefit amount is around 0.35 during the pre-recession period …","https://www.nber.org/system/files/working_papers/w20869/w20869.pdf","https://scholar.google.com/scholar?q=related:klhYgvIys4sJ:scholar.google.com/&scioq=duration+%22standard+error%22%7C%22standard+errors%22%7Cpbd%7C%22benefit+duration%22%7Cwba%7C%22weekly+benefit+amount%22%7C%22replacement+rate%22+%22unemployment+insurance%22&hl=en&as_sdt=0,5"
205,"D Card, PB Levine","Unemployment insurance taxes and the cyclical and seasonal properties of unemployment",1994,"Journal of public Economics","Elsevier","https://www.sciencedirect.com/science/article/pii/0047272794900116","https://scholar.google.com/scholar?cites=12500471575939672073&as_sdt=2005&sciodt=0,5&hl=en",406,"2022-08-15 21:28:05","","","","",,,,,205,7.32,103,2,28,"… period t have the simple form O,f’(N,), where f is an increasing and strictly concave production function and 0, denotes a relative demand shocks in period t… and the net replacement rate. …","https://www.nber.org/system/files/working_papers/w4030/w4030.pdf","https://scholar.google.com/scholar?q=related:CWjAAKuYeq0J:scholar.google.com/&scioq=duration+%22standard+error%22%7C%22standard+errors%22%7Cpbd%7C%22benefit+duration%22%7Cwba%7C%22weekly+benefit+amount%22%7C%22replacement+rate%22+%22unemployment+insurance%22&hl=en&as_sdt=0,5"
523,"D Card, PB Levine","Extended benefits and the duration of UI spells: evidence from the New Jersey extended benefit program",2000,"Journal of Public economics","Elsevier","https://www.sciencedirect.com/science/article/pii/S0047272799001139","https://scholar.google.com/scholar?cites=3916925203867274585&as_sdt=2005&sciodt=0,5&hl=en",413,"2022-08-15 21:28:05","","","","",,,,,523,23.77,262,2,22,"… This paper examines the impact on the duration of unemployment insurance receipt of a … Unfortunately, however, the standard errors for the estimated impacts are so large that we …","https://www.nber.org/system/files/working_papers/w6714/w6714.pdf","https://scholar.google.com/scholar?q=related:WY1IXLi2WzYJ:scholar.google.com/&scioq=duration+%22standard+error%22%7C%22standard+errors%22%7Cpbd%7C%22benefit+duration%22%7Cwba%7C%22weekly+benefit+amount%22%7C%22replacement+rate%22+%22unemployment+insurance%22&hl=en&as_sdt=0,5"
581,"D Card, R Chetty, A Weber","Cash-on-hand and competing models of intertemporal behavior: New evidence from the labor market",2007,"The Quarterly journal of economics","academic.oup.com","https://academic.oup.com/qje/article-abstract/122/4/1511/1850504","https://scholar.google.com/scholar?cites=4018424792583942720&as_sdt=2005&sciodt=0,5&hl=en",896,"2022-08-15 21:28:05","","","","",,,,,581,38.73,194,3,15,"… of a discontinuity in the unemployment insurance (UI) benefit … across spells by clustering the standard errors by person. In … replacement rate in period t of the unemployment spell and σ …","https://www.nber.org/system/files/working_papers/w12639/w12639.pdf","https://scholar.google.com/scholar?q=related:QLKW7g5QxDcJ:scholar.google.com/&scioq=duration+%22standard+error%22%7C%22standard+errors%22%7Cpbd%7C%22benefit+duration%22%7Cwba%7C%22weekly+benefit+amount%22%7C%22replacement+rate%22+%22unemployment+insurance%22&hl=en&as_sdt=0,5"
1,"D Denti, ASS Policy","THE UNEMPLOYMENT INSURANCE SYSTEMS IN SWEDEN AND ITALY",2007,"","academia.edu","https://www.academia.edu/download/24729434/davide_denti_-_unemployment_insurances_in_sweden_and_italy.pdf","https://scholar.google.com/scholar?cites=4803033775028225823&as_sdt=2005&sciodt=0,5&hl=en",615,"2022-08-15 21:28:05","PDF","","","",,,,,1,0.07,1,2,15,"… It is simple then to see how Italian replacement rate has always been much lower than the Swedish one: from the 1/20 of 1980 it grew up to 2/3 in the year 2000. The time required for …","https://www.academia.edu/download/24729434/davide_denti_-_unemployment_insurances_in_sweden_and_italy.pdf","https://scholar.google.com/scholar?q=related:H8fCVMXNp0IJ:scholar.google.com/&scioq=duration+%22standard+error%22%7C%22standard+errors%22%7Cpbd%7C%22benefit+duration%22%7Cwba%7C%22weekly+benefit+amount%22%7C%22replacement+rate%22+%22unemployment+insurance%22&hl=en&as_sdt=0,5"
8,"D Domeland, N Fiess","Unemployment and unemployment insurance",2006,"The Third Dimension of Labor Markets …","books.google.com","https://books.google.com/books?hl=en&lr=&id=jmgPrWnwu-oC&oi=fnd&pg=PA169&dq=duration+%22standard+error%22%7C%22standard+errors%22%7Cpbd%7C%22benefit+duration%22%7Cwba%7C%22weekly+benefit+amount%22%7C%22replacement+rate%22+%22unemployment+insurance%22&ots=a1ycUy8uqx&sig=uWQRHLrcVZOhRZi9lm0t8BMpb30","https://scholar.google.com/scholar?cites=6281012054450778399&as_sdt=2005&sciodt=0,5&hl=en",553,"2022-08-15 21:28:05","","","","",,,,,8,0.50,4,2,16,"… the benefit duration is contingent on job search. The payment of unemployment insurance benefit … of becoming unemployed and then turn to the determinants of unemployment duration. …","","https://scholar.google.com/scholar?q=related:HzF8by-jKlcJ:scholar.google.com/&scioq=duration+%22standard+error%22%7C%22standard+errors%22%7Cpbd%7C%22benefit+duration%22%7Cwba%7C%22weekly+benefit+amount%22%7C%22replacement+rate%22+%22unemployment+insurance%22&hl=en&as_sdt=0,5"
10,"D Fackler, J Stegmaier, E Weigt","Does extended unemployment benefit duration ameliorate the negative employment effects of job loss?",2019,"Labour Economics","Elsevier","https://www.sciencedirect.com/science/article/pii/S0927537119300181","https://scholar.google.com/scholar?cites=9707483733145252302&as_sdt=2005&sciodt=0,5&hl=en",86,"2022-08-15 21:28:05","","","","",,,,,10,3.33,3,3,3,"… the effects of extended PBD on UI benefit duration and non-employment duration. We then … in Germany is covered by the unemployment insurance and eligible to receive unemployment …","https://www.iwh-halle.de/ueber-das-iwh/veranstaltungen/?tx_iwhsolr_main%5Bsearch_action%5D=searchNews&tx_iwhsolr_main%5BeventTypes%5D=&tx_iwhsolr_main%5Bpage%5D=19&cHash=fe4fb005e531dec3db592b150c5aca37","https://scholar.google.com/scholar?q=related:znEB2QXpt4YJ:scholar.google.com/&scioq=duration+%22standard+error%22%7C%22standard+errors%22%7Cpbd%7C%22benefit+duration%22%7Cwba%7C%22weekly+benefit+amount%22%7C%22replacement+rate%22+%22unemployment+insurance%22&hl=en&as_sdt=0,5"
4,"D Farrell, P Ganong, F Greig, P Noel","Recovering from Job Loss: The Role of Unemployment Insurance",2016,"JPMorgan Chase & Co …","papers.ssrn.com","https://papers.ssrn.com/sol3/papers.cfm?abstract_id=2911310","https://scholar.google.com/scholar?cites=2055009356117635754&as_sdt=2005&sciodt=0,5&hl=en",502,"2022-08-15 21:28:05","","","","",,,,,4,0.67,1,4,6,"… The level and duration of unemployment insurance benefits also varies by state.These … offers uniquely low unemployment insurance benefits: the maximum benefit duration is tied to the …","","https://scholar.google.com/scholar?q=related:qvJ-GR_chBwJ:scholar.google.com/&scioq=duration+%22standard+error%22%7C%22standard+errors%22%7Cpbd%7C%22benefit+duration%22%7Cwba%7C%22weekly+benefit+amount%22%7C%22replacement+rate%22+%22unemployment+insurance%22&hl=en&as_sdt=0,5"
15,"D Gray","Employment insurance: what reform delivered",2004,"Backgrounder-CD Howe Institute","search.proquest.com","https://search.proquest.com/openview/cdfbd0d8f3fc65a60a2e0ece2f813e3d/1?pq-origsite=gscholar&cbl=26513","https://scholar.google.com/scholar?cites=7347858564600807647&as_sdt=2005&sciodt=0,5&hl=en",624,"2022-08-15 21:28:05","","","","",,,,,15,0.83,15,1,18,"… Parliament passed Bill C-12, replacing the unemployment insurance (UI) regime with the far-… , while the replacement rate would increase progressively with the length of the qualifying …","","https://scholar.google.com/scholar?q=related:38DXEm_W-GUJ:scholar.google.com/&scioq=duration+%22standard+error%22%7C%22standard+errors%22%7Cpbd%7C%22benefit+duration%22%7Cwba%7C%22weekly+benefit+amount%22%7C%22replacement+rate%22+%22unemployment+insurance%22&hl=en&as_sdt=0,5"
11,"D Grubb","Trends in unemployment insurance, related benefits and active labour market policies in Europe",2005,"… Seminar on Employment/Unemployment insurance …","","","https://scholar.google.com/scholar?cites=17260640199611239290&as_sdt=2005&sciodt=0,5&hl=en",640,"2022-08-15 21:28:05","CITATION","","","",,,,,11,0.65,11,1,17,"","","https://scholar.google.com/scholar?q=related:esunjc8ciu8J:scholar.google.com/&scioq=duration+%22standard+error%22%7C%22standard+errors%22%7Cpbd%7C%22benefit+duration%22%7Cwba%7C%22weekly+benefit+amount%22%7C%22replacement+rate%22+%22unemployment+insurance%22&hl=en&as_sdt=0,5"
0,"D Kessler, D Hevenstone, L Vandecasteele…","Weathering the storm together: Does unemployment insurance help couples avoid divorce?",2022,"Journal of European …","arbor.bfh.ch","https://arbor.bfh.ch/17106","",562,"2022-08-15 21:28:05","","","","",,,,,0,0.00,0,4,1,"… This study examines whether unemployment insurance benefit … that reduced unemployment insurance maximum benefit duration. We … reductions in unemployment insurance generosity. …","",""
0,"D LEE, DRJ ALTONJI","UNEMPLOYMENT INSURANCE: Disincentive Effects on Job Search in the Great Recession",,"economics.yale.edu","","https://economics.yale.edu/sites/default/files/files/Undergraduate/Nominated%20Senior%20Essays/2015-16/Darien%20Lee%20-%20Senior%20Essay%202016.pdf","",552,"2022-08-15 21:28:05","PDF","","","",,,,,0,0.00,0,2,,"… Third, the only aspect of unemployment insurance that appeared to influence job search time was the maximum WBA, which was statistically significant for the UI-eligible population at …","https://economics.yale.edu/sites/default/files/files/Undergraduate/Nominated%20Senior%20Essays/2015-16/Darien%20Lee%20-%20Senior%20Essay%202016.pdf","https://scholar.google.com/scholar?q=related:n4Q5h2uLoFEJ:scholar.google.com/&scioq=duration+%22standard+error%22%7C%22standard+errors%22%7Cpbd%7C%22benefit+duration%22%7Cwba%7C%22weekly+benefit+amount%22%7C%22replacement+rate%22+%22unemployment+insurance%22&hl=en&as_sdt=0,5"
0,"D Legal, ER Young","Unemployment Insurance with Consumer Bankruptcy",2020,"","helsinkigse.fi","https://www.helsinkigse.fi/wp-content/uploads/2020/09/LY-UIBK_062020.pdf","",404,"2022-08-15 21:28:05","PDF","","","",,,,,0,0.00,0,2,2,"… The focus of the policy experiments in this paper is the replacement rate component of the UI … Table 6 also shows that the model implied unemployment duration elasticities with respect …","https://www.helsinkigse.fi/wp-content/uploads/2020/09/LY-UIBK_062020.pdf","https://scholar.google.com/scholar?q=related:wHgI9Rd_3VsJ:scholar.google.com/&scioq=duration+%22standard+error%22%7C%22standard+errors%22%7Cpbd%7C%22benefit+duration%22%7Cwba%7C%22weekly+benefit+amount%22%7C%22replacement+rate%22+%22unemployment+insurance%22&hl=en&as_sdt=0,5"
0,"D Legal-Cañisá","Unemployment Insurance with Consumer Bankruptcy",2019,"","economics.virginia.edu","https://economics.virginia.edu/sites/economics.virginia.edu/files/macro/Legal-Canisa.pdf","",605,"2022-08-15 21:28:05","PDF","","","",,,,,0,0.00,0,1,3,"… The focus of the policy experiments in this paper is the replacement rate component of the UI formula.… worker's earnings over a recent 52-week period to be replaced (up to a maximum …","https://economics.virginia.edu/sites/economics.virginia.edu/files/macro/Legal-Canisa.pdf","https://scholar.google.com/scholar?q=related:F4y6dmG8bn0J:scholar.google.com/&scioq=duration+%22standard+error%22%7C%22standard+errors%22%7Cpbd%7C%22benefit+duration%22%7Cwba%7C%22weekly+benefit+amount%22%7C%22replacement+rate%22+%22unemployment+insurance%22&hl=en&as_sdt=0,5"
65,"D Metcalf, SJ Nickell, N Floros","Still searching for an explanation of unemployment in interwar Britain",1982,"Journal of Political Economy","journals.uchicago.edu","https://www.journals.uchicago.edu/doi/pdf/10.1086/261063","https://scholar.google.com/scholar?cites=8178883341946893697&as_sdt=2005&sciodt=0,5&hl=en",746,"2022-08-15 21:28:05","","10.1086/261063","","",,,,,65,1.63,22,3,40,"… for the interwar period. Postwar the numerator is unemployment insurance benefit per … be applied, during the postwar period the replacement rate must be reduced by 2.5 percent. …","","https://scholar.google.com/scholar?q=related:gbUa4BA7gXEJ:scholar.google.com/&scioq=duration+%22standard+error%22%7C%22standard+errors%22%7Cpbd%7C%22benefit+duration%22%7Cwba%7C%22weekly+benefit+amount%22%7C%22replacement+rate%22+%22unemployment+insurance%22&hl=en&as_sdt=0,5"
147,"D Oesch","What explains high unemployment among low-skilled workers? Evidence from 21 OECD countries",2010,"European Journal of Industrial Relations","journals.sagepub.com","https://journals.sagepub.com/doi/abs/10.1177/0959680109355307","https://scholar.google.com/scholar?cites=8625706010656000010&as_sdt=2005&sciodt=0,5&hl=en",549,"2022-08-15 21:28:05","","10.1177/0959680109355307","","",,,,,147,12.25,147,1,12,"… -White standard errors. All the regressions include a control variable for the time period (… we do not find a detrimental influence for unemployment insurance: states with comparatively …","https://archive-ouverte.unige.ch/unige:12904/ATTACHMENT01","https://scholar.google.com/scholar?q=related:CkgabuqptHcJ:scholar.google.com/&scioq=duration+%22standard+error%22%7C%22standard+errors%22%7Cpbd%7C%22benefit+duration%22%7Cwba%7C%22weekly+benefit+amount%22%7C%22replacement+rate%22+%22unemployment+insurance%22&hl=en&as_sdt=0,5"
2,"D Runner","Changes in unemployment insurance legislation in 1996",1997,"Monthly Lab. Rev.","HeinOnline","https://heinonline.org/hol-cgi-bin/get_pdf.cgi?handle=hein.journals/month120&section=9","https://scholar.google.com/scholar?cites=6785607507439215419&as_sdt=2005&sciodt=0,5&hl=en",379,"2022-08-15 21:28:05","","","","",,,,,2,0.08,2,1,25,"… weekly benefit amount. Following is a summary of some significant changes in State unemployment insurance laws … and one-half of the number of weeks in the base period in which …","","https://scholar.google.com/scholar?q=related:O2MjihNSK14J:scholar.google.com/&scioq=duration+%22standard+error%22%7C%22standard+errors%22%7Cpbd%7C%22benefit+duration%22%7Cwba%7C%22weekly+benefit+amount%22%7C%22replacement+rate%22+%22unemployment+insurance%22&hl=en&as_sdt=0,5"
6,"D Runner","Changes in unemployment insurance legislation during 1990",1991,"Monthly Labor Review","JSTOR","https://www.jstor.org/stable/41843538","https://scholar.google.com/scholar?cites=12101184620163003341&as_sdt=2005&sciodt=0,5&hl=en",390,"2022-08-15 21:28:05","","","","",,,,,6,0.19,6,1,31,"… The maximum weekly benefit amount was increased from $200 to $225. For the period July 1 through December 1, 1990, an individual could have qualified for 10 weeks of benefits if …","https://www.bls.gov/opub/mlr/1991/01/art6full.pdf","https://scholar.google.com/scholar?q=related:zXM8FkwL8KcJ:scholar.google.com/&scioq=duration+%22standard+error%22%7C%22standard+errors%22%7Cpbd%7C%22benefit+duration%22%7Cwba%7C%22weekly+benefit+amount%22%7C%22replacement+rate%22+%22unemployment+insurance%22&hl=en&as_sdt=0,5"
5,"D Runner","Changes in unemployment insurance legislation during 1983",1984,"Monthly Labor Review","JSTOR","https://www.jstor.org/stable/41842218","https://scholar.google.com/scholar?cites=5180253006948916894&as_sdt=2005&sciodt=0,5&hl=en",449,"2022-08-15 21:28:05","","","","",,,,,5,0.13,5,1,38,"… duration disqualification for gross misconduct specifies that an individual must earn wages equal to at least 10 times the weekly benefit amount … weekly benefit amount or of base-period …","","https://scholar.google.com/scholar?q=related:nt7W5an040cJ:scholar.google.com/&scioq=duration+%22standard+error%22%7C%22standard+errors%22%7Cpbd%7C%22benefit+duration%22%7Cwba%7C%22weekly+benefit+amount%22%7C%22replacement+rate%22+%22unemployment+insurance%22&hl=en&as_sdt=0,5"
3,"D Runner","Unemployment insurance laws: changes enacted during 1981",1982,"Monthly Labor Review","JSTOR","https://www.jstor.org/stable/41841749","https://scholar.google.com/scholar?cites=1752629648204927225&as_sdt=2005&sciodt=0,5&hl=en",460,"2022-08-15 21:28:05","","","","",,,,,3,0.08,3,1,40,"… eight times the weekly benefit amount, but benefit duration may not be reduced to less than 1 week. Also, until January 1, 1984, an individual who voluntarily left a base-period employer …","https://stats.bls.gov/opub/mlr/1982/02/art2full.pdf","https://scholar.google.com/scholar?q=related:-ZASFGGXUhgJ:scholar.google.com/&scioq=duration+%22standard+error%22%7C%22standard+errors%22%7Cpbd%7C%22benefit+duration%22%7Cwba%7C%22weekly+benefit+amount%22%7C%22replacement+rate%22+%22unemployment+insurance%22&hl=en&as_sdt=0,5"
1,"D Runner","Legislative revisions of unemployment insurance in 1980",1981,"Monthly Lab. Rev.","HeinOnline","https://heinonline.org/hol-cgi-bin/get_pdf.cgi?handle=hein.journals/month104&section=10","https://scholar.google.com/scholar?cites=14948623018579688862&as_sdt=2005&sciodt=0,5&hl=en",468,"2022-08-15 21:28:05","","","","",,,,,1,0.02,1,1,41,"… Benefit duration changed from 14 to 28 weeks to 16 to 26 weeks depending on the … the weekly benefit amount, individuals who were paid 90 percent or more of their base period wages …","https://www.bls.gov/opub/mlr/1981/01/art5full.pdf","https://scholar.google.com/scholar?q=related:nn2rJ28tdM8J:scholar.google.com/&scioq=duration+%22standard+error%22%7C%22standard+errors%22%7Cpbd%7C%22benefit+duration%22%7Cwba%7C%22weekly+benefit+amount%22%7C%22replacement+rate%22+%22unemployment+insurance%22&hl=en&as_sdt=0,5"
3,"D Runner","Changes in unemployment insurance legislation during 1988",1989,"Monthly Labor Review","JSTOR","https://www.jstor.org/stable/41843201","https://scholar.google.com/scholar?cites=9042003471385965946&as_sdt=2005&sciodt=0,5&hl=en",487,"2022-08-15 21:28:05","","","","",,,,,3,0.09,3,1,33,"… As a result, the maximum weekly benefit amount is not more than $181 and … less than full-time work if earnings for that week do not equal or exceed the weekly benefit amount plus $20 (…","https://www.bls.gov/OPUB/MLR/1989/01/art5full.pdf","https://scholar.google.com/scholar?q=related:ejXPKUCme30J:scholar.google.com/&scioq=duration+%22standard+error%22%7C%22standard+errors%22%7Cpbd%7C%22benefit+duration%22%7Cwba%7C%22weekly+benefit+amount%22%7C%22replacement+rate%22+%22unemployment+insurance%22&hl=en&as_sdt=0,5"
1,"D Runner","Changes in unemployment insurance legislation in 1992",1993,"Monthly Lab. Rev.","HeinOnline","https://heinonline.org/hol-cgi-bin/get_pdf.cgi?handle=hein.journals/month116&section=10","https://scholar.google.com/scholar?cites=13649508329116553588&as_sdt=2005&sciodt=0,5&hl=en",522,"2022-08-15 21:28:05","","","","",,,,,1,0.03,1,1,29,"… and have earned wages in the base period equal to 40 times the weekly benefit amount, or 1-1/2 times his or her wages in the high quarter of the base period. The law was amended to …","","https://scholar.google.com/scholar?q=related:dFG604HLbL0J:scholar.google.com/&scioq=duration+%22standard+error%22%7C%22standard+errors%22%7Cpbd%7C%22benefit+duration%22%7Cwba%7C%22weekly+benefit+amount%22%7C%22replacement+rate%22+%22unemployment+insurance%22&hl=en&as_sdt=0,5"
3,"D Runner","Changes in unemployment insurance legislation during 1987",1988,"Monthly Labor Review","JSTOR","https://www.jstor.org/stable/41843097","https://scholar.google.com/scholar?cites=6189024089196380239&as_sdt=2005&sciodt=0,5&hl=en",592,"2022-08-15 21:28:05","","","","",,,,,3,0.09,3,1,34,"… The requirement for computing the maximum weekly benefit amount as 66§ … weekly benefit amount will be computed as ¿ of the wages in the two highest quarters of the base period if …","","https://scholar.google.com/scholar?q=related:T8DiRp7U41UJ:scholar.google.com/&scioq=duration+%22standard+error%22%7C%22standard+errors%22%7Cpbd%7C%22benefit+duration%22%7Cwba%7C%22weekly+benefit+amount%22%7C%22replacement+rate%22+%22unemployment+insurance%22&hl=en&as_sdt=0,5"
0,"D Schroeder, A Patnaik","… of this chapter is to examine the operation of a two-program safety net for workers in Texas that consists of the combina-tion of unemployment insurance (UI) and the …",2019,"… and Unemployment Insurance","books.google.com","https://books.google.com/books?hl=en&lr=&id=XHCrDwAAQBAJ&oi=fnd&pg=PA355&dq=duration+%22standard+error%22%7C%22standard+errors%22%7Cpbd%7C%22benefit+duration%22%7Cwba%7C%22weekly+benefit+amount%22%7C%22replacement+rate%22+%22unemployment+insurance%22&ots=n3PLr-A5Ft&sig=LKdNwpJJHrMJwEN1e2cWNBfPPqk","",704,"2022-08-15 21:28:05","","","","",,,,,0,0.00,0,2,3,"… The third period, jobless recovery, we define to refer to the period of time between when the recession … Finally, we illustrate the data by plotting income flows over time for joint safety-net …","","https://scholar.google.com/scholar?q=related:GXpKSCP6QDsJ:scholar.google.com/&scioq=duration+%22standard+error%22%7C%22standard+errors%22%7Cpbd%7C%22benefit+duration%22%7Cwba%7C%22weekly+benefit+amount%22%7C%22replacement+rate%22+%22unemployment+insurance%22&hl=en&as_sdt=0,5"
0,"D Skandalis, I Marinescu, MN Massenkoff","Racial inequality in the US unemployment insurance system",2022,"","nber.org","https://www.nber.org/papers/w30252","",105,"2022-08-15 21:28:05","","","","",,,,,0,0.00,0,3,1,"… alternative measures: 52×Weekly Benefit Amount over Base Period Earnings or 13 ×… of UI outcomes such as the weekly benefit amount and replacement rate, along with the key work …","https://www.nber.org/system/files/working_papers/w30252/w30252.pdf","https://scholar.google.com/scholar?q=related:K6pU5kd6dz8J:scholar.google.com/&scioq=duration+%22standard+error%22%7C%22standard+errors%22%7Cpbd%7C%22benefit+duration%22%7Cwba%7C%22weekly+benefit+amount%22%7C%22replacement+rate%22+%22unemployment+insurance%22&hl=en&as_sdt=0,5"
16,"DA Anderson","Compensating wage differentials and the optimal provision of unemployment insurance",1994,"Southern Economic Journal","JSTOR","https://www.jstor.org/stable/1060573","https://scholar.google.com/scholar?cites=2259853723752877728&as_sdt=2005&sciodt=0,5&hl=en",317,"2022-08-15 21:28:05","","","","",,,,,16,0.57,16,1,28,"… in the average replacement rate for … replacement rate from 0 0.5 would increase spell duration by one week, for example, then the $1.00 expenditure will lead to an increase in s duration …","http://theunbrokenwindow.com/Labor%20Economics/Dave%20and%20UI.pdf","https://scholar.google.com/scholar?q=related:oE6iEP2cXB8J:scholar.google.com/&scioq=duration+%22standard+error%22%7C%22standard+errors%22%7Cpbd%7C%22benefit+duration%22%7Cwba%7C%22weekly+benefit+amount%22%7C%22replacement+rate%22+%22unemployment+insurance%22&hl=en&as_sdt=0,5"
498,"DA Black, JA Smith, MC Berger, BJ Noel","Is the threat of reemployment services more effective than the services themselves? Evidence from random assignment in the UI system",2003,"American economic review","aeaweb.org","https://www.aeaweb.org/articles?id=10.1257/000282803769206313","https://scholar.google.com/scholar?cites=1882794665379487572&as_sdt=2005&sciodt=0,5&hl=en",629,"2022-08-15 21:28:05","","","","",,,,,498,26.21,125,4,19,"… profiles” Unemployment Insurance (UI) claimants based on the predicted length of their unem… the wisdom of using the expected benefit duration as a means of allocating treatment. They …","https://pietroichino.it/wp-content/uploads/2013/09/Black_Smith_Berger_Noel.pdf","https://scholar.google.com/scholar?q=related:VN_xzsUHIRoJ:scholar.google.com/&scioq=duration+%22standard+error%22%7C%22standard+errors%22%7Cpbd%7C%22benefit+duration%22%7Cwba%7C%22weekly+benefit+amount%22%7C%22replacement+rate%22+%22unemployment+insurance%22&hl=en&as_sdt=0,5"
28,"DA Follmann, MS Goldberg, L May","Personal characteristics, unemployment insurance, and the duration of unemployment",1990,"Journal of Econometrics","Elsevier","https://www.sciencedirect.com/science/article/pii/030440769090004D","https://scholar.google.com/scholar?cites=10369598969930035379&as_sdt=2005&sciodt=0,5&hl=en",289,"2022-08-15 21:28:05","","","","",,,,,28,0.88,9,3,32,"… The key idea of this paper is that a hazard function for the entire time … at the spike is 0.1713 with a standard error of 0.0581. … provides a value of 0.0571 with a standard error of 0.0327. …","","https://scholar.google.com/scholar?q=related:s7DvmVI36I8J:scholar.google.com/&scioq=duration+%22standard+error%22%7C%22standard+errors%22%7Cpbd%7C%22benefit+duration%22%7Cwba%7C%22weekly+benefit+amount%22%7C%22replacement+rate%22+%22unemployment+insurance%22&hl=en&as_sdt=0,5"
71,"DA Green, TC Sargent","Unemployment insurance and job durations: seasonal and non-seasonal jobs",1998,"canadian Journal of Economics","JSTOR","https://www.jstor.org/stable/136322","https://scholar.google.com/scholar?cites=15964907071039367513&as_sdt=2005&sciodt=0,5&hl=en",392,"2022-08-15 21:28:05","","","","",,,,,71,2.96,36,2,24,"… also a defining feature of maximum benefit duration. Benefit entitlement was calculated under a three-phase system, with the first two phases depending on the length of the individual's …","","https://scholar.google.com/scholar?q=related:WWlsOWW-jt0J:scholar.google.com/&scioq=duration+%22standard+error%22%7C%22standard+errors%22%7Cpbd%7C%22benefit+duration%22%7Cwba%7C%22weekly+benefit+amount%22%7C%22replacement+rate%22+%22unemployment+insurance%22&hl=en&as_sdt=0,5"
131,"DA Green, WC Riddell","Qualifying for unemployment insurance: An empirical analysis",1997,"The Economic Journal","academic.oup.com","https://academic.oup.com/ej/article-abstract/107/440/67/5144318","https://scholar.google.com/scholar?cites=10283606765151438939&as_sdt=2005&sciodt=0,5&hl=en",49,"2022-08-15 21:28:05","","","","",,,,,131,5.24,66,2,25,"… Regional differentiation is also a feature of maximum benefit duration. Benefit duration is determined in three phases, the first two depending on the length of the individual's previous …","","https://scholar.google.com/scholar?q=related:W8inNt61to4J:scholar.google.com/&scioq=duration+%22standard+error%22%7C%22standard+errors%22%7Cpbd%7C%22benefit+duration%22%7Cwba%7C%22weekly+benefit+amount%22%7C%22replacement+rate%22+%22unemployment+insurance%22&hl=en&as_sdt=0,5"
86,"DA Green, WC Riddell","The economic effects of unemployment insurance in Canada: an empirical analysis of UI disentitlement",1993,"Journal of labor economics","journals.uchicago.edu","https://www.journals.uchicago.edu/doi/abs/10.1086/298330","https://scholar.google.com/scholar?cites=5284956195727858405&as_sdt=2005&sciodt=0,5&hl=en",395,"2022-08-15 21:28:05","","10.1086/298330","","",,,,,86,2.97,43,2,29,"… ) earnings replacement rate. Although this implied a 20% increase in the net replacement rate, … in the minimum qualifying period and the increase in the maximum duration of benefits. In …","","https://scholar.google.com/scholar?q=related:5drbu6jvV0kJ:scholar.google.com/&scioq=duration+%22standard+error%22%7C%22standard+errors%22%7Cpbd%7C%22benefit+duration%22%7Cwba%7C%22weekly+benefit+amount%22%7C%22replacement+rate%22+%22unemployment+insurance%22&hl=en&as_sdt=0,5"
29,"DA Robalino, M Vodopivec, A Bodor","Savings for unemployment in good or bad times: options for developing countries",2009,"","papers.ssrn.com","https://papers.ssrn.com/sol3/papers.cfm?abstract_id=1501932","https://scholar.google.com/scholar?cites=4578332997270175852&as_sdt=2005&sciodt=0,5&hl=en",831,"2022-08-15 21:28:05","","","","",,,,,29,2.23,10,3,13,"… The paper describes and evaluates unemployment insurance … a temporary job, or the duration of the post-unemployment job … • Similarly, we observe that the higher the replacement rate …","https://www.econstor.eu/bitstream/10419/36158/1/614476194.pdf","https://scholar.google.com/scholar?q=related:bAC9nZqBiT8J:scholar.google.com/&scioq=duration+%22standard+error%22%7C%22standard+errors%22%7Cpbd%7C%22benefit+duration%22%7Cwba%7C%22weekly+benefit+amount%22%7C%22replacement+rate%22+%22unemployment+insurance%22&hl=en&as_sdt=0,5"
13,"DGC Britto, P Pinotti, B Sampaio","The effect of job loss and unemployment insurance on crime in Brazil",2022,"Econometrica","Wiley Online Library","https://onlinelibrary.wiley.com/doi/abs/10.3982/ECTA18984","https://scholar.google.com/scholar?cites=10313376475450263996&as_sdt=2005&sciodt=0,5&hl=en",260,"2022-08-15 21:28:05","","10.3982/ECTA18984","","",,,,,13,13.00,4,3,1,"… time and time spent on the job (ie, what we previously called the incapacitation effect of employment): if time … do not directly observe potential benefit duration. Workers initially receiving …","https://onlinelibrary.wiley.com/doi/pdf/10.3982/ECTA18984","https://scholar.google.com/scholar?q=related:vEkVBkN5II8J:scholar.google.com/&scioq=duration+%22standard+error%22%7C%22standard+errors%22%7Cpbd%7C%22benefit+duration%22%7Cwba%7C%22weekly+benefit+amount%22%7C%22replacement+rate%22+%22unemployment+insurance%22&hl=en&as_sdt=0,5"
1230,"DH Autor, MG Duggan","The rise in the disability rolls and the decline in unemployment",2003,"The Quarterly Journal of Economics","academic.oup.com","https://academic.oup.com/qje/article-abstract/118/1/157/1917020","https://scholar.google.com/scholar?cites=13576700764189134693&as_sdt=2005&sciodt=0,5&hl=en",832,"2022-08-15 21:28:05","","","","",,,,,1230,64.74,615,2,19,"… frame) in high versus low replacement rate states. To identify … We compare steady states of a discrete time Markov model … DI applicants collect unemployment insurance benefits during …","https://repository.upenn.edu/cgi/viewcontent.cgi?article=1052&context=hcmg_papers","https://scholar.google.com/scholar?q=related:ZY9En2kharwJ:scholar.google.com/&scioq=duration+%22standard+error%22%7C%22standard+errors%22%7Cpbd%7C%22benefit+duration%22%7Cwba%7C%22weekly+benefit+amount%22%7C%22replacement+rate%22+%22unemployment+insurance%22&hl=en&as_sdt=0,5"
132,"DH Klepinger, TR Johnson, JM Joesch","Effects of unemployment insurance work-search requirements: The Maryland experiment",2002,"ILR Review","journals.sagepub.com","https://journals.sagepub.com/doi/abs/10.1177/001979390205600101","https://scholar.google.com/scholar?cites=15063148835452073757&as_sdt=2005&sciodt=0,5&hl=en",836,"2022-08-15 21:28:05","","10.1177/001979390205600101","","",,,,,132,6.60,44,3,20,"… he Unemployment Insurance (UI) program is designed to provide temporary income support … We tested the time pattern of UI exit for claimants in each treatment against the time pattern …","http://pinguet.free.fr/klepinger2002.pdf","https://scholar.google.com/scholar?q=related:Hbf1zw4OC9EJ:scholar.google.com/&scioq=duration+%22standard+error%22%7C%22standard+errors%22%7Cpbd%7C%22benefit+duration%22%7Cwba%7C%22weekly+benefit+amount%22%7C%22replacement+rate%22+%22unemployment+insurance%22&hl=en&as_sdt=0,5"
0,"DL Fuller","A Quantitative Analysis of Unemployment Insurance in a Model with Fraud and Moral Hazard",2011,"","fullerecon.com","http://www.fullerecon.com/ui_mh_hi6.pdf","",354,"2022-08-15 21:28:05","PDF","","","",,,,,0,0.00,0,1,11,"… to calculate the replacement rate as well as the average potential duration of unemployment … the replacement rate. In a standard moral hazard model of unemployment insurance, the …","http://www.fullerecon.com/ui_mh_hi6.pdf","https://scholar.google.com/scholar?q=related:gHanb4klwhMJ:scholar.google.com/&scioq=duration+%22standard+error%22%7C%22standard+errors%22%7Cpbd%7C%22benefit+duration%22%7Cwba%7C%22weekly+benefit+amount%22%7C%22replacement+rate%22+%22unemployment+insurance%22&hl=en&as_sdt=0,5"
16,"DL Fuller","Adverse selection and moral hazard: Quantitative implications for unemployment insurance",2014,"Journal of Monetary Economics","Elsevier","https://www.sciencedirect.com/science/article/pii/S0304393213001463","https://scholar.google.com/scholar?cites=2634238661480241756&as_sdt=2005&sciodt=0,5&hl=en",663,"2022-08-15 21:28:05","","","","",,,,,16,2.00,16,1,8,"… imply consumption increases over the duration of non-… the replacement rate, this appears reasonable given the lack of precautionary savings in the model. The unemployment insurance …","http://www.fullerecon.com/jme2.pdf","https://scholar.google.com/scholar?q=related:XFohFxuyjiQJ:scholar.google.com/&scioq=duration+%22standard+error%22%7C%22standard+errors%22%7Cpbd%7C%22benefit+duration%22%7Cwba%7C%22weekly+benefit+amount%22%7C%22replacement+rate%22+%22unemployment+insurance%22&hl=en&as_sdt=0,5"
10,"DL Smith, JB Wenger","State unemployment insurance trust solvency and benefit generosity",2013,"Journal of Policy Analysis and …","Wiley Online Library","https://onlinelibrary.wiley.com/doi/abs/10.1002/pam.21701","https://scholar.google.com/scholar?cites=1150825261297744935&as_sdt=2005&sciodt=0,5&hl=en",451,"2022-08-15 21:28:05","","10.1002/pam.21701","","",,,,,10,1.11,5,2,9,"… In our sample, among states that index their maximum weekly benefit amount to wages, 22 … replacement rate over time. Interestingly, very nearly as much within-state variation (over time…","http://citeseerx.ist.psu.edu/viewdoc/download?doi=10.1.1.186.2950&rep=rep1&type=pdf","https://scholar.google.com/scholar?q=related:J7wyUnqN-A8J:scholar.google.com/&scioq=duration+%22standard+error%22%7C%22standard+errors%22%7Cpbd%7C%22benefit+duration%22%7Cwba%7C%22weekly+benefit+amount%22%7C%22replacement+rate%22+%22unemployment+insurance%22&hl=en&as_sdt=0,5"
97,"DM Blau, PK Robins","Job search, wage offers, and unemployment insurance",1986,"Journal of public Economics","Elsevier","https://www.sciencedirect.com/science/article/pii/0047272786900022","https://scholar.google.com/scholar?cites=16519961897038047971&as_sdt=2005&sciodt=0,5&hl=en",131,"2022-08-15 21:28:05","","","","",,,,,97,2.69,49,2,36,"… length of the spell, we test models both with and without time dependence. The time dependent models use the same specifications for time as … “The replacement rate is set equal to zero …","","https://scholar.google.com/scholar?q=related:4-rwn9GxQuUJ:scholar.google.com/&scioq=duration+%22standard+error%22%7C%22standard+errors%22%7Cpbd%7C%22benefit+duration%22%7Cwba%7C%22weekly+benefit+amount%22%7C%22replacement+rate%22+%22unemployment+insurance%22&hl=en&as_sdt=0,5"
34,"DN Margolis, L Navarro, DA Robalino","Unemployment insurance, job search and informal employment",2012,"","books.google.com","https://books.google.com/books?hl=en&lr=&id=easiBQAAQBAJ&oi=fnd&pg=PA112&dq=duration+%22standard+error%22%7C%22standard+errors%22%7Cpbd%7C%22benefit+duration%22%7Cwba%7C%22weekly+benefit+amount%22%7C%22replacement+rate%22+%22unemployment+insurance%22&ots=4aSvgRPGMT&sig=cEXIvr2I0S3mmpBkNZVmAlAA3Gw","https://scholar.google.com/scholar?cites=4123024222980815821&as_sdt=2005&sciodt=0,5&hl=en",164,"2022-08-15 21:28:05","BOOK","","","",,,,,34,3.40,11,3,10,"… replacement rate, the vesting period for benefits, the duration of … The results suggest that an unemployment insurance system … when the replacement rate of the unemployment insurance …","https://www.econstor.eu/bitstream/10419/62440/1/718162293.pdf","https://scholar.google.com/scholar?q=related:zTsao6_sNzkJ:scholar.google.com/&scioq=duration+%22standard+error%22%7C%22standard+errors%22%7Cpbd%7C%22benefit+duration%22%7Cwba%7C%22weekly+benefit+amount%22%7C%22replacement+rate%22+%22unemployment+insurance%22&hl=en&as_sdt=0,5"
24,"DN Price","Unemployment insurance, then and now, 1935-85",1985,"Soc. Sec. Bull.","HeinOnline","https://heinonline.org/hol-cgi-bin/get_pdf.cgi?handle=hein.journals/ssbul48&section=109","https://scholar.google.com/scholar?cites=7877196249069563228&as_sdt=2005&sciodt=0,5&hl=en",173,"2022-08-15 21:28:05","","","","",,,,,24,0.65,24,1,37,"… Federal legislation on unemployment insurance has pertained to the duration of benefits … -replacement rate of 50 percent to the great majority of unemployment insurance beneficiaries. …","http://137.200.4.16/policy/docs/ssb/v48n10/v48n10p22.pdf","https://scholar.google.com/scholar?q=related:XK3U20BsUW0J:scholar.google.com/&scioq=duration+%22standard+error%22%7C%22standard+errors%22%7Cpbd%7C%22benefit+duration%22%7Cwba%7C%22weekly+benefit+amount%22%7C%22replacement+rate%22+%22unemployment+insurance%22&hl=en&as_sdt=0,5"
64,"DO Parsons, T Tranæs, HB Lilleør","Voluntary public unemployment insurance",2003,"Available at SSRN 436605","papers.ssrn.com","https://papers.ssrn.com/sol3/papers.cfm?abstract_id=436605","https://scholar.google.com/scholar?cites=11602404682669620510&as_sdt=2005&sciodt=0,5&hl=en",300,"2022-08-15 21:28:05","","","","",,,,,64,3.37,21,3,19,"… 10 Because of certain data limitations that we discuss at length in Section VII, we are unable to … In Columns (1) and (2) we present the coefficients and standard errors respectively of a U-…","https://www.econstor.eu/bitstream/10419/76595/1/cesifo_wp1010.pdf","https://scholar.google.com/scholar?q=related:Hv3ZMpYFBKEJ:scholar.google.com/&scioq=duration+%22standard+error%22%7C%22standard+errors%22%7Cpbd%7C%22benefit+duration%22%7Cwba%7C%22weekly+benefit+amount%22%7C%22replacement+rate%22+%22unemployment+insurance%22&hl=en&as_sdt=0,5"
113,"DR Howell, M Rehm","Unemployment compensation and high European unemployment: a reassessment with new benefit indicators",2009,"Oxford Review of Economic Policy","academic.oup.com","https://academic.oup.com/oxrep/article-abstract/25/1/60/360262","https://scholar.google.com/scholar?cites=4815502277956002678&as_sdt=2005&sciodt=0,5&hl=en",891,"2022-08-15 21:28:05","","","","",,,,,113,8.69,57,2,13,"… regressions on the OECD's gross replacement rate (GRR), … their months of UI [unemployment insurance] entitlement. Benefit … They find that the OECD's replacement rate and duration of …","https://scholarworks.umass.edu/cgi/viewcontent.cgi?article=1170&context=peri_workingpapers","https://scholar.google.com/scholar?q=related:duOm5M4Z1EIJ:scholar.google.com/&scioq=duration+%22standard+error%22%7C%22standard+errors%22%7Cpbd%7C%22benefit+duration%22%7Cwba%7C%22weekly+benefit+amount%22%7C%22replacement+rate%22+%22unemployment+insurance%22&hl=en&as_sdt=0,5"
83,"DS Hamermesh","Entitlement effects, unemployment insurance and employment decisions",1979,"Economic Inquiry","Wiley Online Library","https://onlinelibrary.wiley.com/doi/abs/10.1111/j.1465-7295.1979.tb00532.x","https://scholar.google.com/scholar?cites=2806131804799647483&as_sdt=2005&sciodt=0,5&hl=en",63,"2022-08-15 21:28:05","","10.1111/j.1465-7295.1979.tb00532.x","","",,,,,83,1.93,83,1,43,"… For women in the second and third subsamples we use imputed 1970 earnings to impute a weekly benefit amount and potential duration based upon the statutory provisions in the state …","","https://scholar.google.com/scholar?q=related:-z4CSgJi8SYJ:scholar.google.com/&scioq=duration+%22standard+error%22%7C%22standard+errors%22%7Cpbd%7C%22benefit+duration%22%7Cwba%7C%22weekly+benefit+amount%22%7C%22replacement+rate%22+%22unemployment+insurance%22&hl=en&as_sdt=0,5"
12,"DS Hamermesh","A note on income and substitution effects in search unemployment",1977,"The Economic Journal","JSTOR","https://www.jstor.org/stable/2232090","https://scholar.google.com/scholar?cites=3834341260833471836&as_sdt=2005&sciodt=0,5&hl=en",321,"2022-08-15 21:28:05","","","","",,,,,12,0.27,12,1,45,"… unemployment insurance benefit and a lump-sum redundancy payment, it is the only available study of income maintenance and unemployment duration … with a standard error of 0213.1 …","","https://scholar.google.com/scholar?q=related:XD2avw9RNjUJ:scholar.google.com/&scioq=duration+%22standard+error%22%7C%22standard+errors%22%7Cpbd%7C%22benefit+duration%22%7Cwba%7C%22weekly+benefit+amount%22%7C%22replacement+rate%22+%22unemployment+insurance%22&hl=en&as_sdt=0,5"
6,"DS Hamermesh","Unemployment Insurance and Unemployment in the United States",2019,"Policy Studies: Review Annual","taylorfrancis.com","https://www.taylorfrancis.com/chapters/edit/10.4324/9781351319881-30/unemployment-insurance-unemployment-united-states-daniel-hamermesh","https://scholar.google.com/scholar?cites=1346886743974790687&as_sdt=2005&sciodt=0,5&hl=en",651,"2022-08-15 21:28:05","","10.4324/9781351319881-30","","",,,,,6,2.00,6,1,3,"… Regulations differ, but among the eight states that we use as examples, in Colorado the worker must have earned 30 times the weekly benefit amount and $750 in the base period. (In …","","https://scholar.google.com/scholar?q=related:H8ZMh1sasRIJ:scholar.google.com/&scioq=duration+%22standard+error%22%7C%22standard+errors%22%7Cpbd%7C%22benefit+duration%22%7Cwba%7C%22weekly+benefit+amount%22%7C%22replacement+rate%22+%22unemployment+insurance%22&hl=en&as_sdt=0,5"
34,"DS Hamermesh, B Mundial","Unemployment insurance for developing countries",1992,"","invenio.unidep.org","https://invenio.unidep.org/invenio/record/17061/files/danielham.pdf","https://scholar.google.com/scholar?cites=14174760772016810457&as_sdt=2005&sciodt=0,5&hl=en",134,"2022-08-15 21:28:05","BOOK","","","",,,,,34,1.13,17,2,30,"… demogmphle reasons for supplementing the WBA, taxation of the WBA and oftets for other eam'r… Are there labor-market triggers that alter the WBA or potential duration depending on the …","https://invenio.unidep.org/invenio/record/17061/files/danielham.pdf","https://scholar.google.com/scholar?q=related:2Sk0MNLdtsQJ:scholar.google.com/&scioq=duration+%22standard+error%22%7C%22standard+errors%22%7Cpbd%7C%22benefit+duration%22%7Cwba%7C%22weekly+benefit+amount%22%7C%22replacement+rate%22+%22unemployment+insurance%22&hl=en&as_sdt=0,5"
1,"DS Hwang","The Effects of Unemployment Benefits and Compulsory Severance Pay on Labor Market Participation and Unemployment Spell in Korea",2004,"Korea Labor Institute","","","https://scholar.google.com/scholar?cites=8239171540348479638&as_sdt=2005&sciodt=0,5&hl=en",807,"2022-08-15 21:28:05","CITATION","","","",,,,,1,0.06,1,1,18,"","","https://scholar.google.com/scholar?q=related:lqj66dxqV3IJ:scholar.google.com/&scioq=duration+%22standard+error%22%7C%22standard+errors%22%7Cpbd%7C%22benefit+duration%22%7Cwba%7C%22weekly+benefit+amount%22%7C%22replacement+rate%22+%22unemployment+insurance%22&hl=en&as_sdt=0,5"
9,"DS Lee, P Leung, CJ O'Leary, Z Pei…","Are sufficient statistics necessary? nonparametric measurement of deadweight loss from unemployment insurance",2021,"Journal of Labor …","journals.uchicago.edu","https://www.journals.uchicago.edu/doi/abs/10.1086/711594","https://scholar.google.com/scholar?cites=3957139564466625762&as_sdt=2005&sciodt=0,5&hl=en",157,"2022-08-15 21:28:05","","10.1086/711594","","",,,,,9,9.00,2,5,1,"… weekly benefit amount. For the marginal dollar that is transferred to inframarginal UI claimants via an increase in the weekly benefit amount… of initial claim duration with respect to wba in …","https://www.nber.org/system/files/working_papers/w25574/w25574.pdf","https://scholar.google.com/scholar?q=related:4lyt0neV6jYJ:scholar.google.com/&scioq=duration+%22standard+error%22%7C%22standard+errors%22%7Cpbd%7C%22benefit+duration%22%7Cwba%7C%22weekly+benefit+amount%22%7C%22replacement+rate%22+%22unemployment+insurance%22&hl=en&as_sdt=0,5"
86,"DT Mortensen","A structural model of unemployment insurance benefit effects on the incidence and duration of unemployment",1990,"Advances in the Theory and Measurement of …","Springer","https://link.springer.com/chapter/10.1007/978-1-349-10688-2_3","https://scholar.google.com/scholar?cites=2893853287754054889&as_sdt=2005&sciodt=0,5&hl=en",146,"2022-08-15 21:28:05","","10.1007/978-1-349-10688-2_3","","",,,,,86,2.69,86,1,32,"… The reported estimate of y is 0.129 with an estimated standard error of 0.057 for a subs ample of 246 'job losers on layoff' and 0.417 with an estimated standard error of 0.070 for a …","","https://scholar.google.com/scholar?q=related:6TytoDsIKSgJ:scholar.google.com/&scioq=duration+%22standard+error%22%7C%22standard+errors%22%7Cpbd%7C%22benefit+duration%22%7Cwba%7C%22weekly+benefit+amount%22%7C%22replacement+rate%22+%22unemployment+insurance%22&hl=en&as_sdt=0,5"
1,"DW Brown","Essays in unemployment insurance",2010,"","dspace.mit.edu","https://dspace.mit.edu/handle/1721.1/62399","https://scholar.google.com/scholar?cites=5292578095524816507&as_sdt=2005&sciodt=0,5&hl=en",240,"2022-08-15 21:28:05","","","","",,,,,1,0.08,1,1,12,"… I find that a 10 percentage points increase in the UI replacement rate increases private … of the UI weekly benefit amount to the weekly wage level across the base period.Individuals from …","https://dspace.mit.edu/bitstream/handle/1721.1/62399/710813208-MIT.pdf?sequence=2","https://scholar.google.com/scholar?q=related:eybFkbwDc0kJ:scholar.google.com/&scioq=duration+%22standard+error%22%7C%22standard+errors%22%7Cpbd%7C%22benefit+duration%22%7Cwba%7C%22weekly+benefit+amount%22%7C%22replacement+rate%22+%22unemployment+insurance%22&hl=en&as_sdt=0,5"
0,"DW Stevens","THE ASKING WAGE-DURATION OF UNEMPLOYMENT RELATION REVISITED.",1977,"Southern Economic Journal","search.ebscohost.com","https://search.ebscohost.com/login.aspx?direct=true&profile=ehost&scope=site&authtype=crawler&jrnl=00384038&AN=4627065&h=6jSegoZk0GHQsubhQlsGe5jBqjjWckenVNqPmVrklxAfC8TC5eQHtJf5zfYkXl0xPKjeQ4CH21KzoXvq0eciTA%3D%3D&crl=c","",734,"2022-08-15 21:28:05","","","","",,,,,0,0.00,0,1,45,"… ) of the unemployment insurance beneﬁts that … weekly beneﬁt amount implies a lesser willingness or opportunity for this group to make downward adjustments in asking wages over time…","","https://scholar.google.com/scholar?q=related:e4NBDag1ub4J:scholar.google.com/&scioq=duration+%22standard+error%22%7C%22standard+errors%22%7Cpbd%7C%22benefit+duration%22%7Cwba%7C%22weekly+benefit+amount%22%7C%22replacement+rate%22+%22unemployment+insurance%22&hl=en&as_sdt=0,5"
62,"E Bratberg, K Vaage","Spell durations with long unemployment insurance periods",2000,"Labour Economics","Elsevier","https://www.sciencedirect.com/science/article/pii/S0927537199000366","https://scholar.google.com/scholar?cites=11887548234870332139&as_sdt=2005&sciodt=0,5&hl=en",275,"2022-08-15 21:28:05","","","","",,,,,62,2.82,31,2,22,"… potential incentive effect of a fixed unemployment insurance period. We compare two large … the Norwegian unemployment insurance system, which makes the potential benefit duration …","","https://scholar.google.com/scholar?q=related:65rE_SIO-aQJ:scholar.google.com/&scioq=duration+%22standard+error%22%7C%22standard+errors%22%7Cpbd%7C%22benefit+duration%22%7Cwba%7C%22weekly+benefit+amount%22%7C%22replacement+rate%22+%22unemployment+insurance%22&hl=en&as_sdt=0,5"
0,"E Deshmukh","Pandemic Labor Market Flows: A Difference-In-Differences Study on State-Level Withdrawal from Unemployment Insurance",2022,"","cdr.lib.unc.edu","https://cdr.lib.unc.edu/concern/honors_theses/cr56n9702","",703,"2022-08-15 21:28:05","","","","",,,,,0,0.00,0,1,1,"… A 1-week increase in potential UI benefit duration increases the average duration of unemployment spells by about 0.16-0.2 week. A UI recipient who finds employment within a year of …","https://cdr.lib.unc.edu/downloads/1j92gj05f",""
35,"E Devos, S Rahman","Labor unemployment insurance and firm cash holdings",2018,"Journal of Corporate Finance","Elsevier","https://www.sciencedirect.com/science/article/pii/S0929119917303097","https://scholar.google.com/scholar?cites=5474422520729123382&as_sdt=2005&sciodt=0,5&hl=en",505,"2022-08-15 21:28:05","","","","",,,,,35,8.75,18,2,4,"… The level and duration of the UI benefit payments depends on workers' … base period. From each publication, we collect the maximum weekly benefit amount and the maximum duration a …","https://fardapaper.ir/mohavaha/uploads/2018/03/Fardapaper-Labor-unemployment-insurance-and-firm-cash-holdings.pdf","https://scholar.google.com/scholar?q=related:Njp1IkcO-UsJ:scholar.google.com/&scioq=duration+%22standard+error%22%7C%22standard+errors%22%7Cpbd%7C%22benefit+duration%22%7Cwba%7C%22weekly+benefit+amount%22%7C%22replacement+rate%22+%22unemployment+insurance%22&hl=en&as_sdt=0,5"
1,"E Fajnzylber, I Poblete","Crisis and unemployment: a Microsimulation model of the Chilean Unemployment Insurance program",2011,"… working paper. file:///C:/Users/ksehn …","researchgate.net","https://www.researchgate.net/profile/Eduardo-Fajnzylber/publication/265260028_Crisis_and_unemployment_a_Microsimulation_model_of_the_Chilean_Unemployment_Insurance_program/links/557e16f008ae26eada8dba5e/Crisis-and-unemployment-a-Microsimulation-model-of-the-Chilean-Unemployment-Insurance-program.pdf","https://scholar.google.com/scholar?cites=12927870604525053219&as_sdt=2005&sciodt=0,5&hl=en",698,"2022-08-15 21:28:05","PDF","","","",,,,,1,0.09,1,2,11,"… undertaken, under a reasonable certainty that the system would remain sustainable over time. … Table 3 presents the replacement rate of these defined benefits, including the maximum …","https://www.researchgate.net/profile/Eduardo-Fajnzylber/publication/265260028_Crisis_and_unemployment_a_Microsimulation_model_of_the_Chilean_Unemployment_Insurance_program/links/557e16f008ae26eada8dba5e/Crisis-and-unemployment-a-Microsimulation-model-of-the-Chilean-Unemployment-Insurance-program.pdf","https://scholar.google.com/scholar?q=related:IyXu7NEFabMJ:scholar.google.com/&scioq=duration+%22standard+error%22%7C%22standard+errors%22%7Cpbd%7C%22benefit+duration%22%7Cwba%7C%22weekly+benefit+amount%22%7C%22replacement+rate%22+%22unemployment+insurance%22&hl=en&as_sdt=0,5"
7,"E Ferragina, M Seeleib-Kaiser…","Welfare Regime Theory: A House of Cards? Unemployment protection and family policy at the turn of the 21st century",2011,"Annu. Conf. Am. Sociol …","researchgate.net","https://www.researchgate.net/profile/Mark-Tomlinson-2/publication/267791278_Welfare_Regime_Theory_A_House_of_Cards_Unemployment_protection_and_family_policy_at_the_turn_of_the_21_st_century/links/5613f6f008ae983c1b402f9a/Welfare-Regime-Theory-A-House-of-Cards-Unemployment-protection-and-family-policy-at-the-turn-of-the-21-st-century.pdf","https://scholar.google.com/scholar?cites=420911701422697047&as_sdt=2005&sciodt=0,5&hl=en",835,"2022-08-15 21:28:05","PDF","","","",,,,,7,0.64,2,3,11,"… concepts and to visualize welfare state developments over time in a „geographical‟ space. … confirm the validity of welfare state regime theory for the time period from 1971 to 1999; (2) …","https://www.researchgate.net/profile/Mark-Tomlinson-2/publication/267791278_Welfare_Regime_Theory_A_House_of_Cards_Unemployment_protection_and_family_policy_at_the_turn_of_the_21_st_century/links/5613f6f008ae983c1b402f9a/Welfare-Regime-Theory-A-House-of-Cards-Unemployment-protection-and-family-policy-at-the-turn-of-the-21-st-century.pdf","https://scholar.google.com/scholar?q=related:V-oaXfZg1wUJ:scholar.google.com/&scioq=duration+%22standard+error%22%7C%22standard+errors%22%7Cpbd%7C%22benefit+duration%22%7Cwba%7C%22weekly+benefit+amount%22%7C%22replacement+rate%22+%22unemployment+insurance%22&hl=en&as_sdt=0,5"
82,"E Ferragina, M Seeleib‐Kaiser…","Unemployment protection and family policy at the turn of the 21st century: A dynamic approach to welfare regime theory",2013,"Social Policy & …","Wiley Online Library","https://onlinelibrary.wiley.com/doi/abs/10.1111/j.1467-9515.2012.00855.x","https://scholar.google.com/scholar?cites=3074288530518381269&as_sdt=2005&sciodt=0,5&hl=en",159,"2022-08-15 21:28:05","","10.1111/j.1467-9515.2012.00855.x","","",,,,,82,9.11,27,3,9,"… development of unemployment insurance and family policies for the time period from 1980 … has three categorical variables: A (the replacement rate of unemployment insurance), B (the …","https://halshs.archives-ouvertes.fr/halshs-01318284/file/UnemploymentProtectionFamilyPolicy_def2.pdf","https://scholar.google.com/scholar?q=related:1RKbViERqioJ:scholar.google.com/&scioq=duration+%22standard+error%22%7C%22standard+errors%22%7Cpbd%7C%22benefit+duration%22%7Cwba%7C%22weekly+benefit+amount%22%7C%22replacement+rate%22+%22unemployment+insurance%22&hl=en&as_sdt=0,5"
2,"E Gałecka-Burdziak, M Góra, J Jessen, R Jessen…","The effects of shortening potential benefit duration: Evidence from regional cut-offs and a policy reform",2021,"","papers.ssrn.com","https://papers.ssrn.com/sol3/papers.cfm?abstract_id=3846684","https://scholar.google.com/scholar?cites=6906818303115711962&as_sdt=2005&sciodt=0,5&hl=en",254,"2022-08-15 21:28:05","","","","",,,,,2,2.00,0,5,1,"… of optimal unemployment insurance schemes, which trade off insurance against job seeking incentives. In Poland, the PBD has a substantial impact on the unemployment duration. This …","https://www.econstor.eu/bitstream/10419/234956/1/1760104205.pdf","https://scholar.google.com/scholar?q=related:2tVgHafy2V8J:scholar.google.com/&scioq=duration+%22standard+error%22%7C%22standard+errors%22%7Cpbd%7C%22benefit+duration%22%7Cwba%7C%22weekly+benefit+amount%22%7C%22replacement+rate%22+%22unemployment+insurance%22&hl=en&as_sdt=0,5"
6,"E Guglielminetti, R Lalive, P Ruh, E Wasmer","Home sweet home? Job search with commuting and unemployment insurance",2019,"","eui.eu","https://www.eui.eu/Documents/DepartmentsCentres/Economics/Seminarsevents/Lalive-Commuting-Revision-Sept10.pdf","https://scholar.google.com/scholar?cites=14095531216056683118&as_sdt=2005&sciodt=0,5&hl=en",211,"2022-08-15 21:28:05","PDF","","","",,,,,6,2.00,2,4,3,"… benefit duration (PBD). We find that job seekers who are still covered by unemployment insurance … Non-employment duration is our key measure of elapsed spell duration since it is not …","https://www.eui.eu/Documents/DepartmentsCentres/Economics/Seminarsevents/Lalive-Commuting-Revision-Sept10.pdf","https://scholar.google.com/scholar?q=related:bgp9rfVincMJ:scholar.google.com/&scioq=duration+%22standard+error%22%7C%22standard+errors%22%7Cpbd%7C%22benefit+duration%22%7Cwba%7C%22weekly+benefit+amount%22%7C%22replacement+rate%22+%22unemployment+insurance%22&hl=en&as_sdt=0,5"
13,"E Guglielminetti, R Lalive, P Ruh…","Spatial search strategies of job seekers and the role of unemployment insurance",2015,"Sciences Po working …","spire.sciencespo.fr","https://spire.sciencespo.fr/hdl:/2441/4n249fe9fu9n7qnntf71h06q6n/resources/model-search-20-dec2015.pdf","https://scholar.google.com/scholar?cites=5024601507563120372&as_sdt=2005&sciodt=0,5&hl=en",54,"2022-08-15 21:28:05","PDF","","","",,,,,13,1.86,3,4,7,"… unemployment insurance, in estimating Cox Proportional Hazard models. They provide measures of the causal effects of the unemployment insurance replacement rate, … trend in time for …","https://spire.sciencespo.fr/hdl:/2441/4n249fe9fu9n7qnntf71h06q6n/resources/model-search-20-dec2015.pdf","https://scholar.google.com/scholar?q=related:9CYxHHP4ukUJ:scholar.google.com/&scioq=duration+%22standard+error%22%7C%22standard+errors%22%7Cpbd%7C%22benefit+duration%22%7Cwba%7C%22weekly+benefit+amount%22%7C%22replacement+rate%22+%22unemployment+insurance%22&hl=en&as_sdt=0,5"
96,"E Karni","Optimal unemployment insurance: A survey",1999,"Southern economic journal","Wiley Online Library","https://onlinelibrary.wiley.com/doi/abs/10.1002/j.2325-8012.1999.tb00259.x","https://scholar.google.com/scholar?cites=11792896036176234853&as_sdt=2005&sciodt=0,5&hl=en",567,"2022-08-15 21:28:05","","10.1002/j.2325-8012.1999.tb00259.x","","",,,,,96,4.17,96,1,23,"… Unemployment insurance improves the allocation of risk bearing at the cost of reduced incen… Insured employees are entitled to VI benefits at a constant replacement rate, b. per period; …","https://www.academia.edu/download/30908343/oui.pdf","https://scholar.google.com/scholar?q=related:ZYllpXbIqKMJ:scholar.google.com/&scioq=duration+%22standard+error%22%7C%22standard+errors%22%7Cpbd%7C%22benefit+duration%22%7Cwba%7C%22weekly+benefit+amount%22%7C%22replacement+rate%22+%22unemployment+insurance%22&hl=en&as_sdt=0,5"
57,"E Kuka","Quantifying the benefits of social insurance: unemployment insurance and health",2020,"Review of Economics and Statistics","direct.mit.edu","https://direct.mit.edu/rest/article-abstract/102/3/490/96788","https://scholar.google.com/scholar?cites=16798747861836545433&as_sdt=2005&sciodt=0,5&hl=en",409,"2022-08-15 21:28:05","","","","",,,,,57,28.50,57,1,2,"… the average simulated replacement rate in each state in 1993, the first year of my period of … While the average replacement rate for the 1993–2015 period is 41%, with an average real (…","https://www.nber.org/system/files/working_papers/w24766/w24766.pdf","https://scholar.google.com/scholar?q=related:mb0eQC0kIekJ:scholar.google.com/&scioq=duration+%22standard+error%22%7C%22standard+errors%22%7Cpbd%7C%22benefit+duration%22%7Cwba%7C%22weekly+benefit+amount%22%7C%22replacement+rate%22+%22unemployment+insurance%22&hl=en&as_sdt=0,5"
73,"E Moretti","Do wages compensate for risk of unemployment? Parametric and semiparametric evidence from seasonal jobs",2000,"Journal of Risk and Uncertainty","Springer","https://link.springer.com/article/10.1023/A:1007862603025","https://scholar.google.com/scholar?cites=1131413789597509563&as_sdt=2005&sciodt=0,5&hl=en",886,"2022-08-15 21:28:05","","10.1023/A:1007862603025","","",,,,,73,3.32,73,1,22,"… replacement rate is more than twice the typical replacement rate in the United States. … it to government provided unemployment insurance. Concluding remarks are found in Section 6. …","","https://scholar.google.com/scholar?q=related:uyfw3tiWsw8J:scholar.google.com/&scioq=duration+%22standard+error%22%7C%22standard+errors%22%7Cpbd%7C%22benefit+duration%22%7Cwba%7C%22weekly+benefit+amount%22%7C%22replacement+rate%22+%22unemployment+insurance%22&hl=en&as_sdt=0,5"
0,"E Nyahoho","Limits to the social dumping argument: the case of unemployment insurance in the North American Free Trade Agreement",2007,"Journal of Economic & Social Policy","search.informit.org","https://search.informit.org/doi/pdf/10.3316/ielapa.200808550","",910,"2022-08-15 21:28:05","","10.3316/ielapa.200808550","","",,,,,0,0.00,0,1,15,"… period. Forty-two states use one of these methods-the most common being the 1.5 times HQW and from 26 to 40 times the weekly benefit amount (WBA). … the reference period ($3200 in …","https://citeseerx.ist.psu.edu/viewdoc/download?doi=10.1.1.885.4442&rep=rep1&type=pdf","https://scholar.google.com/scholar?q=related:Tc2WDv2s85gJ:scholar.google.com/&scioq=duration+%22standard+error%22%7C%22standard+errors%22%7Cpbd%7C%22benefit+duration%22%7Cwba%7C%22weekly+benefit+amount%22%7C%22replacement+rate%22+%22unemployment+insurance%22&hl=en&as_sdt=0,5"
52,"E Renahy, C Mitchell, A Molnar…","Connections between unemployment insurance, poverty and health: a systematic review",2018,"… European Journal of …","academic.oup.com","https://academic.oup.com/eurpub/article-abstract/28/2/269/4817423","https://scholar.google.com/scholar?cites=16398110308774837750&as_sdt=2005&sciodt=0,5&hl=en",140,"2022-08-15 21:28:05","","","","",,,,,52,13.00,13,4,4,"… duration (ie the time UI is available during unemployment) and waiting period (ie the time … In this study, UI generosity is an index defined by replacement rate, benefit duration and …","https://academic.oup.com/eurpub/article/28/2/269/4817423","https://scholar.google.com/scholar?q=related:9v0x5nHKkeMJ:scholar.google.com/&scioq=duration+%22standard+error%22%7C%22standard+errors%22%7Cpbd%7C%22benefit+duration%22%7Cwba%7C%22weekly+benefit+amount%22%7C%22replacement+rate%22+%22unemployment+insurance%22&hl=en&as_sdt=0,5"
11,"E Ruppert","Unemployment insurance in Algeria: implications for a labor market in transition",1996,"","books.google.com","https://books.google.com/books?hl=en&lr=&id=NpM6Ppw_QxgC&oi=fnd&pg=PA12&dq=duration+%22standard+error%22%7C%22standard+errors%22%7Cpbd%7C%22benefit+duration%22%7Cwba%7C%22weekly+benefit+amount%22%7C%22replacement+rate%22+%22unemployment+insurance%22&ots=05c7FA9g4m&sig=QmD7mnRAYm717oiRebj4a6W58LA","https://scholar.google.com/scholar?cites=12309545150000019359&as_sdt=2005&sciodt=0,5&hl=en",521,"2022-08-15 21:28:05","BOOK","","","",,,,,11,0.42,11,1,26,"… benefit duration of up to 9 months, bringing the total duration to greater than two years. Despite the intention to increase protection of vulnerable populations, introducing more generous …","https://books.google.com/books?hl=en&lr=&id=NpM6Ppw_QxgC&oi=fnd&pg=PA12&dq=duration+%22standard+error%22%7C%22standard+errors%22%7Cpbd%7C%22benefit+duration%22%7Cwba%7C%22weekly+benefit+amount%22%7C%22replacement+rate%22+%22unemployment+insurance%22&ots=05c7FA9g4m&sig=QmD7mnRAYm717oiRebj4a6W58LA","https://scholar.google.com/scholar?q=related:nzdiXBhK1KoJ:scholar.google.com/&scioq=duration+%22standard+error%22%7C%22standard+errors%22%7Cpbd%7C%22benefit+duration%22%7Cwba%7C%22weekly+benefit+amount%22%7C%22replacement+rate%22+%22unemployment+insurance%22&hl=en&as_sdt=0,5"
23,"EJ Bird, PA Hagstrom","The wealth effects of income insurance",1999,"Review of Income and Wealth","Wiley Online Library","https://onlinelibrary.wiley.com/doi/abs/10.1111/j.1475-4991.1999.tb00344.x","https://scholar.google.com/scholar?cites=2735221769237315143&as_sdt=2005&sciodt=0,5&hl=en",870,"2022-08-15 21:28:05","","10.1111/j.1475-4991.1999.tb00344.x","","",,,,,23,1.00,12,2,23,"… period, and who had no imputed asset data. Furthermore, since unemployment insurance … that the wealth elasticity of UI using the replacement rate method is - 0.075, roughly one-half …","","https://scholar.google.com/scholar?q=related:Rz5OEbV19SUJ:scholar.google.com/&scioq=duration+%22standard+error%22%7C%22standard+errors%22%7Cpbd%7C%22benefit+duration%22%7Cwba%7C%22weekly+benefit+amount%22%7C%22replacement+rate%22+%22unemployment+insurance%22&hl=en&as_sdt=0,5"
8,"EJ Levin, RE Wright","Unemployment insurance, moral hazard, and economic growth",2001,"International Advances in Economic Research","Springer","https://link.springer.com/article/10.1007/BF02295767","https://scholar.google.com/scholar?cites=13667569127508460624&as_sdt=2005&sciodt=0,5&hl=en",213,"2022-08-15 21:28:05","","10.1007/BF02295767","","",,,,,8,0.38,4,2,21,"… replacement rate for single workers 13 months into unemployment, indicating that the replacement rate changed markedly over the sample period. … in Germany over the 34-year period. …","https://www.researchgate.net/profile/Robert-Wright-33/publication/225334428_Unemployment_insurance_moral_hazard_and_economic_growth/links/55be393608ae092e96651008/Unemployment-insurance-moral-hazard-and-economic-growth.pdf","https://scholar.google.com/scholar?q=related:UMQ8JLX1rL0J:scholar.google.com/&scioq=duration+%22standard+error%22%7C%22standard+errors%22%7Cpbd%7C%22benefit+duration%22%7Cwba%7C%22weekly+benefit+amount%22%7C%22replacement+rate%22+%22unemployment+insurance%22&hl=en&as_sdt=0,5"
506,"EM Engen, J Gruber","Unemployment insurance and precautionary saving",2001,"Journal of monetary Economics","Elsevier","https://www.sciencedirect.com/science/article/pii/S0304393201000514","https://scholar.google.com/scholar?cites=13396155283986636546&as_sdt=2005&sciodt=0,5&hl=en",79,"2022-08-15 21:28:05","","","","",,,,,506,24.10,253,2,21,"… and the limited time of eligibility for unemployment insurance, should … replacement rate by half, which represents a move from roughly the median to the 10th percentile replacement rate …","https://www.nber.org/system/files/working_papers/w5252/w5252.pdf","https://scholar.google.com/scholar?q=related:At_-QUG06LkJ:scholar.google.com/&scioq=duration+%22standard+error%22%7C%22standard+errors%22%7Cpbd%7C%22benefit+duration%22%7Cwba%7C%22weekly+benefit+amount%22%7C%22replacement+rate%22+%22unemployment+insurance%22&hl=en&as_sdt=0,5"
0,"ER Young","Crowding Out or Crowding In? UI and Private Insurance",2009,"","researchgate.net","https://www.researchgate.net/profile/Eric-Young/publication/228591536_Crowding_Out_or_Crowding_In_UI_and_Private_Insurance/links/0deec5214d13dcc364000000/Crowding-Out-or-Crowding-In-UI-and-Private-Insurance.pdf","",757,"2022-08-15 21:28:05","PDF","","","",,,,,0,0.00,0,1,13,"… This paper explores the welfare consequences of unemployment insurance when private in… as a function of the length of unemployment. Reducing the replacement rate in the model …","https://www.researchgate.net/profile/Eric-Young/publication/228591536_Crowding_Out_or_Crowding_In_UI_and_Private_Insurance/links/0deec5214d13dcc364000000/Crowding-Out-or-Crowding-In-UI-and-Private-Insurance.pdf","https://scholar.google.com/scholar?q=related:dJqa_a-DI6sJ:scholar.google.com/&scioq=duration+%22standard+error%22%7C%22standard+errors%22%7Cpbd%7C%22benefit+duration%22%7Cwba%7C%22weekly+benefit+amount%22%7C%22replacement+rate%22+%22unemployment+insurance%22&hl=en&as_sdt=0,5"
8,"ES Filiz","The effect of unemployment insurance generosity on unemployment duration and labor market transitions",2017,"Labour","Wiley Online Library","https://onlinelibrary.wiley.com/doi/abs/10.1111/labr.12104","https://scholar.google.com/scholar?cites=3942545129339300193&as_sdt=2005&sciodt=0,5&hl=en",168,"2022-08-15 21:28:05","","10.1111/labr.12104","","",,,,,8,1.60,8,1,5,"… This paper examines the impact of unemployment insurance (UI) benefit generosity on labor … I find that unemployment benefit duration is increased by approximately 0.07 weeks per …","","https://scholar.google.com/scholar?q=related:YSk3Gei7tjYJ:scholar.google.com/&scioq=duration+%22standard+error%22%7C%22standard+errors%22%7Cpbd%7C%22benefit+duration%22%7Cwba%7C%22weekly+benefit+amount%22%7C%22replacement+rate%22+%22unemployment+insurance%22&hl=en&as_sdt=0,5"
59,"F Alvarez-Parra, JM Sanchez","Unemployment insurance with a hidden labor market",2009,"Journal of Monetary Economics","Elsevier","https://www.sciencedirect.com/science/article/pii/S030439320900124X","https://scholar.google.com/scholar?cites=14729040160115143597&as_sdt=2005&sciodt=0,5&hl=en",530,"2022-08-15 21:28:05","","","","",,,,,59,4.54,30,2,13,"… While coverage, replacement rate, and benefit duration are … modifies the standard unemployment insurance problem in … one-period feasible actions and M the set of one-period best …","","https://scholar.google.com/scholar?q=related:rTMg4vwPaMwJ:scholar.google.com/&scioq=duration+%22standard+error%22%7C%22standard+errors%22%7Cpbd%7C%22benefit+duration%22%7Cwba%7C%22weekly+benefit+amount%22%7C%22replacement+rate%22+%22unemployment+insurance%22&hl=en&as_sdt=0,5"
7,"F Cirelli, E Espino, JM Sánchez","Designing unemployment insurance for developing countries",2021,"Journal of Development Economics","Elsevier","https://www.sciencedirect.com/science/article/pii/S0304387820301401","https://scholar.google.com/scholar?cites=5189933226661991815&as_sdt=2005&sciodt=0,5&hl=en",922,"2022-08-15 21:28:05","","","","",,,,,7,7.00,2,3,1,"… The system is substantially different than a severance payment system, with the only similarity being that the replacement rate is equal to 1 in the period after transitioning from formality …","https://www.researchgate.net/profile/Juan-Sanchez-183/publication/346099538_Household_Financial_Distress_and_the_Burden_of_Aggregate_Shocks/links/6056077c92851cd8ce556109/Household-Financial-Distress-and-the-Burden-of-Aggregate-Shocks.pdf","https://scholar.google.com/scholar?q=related:h1Uvr8VYBkgJ:scholar.google.com/&scioq=duration+%22standard+error%22%7C%22standard+errors%22%7Cpbd%7C%22benefit+duration%22%7Cwba%7C%22weekly+benefit+amount%22%7C%22replacement+rate%22+%22unemployment+insurance%22&hl=en&as_sdt=0,5"
8,"F Fichtner, P Haan","European unemployment insurance: economic stability without major redistribution of household incomes",2014,"DIW Economic Bulletin","econstor.eu","https://www.econstor.eu/handle/10419/104011","https://scholar.google.com/scholar?cites=1879938158033981945&as_sdt=2005&sciodt=0,5&hl=en",500,"2022-08-15 21:28:05","","","","",,,,,8,1.00,4,2,8,"… of a European unemployment insurance over the entire observation period. In Spain, this is … unemployment insurance model examined in this analysis with a net replacement rate of 70 …","https://www.econstor.eu/bitstream/10419/104011/1/804984727.pdf","https://scholar.google.com/scholar?q=related:-VFRXcvhFhoJ:scholar.google.com/&scioq=duration+%22standard+error%22%7C%22standard+errors%22%7Cpbd%7C%22benefit+duration%22%7Cwba%7C%22weekly+benefit+amount%22%7C%22replacement+rate%22+%22unemployment+insurance%22&hl=en&as_sdt=0,5"
0,"F Fremigacci","Potential Benefit Duration and Transitions out of Unemployment for Older Workers: a Regression Discontinuity Approach",2010,"","iza.org","http://www.iza.org/conference_files/SUMS2010/fremigacci_f5614.pdf","",296,"2022-08-15 21:28:05","PDF","","","",,,,,0,0.00,0,1,12,"… This paper investigates the relationship between the length of Unemployment Insurance (UI) entitlement and transitions out of unemployment of older workers. We exploit the 2003 …","http://www.iza.org/conference_files/SUMS2010/fremigacci_f5614.pdf","https://scholar.google.com/scholar?q=related:XwHjRatz0FUJ:scholar.google.com/&scioq=duration+%22standard+error%22%7C%22standard+errors%22%7Cpbd%7C%22benefit+duration%22%7Cwba%7C%22weekly+benefit+amount%22%7C%22replacement+rate%22+%22unemployment+insurance%22&hl=en&as_sdt=0,5"
19,"F Gerard, G Gonzaga","Informal labor and the efficiency cost of social programs: Evidence from unemployment insurance in brazil",2021,"American Economic Journal: Economic Policy","aeaweb.org","https://www.aeaweb.org/doi/10.1257/pol.20180072","https://scholar.google.com/scholar?cites=4569907628324707604&as_sdt=2005&sciodt=0,5&hl=en",511,"2022-08-15 21:28:05","","10.1257/pol.20180072","","",,,,,19,19.00,10,2,1,"… unemployment insurance (UI) by combining an optimal UI framework with comprehensive data from Brazil. Using quasi-experimental variation in potential UI duration, … standard errors at …","https://www.aeaweb.org/content/file?id=13397","https://scholar.google.com/scholar?q=related:FF2kisaSaz8J:scholar.google.com/&scioq=duration+%22standard+error%22%7C%22standard+errors%22%7Cpbd%7C%22benefit+duration%22%7Cwba%7C%22weekly+benefit+amount%22%7C%22replacement+rate%22+%22unemployment+insurance%22&hl=en&as_sdt=0,5"
63,"F Gerard, G Gonzaga","Informal labor and the efficiency cost of social programs: Evidence from the brazilian unemployment insurance program",2016,"","nber.org","https://www.nber.org/papers/w22608","https://scholar.google.com/scholar?cites=7226885940527070240&as_sdt=2005&sciodt=0,5&hl=en",586,"2022-08-15 21:28:05","","","","",,,,,63,10.50,32,2,6,"… kinks are located at relatively high levels of the replacement rate in Brazil (80% and 68%). … in potential UI duration, for which we have variation at all levels of the replacement rate, and …","https://www.nber.org/system/files/working_papers/w22608/w22608.pdf","https://scholar.google.com/scholar?q=related:IHxhJXkOS2QJ:scholar.google.com/&scioq=duration+%22standard+error%22%7C%22standard+errors%22%7Cpbd%7C%22benefit+duration%22%7Cwba%7C%22weekly+benefit+amount%22%7C%22replacement+rate%22+%22unemployment+insurance%22&hl=en&as_sdt=0,5"
25,"F Gerard, GM Gonzaga","Informal labor and the cost of social programs: Evidence from 15 years of unemployment insurance in brazil",2013,"Available at SSRN 2289880","papers.ssrn.com","https://papers.ssrn.com/sol3/papers.cfm?abstract_id=2289880","https://scholar.google.com/scholar?cites=17952310246168809056&as_sdt=2005&sciodt=0,5&hl=en",551,"2022-08-15 21:28:05","","","","",,,,,25,2.78,13,2,9,"… the survival rate out of formal employment St in each period t after layoff, and thus the average duration between formal employment spells Du and the average benefit duration B ≡ ∑P …","https://www.econstor.eu/bitstream/10419/176091/1/td608.pdf","https://scholar.google.com/scholar?q=related:YE5_sA1rI_kJ:scholar.google.com/&scioq=duration+%22standard+error%22%7C%22standard+errors%22%7Cpbd%7C%22benefit+duration%22%7Cwba%7C%22weekly+benefit+amount%22%7C%22replacement+rate%22+%22unemployment+insurance%22&hl=en&as_sdt=0,5"
8,"F Gerard, M Rokkanen, C Rothe","Bounds on treatment effects in regression discontinuity designs with a manipulated running variable, with an application to unemployment insurance in brazil",2016,"NBER Working Paper","ifs.org.uk","https://ifs.org.uk/uploads/sticerd%20seminar%20papers/Francois%20Gerard%2001.06.16.pdf","https://scholar.google.com/scholar?cites=4428270586945902198&as_sdt=2005&sciodt=0,5&hl=en",780,"2022-08-15 21:28:05","PDF","","","",,,,,8,1.33,3,3,6,"… of unemployment insurance on unemployment duration in … The replacement rate is 100% at the bottom of the wage … , who lost a private full-time formal job and drew UI benefits between …","https://ifs.org.uk/uploads/sticerd%20seminar%20papers/Francois%20Gerard%2001.06.16.pdf","https://scholar.google.com/scholar?q=related:dpY4CKNgdD0J:scholar.google.com/&scioq=duration+%22standard+error%22%7C%22standard+errors%22%7Cpbd%7C%22benefit+duration%22%7Cwba%7C%22weekly+benefit+amount%22%7C%22replacement+rate%22+%22unemployment+insurance%22&hl=en&as_sdt=0,5"
13,"F Gerard, M Rokkanen, C Rothe","Bounds on treatment effects in regression discontinuity designs under manipulation of the running variable, with an application to unemployment insurance in Brazil",2016,"","papers.ssrn.com","https://papers.ssrn.com/sol3/papers.cfm?abstract_id=2877273","https://scholar.google.com/scholar?cites=1904687045381809749&as_sdt=2005&sciodt=0,5&hl=en",809,"2022-08-15 21:28:05","","","","",,,,,13,2.17,4,3,6,"… We use our methods to study the disincentive effect of unemployment insurance on (formal) reemployment in Brazil, where we find evidence of manipulation at an eligibility cutoff. Our …","https://repec.cepr.org/repec/cpr/ceprdp/DP11668.pdf","https://scholar.google.com/scholar?q=related:VWZFvMbObhoJ:scholar.google.com/&scioq=duration+%22standard+error%22%7C%22standard+errors%22%7Cpbd%7C%22benefit+duration%22%7Cwba%7C%22weekly+benefit+amount%22%7C%22replacement+rate%22+%22unemployment+insurance%22&hl=en&as_sdt=0,5"
15,"F Reichling","Optimal unemployment insurance in labor market equilibrium when workers can self-insure",2006,"","mpra.ub.uni-muenchen.de","https://mpra.ub.uni-muenchen.de/id/eprint/5362","https://scholar.google.com/scholar?cites=8230832603197469216&as_sdt=2005&sciodt=0,5&hl=en",412,"2022-08-15 21:28:05","","","","",,,,,15,0.94,15,1,16,"… I focus on an unemployment insurance (UI) system with constant benefits of indefinite duration … I find that the optimal UI replacement rate is increasing in workers’ dislike for work as …","https://mpra.ub.uni-muenchen.de/5362/1/MPRA_paper_5362.pdf","https://scholar.google.com/scholar?q=related:IPJJz6TKOXIJ:scholar.google.com/&scioq=duration+%22standard+error%22%7C%22standard+errors%22%7Cpbd%7C%22benefit+duration%22%7Cwba%7C%22weekly+benefit+amount%22%7C%22replacement+rate%22+%22unemployment+insurance%22&hl=en&as_sdt=0,5"
0,"F Spadafora","Don't Let Me Down: Unemployment Insurance in the United States",2022,"Bank of Italy Occasional Paper","papers.ssrn.com","https://papers.ssrn.com/sol3/papers.cfm?abstract_id=4090698","",373,"2022-08-15 21:28:05","","","","",,,,,0,0.00,0,1,1,"… From the late 1960s to 2011, the PBD in regular UI … long length led to a historically high average duration of benefits – … On the eve of the Covid-19 pandemic, in eight states the PBD was …","https://www.bancaditalia.it/pubblicazioni/qef/2022-0673/QEF_673_22.pdf","https://scholar.google.com/scholar?q=related:PcRj1kwLdkoJ:scholar.google.com/&scioq=duration+%22standard+error%22%7C%22standard+errors%22%7Cpbd%7C%22benefit+duration%22%7Cwba%7C%22weekly+benefit+amount%22%7C%22replacement+rate%22+%22unemployment+insurance%22&hl=en&as_sdt=0,5"
128,"F Welch","What have we learned from empirical studies of unemployment insurance?",1977,"ILR Review","journals.sagepub.com","https://journals.sagepub.com/doi/pdf/10.1177/001979397703000402","https://scholar.google.com/scholar?cites=7535500216919035939&as_sdt=2005&sciodt=0,5&hl=en",61,"2022-08-15 21:28:05","","10.1177/001979397703000402","","",,,,,128,2.84,128,1,45,"… is very likely correlated with time worked in another. Notice, too, that … WBA on post-earnings are positive when duration is held constant, it would appear on the surface that were duration …","","https://scholar.google.com/scholar?q=related:I5BWwoV5k2gJ:scholar.google.com/&scioq=duration+%22standard+error%22%7C%22standard+errors%22%7Cpbd%7C%22benefit+duration%22%7Cwba%7C%22weekly+benefit+amount%22%7C%22replacement+rate%22+%22unemployment+insurance%22&hl=en&as_sdt=0,5"
34,"FC Newton, HS Rosen","Unemployment insurance, income taxation, and duration of unemployment: Evidence from Georgia",1979,"Southern Economic Journal","JSTOR","https://www.jstor.org/stable/1057476","https://scholar.google.com/scholar?cites=17159186395075038764&as_sdt=2005&sciodt=0,5&hl=en",57,"2022-08-15 21:28:05","","","","",,,,,34,0.79,17,2,43,"… standard error 0.778.) Turning now to our main interest, the impact of the parameters of the unemployment insurance … relationship between them and duration of unemployment is non-…","","https://scholar.google.com/scholar?q=related:LM4p8RytIe4J:scholar.google.com/&scioq=duration+%22standard+error%22%7C%22standard+errors%22%7Cpbd%7C%22benefit+duration%22%7Cwba%7C%22weekly+benefit+amount%22%7C%22replacement+rate%22+%22unemployment+insurance%22&hl=en&as_sdt=0,5"
52,"FJ Tannery","Search effort and unemployment insurance reconsidered",1983,"The Journal of Human Resources","JSTOR","https://www.jstor.org/stable/145211","https://scholar.google.com/scholar?cites=10342933948358796245&as_sdt=2005&sciodt=0,5&hl=en",253,"2022-08-15 21:28:05","","","","",,,,,52,1.33,52,1,39,"… period were estimated from information on wages, average workweek, and length of time on the … 8 In a broader study, we also examine the influence of the weekly benefit amount on the …","","https://scholar.google.com/scholar?q=related:1SNBd6B7iY8J:scholar.google.com/&scioq=duration+%22standard+error%22%7C%22standard+errors%22%7Cpbd%7C%22benefit+duration%22%7Cwba%7C%22weekly+benefit+amount%22%7C%22replacement+rate%22+%22unemployment+insurance%22&hl=en&as_sdt=0,5"
18,"FM Bremus, V Kuzin","Unemployment and portfolio choice: Does persistence matter?",2014,"Journal of Macroeconomics","Elsevier","https://www.sciencedirect.com/science/article/pii/S0164070414000287","https://scholar.google.com/scholar?cites=6209304420176533150&as_sdt=2005&sciodt=0,5&hl=en",560,"2022-08-15 21:28:05","","","","",,,,,18,2.25,9,2,8,"… A high expected mean duration of the long-term … Concerning the gross replacement rate for unemployment benefits, … by a sufficient level of unemployment insurance in our model. …","https://www.econstor.eu/bitstream/10419/56771/1/689530277.pdf","https://scholar.google.com/scholar?q=related:npbiynjhK1YJ:scholar.google.com/&scioq=duration+%22standard+error%22%7C%22standard+errors%22%7Cpbd%7C%22benefit+duration%22%7Cwba%7C%22weekly+benefit+amount%22%7C%22replacement+rate%22+%22unemployment+insurance%22&hl=en&as_sdt=0,5"
17,"FP Stafford","More on unemployment insurance as insurance",1977,"ILR Review","journals.sagepub.com","https://journals.sagepub.com/doi/pdf/10.1177/001979397703000412","https://scholar.google.com/scholar?cites=5210791960870706796&as_sdt=2005&sciodt=0,5&hl=en",894,"2022-08-15 21:28:05","","10.1177/001979397703000412","","",,,,,17,0.38,17,1,45,"… waiting period, nineteen for a three-week waiting period, and two for a four-week waiting … is referred to as the replacement rate. To estimate the replacement rate for any given household …","","https://scholar.google.com/scholar?q=related:bN4oMq5zUEgJ:scholar.google.com/&scioq=duration+%22standard+error%22%7C%22standard+errors%22%7Cpbd%7C%22benefit+duration%22%7Cwba%7C%22weekly+benefit+amount%22%7C%22replacement+rate%22+%22unemployment+insurance%22&hl=en&as_sdt=0,5"
48,"G Acevedo, P Eskenazi, C Pagés","Unemployment insurance in Chile: A new model of income support for unemployed workers",2006,"World Bank Social Protection …","academia.edu","https://www.academia.edu/download/67161256/0612.pdf","https://scholar.google.com/scholar?cites=12531817523797233044&as_sdt=2005&sciodt=0,5&hl=en",778,"2022-08-15 21:28:05","PDF","","","",,,,,48,3.00,16,3,16,"… Participation in unemployment insurance is compulsory for all … who were already employed at that time. The obligatory nature of … The estimated replacement rate of benefits is reported in …","https://www.academia.edu/download/67161256/0612.pdf","https://scholar.google.com/scholar?q=related:lA3zN6T16a0J:scholar.google.com/&scioq=duration+%22standard+error%22%7C%22standard+errors%22%7Cpbd%7C%22benefit+duration%22%7Cwba%7C%22weekly+benefit+amount%22%7C%22replacement+rate%22+%22unemployment+insurance%22&hl=en&as_sdt=0,5"
28,"G Betcherman","Structural unemployment: How important are labour market policies and institutions?",2000,"Canadian Public Policy/Analyse de Politiques","JSTOR","https://www.jstor.org/stable/3552508","https://scholar.google.com/scholar?cites=8715948263096070334&as_sdt=2005&sciodt=0,5&hl=en",917,"2022-08-15 21:28:05","","","","",,,,,28,1.27,28,1,22,"… record must look beyond unemployment insurance, taxes, unions, and labour law. … levels and benefit duration. However, in NL's model, the replacement rate and duration are each …","https://www.researchgate.net/profile/Gordon-Betcherman-2/publication/5008206_Structural_Unemployment_How_Important_Are_Labour_Market_Policies_and_Institutions/links/00b4953c659553530e000000/Structural-Unemployment-How-Important-Are-Labour-Market-Policies-and-Institutions.pdf","https://scholar.google.com/scholar?q=related:vjCGJsRE9XgJ:scholar.google.com/&scioq=duration+%22standard+error%22%7C%22standard+errors%22%7Cpbd%7C%22benefit+duration%22%7Cwba%7C%22weekly+benefit+amount%22%7C%22replacement+rate%22+%22unemployment+insurance%22&hl=en&as_sdt=0,5"
62,"G Burtless","Unemployment insurance and labor supply: A survey",1990,"Unemployment Insurance: The Second Half Century","books.google.com","https://books.google.com/books?hl=en&lr=&id=o-eYST4plrcC&oi=fnd&pg=PA69&dq=duration+%22standard+error%22%7C%22standard+errors%22%7Cpbd%7C%22benefit+duration%22%7Cwba%7C%22weekly+benefit+amount%22%7C%22replacement+rate%22+%22unemployment+insurance%22&ots=DiS4Aqx88F&sig=hu3lcVHvjL5VF2HJpGrBVZ6D2XM","https://scholar.google.com/scholar?cites=15451585660413117971&as_sdt=2005&sciodt=0,5&hl=en",343,"2022-08-15 21:28:05","","","","",,,,,62,1.94,62,1,32,"… the gross UI replacement rate, which is simply the average weekly benefit amount received by … of 0.10 in the net replacement rate will increase the average duration of unemployment by …","","https://scholar.google.com/scholar?q=related:E4ZxyUoPb9YJ:scholar.google.com/&scioq=duration+%22standard+error%22%7C%22standard+errors%22%7Cpbd%7C%22benefit+duration%22%7Cwba%7C%22weekly+benefit+amount%22%7C%22replacement+rate%22+%22unemployment+insurance%22&hl=en&as_sdt=0,5"
9,"G Burtless","Unemployment insurance for the Great Recession",2009,"Testimony to the Senate Finance Committee …","brookings.edu","https://www.brookings.edu/wp-content/uploads/2016/06/0915_regulation_burtless-1.pdf","https://scholar.google.com/scholar?cites=5031112421243336150&as_sdt=2005&sciodt=0,5&hl=en",376,"2022-08-15 21:28:05","PDF","","","",,,,,9,0.69,9,1,13,"… weekly benefit amount. In most states this maximum amount is roughly half the wages earned by an average worker covered by the unemployment insurance … limited period of time after …","https://www.brookings.edu/wp-content/uploads/2016/06/0915_regulation_burtless-1.pdf","https://scholar.google.com/scholar?q=related:1rVDVRca0kUJ:scholar.google.com/&scioq=duration+%22standard+error%22%7C%22standard+errors%22%7Cpbd%7C%22benefit+duration%22%7Cwba%7C%22weekly+benefit+amount%22%7C%22replacement+rate%22+%22unemployment+insurance%22&hl=en&as_sdt=0,5"
19,"G Burtless","Income Supports for Workers and Their Families: Earnings Supplements and Health Insurance",2005,"Workforce Policies for the Next Decade and Beyond …","","","https://scholar.google.com/scholar?cites=14789188377032188638&as_sdt=2005&sciodt=0,5&hl=en",682,"2022-08-15 21:28:05","CITATION","","","",,,,,19,1.12,19,1,17,"","","https://scholar.google.com/scholar?q=related:3uJW8XjAPc0J:scholar.google.com/&scioq=duration+%22standard+error%22%7C%22standard+errors%22%7Cpbd%7C%22benefit+duration%22%7Cwba%7C%22weekly+benefit+amount%22%7C%22replacement+rate%22+%22unemployment+insurance%22&hl=en&as_sdt=0,5"
23,"G Chodorow-Reich, JM Coglianese","Unemployment insurance and macroeconomic stabilization",2019,"Unemployment Insurance …","papers.ssrn.com","https://papers.ssrn.com/sol3/papers.cfm?abstract_id=3447241","https://scholar.google.com/scholar?cites=12225326612456665132&as_sdt=2005&sciodt=0,5&hl=en",44,"2022-08-15 21:28:05","","","","",,,,,23,7.67,12,2,3,"… First, they provide a cushion for individuals experiencing a period of joblessness. UI kept … individual’s weekly benefit amount. In 2018 the average weekly benefit amount was $359 …","https://www.brookings.edu/srv/htdocs/wp-content/uploads/2019/05/ES_THP_CRC_web_20190506.pdf","https://scholar.google.com/scholar?q=related:LPCbDsgVqakJ:scholar.google.com/&scioq=duration+%22standard+error%22%7C%22standard+errors%22%7Cpbd%7C%22benefit+duration%22%7Cwba%7C%22weekly+benefit+amount%22%7C%22replacement+rate%22+%22unemployment+insurance%22&hl=en&as_sdt=0,5"
4,"G Claveres, M Clemens","Unemployment Insurance Union",2017,"","euroframe.org","https://www.euroframe.org/files/user_upload/euroframe/docs/2017/conference/Session%205/EUROF17_Claveres_Clemens.pdf","https://scholar.google.com/scholar?cites=13419136310759507878&as_sdt=2005&sciodt=0,5&hl=en",330,"2022-08-15 21:28:05","PDF","","","",,,,,4,0.80,2,2,5,"… for a European unemployment insurance scheme, which is … interaction of the net replacement rate with aggregate and … a 50% replacement rate, 12 months entitlement duration and a …","https://www.euroframe.org/files/user_upload/euroframe/docs/2017/conference/Session%205/EUROF17_Claveres_Clemens.pdf","https://scholar.google.com/scholar?q=related:psddg2BZOroJ:scholar.google.com/&scioq=duration+%22standard+error%22%7C%22standard+errors%22%7Cpbd%7C%22benefit+duration%22%7Cwba%7C%22weekly+benefit+amount%22%7C%22replacement+rate%22+%22unemployment+insurance%22&hl=en&as_sdt=0,5"
1,"G Dahl, MM Knepper","Unemployment Insurance, Starting Salaries, and Jobs",2022,"","nber.org","https://www.nber.org/papers/w30152","https://scholar.google.com/scholar?cites=12288313107075891809&as_sdt=2005&sciodt=0,5&hl=en",76,"2022-08-15 21:28:05","","","","",,,,,1,1.00,1,2,1,"… to the maximum UI benefit duration before the reform for treated states, and the maximum UI benefit duration during the entire sample period for all states in our control group. …","https://www.nber.org/system/files/working_papers/w30152/w30152.pdf",""
37,"G Dingledine","A chronology of response: The evolution of unemployment insurance from 1940 to 1980",1981,"","Hull, Quebec: Employment and …","","https://scholar.google.com/scholar?cites=12294894283653606560&as_sdt=2005&sciodt=0,5&hl=en",782,"2022-08-15 21:28:05","CITATION","","","",,,,,37,0.90,37,1,41,"","","https://scholar.google.com/scholar?q=related:oGwnuDU9oKoJ:scholar.google.com/&scioq=duration+%22standard+error%22%7C%22standard+errors%22%7Cpbd%7C%22benefit+duration%22%7Cwba%7C%22weekly+benefit+amount%22%7C%22replacement+rate%22+%22unemployment+insurance%22&hl=en&as_sdt=0,5"
14,"G Fischer","The US unemployment insurance, a federal-state partnership: Relevance for reflections at the European level",2017,"","econstor.eu","https://www.econstor.eu/handle/10419/180624","https://scholar.google.com/scholar?cites=11450065801652521207&as_sdt=2005&sciodt=0,5&hl=en",367,"2022-08-15 21:28:05","","","","",,,,,14,2.80,14,1,5,"… unemployment insurance that meets federal standards,employers who pay the state unemployment tax on time … a benefit duration of at least 26 weeks and a replacement rate of at …","https://www.econstor.eu/bitstream/10419/180624/1/pp129.pdf","https://scholar.google.com/scholar?q=related:98hYei7O5p4J:scholar.google.com/&scioq=duration+%22standard+error%22%7C%22standard+errors%22%7Cpbd%7C%22benefit+duration%22%7Cwba%7C%22weekly+benefit+amount%22%7C%22replacement+rate%22+%22unemployment+insurance%22&hl=en&as_sdt=0,5"
37,"G Flaig, H Rottmann","Labour market institutions and unemployment: an international panel data analysis",2013,"Empirica","Springer","https://link.springer.com/article/10.1007/s10663-012-9208-5","https://scholar.google.com/scholar?cites=16023712316767683461&as_sdt=2005&sciodt=0,5&hl=en",713,"2022-08-15 21:28:05","","10.1007/s10663-012-9208-5","","",,,,,37,4.11,19,2,9,"… This indicator does not capture only the gross unemployment replacement rate but also other dimension of the generosity of the unemployment insurance system as the duration of …","","https://scholar.google.com/scholar?q=related:hUP9b3SpX94J:scholar.google.com/&scioq=duration+%22standard+error%22%7C%22standard+errors%22%7Cpbd%7C%22benefit+duration%22%7Cwba%7C%22weekly+benefit+amount%22%7C%22replacement+rate%22+%22unemployment+insurance%22&hl=en&as_sdt=0,5"
19,"G Giupponi, C Landais, A Lapeyre","Should We Insure Workers or Jobs During Recessions?",2022,"Journal of Economic Perspectives","aeaweb.org","https://www.aeaweb.org/doi/10.1257/jep.36.2.29","https://scholar.google.com/scholar?cites=7629754074984662232&as_sdt=2005&sciodt=0,5&hl=en",397,"2022-08-15 21:28:05","","10.1257/jep.36.2.29","","",,,,,19,19.00,6,3,1,"… unemployment insurance or into more generous short-time … choice between unemployment insurance and short-time work, … B plots unemployment insurance potential benefit duration as …","https://pubs.aeaweb.org/doi/pdf/10.1257/jep.36.2.29","https://scholar.google.com/scholar?q=related:2MQMM-hU4mkJ:scholar.google.com/&scioq=duration+%22standard+error%22%7C%22standard+errors%22%7Cpbd%7C%22benefit+duration%22%7Cwba%7C%22weekly+benefit+amount%22%7C%22replacement+rate%22+%22unemployment+insurance%22&hl=en&as_sdt=0,5"
28,"G Joseph, T Weitzenblum","Optimal unemployment insurance: transitional dynamics vs. steady state",2003,"Review of Economic Dynamics","Elsevier","https://www.sciencedirect.com/science/article/pii/S1094202503000218","https://scholar.google.com/scholar?cites=12056842143466584652&as_sdt=2005&sciodt=0,5&hl=en",84,"2022-08-15 21:28:05","","","","",,,,,28,1.47,14,2,19,"… by a low steady state optimal replacement rate, such a policy … The analysis of unemployment insurance (UI) has given rise … unemployment duration with respect to the replacement rate …","","https://scholar.google.com/scholar?q=related:TPpIsgyCUqcJ:scholar.google.com/&scioq=duration+%22standard+error%22%7C%22standard+errors%22%7Cpbd%7C%22benefit+duration%22%7Cwba%7C%22weekly+benefit+amount%22%7C%22replacement+rate%22+%22unemployment+insurance%22&hl=en&as_sdt=0,5"
83,"G Lester","Unemployment insurance and wealth redistribution",2001,"UCLA L. Rev.","HeinOnline","https://heinonline.org/hol-cgi-bin/get_pdf.cgi?handle=hein.journals/uclalr49&section=13","https://scholar.google.com/scholar?cites=7822341553815243798&as_sdt=2005&sciodt=0,5&hl=en",514,"2022-08-15 21:28:05","","","","",,,,,83,3.95,83,1,21,"… ""replacement rate"") is a function of earnings, with each state setting maximum and minimum amounts. The average replacement rate … of unemployment insurance excludes part-time and …","https://scholarship.law.columbia.edu/cgi/viewcontent.cgi?article=3200&context=faculty_scholarship","https://scholar.google.com/scholar?q=related:Fkzv2jKKjmwJ:scholar.google.com/&scioq=duration+%22standard+error%22%7C%22standard+errors%22%7Cpbd%7C%22benefit+duration%22%7Cwba%7C%22weekly+benefit+amount%22%7C%22replacement+rate%22+%22unemployment+insurance%22&hl=en&as_sdt=0,5"
5,"G Pisauro","The beneficial effects of generous unemployment benefits on profits and employment",2002,"European Journal of Political Economy","Elsevier","https://www.sciencedirect.com/science/article/pii/S0176268002001179","https://scholar.google.com/scholar?cites=3009427294161704725&as_sdt=2005&sciodt=0,5&hl=en",750,"2022-08-15 21:28:05","","","","",,,,,5,0.25,5,1,20,"… to provide supplementary unemployment insurance to their … the basic motivation of unemployment insurance: to provide … the wage, the replacement rate, and the duration of benefits. …","","https://scholar.google.com/scholar?q=related:FZff7S2iwykJ:scholar.google.com/&scioq=duration+%22standard+error%22%7C%22standard+errors%22%7Cpbd%7C%22benefit+duration%22%7Cwba%7C%22weekly+benefit+amount%22%7C%22replacement+rate%22+%22unemployment+insurance%22&hl=en&as_sdt=0,5"
15,"G Sheldon, S Gaillard, SC Wolter","Unemployment and unemployment insurance in Switzerland",1997,"Economic policy in Switzerland","Springer","https://link.springer.com/chapter/10.1007/978-1-349-25875-8_4","https://scholar.google.com/scholar?cites=15334281749148059711&as_sdt=2005&sciodt=0,5&hl=en",414,"2022-08-15 21:28:05","","10.1007/978-1-349-25875-8_4","","",,,,,15,0.60,5,3,25,"… benefits should be generous, but for a limited period of time. ... Beyond that, the prescription to shorten benefit duration characteristically becomes vague once we ask what happens to …","","https://scholar.google.com/scholar?q=related:P8i5nwFQztQJ:scholar.google.com/&scioq=duration+%22standard+error%22%7C%22standard+errors%22%7Cpbd%7C%22benefit+duration%22%7Cwba%7C%22weekly+benefit+amount%22%7C%22replacement+rate%22+%22unemployment+insurance%22&hl=en&as_sdt=0,5"
4,"G Solon","Unemployment Insurance, Filing Delay, and Unemployment Duration",1981,"","Citeseer","https://citeseerx.ist.psu.edu/viewdoc/download?doi=10.1.1.17.7372&rep=rep1&type=pdf","https://scholar.google.com/scholar?cites=6065702168390802163&as_sdt=2005&sciodt=0,5&hl=en",58,"2022-08-15 21:28:05","PDF","","","",,,,,4,0.10,4,1,41,"… potenti al benefit duration are thought to encourage some unemployment insurance (Ul) … measure of unemployment duration because many beneficiaries are unemployed for some …","https://citeseerx.ist.psu.edu/viewdoc/download?doi=10.1.1.17.7372&rep=rep1&type=pdf","https://scholar.google.com/scholar?q=related:8xpAFPyzLVQJ:scholar.google.com/&scioq=duration+%22standard+error%22%7C%22standard+errors%22%7Cpbd%7C%22benefit+duration%22%7Cwba%7C%22weekly+benefit+amount%22%7C%22replacement+rate%22+%22unemployment+insurance%22&hl=en&as_sdt=0,5"
154,"G Solon","Work incentive effects of taxing unemployment benefits",1985,"Econometrica: Journal of the Econometric Society","JSTOR","https://www.jstor.org/stable/1911237","https://scholar.google.com/scholar?cites=7530602802932232478&as_sdt=2005&sciodt=0,5&hl=en",71,"2022-08-15 21:28:05","","","","",,,,,154,4.16,154,1,37,"… Before 1979, unemployment insurance (UI) benefits were not treated as taxable income in … in the duration equation. The coefficient of WBA, 8, measures WBA's duration effect for …","","https://scholar.google.com/scholar?q=related:HjFWtVkTgmgJ:scholar.google.com/&scioq=duration+%22standard+error%22%7C%22standard+errors%22%7Cpbd%7C%22benefit+duration%22%7Cwba%7C%22weekly+benefit+amount%22%7C%22replacement+rate%22+%22unemployment+insurance%22&hl=en&as_sdt=0,5"
38,"G Solon","Labor supply effects of extended unemployment benefits",1979,"The Journal of Human Resources","JSTOR","https://www.jstor.org/stable/145646","https://scholar.google.com/scholar?cites=7308079041001722068&as_sdt=2005&sciodt=0,5&hl=en",108,"2022-08-15 21:28:05","","","","",,,,,38,0.88,38,1,43,"… of unemployment insurance (UI) … period;5 UERATE = average unemployment rate in New York during the respondent's six-month post-exhaustion period; WBA = weekly benefit amount (…","","https://scholar.google.com/scholar?q=related:1JBi_SqDa2UJ:scholar.google.com/&scioq=duration+%22standard+error%22%7C%22standard+errors%22%7Cpbd%7C%22benefit+duration%22%7Cwba%7C%22weekly+benefit+amount%22%7C%22replacement+rate%22+%22unemployment+insurance%22&hl=en&as_sdt=0,5"
24,"G Solon","The effects of unemployment insurance eligibility rules on job quitting behavior",1984,"The Journal of Human Resources","JSTOR","https://www.jstor.org/stable/145420","https://scholar.google.com/scholar?cites=17098962154028943764&as_sdt=2005&sciodt=0,5&hl=en",492,"2022-08-15 21:28:05","","","","",,,,,24,0.63,24,1,38,"… The standard error estimates and associated hypothesis tests assume that the inclusion of time effects in the regressions has purged the quit rate data of serial correlation. First-order …","http://citeseerx.ist.psu.edu/viewdoc/download?doi=10.1.1.17.3476&rep=rep1&type=pdf","https://scholar.google.com/scholar?q=related:lEm-Iny3S-0J:scholar.google.com/&scioq=duration+%22standard+error%22%7C%22standard+errors%22%7Cpbd%7C%22benefit+duration%22%7Cwba%7C%22weekly+benefit+amount%22%7C%22replacement+rate%22+%22unemployment+insurance%22&hl=en&as_sdt=0,5"
4,"G Solon","Work incentive effects of taxing unemployment benefits",1984,"","nber.org","https://www.nber.org/papers/w1260","https://scholar.google.com/scholar?cites=14765060753895491882&as_sdt=2005&sciodt=0,5&hl=en",496,"2022-08-15 21:28:05","","","","",,,,,4,0.11,4,1,38,"… Before 1979, unemployment insurance (UI) benefits were not … The coefficient of WBA, f3, measures WBA's duration effect for … WBA coefficients in earlier studies of UI and duration. The …","https://www.nber.org/system/files/working_papers/w1260/w1260.pdf","https://scholar.google.com/scholar?q=related:KokA64YI6MwJ:scholar.google.com/&scioq=duration+%22standard+error%22%7C%22standard+errors%22%7Cpbd%7C%22benefit+duration%22%7Cwba%7C%22weekly+benefit+amount%22%7C%22replacement+rate%22+%22unemployment+insurance%22&hl=en&as_sdt=0,5"
5,"G Solon","Unemployment compensation and labor supply",1978,"Monthly Labor Review","JSTOR","","https://scholar.google.com/scholar?cites=5358806135365839491&as_sdt=2005&sciodt=0,5&hl=en",729,"2022-08-15 21:28:05","CITATION","","","",,,,,5,0.11,5,1,44,"","","https://scholar.google.com/scholar?q=related:gyqqtslNXkoJ:scholar.google.com/&scioq=duration+%22standard+error%22%7C%22standard+errors%22%7Cpbd%7C%22benefit+duration%22%7Cwba%7C%22weekly+benefit+amount%22%7C%22replacement+rate%22+%22unemployment+insurance%22&hl=en&as_sdt=0,5"
0,"G Solon","Industrial Helations Section Princeton university Princeton, HJ 08544 (609) 452-4041",1982,"","","","",833,"2022-08-15 21:28:05","CITATION","","","",,,,,0,0.00,0,1,40,"","","https://scholar.google.com/scholar?q=related:bwp1ppqO46MJ:scholar.google.com/&scioq=duration+%22standard+error%22%7C%22standard+errors%22%7Cpbd%7C%22benefit+duration%22%7Cwba%7C%22weekly+benefit+amount%22%7C%22replacement+rate%22+%22unemployment+insurance%22&hl=en&as_sdt=0,5"
3,"G Xin","Employment service and unemployment insurance",2001,"The Nanxun Legacy and China's Development in the …","books.google.com","https://books.google.com/books?hl=en&lr=&id=jDJqDQAAQBAJ&oi=fnd&pg=PA143&dq=duration+%22standard+error%22%7C%22standard+errors%22%7Cpbd%7C%22benefit+duration%22%7Cwba%7C%22weekly+benefit+amount%22%7C%22replacement+rate%22+%22unemployment+insurance%22&ots=onC-rvWA6s&sig=LnSMiq_VXAU6OD0O7VLJNPw8lwY","https://scholar.google.com/scholar?cites=15907000434180104002&as_sdt=2005&sciodt=0,5&hl=en",607,"2022-08-15 21:28:05","","","","",,,,,3,0.14,3,1,21,"… also declined gradually during the same period (see Table 7). Furthermore, as turnover in … replacement rate shows that the principle underpinning the Chinese unemployment insurance …","","https://scholar.google.com/scholar?q=related:Qh9KsZ0EwdwJ:scholar.google.com/&scioq=duration+%22standard+error%22%7C%22standard+errors%22%7Cpbd%7C%22benefit+duration%22%7Cwba%7C%22weekly+benefit+amount%22%7C%22replacement+rate%22+%22unemployment+insurance%22&hl=en&as_sdt=0,5"
18,"G Yaniv","Unemployment insurance benefits and the supply of labor of an employed worker",1982,"Journal of Public Economics","Elsevier","https://www.sciencedirect.com/science/article/pii/0047272782900263","https://scholar.google.com/scholar?cites=13187195682544157791&as_sdt=2005&sciodt=0,5&hl=en",262,"2022-08-15 21:28:05","","","","",,,,,18,0.45,18,1,40,"… Abstracting first from the existence of a waiting period and a limitation on benefit duration, the main properties of labor supply behavior over time are derived in … A limit on benefit duration …","","https://scholar.google.com/scholar?q=related:XwScwZpUArcJ:scholar.google.com/&scioq=duration+%22standard+error%22%7C%22standard+errors%22%7Cpbd%7C%22benefit+duration%22%7Cwba%7C%22weekly+benefit+amount%22%7C%22replacement+rate%22+%22unemployment+insurance%22&hl=en&as_sdt=0,5"
21,"G Yaniv","Fraudulent collection of unemployment benefits: A theoretical analysis with reference to income tax evasion",1986,"Journal of Public Economics","Elsevier","https://www.sciencedirect.com/science/article/pii/0047272786900575","https://scholar.google.com/scholar?cites=7706189764394587852&as_sdt=2005&sciodt=0,5&hl=en",800,"2022-08-15 21:28:05","","","","",,,,,21,0.58,21,1,36,"… of the waiting period and maximum benefit duration (assuming that T is sufficiently large). … this period. Hence, a genuine claimant will always exhaust his maximum benefit duration (…","","https://scholar.google.com/scholar?q=related:zJZ99sLi8WoJ:scholar.google.com/&scioq=duration+%22standard+error%22%7C%22standard+errors%22%7Cpbd%7C%22benefit+duration%22%7Cwba%7C%22weekly+benefit+amount%22%7C%22replacement+rate%22+%22unemployment+insurance%22&hl=en&as_sdt=0,5"
0,"G Zhang","The Effect of Unemployment Benefit Pay Frequency on UI Claimants' Job Search Behaviors",2021,"Sinquefield Center for Applied Economic Research …","papers.ssrn.com","https://papers.ssrn.com/sol3/papers.cfm?abstract_id=3991990","",539,"2022-08-15 21:28:05","","","","",,,,,0,0.00,0,1,1,"… UI (Unemployment Insurance) … a weekly benefit amount (WBA) for up to 26 weeks determined by the claimant’s earnings from the most recent four calendar quarters, ie the base period. …","https://www.slu.edu/research/sinquefield-center-for-applied-economic-research/working-paper-21-03.pdf","https://scholar.google.com/scholar?q=related:qMyTt-chixwJ:scholar.google.com/&scioq=duration+%22standard+error%22%7C%22standard+errors%22%7Cpbd%7C%22benefit+duration%22%7Cwba%7C%22weekly+benefit+amount%22%7C%22replacement+rate%22+%22unemployment+insurance%22&hl=en&as_sdt=0,5"
1,"G de Souza, AV Luduvice","Optimal Unemployment Insurance Requirements",2022,"Federal Reserve Bank of Cleveland …","clevelandfed.org","https://www.clevelandfed.org/~/media/content/newsroom%20and%20events/publications/working%20papers/2022/wp2210.pdf","https://scholar.google.com/scholar?cites=2144093781950171103&as_sdt=2005&sciodt=0,5&hl=en",322,"2022-08-15 21:28:05","PDF","","","",,,,,1,1.00,1,2,1,"… of the limits on benefit duration and that eliminating the UI … model of optimal unemployment insurance, incorporating a … a higher replacement rate θ or a longer collection duration, induce …","https://www.clevelandfed.org/~/media/content/newsroom%20and%20events/publications/working%20papers/2022/wp2210.pdf","https://scholar.google.com/scholar?q=related:34dDTu9ZwR0J:scholar.google.com/&scioq=duration+%22standard+error%22%7C%22standard+errors%22%7Cpbd%7C%22benefit+duration%22%7Cwba%7C%22weekly+benefit+amount%22%7C%22replacement+rate%22+%22unemployment+insurance%22&hl=en&as_sdt=0,5"
0,"GC Schnorr","Essays on Unemployment Insurance and Risky Behavior",2021,"","search.proquest.com","https://search.proquest.com/openview/09a04af5adb2f76a7c2f2eb03ad96cdc/1?pq-origsite=gscholar&cbl=18750&diss=y","",387,"2022-08-15 21:28:05","BOOK","","","",,,,,0,0.00,0,1,1,"… the claim (potential benefit duration, or PBD). The maximum … ) is defined as the WBA multiplied by the PBD. If a claimant … be reopened at any time during the 52 week period following the …","https://escholarship.org/content/qt7dr479bj/qt7dr479bj.pdf","https://scholar.google.com/scholar?q=related:YoVBADESy5QJ:scholar.google.com/&scioq=duration+%22standard+error%22%7C%22standard+errors%22%7Cpbd%7C%22benefit+duration%22%7Cwba%7C%22weekly+benefit+amount%22%7C%22replacement+rate%22+%22unemployment+insurance%22&hl=en&as_sdt=0,5"
43,"GJ Allard","Measuring the changing generosity of unemployment benefits: Beyond existing indicators",2005,"Instituto de Empresa Business School Working Paper …","papers.ssrn.com","https://papers.ssrn.com/sol3/papers.cfm?abstract_id=1016329","https://scholar.google.com/scholar?cites=13938644838190537577&as_sdt=2005&sciodt=0,5&hl=en",862,"2022-08-15 21:28:05","","","","",,,,,43,2.53,43,1,17,"… continue collecting unemployment insurance after a brief “sanction” period during which … gross replacement rate as a reflection of the generosity of countries’ unemployment insurance …","https://core.ac.uk/download/pdf/7152139.pdf","https://scholar.google.com/scholar?q=related:adutVqEDcMEJ:scholar.google.com/&scioq=duration+%22standard+error%22%7C%22standard+errors%22%7Cpbd%7C%22benefit+duration%22%7Cwba%7C%22weekly+benefit+amount%22%7C%22replacement+rate%22+%22unemployment+insurance%22&hl=en&as_sdt=0,5"
0,"GJ Elterich","BENEFITS TO AGRICULTURAL WORKERS UNDER THE UNEMPLOYMENT COMPENSATION",1978,"Agricultural Economics Research","books.google.com","https://books.google.com/books?hl=en&lr=&id=v5J6n13rc9sC&oi=fnd&pg=PA23&dq=duration+%22standard+error%22%7C%22standard+errors%22%7Cpbd%7C%22benefit+duration%22%7Cwba%7C%22weekly+benefit+amount%22%7C%22replacement+rate%22+%22unemployment+insurance%22&ots=uG6phuzmC3&sig=D3xtVMVKYBsika2mDWcVt_2PN9c","",988,"2022-08-15 21:28:05","HTML","","","",,,,,0,0.00,0,1,44,"… affected by the law, and these force, either for a sufficient number Unemployment insurance … They result from the weekly benefit amount and duration of weeks of compensable …","https://books.google.com/books?hl=en&lr=&id=v5J6n13rc9sC&oi=fnd&pg=PA23&dq=duration+%22standard+error%22%7C%22standard+errors%22%7Cpbd%7C%22benefit+duration%22%7Cwba%7C%22weekly+benefit+amount%22%7C%22replacement+rate%22+%22unemployment+insurance%22&ots=uG6phuzmC3&sig=D3xtVMVKYBsika2mDWcVt_2PN9c","https://scholar.google.com/scholar?q=related:AFt-TXoSetMJ:scholar.google.com/&scioq=duration+%22standard+error%22%7C%22standard+errors%22%7Cpbd%7C%22benefit+duration%22%7Cwba%7C%22weekly+benefit+amount%22%7C%22replacement+rate%22+%22unemployment+insurance%22&hl=en&as_sdt=0,5"
76,"GR Hartley, JC Van Ours, M Vodopivec","Incentive effects of unemployment insurance savings accounts: evidence from Chile",2011,"Labour Economics","Elsevier","https://www.sciencedirect.com/science/article/pii/S0927537111000728","https://scholar.google.com/scholar?cites=2873578706705503985&as_sdt=2005&sciodt=0,5&hl=en",74,"2022-08-15 21:28:05","","","","",,,,,76,6.91,25,3,11,"… replacement rate and longer potential benefit duration. … be members of the Unemployment Insurance System, we were … a subsequent activity in the period January 2004–December 2006…","https://www.econstor.eu/bitstream/10419/36281/1/618961151.pdf","https://scholar.google.com/scholar?q=related:8dZO35sA4ScJ:scholar.google.com/&scioq=duration+%22standard+error%22%7C%22standard+errors%22%7Cpbd%7C%22benefit+duration%22%7Cwba%7C%22weekly+benefit+amount%22%7C%22replacement+rate%22+%22unemployment+insurance%22&hl=en&as_sdt=0,5"
0,"GR Solon","Three Studies in Labor Economics and Econometrics",1983,"","search.proquest.com","https://search.proquest.com/openview/2ab3d3db1881d644bf49da997b687121/1?pq-origsite=gscholar&cbl=18750&diss=y","",874,"2022-08-15 21:28:05","BOOK","","","",,,,,0,0.00,0,1,39,"… of the work incentive effects of taxing unemployment insurance (UL) benefits. Before 1979, … of 1/4 of his base period earnings or 26 times his WBA. Consequently, about a quarter of the …","","https://scholar.google.com/scholar?q=related:BiO2vB9tJMcJ:scholar.google.com/&scioq=duration+%22standard+error%22%7C%22standard+errors%22%7Cpbd%7C%22benefit+duration%22%7Cwba%7C%22weekly+benefit+amount%22%7C%22replacement+rate%22+%22unemployment+insurance%22&hl=en&as_sdt=0,5"
6,"H Benghalem, P Cahuc, P Villedieu","The lock-in effects of part-time unemployment benefits",2021,"","papers.ssrn.com","https://papers.ssrn.com/sol3/papers.cfm?abstract_id=3805344","https://scholar.google.com/scholar?cites=3998646560295551186&as_sdt=2005&sciodt=0,5&hl=en",478,"2022-08-15 21:28:05","","","","",,,,,6,6.00,2,3,1,"… To evaluate the impact of part-time unemployment insurance… 150,000 recipients of unemployment insurance benefits in … benefit duration, which is positively associated with part-time …","https://www.econstor.eu/bitstream/10419/236220/1/dp14189.pdf","https://scholar.google.com/scholar?q=related:0gDBYNwLfjcJ:scholar.google.com/&scioq=duration+%22standard+error%22%7C%22standard+errors%22%7Cpbd%7C%22benefit+duration%22%7Cwba%7C%22weekly+benefit+amount%22%7C%22replacement+rate%22+%22unemployment+insurance%22&hl=en&as_sdt=0,5"
74,"H Bennmarker, K Carling, B Holmlund","Do benefit hikes damage job finding? Evidence from Swedish unemployment insurance reforms",2007,"Labour","Wiley Online Library","https://onlinelibrary.wiley.com/doi/abs/10.1111/j.1467-9914.2006.00363.x","https://scholar.google.com/scholar?cites=4242174257208091830&as_sdt=2005&sciodt=0,5&hl=en",197,"2022-08-15 21:28:05","","10.1111/j.1467-9914.2006.00363.x","","",,,,,74,4.93,25,3,15,"… The replacement rate was reduced to 80 per cent from 1 … replacement rate to 80 per cent from 1 September 1997. This statutory replacement rate has remained constant over the period …","https://www.econstor.eu/bitstream/10419/78692/1/50444624X.pdf","https://scholar.google.com/scholar?q=related:tuQxzAI73zoJ:scholar.google.com/&scioq=duration+%22standard+error%22%7C%22standard+errors%22%7Cpbd%7C%22benefit+duration%22%7Cwba%7C%22weekly+benefit+amount%22%7C%22replacement+rate%22+%22unemployment+insurance%22&hl=en&as_sdt=0,5"
20,"H Bennmarker, L Calmfors, A Seim","Earned income tax credits, unemployment benefits and wages: empirical evidence from Sweden",2014,"IZA Journal of Labor Policy","Springer","https://link.springer.com/article/10.1186/s40173-014-0026-1","https://scholar.google.com/scholar?cites=8354125588967637967&as_sdt=2005&sciodt=0,5&hl=en",641,"2022-08-15 21:28:05","HTML","10.1186/s40173-014-0026-1","","",,,,,20,2.50,7,3,8,"… net replacement rate as the one that each worker would obtain as a member of an unemployment insurance fund. … cover the period 2006-09. Throughout the analysis, we report robust …","https://link.springer.com/article/10.1186/s40173-014-0026-1","https://scholar.google.com/scholar?q=related:z8NqC_bQ73MJ:scholar.google.com/&scioq=duration+%22standard+error%22%7C%22standard+errors%22%7Cpbd%7C%22benefit+duration%22%7Cwba%7C%22weekly+benefit+amount%22%7C%22replacement+rate%22+%22unemployment+insurance%22&hl=en&as_sdt=0,5"
0,"H Cobb","Impact of Unemployment Insurance Benefit Generosity on Re-employment Wages during the Great Recession",2021,"","ideaexchange.uakron.edu","https://ideaexchange.uakron.edu/honors_research_projects/1183/","",877,"2022-08-15 21:28:05","","","","",,,,,0,0.00,0,1,1,"… another important period in time for unemployment insurance and … replacement rate, which is the percentage of the previous wage that someone is receiving in unemployment insurance…","https://ideaexchange.uakron.edu/cgi/viewcontent.cgi?article=2427&context=honors_research_projects","https://scholar.google.com/scholar?q=related:87xbZRmLD2QJ:scholar.google.com/&scioq=duration+%22standard+error%22%7C%22standard+errors%22%7Cpbd%7C%22benefit+duration%22%7Cwba%7C%22weekly+benefit+amount%22%7C%22replacement+rate%22+%22unemployment+insurance%22&hl=en&as_sdt=0,5"
25,"H Hopenhayn, JC Hatchondo","The welfare consequences of alternative designs of unemployment insurance savings accounts",2002,"Reforming severance pay","books.google.com","https://books.google.com/books?hl=en&lr=&id=ZUc-rEF-kgAC&oi=fnd&pg=PA239&dq=duration+%22standard+error%22%7C%22standard+errors%22%7Cpbd%7C%22benefit+duration%22%7Cwba%7C%22weekly+benefit+amount%22%7C%22replacement+rate%22+%22unemployment+insurance%22&ots=erquqIaq0M&sig=Az3WFFDdX0jnKM-TKsGmMCD78Zs","https://scholar.google.com/scholar?cites=9139949951716595662&as_sdt=2005&sciodt=0,5&hl=en",475,"2022-08-15 21:28:05","HTML","","","",,,,,25,1.25,13,2,20,"… funds are identical to those in the current system (roughly, a replacement rate of 0.5 during the unemployment spell, with a time limit of six months) and rates of interest are market rates …","https://books.google.com/books?hl=en&lr=&id=ZUc-rEF-kgAC&oi=fnd&pg=PA239&dq=duration+%22standard+error%22%7C%22standard+errors%22%7Cpbd%7C%22benefit+duration%22%7Cwba%7C%22weekly+benefit+amount%22%7C%22replacement+rate%22+%22unemployment+insurance%22&ots=erquqIaq0M&sig=Az3WFFDdX0jnKM-TKsGmMCD78Zs","https://scholar.google.com/scholar?q=related:zpfqOA6g134J:scholar.google.com/&scioq=duration+%22standard+error%22%7C%22standard+errors%22%7Cpbd%7C%22benefit+duration%22%7Cwba%7C%22weekly+benefit+amount%22%7C%22replacement+rate%22+%22unemployment+insurance%22&hl=en&as_sdt=0,5"
0,"H Malisoff","Duration Issues in Unemployment Insurance: A Preliminary Report",1962,"The Journal of Insurance","JSTOR","https://www.jstor.org/stable/250464","",396,"2022-08-15 21:28:05","","","","",,,,,0,0.00,0,1,60,"… benefit-duration period with return to employment. This is the frictional unemployment for whiclh unemployment insurance … are exhausted, unemployment insurance duration has always …","",""
19,"H Saffer","The effects of unemployment insurance on temporary and permanent layoffs",1983,"The Review of Economics and Statistics","JSTOR","https://www.jstor.org/stable/1935935","https://scholar.google.com/scholar?cites=13193348167273870063&as_sdt=2005&sciodt=0,5&hl=en",848,"2022-08-15 21:28:05","","","","",,,,,19,0.49,19,1,39,"… for a temporary period, layoffs … replacement rate, the elasticities, holding income taxes constant, are comparable. The elasticities of temporary layoffs with respect to the replacement rate …","","https://scholar.google.com/scholar?q=related:7_JovEEwGLcJ:scholar.google.com/&scioq=duration+%22standard+error%22%7C%22standard+errors%22%7Cpbd%7C%22benefit+duration%22%7Cwba%7C%22weekly+benefit+amount%22%7C%22replacement+rate%22+%22unemployment+insurance%22&hl=en&as_sdt=0,5"
15,"H Sahin, AB Kizilirmak","Determinants of duration of unemployment insurance benefits in Turkey",2007,"Applied Economics Letters","Taylor & Francis","https://www.tandfonline.com/doi/abs/10.1080/13504850600592473","https://scholar.google.com/scholar?cites=14762132786850134807&as_sdt=2005&sciodt=0,5&hl=en",223,"2022-08-15 21:28:05","","10.1080/13504850600592473","","",,,,,15,1.00,8,2,15,"… The effect of education on benefit duration is also reflected in the job type dummies. Professionals, technicians and associate professionals, the job types that require the highest skill …","https://www.tandfonline.com/doi/pdf/10.1080/13504850600592473","https://scholar.google.com/scholar?q=related:F3tZd46h3cwJ:scholar.google.com/&scioq=duration+%22standard+error%22%7C%22standard+errors%22%7Cpbd%7C%22benefit+duration%22%7Cwba%7C%22weekly+benefit+amount%22%7C%22replacement+rate%22+%22unemployment+insurance%22&hl=en&as_sdt=0,5"
0,"HA Ahmed","Is there a long-run relationship between the unemployment insurance and the labor force participation rate in the USA? A nonlinear analysis",2022,"EconomiA","emerald.com","https://www.emerald.com/insight/content/doi/10.1108/ECON-05-2022-0006/full/html","",658,"2022-08-15 21:28:05","HTML","10.1108/ECON-05-2022-0006","","",,,,,0,0.00,0,1,1,"… cut at the times of high unemployment during the Great Recession period. This study, however, finds limited effects of shortened benefit duration on the long-term unemployment rate. …","https://www.emerald.com/insight/content/doi/10.1108/ECON-05-2022-0006/full/html",""
99,"HA Hopenhayn, JP Nicolini","Optimal unemployment insurance and employment history",2009,"The Review of Economic Studies","academic.oup.com","https://academic.oup.com/restud/article-abstract/76/3/1049/1590660","https://scholar.google.com/scholar?cites=12788599208441628817&as_sdt=2005&sciodt=0,5&hl=en",199,"2022-08-15 21:28:05","","","","",,,,,99,7.62,50,2,13,"… unemployment insurance design in a model of multiple unemployment spells. We model unemployment insurance … analysis to contracts where the replacement rate is fixed over time. …","","https://scholar.google.com/scholar?q=related:kUgBIjk7erEJ:scholar.google.com/&scioq=duration+%22standard+error%22%7C%22standard+errors%22%7Cpbd%7C%22benefit+duration%22%7Cwba%7C%22weekly+benefit+amount%22%7C%22replacement+rate%22+%22unemployment+insurance%22&hl=en&as_sdt=0,5"
897,"HA Hopenhayn, JP Nicolini","Optimal unemployment insurance",1997,"Journal of political economy","journals.uchicago.edu","https://www.journals.uchicago.edu/doi/abs/10.1086/262078","https://scholar.google.com/scholar?cites=15625429524858153752&as_sdt=2005&sciodt=0,5&hl=en",497,"2022-08-15 21:28:05","","10.1086/262078","","",,,,,897,35.88,449,2,25,"… length of benefits in his sample has a mean of 34 weeks, and the mean replacement rate (… For this sample, the Kaplan-Meier estimate for the hazard rate at the time of expiration of …","http://hassler-j.iies.su.se/COURSES/DynPubFinFudan/Papers/HopenHaynNicolini1997.pdf","https://scholar.google.com/scholar?q=related:GCsSpF2t2NgJ:scholar.google.com/&scioq=duration+%22standard+error%22%7C%22standard+errors%22%7Cpbd%7C%22benefit+duration%22%7Cwba%7C%22weekly+benefit+amount%22%7C%22replacement+rate%22+%22unemployment+insurance%22&hl=en&as_sdt=0,5"
8,"HL Chuang, MT Yu","Pricing unemployment insurance–an unemployment-duration-adjusted approach",2010,"ASTIN Bulletin: The Journal of the IAA","cambridge.org","https://www.cambridge.org/core/journals/astin-bulletin-journal-of-the-iaa/article/pricing-unemployment-insurance-an-unemploymentdurationadjusted-approach/A8494F929FB280E01976DFCA9F13A0E1","https://scholar.google.com/scholar?cites=15474520569354299652&as_sdt=2005&sciodt=0,5&hl=en",976,"2022-08-15 21:28:05","","","","",,,,,8,0.67,4,2,12,"… survival analysis of the unemployment duration to the unemployment insurance pricing framework in order to measure the fair premium rate for unemployment insurance. We then apply …","https://www.academia.edu/download/47157395/0912f510c37bed0629000000.pdf","https://scholar.google.com/scholar?q=related:BKnWZXiKwNYJ:scholar.google.com/&scioq=duration+%22standard+error%22%7C%22standard+errors%22%7Cpbd%7C%22benefit+duration%22%7Cwba%7C%22weekly+benefit+amount%22%7C%22replacement+rate%22+%22unemployment+insurance%22&hl=en&as_sdt=0,5"
21,"HL Shaefer, L Wu","Unemployment insurance and low-educated, single, working mothers before and after welfare reform",2011,"Social service review","journals.uchicago.edu","https://www.journals.uchicago.edu/doi/abs/10.1086/660861","https://scholar.google.com/scholar?cites=1347403653426157951&as_sdt=2005&sciodt=0,5&hl=en",437,"2022-08-15 21:28:05","","10.1086/660861","","",,,,,21,1.91,11,2,11,"… used to allow comparison of a prereform period (1990–94) and postreform period (2001–5) that are … Standard errors are clustered to account for the use of multiple observations for each …","https://www.econstor.eu/bitstream/10419/64387/1/668053011.pdf","https://scholar.google.com/scholar?q=related:f5mH43vwshIJ:scholar.google.com/&scioq=duration+%22standard+error%22%7C%22standard+errors%22%7Cpbd%7C%22benefit+duration%22%7Cwba%7C%22weekly+benefit+amount%22%7C%22replacement+rate%22+%22unemployment+insurance%22&hl=en&as_sdt=0,5"
104,"HS Farber, J Rothstein, RG Valletta","The effect of extended unemployment insurance benefits: Evidence from the 2012-2013 phase-out",2015,"American Economic Review","aeaweb.org","https://www.aeaweb.org/articles?id=10.1257/aer.p20151088","https://scholar.google.com/scholar?cites=17309216703737530672&as_sdt=2005&sciodt=0,5&hl=en",808,"2022-08-15 21:28:05","","","","",,,,,104,14.86,35,3,7,"… These are typically 26 weeks, so the maximum duration of benefits during the period we study was 99 weeks (26 weeks regular benefits, 53 weeks EUC, 20 weeks EB).A few states cut …","https://www.econstor.eu/bitstream/10419/107573/1/dp8784.pdf","https://scholar.google.com/scholar?q=related:MImIRuKwNvAJ:scholar.google.com/&scioq=duration+%22standard+error%22%7C%22standard+errors%22%7Cpbd%7C%22benefit+duration%22%7Cwba%7C%22weekly+benefit+amount%22%7C%22replacement+rate%22+%22unemployment+insurance%22&hl=en&as_sdt=0,5"
28,"HS Farber, R Valletta","Extended unemployment insurance and unemployment duration in the Great Recession: The US experience",2011,"manuscript June","conference.iza.org","https://conference.iza.org/conference_files/UnIRe2011/valletta_r3299.pdf","https://scholar.google.com/scholar?cites=5369914291424735033&as_sdt=2005&sciodt=0,5&hl=en",969,"2022-08-15 21:28:05","PDF","","","",,,,,28,2.55,14,2,11,"… In response, the availability of unemployment insurance (UI) … from unemployment and unemployment duration. Using monthly … (the period of receipt of normal unemployment insurance …","https://conference.iza.org/conference_files/UnIRe2011/valletta_r3299.pdf","https://scholar.google.com/scholar?q=related:OS-q1pjEhUoJ:scholar.google.com/&scioq=duration+%22standard+error%22%7C%22standard+errors%22%7Cpbd%7C%22benefit+duration%22%7Cwba%7C%22weekly+benefit+amount%22%7C%22replacement+rate%22+%22unemployment+insurance%22&hl=en&as_sdt=0,5"
0,"HS ROSEN","FLOYD C. NEWTON",1979,"… Economic Journal Cumulative Index: Volumes 1-49 …","JAI Press","","",821,"2022-08-15 21:28:05","CITATION","","","",,,,,0,0.00,0,1,43,"","","https://scholar.google.com/scholar?q=related:Nknxtpu13_kJ:scholar.google.com/&scioq=duration+%22standard+error%22%7C%22standard+errors%22%7Cpbd%7C%22benefit+duration%22%7Cwba%7C%22weekly+benefit+amount%22%7C%22replacement+rate%22+%22unemployment+insurance%22&hl=en&as_sdt=0,5"
23,"HX Jara Tamayo, H Sutherland","The implications of an EMU unemployment insurance scheme for supporting incomes",2014,"","econstor.eu","https://www.econstor.eu/handle/10419/96277","https://scholar.google.com/scholar?cites=909604084368041292&as_sdt=2005&sciodt=0,5&hl=en",593,"2022-08-15 21:28:05","","","","",,,,,23,2.88,12,2,8,"… the replacement rate for higher earners. The level of payment in many countries reduces through time … The duration of entitlement depends on several criteria in some countries. Table 1 …","https://www.econstor.eu/bitstream/10419/96277/1/782815677.pdf","https://scholar.google.com/scholar?q=related:TGUAbxiQnwwJ:scholar.google.com/&scioq=duration+%22standard+error%22%7C%22standard+errors%22%7Cpbd%7C%22benefit+duration%22%7Cwba%7C%22weekly+benefit+amount%22%7C%22replacement+rate%22+%22unemployment+insurance%22&hl=en&as_sdt=0,5"
7,"HX Jara, H Sutherland, A Tumino","The role of an EMU unemployment insurance scheme on income protection in case of unemployment",2016,"","econstor.eu","https://www.econstor.eu/handle/10419/197597","https://scholar.google.com/scholar?cites=15258856695378982271&as_sdt=2005&sciodt=0,5&hl=en",837,"2022-08-15 21:28:05","","","","",,,,,7,1.17,2,3,6,"… The latter can substantially reduce the replacement rate for higher earners. The level of payment in many countries reduces through time and within the 12 months considered in this …","https://www.econstor.eu/bitstream/10419/197597/1/877356467.pdf","https://scholar.google.com/scholar?q=related:f7WnzlFZwtMJ:scholar.google.com/&scioq=duration+%22standard+error%22%7C%22standard+errors%22%7Cpbd%7C%22benefit+duration%22%7Cwba%7C%22weekly+benefit+amount%22%7C%22replacement+rate%22+%22unemployment+insurance%22&hl=en&as_sdt=0,5"
42,"I Cebrian, C García, J Muro, L Toharia, E Villagómez","The influence of unemployment benefits on unemployment duration: evidence from Spain",1996,"Labour","Wiley Online Library","https://onlinelibrary.wiley.com/doi/abs/10.1111/j.1467-9914.1996.tb00084.x","https://scholar.google.com/scholar?cites=940902283533793832&as_sdt=2005&sciodt=0,5&hl=en",683,"2022-08-15 21:28:05","","10.1111/j.1467-9914.1996.tb00084.x","","",,,,,42,1.62,8,5,26,"… duration of unemployment spells and the possible incidence of unemployment insurance on … We can obtain the “replacement rate” dividing the income the individuals receive as a …","https://www.academia.edu/download/51247592/j.1467-9914.1996.tb00084.x20170108-6275-ev313e.pdf","https://scholar.google.com/scholar?q=related:KLpiSqTBDg0J:scholar.google.com/&scioq=duration+%22standard+error%22%7C%22standard+errors%22%7Cpbd%7C%22benefit+duration%22%7Cwba%7C%22weekly+benefit+amount%22%7C%22replacement+rate%22+%22unemployment+insurance%22&hl=en&as_sdt=0,5"
34,"I Dingeldey, J Clasen, D Clegg","Germany: moving towards integration whilst maintaining segmentation",2011,"Regulating the Risk of …","books.google.com","https://books.google.com/books?hl=en&lr=&id=ioVpAgAAQBAJ&oi=fnd&pg=PA55&dq=duration+%22standard+error%22%7C%22standard+errors%22%7Cpbd%7C%22benefit+duration%22%7Cwba%7C%22weekly+benefit+amount%22%7C%22replacement+rate%22+%22unemployment+insurance%22&ots=FUn4A29Mq2&sig=WXFoU-B0mzvyE6NMN9OV50tk_sc","https://scholar.google.com/scholar?cites=17141094026009160917&as_sdt=2005&sciodt=0,5&hl=en",987,"2022-08-15 21:28:05","","","","",,,,,34,3.09,11,3,11,"… -time flexibility that make it more difficult to fulfil eligibility requirements of the unemployment insurance … -tested benefit duration was limited to a maximum period of eighteen months. …","","https://scholar.google.com/scholar?q=related:1azYATNm4e0J:scholar.google.com/&scioq=duration+%22standard+error%22%7C%22standard+errors%22%7Cpbd%7C%22benefit+duration%22%7Cwba%7C%22weekly+benefit+amount%22%7C%22replacement+rate%22+%22unemployment+insurance%22&hl=en&as_sdt=0,5"
126,"I Esser, T Ferrarini, K Nelson, J Palme, O Sjöberg","Unemployment benefits in EU member states",2013,"","diva-portal.org","https://www.diva-portal.org/smash/get/diva2:682677/FULLTEXT01.pdf","https://scholar.google.com/scholar?cites=11230841931101504797&as_sdt=2005&sciodt=0,5&hl=en",238,"2022-08-15 21:28:05","PDF","","","",,,,,126,14.00,25,5,9,"… Here we direct attention to replacement rates and benefit duration. We begin with … It may be worth pointing out that all countries have a duration of unemployment insurance benefits that …","https://www.diva-portal.org/smash/get/diva2:682677/FULLTEXT01.pdf","https://scholar.google.com/scholar?q=related:HQXelzv325sJ:scholar.google.com/&scioq=duration+%22standard+error%22%7C%22standard+errors%22%7Cpbd%7C%22benefit+duration%22%7Cwba%7C%22weekly+benefit+amount%22%7C%22replacement+rate%22+%22unemployment+insurance%22&hl=en&as_sdt=0,5"
173,"I Marinescu","The general equilibrium impacts of unemployment insurance: Evidence from a large online job board",2017,"Journal of Public Economics","Elsevier","https://www.sciencedirect.com/science/article/pii/S0047272717300348","https://scholar.google.com/scholar?cites=13994659325012035351&as_sdt=2005&sciodt=0,5&hl=en",11,"2022-08-15 21:28:05","","","","",,,,,173,34.60,173,1,5,"… To identify the impact of unemployment insurance on … in potential unemployment benefits duration (PBD) induced by the … to unemployment insurance is given by βΔ PBD/(Δ PBD/PBD) = …","https://www.nber.org/system/files/working_papers/w22447/w22447.pdf","https://scholar.google.com/scholar?q=related:F0fzW4IEN8IJ:scholar.google.com/&scioq=duration+%22standard+error%22%7C%22standard+errors%22%7Cpbd%7C%22benefit+duration%22%7Cwba%7C%22weekly+benefit+amount%22%7C%22replacement+rate%22+%22unemployment+insurance%22&hl=en&as_sdt=0,5"
8,"I Marinescu","Online job search and unemployment insurance during the Great Recession",2013,"Manuscript, University of Chicago","cep.lse.ac.uk","https://cep.lse.ac.uk/seminarpapers/26-02-13-IM.pdf","https://scholar.google.com/scholar?cites=9498734333863729165&as_sdt=2005&sciodt=0,5&hl=en",43,"2022-08-15 21:28:05","PDF","","","",,,,,8,0.89,8,1,9,"… unemployment insurance on reservation wages. I find that an increase in unemployment benefit duration … which an increase in PBD affects unemployment duration is a decrease in job …","https://cep.lse.ac.uk/seminarpapers/26-02-13-IM.pdf","https://scholar.google.com/scholar?q=related:DRjB2YxI0oMJ:scholar.google.com/&scioq=duration+%22standard+error%22%7C%22standard+errors%22%7Cpbd%7C%22benefit+duration%22%7Cwba%7C%22weekly+benefit+amount%22%7C%22replacement+rate%22+%22unemployment+insurance%22&hl=en&as_sdt=0,5"
0,"I Marinescu","Reprint of: The general equilibrium impacts of unemployment insurance: Evidence from a large online job board",2019,"Journal of Public Economics","Elsevier","https://www.sciencedirect.com/science/article/pii/S004727271930026X","",235,"2022-08-15 21:28:05","","","","",,,,,0,0.00,0,1,3,"… To identify the impact of unemployment insurance on … in potential unemployment benefits duration (PBD) induced by the … to unemployment insurance is given by βΔ PBD/(Δ PBD/PBD) = …","","https://scholar.google.com/scholar?q=related:jSmSNmoiHicJ:scholar.google.com/&scioq=duration+%22standard+error%22%7C%22standard+errors%22%7Cpbd%7C%22benefit+duration%22%7Cwba%7C%22weekly+benefit+amount%22%7C%22replacement+rate%22+%22unemployment+insurance%22&hl=en&as_sdt=0,5"
51,"I Marinescu, D Skandalis","Unemployment insurance and job search behavior",2021,"The Quarterly Journal of Economics","academic.oup.com","https://academic.oup.com/qje/article-abstract/136/2/887/5948104","https://scholar.google.com/scholar?cites=6955008881301038364&as_sdt=2005&sciodt=0,5&hl=en",42,"2022-08-15 21:28:05","","","","",,,,,51,51.00,26,2,1,"… the individual reaction to unemployment insurance, under the … eligible for the same benefit duration. We provide evidence … of the elapsed unemployment duration on target wages. We …","https://conference.iza.org/conference_files/DATA_2019/marinescu_i1517.pdf","https://scholar.google.com/scholar?q=related:HKWic7onhWAJ:scholar.google.com/&scioq=duration+%22standard+error%22%7C%22standard+errors%22%7Cpbd%7C%22benefit+duration%22%7Cwba%7C%22weekly+benefit+amount%22%7C%22replacement+rate%22+%22unemployment+insurance%22&hl=en&as_sdt=0,5"
19,"I Marinescu, D Skandalis, D Zhao","The impact of the federal pandemic unemployment compensation on job search and vacancy creation",2021,"Journal of Public Economics","Elsevier","https://www.sciencedirect.com/science/article/pii/S0047272721001079","https://scholar.google.com/scholar?cites=9702455459138730000&as_sdt=2005&sciodt=0,5&hl=en",823,"2022-08-15 21:28:05","","","","",,,,,19,19.00,6,3,1,"… benefit replacement rate due to the FPUC leads to a 3.6% decline in job applications. At the same time, … regarding the desirability of high unemployment insurance in March-July 2020. …","https://www.nber.org/system/files/working_papers/w28567/w28567.pdf","https://scholar.google.com/scholar?q=related:EHgDk9ULpoYJ:scholar.google.com/&scioq=duration+%22standard+error%22%7C%22standard+errors%22%7Cpbd%7C%22benefit+duration%22%7Cwba%7C%22weekly+benefit+amount%22%7C%22replacement+rate%22+%22unemployment+insurance%22&hl=en&as_sdt=0,5"
17,"I Mooi-Reci","Retrenchments in unemployment insurance benefits and wage inequality: longitudinal evidence from the Netherlands, 1985–2000",2012,"European Sociological Review","academic.oup.com","https://academic.oup.com/esr/article-abstract/28/5/594/561880","https://scholar.google.com/scholar?cites=15458835182466492878&as_sdt=2005&sciodt=0,5&hl=en",347,"2022-08-15 21:28:05","","","","",,,,,17,1.70,17,1,10,"… To avoid the problem with correlated errors within panels this study uses fixed-effects models with clustered standard errors. These models eliminate the influence of time-invariant …","https://core.ac.uk/download/pdf/15473186.pdf","https://scholar.google.com/scholar?q=related:zuk5rLHQiNYJ:scholar.google.com/&scioq=duration+%22standard+error%22%7C%22standard+errors%22%7Cpbd%7C%22benefit+duration%22%7Cwba%7C%22weekly+benefit+amount%22%7C%22replacement+rate%22+%22unemployment+insurance%22&hl=en&as_sdt=0,5"
0,"I Petrunyk, C Pfeifer","Diverse effects of shorter potential unemployment benefit duration on labor market outcomes in Germany",2022,"LABOUR","Wiley Online Library","https://onlinelibrary.wiley.com/doi/abs/10.1111/labr.12221","",299,"2022-08-15 21:28:05","","10.1111/labr.12221","","",,,,,0,0.00,0,2,1,"… These differences can lead to lower monetary UB payments (for the same UB duration and replacement rate) for women and heterogenous treatment effects between men and women. …","https://onlinelibrary.wiley.com/doi/pdf/10.1111/labr.12221","https://scholar.google.com/scholar?q=related:9r9AI4dbZwUJ:scholar.google.com/&scioq=duration+%22standard+error%22%7C%22standard+errors%22%7Cpbd%7C%22benefit+duration%22%7Cwba%7C%22weekly+benefit+amount%22%7C%22replacement+rate%22+%22unemployment+insurance%22&hl=en&as_sdt=0,5"
6,"I Petrunyk, C Pfeifer","Shortening the potential duration of unemployment benefits and labor market outcomes: Evidence from a natural experiment in Germany",2018,"","papers.ssrn.com","https://papers.ssrn.com/sol3/papers.cfm?abstract_id=3117304","https://scholar.google.com/scholar?cites=743617941024293630&as_sdt=2005&sciodt=0,5&hl=en",314,"2022-08-15 21:28:05","","","","",,,,,6,1.50,3,2,4,"… labor supply via reductions in the generosity of the unemployment insurance system. … induced a large extension in PBD conditional on past employment duration over a reference period…","https://www.econstor.eu/bitstream/10419/177104/1/dp11300.pdf","https://scholar.google.com/scholar?q=related:_kJc15PcUQoJ:scholar.google.com/&scioq=duration+%22standard+error%22%7C%22standard+errors%22%7Cpbd%7C%22benefit+duration%22%7Cwba%7C%22weekly+benefit+amount%22%7C%22replacement+rate%22+%22unemployment+insurance%22&hl=en&as_sdt=0,5"
0,"I Petrunyk, C Pfeifer","WORKING PAP",2015,"","fox.leuphana.de","http://fox.leuphana.de/portal/files/16166934/wp_377_Upload.pdf","",911,"2022-08-15 21:28:05","PDF","","","",,,,,0,0.00,0,2,7,"… labor supply via reductions in the generosity of the unemployment insurance system. … induced a large extension in PBD conditional on past employment duration over a reference period…","http://fox.leuphana.de/portal/files/16166934/wp_377_Upload.pdf","https://scholar.google.com/scholar?q=related:2RAQqNi6Hg4J:scholar.google.com/&scioq=duration+%22standard+error%22%7C%22standard+errors%22%7Cpbd%7C%22benefit+duration%22%7Cwba%7C%22weekly+benefit+amount%22%7C%22replacement+rate%22+%22unemployment+insurance%22&hl=en&as_sdt=0,5"
50,"I Saporta-Eksten","Job loss, consumption and unemployment insurance",2014,"Unpublished manuscript","eief.it","http://www.eief.it/files/2014/10/saporta-eksten.pdf","https://scholar.google.com/scholar?cites=11099338993838270090&as_sdt=2005&sciodt=0,5&hl=en",206,"2022-08-15 21:28:05","PDF","","","",,,,,50,6.25,50,1,8,"… loss wages and are time limited. The former is … unemployment insurance. My focus is on the class of contracts that are characterized by a fixed replacement rate for a defined time period.…","http://www.eief.it/files/2014/10/saporta-eksten.pdf","https://scholar.google.com/scholar?q=related:iiZfEQLGCJoJ:scholar.google.com/&scioq=duration+%22standard+error%22%7C%22standard+errors%22%7Cpbd%7C%22benefit+duration%22%7Cwba%7C%22weekly+benefit+amount%22%7C%22replacement+rate%22+%22unemployment+insurance%22&hl=en&as_sdt=0,5"
0,"I Tunalı, M Ulus","Incentives and Exit Behavior: An Examination of the Unemployment Insurance System in Turkey",2021,"","erf.org.eg","https://erf.org.eg/app/uploads/2021/05/1620346432_714_3474535_128tunali_ulus.pdf","",132,"2022-08-15 21:28:05","PDF","","","",,,,,0,0.00,0,2,1,"… In our substantive context an obvious dimension of stratification is the statutory length of the UI benefit payment period (PBD). After all the supports of the hazards of exit to employment …","https://erf.org.eg/app/uploads/2021/05/1620346432_714_3474535_128tunali_ulus.pdf","https://scholar.google.com/scholar?q=related:WQX0DNYDjPcJ:scholar.google.com/&scioq=duration+%22standard+error%22%7C%22standard+errors%22%7Cpbd%7C%22benefit+duration%22%7Cwba%7C%22weekly+benefit+amount%22%7C%22replacement+rate%22+%22unemployment+insurance%22&hl=en&as_sdt=0,5"
198,"I Wennemo","Infant mortality, public policy and inequality–a comparison of 18 industrialised countries 1950–85",1993,"Sociology of Health & Illness","Wiley Online Library","https://onlinelibrary.wiley.com/doi/abs/10.1111/j.1467-9566.1993.tb00354.x","https://scholar.google.com/scholar?cites=12363271908094450552&as_sdt=2005&sciodt=0,5&hl=en",995,"2022-08-15 21:28:05","","10.1111/j.1467-9566.1993.tb00354.x","","",,,,,198,6.83,198,1,29,"… However, unemployment insurance is directed to a group of … In testing the models the income replacement rate is averaged … and unemployment insurance and a time trend 1950-1985, …","https://onlinelibrary.wiley.com/doi/pdf/10.1111/j.1467-9566.1993.tb00354.x","https://scholar.google.com/scholar?q=related:eBuJB0wqk6sJ:scholar.google.com/&scioq=duration+%22standard+error%22%7C%22standard+errors%22%7Cpbd%7C%22benefit+duration%22%7Cwba%7C%22weekly+benefit+amount%22%7C%22replacement+rate%22+%22unemployment+insurance%22&hl=en&as_sdt=0,5"
8,"IA Gutierrez","Job insecurity, unemployment insurance and on-the-job search. Evidence from older American workers",2016,"Labour Economics","Elsevier","https://www.sciencedirect.com/science/article/pii/S0927537116300252","https://scholar.google.com/scholar?cites=12256135173097809416&as_sdt=2005&sciodt=0,5&hl=en",279,"2022-08-15 21:28:05","","","","",,,,,8,1.33,8,1,6,"… I analyse how unemployment insurance (UI) affects on-the-… deviation in the potential replacement rate from UI (about 12.5 … the worker in period 1 and r is the effective replacement rate. …","","https://scholar.google.com/scholar?q=related:CGaqDwGKFqoJ:scholar.google.com/&scioq=duration+%22standard+error%22%7C%22standard+errors%22%7Cpbd%7C%22benefit+duration%22%7Cwba%7C%22weekly+benefit+amount%22%7C%22replacement+rate%22+%22unemployment+insurance%22&hl=en&as_sdt=0,5"
3,"IA Gutierrez","Does unemployment insurance discourage on-the-job search? Evidence from Older American Workers",2012,"University of Michigan, Working Paper","","","https://scholar.google.com/scholar?cites=9530660128591430220&as_sdt=2005&sciodt=0,5&hl=en",915,"2022-08-15 21:28:05","CITATION","","","",,,,,3,0.30,3,1,10,"","","https://scholar.google.com/scholar?q=related:TMKrL-S0Q4QJ:scholar.google.com/&scioq=duration+%22standard+error%22%7C%22standard+errors%22%7Cpbd%7C%22benefit+duration%22%7Cwba%7C%22weekly+benefit+amount%22%7C%22replacement+rate%22+%22unemployment+insurance%22&hl=en&as_sdt=0,5"
32,"IE Marinescu, D Skandalis, D Zhao","Job search, job posting and unemployment insurance during the COVID-19 crisis",2020,"… and Unemployment Insurance …","papers.ssrn.com","https://papers.ssrn.com/sol3/papers.cfm?abstract_id=3669342","https://scholar.google.com/scholar?cites=1304760391416408789&as_sdt=2005&sciodt=0,5&hl=en",101,"2022-08-15 21:28:05","","","","",,,,,32,16.00,11,3,2,"… unemployment insurance during the pandemic. We define quartiles from the distribution of the replacement rate … singletons observations when we include State∗Ind∗Time FE. Robust …","","https://scholar.google.com/scholar?q=related:1epfv6lwGxIJ:scholar.google.com/&scioq=duration+%22standard+error%22%7C%22standard+errors%22%7Cpbd%7C%22benefit+duration%22%7Cwba%7C%22weekly+benefit+amount%22%7C%22replacement+rate%22+%22unemployment+insurance%22&hl=en&as_sdt=0,5"
0,"IJ Goodman","Unemployment Insurance Legislation in 1962",1962,"Monthly Labor Review","JSTOR","https://www.jstor.org/stable/41834894","",271,"2022-08-15 21:28:05","","","","",,,,,0,0.00,0,1,60,"… law relating to the formula for computing the maximum benefit and duration. The maximum weekly benefit amount was changed from $30 to 50 percent of average weekly wages in …","",""
101,"J Aidukaite","The formation of social insurance institutions of the Baltic States in the post-socialist era",2006,"Journal of European Social Policy","journals.sagepub.com","https://journals.sagepub.com/doi/abs/10.1177/0958928706065597","https://scholar.google.com/scholar?cites=3200694651429782482&as_sdt=2005&sciodt=0,5&hl=en",955,"2022-08-15 21:28:05","","10.1177/0958928706065597","","",,,,,101,6.31,101,1,16,"… Here we also include unemployment insurance and family benefits, given … , unemployment insurance in Lithuania is closest to the basic security model (given the low replacement rate …","https://www.diva-portal.org/smash/record.jsf?pid=diva2:16647","https://scholar.google.com/scholar?q=related:0gP31NMmaywJ:scholar.google.com/&scioq=duration+%22standard+error%22%7C%22standard+errors%22%7Cpbd%7C%22benefit+duration%22%7Cwba%7C%22weekly+benefit+amount%22%7C%22replacement+rate%22+%22unemployment+insurance%22&hl=en&as_sdt=0,5"
2,"J Albertini, X Fairise, A Terriau","Unemployment insurance, recalls and experience rating",2014,"GATE WP","papers.ssrn.com","https://papers.ssrn.com/sol3/papers.cfm?abstract_id=3589296","https://scholar.google.com/scholar?cites=12477011878524309168&as_sdt=2005&sciodt=0,5&hl=en",661,"2022-08-15 21:28:05","","","","",,,,,2,0.25,1,3,8,"… in more detail the different programs that affect the maximum duration of UI entitlement. … values of the tax schedule and UI replacement rate in the case of one firm-one worker setup. …","https://halshs.archives-ouvertes.fr/halshs-02559317/file/2014.pdf","https://scholar.google.com/scholar?q=related:sE7FjTJAJ60J:scholar.google.com/&scioq=duration+%22standard+error%22%7C%22standard+errors%22%7Cpbd%7C%22benefit+duration%22%7Cwba%7C%22weekly+benefit+amount%22%7C%22replacement+rate%22+%22unemployment+insurance%22&hl=en&as_sdt=0,5"
49,"J Altonji, Z Contractor, L Finamor…","Employment effects of unemployment insurance generosity during the pandemic",2020,"Yale University …","tobin.yale.edu","https://tobin.yale.edu/sites/default/files/files/C-19%20Articles/CARES-UI_identification_vF(1).pdf","https://scholar.google.com/scholar?cites=11430091592740803742&as_sdt=2005&sciodt=0,5&hl=en",97,"2022-08-15 21:28:05","PDF","","","",,,,,49,24.50,12,4,2,"… replacement rate under CARES to their replacement rate prior to CARES. We refer to this measure as the replacement rate … from equation 3 for replacement rate ratio group g at time t. In …","https://tobin.yale.edu/sites/default/files/files/C-19%20Articles/CARES-UI_identification_vF(1).pdf","https://scholar.google.com/scholar?q=related:npR-j77Xn54J:scholar.google.com/&scioq=duration+%22standard+error%22%7C%22standard+errors%22%7Cpbd%7C%22benefit+duration%22%7Cwba%7C%22weekly+benefit+amount%22%7C%22replacement+rate%22+%22unemployment+insurance%22&hl=en&as_sdt=0,5"
4,"J Andersson","Lump-sum severance grants and the duration of unemployment",2018,"","econstor.eu","https://www.econstor.eu/handle/10419/201461","https://scholar.google.com/scholar?cites=17224515547650170323&as_sdt=2005&sciodt=0,5&hl=en",927,"2022-08-15 21:28:05","","","","",,,,,4,1.00,4,1,4,"… of time. Assume that the unemployment insurance benefit in each period, bt, is strictly lower … duration) in the group with a medium replacement rate, according to the estimates. …","https://www.econstor.eu/bitstream/10419/201461/1/1046122908.pdf","https://scholar.google.com/scholar?q=related:053hlaHFCe8J:scholar.google.com/&scioq=duration+%22standard+error%22%7C%22standard+errors%22%7Cpbd%7C%22benefit+duration%22%7Cwba%7C%22weekly+benefit+amount%22%7C%22replacement+rate%22+%22unemployment+insurance%22&hl=en&as_sdt=0,5"
99,"J Beckfield, C Bambra","Shorter lives in stingier states: social policy shortcomings help explain the US mortality disadvantage",2016,"Social science & medicine","Elsevier","https://www.sciencedirect.com/science/article/pii/S0277953616305858","https://scholar.google.com/scholar?cites=16925011008486065010&as_sdt=2005&sciodt=0,5&hl=en",797,"2022-08-15 21:28:05","HTML","","","",,,,,99,16.50,50,2,6,"… a time-series cross-section analysis from 1970 to 2010 of the association between welfare state generosity (for unemployment insurance… are the income replacement rate, the duration of …","https://www.sciencedirect.com/science/article/pii/S0277953616305858","https://scholar.google.com/scholar?q=related:ckNj9Na34eoJ:scholar.google.com/&scioq=duration+%22standard+error%22%7C%22standard+errors%22%7Cpbd%7C%22benefit+duration%22%7Cwba%7C%22weekly+benefit+amount%22%7C%22replacement+rate%22+%22unemployment+insurance%22&hl=en&as_sdt=0,5"
41,"J Berg, M Salerno","The origins of unemployment insurance: lessons for developing countries",2008,"In Defence of Labour Market Institutions","Springer","https://link.springer.com/chapter/10.1057/9780230584204_5","https://scholar.google.com/scholar?cites=10978292024036277272&as_sdt=2005&sciodt=0,5&hl=en",490,"2022-08-15 21:28:05","","10.1057/9780230584204_5","","",,,,,41,2.93,21,2,14,"… Over time, the programmes were made more generous through increases in the replacement rate and the duration of benefits – sometimes in connection with the replacement of …","","https://scholar.google.com/scholar?q=related:GLwvLW66WpgJ:scholar.google.com/&scioq=duration+%22standard+error%22%7C%22standard+errors%22%7Cpbd%7C%22benefit+duration%22%7Cwba%7C%22weekly+benefit+amount%22%7C%22replacement+rate%22+%22unemployment+insurance%22&hl=en&as_sdt=0,5"
6,"J Boone","Unemployment insurance and workers' mobility",2004,"Journal of Institutional and Theoretical Economics …","JSTOR","https://www.jstor.org/stable/40752458","https://scholar.google.com/scholar?cites=614073342537598787&as_sdt=2005&sciodt=0,5&hl=en",901,"2022-08-15 21:28:05","","","","",,,,,6,0.33,6,1,18,"… ) at time t, and u{t) the number of unemployed agents at time t. Of the m2nx{t) agents in sector 1 that are matched with a job in 2 at time t… raises welfare if the replacement rate is below the …","","https://scholar.google.com/scholar?q=related:Q4f9l3OghQgJ:scholar.google.com/&scioq=duration+%22standard+error%22%7C%22standard+errors%22%7Cpbd%7C%22benefit+duration%22%7Cwba%7C%22weekly+benefit+amount%22%7C%22replacement+rate%22+%22unemployment+insurance%22&hl=en&as_sdt=0,5"
83,"J Boone, JC Van Ours","Why is there a spike in the job finding rate at benefit exhaustion?",2012,"De Economist","Springer","https://link.springer.com/article/10.1007/s10645-012-9187-8","https://scholar.google.com/scholar?cites=11175934047034404278&as_sdt=2005&sciodt=0,5&hl=en",204,"2022-08-15 21:28:05","","10.1007/s10645-012-9187-8","","",,,,,83,8.30,42,2,10,"… unemployment insurance benefits for subsidized leisure. … entitled to benefits for a maximum duration of 6, 9 or 12 months. … cides with a drop in the replacement rate for all workers, we …","https://link.springer.com/content/pdf/10.1007/s10645-012-9187-8.pdf","https://scholar.google.com/scholar?q=related:tu2tms3kGJsJ:scholar.google.com/&scioq=duration+%22standard+error%22%7C%22standard+errors%22%7Cpbd%7C%22benefit+duration%22%7Cwba%7C%22weekly+benefit+amount%22%7C%22replacement+rate%22+%22unemployment+insurance%22&hl=en&as_sdt=0,5"
119,"J Boone, JC Van Ours","Modeling financial incentives to get the unemployed back to work",2006,"Journal of Institutional and Theoretical Economics …","JSTOR","https://www.jstor.org/stable/40752579","https://scholar.google.com/scholar?cites=14929400035400482506&as_sdt=2005&sciodt=0,5&hl=en",730,"2022-08-15 21:28:05","","","","",,,,,119,7.44,60,2,16,"… period of unemployment insurance benefits is followed by a … that in OECD countries the unemployment insurance. In principle, … we vary the replacement rate. We know that lowering the …","https://www.econstor.eu/bitstream/10419/20948/1/dp108.pdf","https://scholar.google.com/scholar?q=related:yv6_mzviL88J:scholar.google.com/&scioq=duration+%22standard+error%22%7C%22standard+errors%22%7Cpbd%7C%22benefit+duration%22%7Cwba%7C%22weekly+benefit+amount%22%7C%22replacement+rate%22+%22unemployment+insurance%22&hl=en&as_sdt=0,5"
121,"J Boone, P Fredriksson, B Holmlund…","Optimal unemployment insurance with monitoring and sanctions",2007,"The economic …","academic.oup.com","https://academic.oup.com/ej/article-abstract/117/518/399/5087918","https://scholar.google.com/scholar?cites=7040949962988639661&as_sdt=2005&sciodt=0,5&hl=en",70,"2022-08-15 21:28:05","","","","",,,,,121,8.07,30,4,15,"… a time limit on benefit duration. Also note that unemployment goes up by moving from the optimal uniform system to exogenous time … Also note that the optimal UI replacement rate is …","http://citeseerx.ist.psu.edu/viewdoc/download?doi=10.1.1.456.632&rep=rep1&type=pdf","https://scholar.google.com/scholar?q=related:rdU80a96tmEJ:scholar.google.com/&scioq=duration+%22standard+error%22%7C%22standard+errors%22%7Cpbd%7C%22benefit+duration%22%7Cwba%7C%22weekly+benefit+amount%22%7C%22replacement+rate%22+%22unemployment+insurance%22&hl=en&as_sdt=0,5"
264,"J Clasen","Regulating the risk of unemployment: National adaptations to post-industrial labour markets in Europe",2011,"","books.google.com","https://books.google.com/books?hl=en&lr=&id=Z_fER3smVccC&oi=fnd&pg=PP1&dq=duration+%22standard+error%22%7C%22standard+errors%22%7Cpbd%7C%22benefit+duration%22%7Cwba%7C%22weekly+benefit+amount%22%7C%22replacement+rate%22+%22unemployment+insurance%22&ots=FRmXxv4lf3&sig=psBHlzwFTbPt2pkUPPSnyMzgikc","https://scholar.google.com/scholar?cites=12514019202771359537&as_sdt=2005&sciodt=0,5&hl=en",769,"2022-08-15 21:28:05","BOOK","","","",,,,,264,24.00,264,1,11,"… As we discuss in the introductory chapter, over this period … proposals aimed at strengthening unemployment insurance. In the … -based funding of unemployment insurance, as well as a …","","https://scholar.google.com/scholar?q=related:MZearSm6qq0J:scholar.google.com/&scioq=duration+%22standard+error%22%7C%22standard+errors%22%7Cpbd%7C%22benefit+duration%22%7Cwba%7C%22weekly+benefit+amount%22%7C%22replacement+rate%22+%22unemployment+insurance%22&hl=en&as_sdt=0,5"
97,"J Clasen, E Viebrock","Voluntary unemployment insurance and trade union membership: Investigating the connections in Denmark and Sweden",2008,"Journal of Social Policy","cambridge.org","https://www.cambridge.org/core/journals/journal-of-social-policy/article/voluntary-unemployment-insurance-and-trade-union-membership-investigating-the-connections-in-denmark-and-sweden/AF1FB4198125A28A122A5F1BA0FB7FAC","https://scholar.google.com/scholar?cites=1885521864578553149&as_sdt=2005&sciodt=0,5&hl=en",667,"2022-08-15 21:28:05","","","","",,,,,97,6.93,49,2,14,"… During the 1970s, the coverage of unemployment insurance was widened to part-time … the nominal 80 per cent replacement rate. In 2003, the average replacement rate was 63 per cent …","https://core.ac.uk/download/pdf/28965892.pdf","https://scholar.google.com/scholar?q=related:PdVvWiW4KhoJ:scholar.google.com/&scioq=duration+%22standard+error%22%7C%22standard+errors%22%7Cpbd%7C%22benefit+duration%22%7Cwba%7C%22weekly+benefit+amount%22%7C%22replacement+rate%22+%22unemployment+insurance%22&hl=en&as_sdt=0,5"
109,"J Clasen, J Kvist, W Van Oorschot","On condition of work: increasing work requirements in unemployment compensation schemes",2001,"Nordic welfare states in the …","books.google.com","https://books.google.com/books?hl=en&lr=&id=ueaAAgAAQBAJ&oi=fnd&pg=PA198&dq=duration+%22standard+error%22%7C%22standard+errors%22%7Cpbd%7C%22benefit+duration%22%7Cwba%7C%22weekly+benefit+amount%22%7C%22replacement+rate%22+%22unemployment+insurance%22&ots=w4g5Nv6giW&sig=gJh_O52Abr3M-RO1s7XZrR69e8s","https://scholar.google.com/scholar?cites=8174180635354152456&as_sdt=2005&sciodt=0,5&hl=en",648,"2022-08-15 21:28:05","","","","",,,,,109,5.19,36,3,21,"… to unemployment insurance in Germany requires a period of at … regarding benefit duration refers to how much the period … by the length of time spent in previous employment, work period …","","https://scholar.google.com/scholar?q=related:CD4prPqFcHEJ:scholar.google.com/&scioq=duration+%22standard+error%22%7C%22standard+errors%22%7Cpbd%7C%22benefit+duration%22%7Cwba%7C%22weekly+benefit+amount%22%7C%22replacement+rate%22+%22unemployment+insurance%22&hl=en&as_sdt=0,5"
33,"J Coglianese","Do Unemployment Insurance Extensions Reduce Employment?",2015,"Role of Macro Effects.” Federal Reserve Bank of …","johncoglianese.com","https://www.johncoglianese.com/publication/ui-extensions/ui-extensions.pdf","https://scholar.google.com/scholar?cites=5100484526010370035&as_sdt=2005&sciodt=0,5&hl=en",218,"2022-08-15 21:28:05","PDF","","","",,,,,33,4.71,33,1,7,"… The Bureau of Labor Statistics releases standard errors for the survey-based measure of unemployment. While these standard errors vary across states and over time, they typically …","https://www.johncoglianese.com/publication/ui-extensions/ui-extensions.pdf","https://scholar.google.com/scholar?q=related:84c5I6ePyEYJ:scholar.google.com/&scioq=duration+%22standard+error%22%7C%22standard+errors%22%7Cpbd%7C%22benefit+duration%22%7Cwba%7C%22weekly+benefit+amount%22%7C%22replacement+rate%22+%22unemployment+insurance%22&hl=en&as_sdt=0,5"
93,"J Cylus, MM Glymour…","Health effects of unemployment benefit program generosity",2015,"American journal of …","ajph.aphapublications.org","https://ajph.aphapublications.org/doi/abs/10.2105/AJPH.2014.302253","https://scholar.google.com/scholar?cites=7557796694915325261&as_sdt=2005&sciodt=0,5&hl=en",919,"2022-08-15 21:28:05","","10.2105/AJPH.2014.302253","","",,,,,93,13.29,31,3,7,"… were receiving benefits in the period 2008 to 2011, only 52% of … maximum state unemployment insurance benefits obtained … When we adjusted the replacement rate for household size …","https://www.ncbi.nlm.nih.gov/pmc/articles/PMC4318319/","https://scholar.google.com/scholar?q=related:TZ0MFQ2w4mgJ:scholar.google.com/&scioq=duration+%22standard+error%22%7C%22standard+errors%22%7Cpbd%7C%22benefit+duration%22%7Cwba%7C%22weekly+benefit+amount%22%7C%22replacement+rate%22+%22unemployment+insurance%22&hl=en&as_sdt=0,5"
5,"J Furman","The Economic Case for Strengthening Unemployment Insurance",2016,"Remarks at Center for American Progress, Washington …","onpointtech.com","http://www.onpointtech.com/wp-content/uploads/bsk-pdf-manager/20160711_furman_uireform_cea_8.pdf","https://scholar.google.com/scholar?cites=17214297442561038872&as_sdt=2005&sciodt=0,5&hl=en",575,"2022-08-15 21:28:05","PDF","","","",,,,,5,0.83,5,1,6,"… For the first time in over fifty years, nine States have cut their unemployment insurance maximum benefit duration to less than 26 weeks, and some, such as North Carolina, now provide …","http://www.onpointtech.com/wp-content/uploads/bsk-pdf-manager/20160711_furman_uireform_cea_8.pdf","https://scholar.google.com/scholar?q=related:GBrEmVF45e4J:scholar.google.com/&scioq=duration+%22standard+error%22%7C%22standard+errors%22%7Cpbd%7C%22benefit+duration%22%7Cwba%7C%22weekly+benefit+amount%22%7C%22replacement+rate%22+%22unemployment+insurance%22&hl=en&as_sdt=0,5"
0,"J Gerzina","The Effect of Unemployment Insurance on Self-Employment",2021,"","search.proquest.com","https://search.proquest.com/openview/71ee2fd12ff9263861f6038ec0e6188e/1?pq-origsite=gscholar&cbl=18750&diss=y","",358,"2022-08-15 21:28:05","BOOK","","","",,,,,0,0.00,0,1,1,"… insurance (Replacement Rate) as well as the duration of those benefits, available to an … study show evidence for an inverse relationship between Replacement Rate and self- …","https://repository.library.georgetown.edu/bitstream/handle/10822/1062221/Gerzina_georgetown_0076M_14857.pdf?sequence=1","https://scholar.google.com/scholar?q=related:KEPwP0NFHisJ:scholar.google.com/&scioq=duration+%22standard+error%22%7C%22standard+errors%22%7Cpbd%7C%22benefit+duration%22%7Cwba%7C%22weekly+benefit+amount%22%7C%22replacement+rate%22+%22unemployment+insurance%22&hl=en&as_sdt=0,5"
21,"J Grogger, C Wunsch","Unemployment insurance and departures from employment: Evidence from a German reform",2012,"Unpublished Manuscript","diw.de","https://www.diw.de/documents/dokumentenarchiv/17/diw_01.c.410901.de/wunsch_applied_micro_seminar_dec2012.pdf","https://scholar.google.com/scholar?cites=14142225793785371937&as_sdt=2005&sciodt=0,5&hl=en",226,"2022-08-15 21:28:05","PDF","","","",,,,,21,2.10,11,2,10,"… In 2004 Germany announced an unemployment insurance (UI) reform that involved reductions to the maximum period over which … is the UI replacement rate. The worker is eligible …","https://www.diw.de/documents/dokumentenarchiv/17/diw_01.c.410901.de/wunsch_applied_micro_seminar_dec2012.pdf","https://scholar.google.com/scholar?q=related:IZ3xQ25HQ8QJ:scholar.google.com/&scioq=duration+%22standard+error%22%7C%22standard+errors%22%7Cpbd%7C%22benefit+duration%22%7Cwba%7C%22weekly+benefit+amount%22%7C%22replacement+rate%22+%22unemployment+insurance%22&hl=en&as_sdt=0,5"
1103,"J Gruber","The consumption smoothing benefits of unemployment insurance",1994,"","nber.org","https://www.nber.org/papers/w4750","https://scholar.google.com/scholar?cites=16388531529335033970&as_sdt=2005&sciodt=0,5&hl=en",51,"2022-08-15 21:28:05","","","","",,,,,1103,39.39,1103,1,28,"… replacement rate leads to a consumption fall upon unemployment which is 2.7% smaller. Over this period… that, in the absence of unemployment insurance, this fall would have bcen over …","https://www.nber.org/system/files/working_papers/w4750/w4750.pdf","https://scholar.google.com/scholar?q=related:ctBNhJjCb-MJ:scholar.google.com/&scioq=duration+%22standard+error%22%7C%22standard+errors%22%7Cpbd%7C%22benefit+duration%22%7Cwba%7C%22weekly+benefit+amount%22%7C%22replacement+rate%22+%22unemployment+insurance%22&hl=en&as_sdt=0,5"
57,"J Gruber","Unemployment insurance, consumption smoothing, and private insurance: Evidence from the PSID and CEX",1998,"Research in Employment Policy","core.ac.uk","https://core.ac.uk/download/pdf/22861439.pdf","https://scholar.google.com/scholar?cites=13416121109122857904&as_sdt=2005&sciodt=0,5&hl=en",458,"2022-08-15 21:28:05","PDF","","","",,,,,57,2.38,57,1,24,"… , or the labor supply of other family members, then the replacement rate itself does not measure the effect of UI on … Sample is those becoming unemployed from period t-1 to period t. …","https://core.ac.uk/download/pdf/22861439.pdf","https://scholar.google.com/scholar?q=related:sDvjLBGjL7oJ:scholar.google.com/&scioq=duration+%22standard+error%22%7C%22standard+errors%22%7Cpbd%7C%22benefit+duration%22%7Cwba%7C%22weekly+benefit+amount%22%7C%22replacement+rate%22+%22unemployment+insurance%22&hl=en&as_sdt=0,5"
23,"J Gruber","The wealth of the unemployed: adequacy and implications for unemployment insurance",1999,"","nber.org","https://www.nber.org/papers/w7348","https://scholar.google.com/scholar?cites=3867452433665385988&as_sdt=2005&sciodt=0,5&hl=en",788,"2022-08-15 21:28:05","","","","",,,,,23,1.00,23,1,23,"… In the final row of that column I show the coefficient on the replacement rate from a probit regression of the sample selection dummy (which is one if there is zero wealth in either period …","https://www.nber.org/system/files/working_papers/w7348/w7348.pdf","https://scholar.google.com/scholar?q=related:BGZYbn_zqzUJ:scholar.google.com/&scioq=duration+%22standard+error%22%7C%22standard+errors%22%7Cpbd%7C%22benefit+duration%22%7Cwba%7C%22weekly+benefit+amount%22%7C%22replacement+rate%22+%22unemployment+insurance%22&hl=en&as_sdt=0,5"
12,"J Heese, G Pérez-Cavazos","The effect of retaliation costs on employee whistleblowing",2021,"Journal of Accounting and Economics","Elsevier","https://www.sciencedirect.com/science/article/pii/S0165410120300872","https://scholar.google.com/scholar?cites=16963413482058500238&as_sdt=2005&sciodt=0,5&hl=en",850,"2022-08-15 21:28:05","","","","",,,,,12,12.00,6,2,1,"… We use large increases in unemployment insurance (UI) benefits to study the effects of … the product of the maximum weekly benefit amount and the maximum duration allowed in year t, …","https://dash.harvard.edu/bitstream/handle/1/37372513/heese%2Cperez-cavazos_the-effect-of-retaliation-costs.pdf?sequence=1&isAllowed=y","https://scholar.google.com/scholar?q=related:jkgrmK8mausJ:scholar.google.com/&scioq=duration+%22standard+error%22%7C%22standard+errors%22%7Cpbd%7C%22benefit+duration%22%7Cwba%7C%22weekly+benefit+amount%22%7C%22replacement+rate%22+%22unemployment+insurance%22&hl=en&as_sdt=0,5"
80,"J Hombert, A Schoar, D Sraer, D Thesmar","Can unemployment insurance spur entrepreneurial activity?",2014,"","nber.org","https://www.nber.org/papers/w20717","https://scholar.google.com/scholar?cites=11758921037468417339&as_sdt=2005&sciodt=0,5&hl=en",722,"2022-08-15 21:28:05","","","","",,,,,80,10.00,20,4,8,"… -period, we focus our analysis on the 1999–2005 time frame. Panel B narrows in on this period… We also cluster standard errors at the industry level in this specification. For specifications …","https://www.nber.org/system/files/working_papers/w20717/w20717.pdf","https://scholar.google.com/scholar?q=related:Oz0s1GEUMKMJ:scholar.google.com/&scioq=duration+%22standard+error%22%7C%22standard+errors%22%7Cpbd%7C%22benefit+duration%22%7Cwba%7C%22weekly+benefit+amount%22%7C%22replacement+rate%22+%22unemployment+insurance%22&hl=en&as_sdt=0,5"
217,"J Huo, M Nelson, JD Stephens","Decommodification and activation in social democratic policy: resolving the paradox",2008,"Journal of European Social …","journals.sagepub.com","https://journals.sagepub.com/doi/abs/10.1177/0958928707084449","https://scholar.google.com/scholar?cites=2418422021182853113&as_sdt=2005&sciodt=0,5&hl=en",540,"2022-08-15 21:28:05","","10.1177/0958928707084449","","",,,,,217,15.50,72,3,14,"… The duration of unemployment replacement rate is the maximum number of weeks that … unemployment insurance after registering as unemployed. The two cases with unlimited duration, …","https://www.researchgate.net/profile/John-Stephens-11/publication/252668070_Decommodification_and_Activation_in_Social_Democratic_Policy_Resolving_the_Paradox/links/53dfd6600cf2aede4b494b8a/Decommodification-and-Activation-in-Social-Democratic-Policy-Resolving-the-Paradox.pdf","https://scholar.google.com/scholar?q=related:-Q-W0QP2jyEJ:scholar.google.com/&scioq=duration+%22standard+error%22%7C%22standard+errors%22%7Cpbd%7C%22benefit+duration%22%7Cwba%7C%22weekly+benefit+amount%22%7C%22replacement+rate%22+%22unemployment+insurance%22&hl=en&as_sdt=0,5"
18,"J Kennan","The effect of unemployment insurance payments on strike duration",1980,"Unemployment compensation: studies and research","books.google.com","https://books.google.com/books?hl=en&lr=&id=JzgH2RVWPMoC&oi=fnd&pg=PA467&dq=duration+%22standard+error%22%7C%22standard+errors%22%7Cpbd%7C%22benefit+duration%22%7Cwba%7C%22weekly+benefit+amount%22%7C%22replacement+rate%22+%22unemployment+insurance%22&ots=u7MbxssKxU&sig=QXCu89-vBhaErKzK-hdlXQa6Slc","https://scholar.google.com/scholar?cites=18370330641844456713&as_sdt=2005&sciodt=0,5&hl=en",470,"2022-08-15 21:28:05","HTML","","","",,,,,18,0.43,18,1,42,"… payment of unemployment insurance (UI) is … standard error of the maximum likelihood estimator of 8. The relevant properties of the likelihood function are The asymptotic standard error …","https://books.google.com/books?hl=en&lr=&id=JzgH2RVWPMoC&oi=fnd&pg=PA467&dq=duration+%22standard+error%22%7C%22standard+errors%22%7Cpbd%7C%22benefit+duration%22%7Cwba%7C%22weekly+benefit+amount%22%7C%22replacement+rate%22+%22unemployment+insurance%22&ots=u7MbxssKxU&sig=QXCu89-vBhaErKzK-hdlXQa6Slc","https://scholar.google.com/scholar?q=related:Cc2ceWOG8P4J:scholar.google.com/&scioq=duration+%22standard+error%22%7C%22standard+errors%22%7Cpbd%7C%22benefit+duration%22%7Cwba%7C%22weekly+benefit+amount%22%7C%22replacement+rate%22+%22unemployment+insurance%22&hl=en&as_sdt=0,5"
142,"J Kettunen","Education and unemployment duration",1997,"Economics of education review","Elsevier","https://www.sciencedirect.com/science/article/pii/S027277579600057X","https://scholar.google.com/scholar?cites=13963720604531142309&as_sdt=2005&sciodt=0,5&hl=en",498,"2022-08-15 21:28:05","","","","",,,,,142,5.68,142,1,25,"… The estimates of the structural parameters and their standard errors do not change very … Members of unemployment insurance (UI) funds, ie members of labor unions in the Finnish …","https://www.academia.edu/download/35320811/EducUnemplDurationExcerpt.pdf","https://scholar.google.com/scholar?q=related:pa7hJ-gZycEJ:scholar.google.com/&scioq=duration+%22standard+error%22%7C%22standard+errors%22%7Cpbd%7C%22benefit+duration%22%7Cwba%7C%22weekly+benefit+amount%22%7C%22replacement+rate%22+%22unemployment+insurance%22&hl=en&as_sdt=0,5"
27,"J Kettunen","The effects of education on the duration of unemployment",1994,"Labour","Wiley Online Library","https://onlinelibrary.wiley.com/doi/abs/10.1111/j.1467-9914.1994.tb00230.x","https://scholar.google.com/scholar?cites=3178634050375653611&as_sdt=2005&sciodt=0,5&hl=en",745,"2022-08-15 21:28:05","","10.1111/j.1467-9914.1994.tb00230.x","","",,,,,27,0.96,27,1,28,"… The standard errors of the estimated parameters are obtained from the estimated … Members of the unemployment insurance (UI) funds, ie members of the labour unions in the Finnish …","","https://scholar.google.com/scholar?q=related:6xia49PGHCwJ:scholar.google.com/&scioq=duration+%22standard+error%22%7C%22standard+errors%22%7Cpbd%7C%22benefit+duration%22%7Cwba%7C%22weekly+benefit+amount%22%7C%22replacement+rate%22+%22unemployment+insurance%22&hl=en&as_sdt=0,5"
5,"J Klerman","Unemployment Insurance in the Early 21st Century",2013,"ABT Thought Leadership Paper, ABT Associates","","","https://scholar.google.com/scholar?cites=7205994343219159167&as_sdt=2005&sciodt=0,5&hl=en",775,"2022-08-15 21:28:05","CITATION","","","",,,,,5,0.56,5,1,9,"","","https://scholar.google.com/scholar?q=related:f2ANGa3VAGQJ:scholar.google.com/&scioq=duration+%22standard+error%22%7C%22standard+errors%22%7Cpbd%7C%22benefit+duration%22%7Cwba%7C%22weekly+benefit+amount%22%7C%22replacement+rate%22+%22unemployment+insurance%22&hl=en&as_sdt=0,5"
31,"J Kvist","Changing rights and obligations in unemployment insurance",2017,"Social security in the global village","taylorfrancis.com","https://www.taylorfrancis.com/chapters/edit/10.4324/9781315129785-12/changing-rights-obligations-unemployment-insurance-jon-kvist","https://scholar.google.com/scholar?cites=9966580675293593247&as_sdt=2005&sciodt=0,5&hl=en",294,"2022-08-15 21:28:05","","10.4324/9781315129785-12","","",,,,,31,6.20,31,1,5,"… net replacement rate for … period for unemployment insurance was increased from six to ten months, and the work requirement from 26 weeks to 43 weeks of work within a two-year period…","","https://scholar.google.com/scholar?q=related:n74lqFFoUIoJ:scholar.google.com/&scioq=duration+%22standard+error%22%7C%22standard+errors%22%7Cpbd%7C%22benefit+duration%22%7Cwba%7C%22weekly+benefit+amount%22%7C%22replacement+rate%22+%22unemployment+insurance%22&hl=en&as_sdt=0,5"
10,"J Larrimore, J Mortenson, D Splinter","Earnings shocks and stabilization during COVID-19",2022,"Journal of Public Economics","Elsevier","https://www.sciencedirect.com/science/article/pii/S0047272721002334","https://scholar.google.com/scholar?cites=13683198541616752265&as_sdt=2005&sciodt=0,5&hl=en",873,"2022-08-15 21:28:05","","","","",,,,,10,10.00,3,3,1,"… unemployment insurance replacement rate calculations that compare weekly unemployment insurance … have a replacement rate of over 100 percent if the duration of unemployment is …","https://www.ncbi.nlm.nih.gov/pmc/articles/PMC8730490/","https://scholar.google.com/scholar?q=related:iaY1sJN85L0J:scholar.google.com/&scioq=duration+%22standard+error%22%7C%22standard+errors%22%7Cpbd%7C%22benefit+duration%22%7Cwba%7C%22weekly+benefit+amount%22%7C%22replacement+rate%22+%22unemployment+insurance%22&hl=en&as_sdt=0,5"
81,"J Malley, H Molana","Output, unemployment and Okun's law: Some evidence from the G7",2008,"Economics Letters","Elsevier","https://www.sciencedirect.com/science/article/pii/S0165176508001857","https://scholar.google.com/scholar?cites=14656744049550627237&as_sdt=2005&sciodt=0,5&hl=en",982,"2022-08-15 21:28:05","","","","",,,,,81,5.79,41,2,14,"… To assess the statistical significance of u ― t ^ on a period-by-period basis … are the bootstrapped standard errors for the final period. An … Productivity gains from unemployment …","https://www.academia.edu/download/48900110/j.econlet.2008.06.01320160916-12041-5g3k0x.pdf","https://scholar.google.com/scholar?q=related:pRFJ7Q43Z8sJ:scholar.google.com/&scioq=duration+%22standard+error%22%7C%22standard+errors%22%7Cpbd%7C%22benefit+duration%22%7Cwba%7C%22weekly+benefit+amount%22%7C%22replacement+rate%22+%22unemployment+insurance%22&hl=en&as_sdt=0,5"
49,"J Micklewright, G Nagy","The effect of monitoring unemployment insurance recipients on unemployment duration: Evidence from a field experiment",2010,"Labour Economics","Elsevier","https://www.sciencedirect.com/science/article/pii/S0927537109001134","https://scholar.google.com/scholar?cites=6655943047532252940&as_sdt=2005&sciodt=0,5&hl=en",182,"2022-08-15 21:28:05","","","","",,,,,49,4.08,25,2,12,"… Section 3 reports results which show marked differences between the sexes in the effect of treatment on benefit duration and outflows to employment. Treatment has quite a large effect …","https://eprints.ncrm.ac.uk/1294/1/0610_monitoring_unemployment_insurance.pdf","https://scholar.google.com/scholar?q=related:DA9k4e-oXlwJ:scholar.google.com/&scioq=duration+%22standard+error%22%7C%22standard+errors%22%7Cpbd%7C%22benefit+duration%22%7Cwba%7C%22weekly+benefit+amount%22%7C%22replacement+rate%22+%22unemployment+insurance%22&hl=en&as_sdt=0,5"
7,"J Micklewright, G Nagy","Living standards and incentives in transition: the implications of unemployment insurance exhaustion in Hungary",1999,"Available at SSRN 154678","papers.ssrn.com","https://papers.ssrn.com/sol3/papers.cfm?abstract_id=154678","https://scholar.google.com/scholar?cites=8151429375172638730&as_sdt=2005&sciodt=0,5&hl=en",935,"2022-08-15 21:28:05","","","","",,,,,7,0.30,4,2,23,"… in the early 1990s introduced limited-duration Unemployment Insurance (UI) as the … time the return to work to coincide with the exhaustion of UI entitlement. Changes in benefit duration …","https://repec.cepr.org/repec/cpr/ceprdp/DP2061.pdf","https://scholar.google.com/scholar?q=related:CnjZHtSxH3EJ:scholar.google.com/&scioq=duration+%22standard+error%22%7C%22standard+errors%22%7Cpbd%7C%22benefit+duration%22%7Cwba%7C%22weekly+benefit+amount%22%7C%22replacement+rate%22+%22unemployment+insurance%22&hl=en&as_sdt=0,5"
7,"J Micklewright, G Nagy","Living standards and incentives in transition: the implications of unemployment insurance exhaustion in Hungary",1999,"Available at SSRN 154678","papers.ssrn.com","https://papers.ssrn.com/sol3/papers.cfm?abstract_id=154678","https://scholar.google.com/scholar?cites=8151429375172638730&as_sdt=2005&sciodt=0,5&hl=en",954,"2022-08-15 21:28:05","","","","",,,,,7,0.30,4,2,23,"… One group of claimants appears to time the return to work to coincide with the exhaustion of UI entitlement. Changes in benefit duration or levels would be a crude tool with which to …","https://repec.cepr.org/repec/cpr/ceprdp/DP2061.pdf","https://scholar.google.com/scholar?q=related:CnjZHtSxH3EJ:scholar.google.com/&scioq=duration+%22standard+error%22%7C%22standard+errors%22%7Cpbd%7C%22benefit+duration%22%7Cwba%7C%22weekly+benefit+amount%22%7C%22replacement+rate%22+%22unemployment+insurance%22&hl=en&as_sdt=0,5"
54,"J Nie, E Struby","Would active labor market policies help combat high US unemployment?",2011,"Economic Review-Federal Reserve Bank of …","kansascityfed.org","https://www.kansascityfed.org/Economic%20Review/documents/1103/2011-Would%20Active%20Labor%20Market%20Policies%20Help%20Combat%20High%20U.S.%20Unemployment%3F.pdf","https://scholar.google.com/scholar?cites=2930994088139236091&as_sdt=2005&sciodt=0,5&hl=en",854,"2022-08-15 21:28:05","PDF","","","",,,,,54,4.91,27,2,11,"… have focused on providing unemployment insurance during downturns. These … benefit duration. That is, a more rapid decline in unemployment benefits corresponds to a shorter duration …","https://www.kansascityfed.org/Economic%20Review/documents/1103/2011-Would%20Active%20Labor%20Market%20Policies%20Help%20Combat%20High%20U.S.%20Unemployment%3F.pdf","https://scholar.google.com/scholar?q=related:-yJPFpj7rCgJ:scholar.google.com/&scioq=duration+%22standard+error%22%7C%22standard+errors%22%7Cpbd%7C%22benefit+duration%22%7Cwba%7C%22weekly+benefit+amount%22%7C%22replacement+rate%22+%22unemployment+insurance%22&hl=en&as_sdt=0,5"
0,"J PALLASCH","ADVISORY: UNEMPLOYMENT INSURANCE PROGRAM LETTER NO. 9-21",2020,"","marianaslabor.net","https://marianaslabor.net/resources/files/divisions/DES/UIPL%209-21%20-%20Continued%20Assistance%20for%20Unemployed%20Workers%20Act%20of%202020%20(Continued%20Assistance%20Act)%20-%20Summary%20of%20Key%20UI%20Provisions.pdf","",443,"2022-08-15 21:28:05","PDF","","","",,,,,0,0.00,0,1,2,"… individual’s average WBA to 24 times the individual’s average WBA. Individuals may only … the individual’s average WBA) and is currently collecting EB at the time the additional PEUC …","https://marianaslabor.net/resources/files/divisions/DES/UIPL%209-21%20-%20Continued%20Assistance%20for%20Unemployed%20Workers%20Act%20of%202020%20(Continued%20Assistance%20Act)%20-%20Summary%20of%20Key%20UI%20Provisions.pdf","https://scholar.google.com/scholar?q=related:NsvY6CV9_-YJ:scholar.google.com/&scioq=duration+%22standard+error%22%7C%22standard+errors%22%7Cpbd%7C%22benefit+duration%22%7Cwba%7C%22weekly+benefit+amount%22%7C%22replacement+rate%22+%22unemployment+insurance%22&hl=en&as_sdt=0,5"
12,"J Pareliussen","Overcoming Vulnerability of Unemployment Insurance Schemes",2014,"","oecd-ilibrary.org","https://www.oecd-ilibrary.org/economics/overcoming-vulnerability-of-unemployment-insurance-schemes_5jz1592jj48r-en","https://scholar.google.com/scholar?cites=17755365299230821997&as_sdt=2005&sciodt=0,5&hl=en",288,"2022-08-15 21:28:05","","","","",,,,,12,1.50,12,1,8,"… a lowering of the unemployment insurance replacement rate. … Unemployment insurance duration (total benefits the first 5 … period of membership in the unemployment insurance scheme…","","https://scholar.google.com/scholar?q=related:bU7z7aq6Z_YJ:scholar.google.com/&scioq=duration+%22standard+error%22%7C%22standard+errors%22%7Cpbd%7C%22benefit+duration%22%7Cwba%7C%22weekly+benefit+amount%22%7C%22replacement+rate%22+%22unemployment+insurance%22&hl=en&as_sdt=0,5"
41,"J Raifman, J Bor, A Venkataramani","Unemployment insurance and food insecurity among people who lost employment in the wake of COVID-19",2020,"MedRxiv","ncbi.nlm.nih.gov","https://www.ncbi.nlm.nih.gov/pmc/articles/PMC7402065/","https://scholar.google.com/scholar?cites=16154843390417431282&as_sdt=2005&sciodt=0,5&hl=en",221,"2022-08-15 21:28:05","HTML","","","",,,,,41,20.50,14,3,2,"… We conclude that receiving unemployment insurance benefits during the period when the … underestimate standard errors in the presence of fixed effects. We clustered standard errors by …","https://www.ncbi.nlm.nih.gov/pmc/articles/PMC7402065/","https://scholar.google.com/scholar?q=related:8urlt3iIMeAJ:scholar.google.com/&scioq=duration+%22standard+error%22%7C%22standard+errors%22%7Cpbd%7C%22benefit+duration%22%7Cwba%7C%22weekly+benefit+amount%22%7C%22replacement+rate%22+%22unemployment+insurance%22&hl=en&as_sdt=0,5"
70,"J Raifman, J Bor, A Venkataramani","Association between receipt of unemployment insurance and food insecurity among people who lost employment during the COVID-19 pandemic in the United States",2021,"JAMA network open","jamanetwork.com","https://jamanetwork.com/journals/jamanetworkopen/article-abstract/2775731","https://scholar.google.com/scholar?cites=4824456210914517019&as_sdt=2005&sciodt=0,5&hl=en",252,"2022-08-15 21:28:05","","","","",,,,,70,70.00,23,3,1,"… period 17 (eAppendix in the Supplement). We ran 3 separate models to evaluate any unemployment insurance, unemployment insurance … Throughout, we clustered standard errors by …","https://jamanetwork.com/journals/jamanetworkopen/articlepdf/2775731/raifman_2021_oi_201075_1611286819.38745.pdf","https://scholar.google.com/scholar?q=related:G6D83Vzp80IJ:scholar.google.com/&scioq=duration+%22standard+error%22%7C%22standard+errors%22%7Cpbd%7C%22benefit+duration%22%7Cwba%7C%22weekly+benefit+amount%22%7C%22replacement+rate%22+%22unemployment+insurance%22&hl=en&as_sdt=0,5"
478,"J Rothstein","Unemployment insurance and job search in the Great Recession",2011,"","nber.org","https://www.nber.org/papers/w17534","https://scholar.google.com/scholar?cites=4429725199370881445&as_sdt=2005&sciodt=0,5&hl=en",165,"2022-08-15 21:28:05","","","","",,,,,478,43.45,478,1,11,"… 2 implies that unemployment insurance extensions will reduce job-finding rates at all unemployment durations below the new maximum benefit duration D and will shift the time-until-…","https://www.nber.org/system/files/working_papers/w17534/w17534.pdf","https://scholar.google.com/scholar?q=related:pQkZYZmLeT0J:scholar.google.com/&scioq=duration+%22standard+error%22%7C%22standard+errors%22%7Cpbd%7C%22benefit+duration%22%7Cwba%7C%22weekly+benefit+amount%22%7C%22replacement+rate%22+%22unemployment+insurance%22&hl=en&as_sdt=0,5"
71,"J Rothstein, RG Valletta","Scraping by: Income and program participation after the loss of extended unemployment benefits",2017,"Journal of Policy Analysis and …","Wiley Online Library","https://onlinelibrary.wiley.com/doi/abs/10.1002/pam.22018","https://scholar.google.com/scholar?cites=9920647101307764439&as_sdt=2005&sciodt=0,5&hl=en",942,"2022-08-15 21:28:05","","10.1002/pam.22018","","",,,,,71,14.20,36,2,5,"… model the optimal duration of unemployment insurance as one that … time. We are unable to distinguish whether these individuals were eligible for less than the maximum benefit duration …","https://www.nber.org/system/files/working_papers/w23528/w23528.pdf","https://scholar.google.com/scholar?q=related:1z51D_o3rYkJ:scholar.google.com/&scioq=duration+%22standard+error%22%7C%22standard+errors%22%7Cpbd%7C%22benefit+duration%22%7Cwba%7C%22weekly+benefit+amount%22%7C%22replacement+rate%22+%22unemployment+insurance%22&hl=en&as_sdt=0,5"
6,"J Saarela","Replacement rates and labour market behaviour",2006,"Socio-Economic Planning Sciences","Elsevier","https://www.sciencedirect.com/science/article/pii/S0038012105000212","https://scholar.google.com/scholar?cites=18082950397346061040&as_sdt=2005&sciodt=0,5&hl=en",843,"2022-08-15 21:28:05","","","","",,,,,6,0.38,6,1,16,"… Unemployment insurance recipients are found to be less sensitive to changes in the replacement rate … also seeks to identify period-specific effects of the replacement rate variable. In …","http://citeseerx.ist.psu.edu/viewdoc/download?doi=10.1.1.493.2286&rep=rep1&type=pdf","https://scholar.google.com/scholar?q=related:8BrSLJSL8_oJ:scholar.google.com/&scioq=duration+%22standard+error%22%7C%22standard+errors%22%7Cpbd%7C%22benefit+duration%22%7Cwba%7C%22weekly+benefit+amount%22%7C%22replacement+rate%22+%22unemployment+insurance%22&hl=en&as_sdt=0,5"
11,"J Schwartz","Unemployment insurance and the business cycle: what adjustments are needed?",2013,"Southern Economic Journal","Wiley Online Library","https://onlinelibrary.wiley.com/doi/abs/10.4284/0038-4038-2010.321","https://scholar.google.com/scholar?cites=13628266096170357627&as_sdt=2005&sciodt=0,5&hl=en",155,"2022-08-15 21:28:05","","10.4284/0038-4038-2010.321","","",,,,,11,1.22,11,1,9,"… When the government adjusts both the benefit amount and its duration, the optimal policy during downturns is a reduction in the replacement rate. This mitigates the decline in job …","https://ecomod.net/system/files/JSchwartz%20-%20ECOMOD%20Revised%20-%20Optimal%20UI%20Extensions%20%20v1.pdf","https://scholar.google.com/scholar?q=related:e9O7Ds9TIb0J:scholar.google.com/&scioq=duration+%22standard+error%22%7C%22standard+errors%22%7Cpbd%7C%22benefit+duration%22%7Cwba%7C%22weekly+benefit+amount%22%7C%22replacement+rate%22+%22unemployment+insurance%22&hl=en&as_sdt=0,5"
13,"J Schwartz","Do temporary extensions to unemployment insurance benefits matter? The effects of the US standby extended benefit program",2013,"Applied Economics","Taylor & Francis","https://www.tandfonline.com/doi/abs/10.1080/00036846.2011.613799","https://scholar.google.com/scholar?cites=3412487182922028727&as_sdt=2005&sciodt=0,5&hl=en",196,"2022-08-15 21:28:05","","10.1080/00036846.2011.613799","","",,,,,13,1.44,13,1,9,"… late 1970s, which determines benefit duration by the amount of time the claimant works and … The authors estimate that an increase in benefit duration of 1 week increases the length of …","https://www.tandfonline.com/doi/pdf/10.1080/00036846.2011.613799","https://scholar.google.com/scholar?q=related:txakQgOXWy8J:scholar.google.com/&scioq=duration+%22standard+error%22%7C%22standard+errors%22%7Cpbd%7C%22benefit+duration%22%7Cwba%7C%22weekly+benefit+amount%22%7C%22replacement+rate%22+%22unemployment+insurance%22&hl=en&as_sdt=0,5"
0,"J Weiner, NEPP Center","When the Tide Goes Out: Unemployment Insurance Trust Funds and the Great Recession",2012,"","massecon.com","https://www.massecon.com/wp-content/uploads/When-the-Tide-Goes-Out-Unemployment-Insurance-Trust-Funds-and-the-Great-Recession.pdf","",899,"2022-08-15 21:28:05","PDF","","","",,,,,0,0.00,0,2,10,"… proxy measures: the average replacement rate and the regular … period was also higher than the average for other borrowing states.Maine had the region’s third highest replacement rate…","https://www.massecon.com/wp-content/uploads/When-the-Tide-Goes-Out-Unemployment-Insurance-Trust-Funds-and-the-Great-Recession.pdf","https://scholar.google.com/scholar?q=related:ltxiB6PzYTYJ:scholar.google.com/&scioq=duration+%22standard+error%22%7C%22standard+errors%22%7Cpbd%7C%22benefit+duration%22%7Cwba%7C%22weekly+benefit+amount%22%7C%22replacement+rate%22+%22unemployment+insurance%22&hl=en&as_sdt=0,5"
1,"J Wenger, H Boushey, J Wenger","The re-employment effects of unemployment insurance: Does unemployment insurance beget health insurance",2005,"University of Georgia","","","https://scholar.google.com/scholar?cites=2587546665297997860&as_sdt=2005&sciodt=0,5&hl=en",840,"2022-08-15 21:28:05","CITATION","","","",,,,,1,0.06,0,3,17,"","","https://scholar.google.com/scholar?q=related:JHDVkPvP6CMJ:scholar.google.com/&scioq=duration+%22standard+error%22%7C%22standard+errors%22%7Cpbd%7C%22benefit+duration%22%7Cwba%7C%22weekly+benefit+amount%22%7C%22replacement+rate%22+%22unemployment+insurance%22&hl=en&as_sdt=0,5"
11,"J Wolff","Unemployment benefits and the duration of unemployment in East Germany",2003,"","econstor.eu","https://www.econstor.eu/handle/10419/31054","https://scholar.google.com/scholar?cites=12087813019131959251&as_sdt=2005&sciodt=0,5&hl=en",457,"2022-08-15 21:28:05","","","","",,,,,11,0.58,11,1,19,"… The effect of the replacement rate on the hazards becomes … declining in time until exhausting unemployment insurance (… of time until exhausting UI benefits and the replacement rate. …","https://www.econstor.eu/bitstream/10419/31054/1/481197273.PDF","https://scholar.google.com/scholar?q=related:09eznOWJwKcJ:scholar.google.com/&scioq=duration+%22standard+error%22%7C%22standard+errors%22%7Cpbd%7C%22benefit+duration%22%7Cwba%7C%22weekly+benefit+amount%22%7C%22replacement+rate%22+%22unemployment+insurance%22&hl=en&as_sdt=0,5"
8,"J Wu, LC Secretariat","Unemployment-related Benefits System in the United States",2000,"","113.28.88.71","https://113.28.88.71/yr99-00/english/sec/library/e16.pdf","https://scholar.google.com/scholar?cites=1100780482196941187&as_sdt=2005&sciodt=0,5&hl=en",525,"2022-08-15 21:28:05","BOOK","","","",,,,,8,0.36,4,2,22,"… maximum duration of 26 weeks of unemployment insurance … unemployment insurance wage replacement rate can be … the unemployment duration of unemployment insurance claimants …","https://113.28.88.71/yr99-00/english/sec/library/e16.pdf","https://scholar.google.com/scholar?q=related:gykIMQTCRg8J:scholar.google.com/&scioq=duration+%22standard+error%22%7C%22standard+errors%22%7Cpbd%7C%22benefit+duration%22%7Cwba%7C%22weekly+benefit+amount%22%7C%22replacement+rate%22+%22unemployment+insurance%22&hl=en&as_sdt=0,5"
10,"J Zweimüller","Unemployment insurance and the labor market",2018,"Labour Economics","Elsevier","https://www.sciencedirect.com/science/article/pii/S0927537118300757","https://scholar.google.com/scholar?cites=11526964678600811065&as_sdt=2005&sciodt=0,5&hl=en",316,"2022-08-15 21:28:05","","","","",,,,,10,2.50,10,1,4,"… duration of UI benefits was extended to a hitherto unkown extent, with many states granting a maximum UI benefit duration of 99 … We assume a net replacement rate of UI benefits of 55 …","https://www.econstor.eu/bitstream/10419/192886/1/econwp276.pdf","https://scholar.google.com/scholar?q=related:OeJ5fk0B-J8J:scholar.google.com/&scioq=duration+%22standard+error%22%7C%22standard+errors%22%7Cpbd%7C%22benefit+duration%22%7Cwba%7C%22weekly+benefit+amount%22%7C%22replacement+rate%22+%22unemployment+insurance%22&hl=en&as_sdt=0,5"
1,"JA Hickey","Status Report on Unemployment Insurance Laws",1969,"Monthly Lab. Rev.","HeinOnline","https://heinonline.org/hol-cgi-bin/get_pdf.cgi?handle=hein.journals/month92&section=14","https://scholar.google.com/scholar?cites=7944348019539889669&as_sdt=2005&sciodt=0,5&hl=en",93,"2022-08-15 21:28:05","","","","",,,,,1,0.02,1,1,53,"… In States noted, range of duration applies to claimants with minimum qualifying wages in base period; longer duration applies with the minimum wba; the shorter duration applies with …","","https://scholar.google.com/scholar?q=related:Bc7AzG7-P24J:scholar.google.com/&scioq=duration+%22standard+error%22%7C%22standard+errors%22%7Cpbd%7C%22benefit+duration%22%7Cwba%7C%22weekly+benefit+amount%22%7C%22replacement+rate%22+%22unemployment+insurance%22&hl=en&as_sdt=0,5"
3,"JA Hickey","Changes in State unemployment insurance legislation",1974,"Monthly Lab. Rev.","HeinOnline","https://heinonline.org/hol-cgi-bin/get_pdf.cgi?handle=hein.journals/month97&section=9","https://scholar.google.com/scholar?cites=7149095552278269999&as_sdt=2005&sciodt=0,5&hl=en",116,"2022-08-15 21:28:05","","","","",,,,,3,0.06,3,1,48,"… as wba: base period. BP; base-… wba for partial unemployment, in States noted full wba is paid if earnings are less than 1/2 wba; 1/2 wba if earnings are 1/2 wba but less than wba. • …","","https://scholar.google.com/scholar?q=related:LxDf-oawNmMJ:scholar.google.com/&scioq=duration+%22standard+error%22%7C%22standard+errors%22%7Cpbd%7C%22benefit+duration%22%7Cwba%7C%22weekly+benefit+amount%22%7C%22replacement+rate%22+%22unemployment+insurance%22&hl=en&as_sdt=0,5"
3,"JA Hickey","A report on State unemployment insurance laws",1972,"Monthly Lab. Rev.","HeinOnline","https://heinonline.org/hol-cgi-bin/get_pdf.cgi?handle=hein.journals/month95&section=8","https://scholar.google.com/scholar?cites=13135172759823152515&as_sdt=2005&sciodt=0,5&hl=en",136,"2022-08-15 21:28:05","","","","",,,,,3,0.06,3,1,50,"… range of duration applies to claimants with minimum qualifying wages in base period; longer duration applies with the minimum wba; the shorter duration applies with maiimum possible …","","https://scholar.google.com/scholar?q=related:g3WlLAiCSbYJ:scholar.google.com/&scioq=duration+%22standard+error%22%7C%22standard+errors%22%7Cpbd%7C%22benefit+duration%22%7Cwba%7C%22weekly+benefit+amount%22%7C%22replacement+rate%22+%22unemployment+insurance%22&hl=en&as_sdt=0,5"
3,"JA Hickey","Status report on State unemployment insurance laws",1971,"Monthly Lab. Rev.","HeinOnline","https://heinonline.org/hol-cgi-bin/get_pdf.cgi?handle=hein.journals/month94&section=7","https://scholar.google.com/scholar?cites=13567318498343278981&as_sdt=2005&sciodt=0,5&hl=en",158,"2022-08-15 21:28:05","","","","",,,,,3,0.06,3,1,51,"… Earnings dis- base-period wages weekly benefit amount for total benefit … I Weekly benefit amount abbreviated in columns and footnotes as.wa. a Unless otherwise noted, waiting period …","","https://scholar.google.com/scholar?q=related:hVlWoErMSLwJ:scholar.google.com/&scioq=duration+%22standard+error%22%7C%22standard+errors%22%7Cpbd%7C%22benefit+duration%22%7Cwba%7C%22weekly+benefit+amount%22%7C%22replacement+rate%22+%22unemployment+insurance%22&hl=en&as_sdt=0,5"
3,"JA Hickey","Unemployment insurance covers additional 9 million workers",1978,"Monthly Lab. Rev.","HeinOnline","https://heinonline.org/hol-cgi-bin/get_pdf.cgi?handle=hein.journals/month101&section=67","https://scholar.google.com/scholar?cites=397920251281119706&as_sdt=2005&sciodt=0,5&hl=en",234,"2022-08-15 21:28:05","","","","",,,,,3,0.07,3,1,44,"… weekly benefit amount. The State law was also amended to eliminate the limitation on duration of 75 percent of total base period … to 26 times the weekly benefit amount. Connecticut law …","","https://scholar.google.com/scholar?q=related:2pmLOlyyhQUJ:scholar.google.com/&scioq=duration+%22standard+error%22%7C%22standard+errors%22%7Cpbd%7C%22benefit+duration%22%7Cwba%7C%22weekly+benefit+amount%22%7C%22replacement+rate%22+%22unemployment+insurance%22&hl=en&as_sdt=0,5"
0,"JA Hickey","State unemployment insurance laws: status report",1973,"Monthly Lab. Rev.","HeinOnline","https://heinonline.org/hol-cgi-bin/get_pdf.cgi?handle=hein.journals/month96&section=8","",264,"2022-08-15 21:28:05","","","","",,,,,0,0.00,0,1,49,"… is paid if earnings are less than 1/2 wba; 1/2 wba if earnings are 1/2 wba but less than wba. … in baie period; longer duration applies with the minimum wba; the shorter duration applies …","",""
1,"JA Hickey","Unemployment insurance—State changes in 1975",1976,"Monthly Labor Review","JSTOR","https://www.jstor.org/stable/41840009","https://scholar.google.com/scholar?cites=802834685405611704&as_sdt=2005&sciodt=0,5&hl=en",419,"2022-08-15 21:28:05","","","","",,,,,1,0.02,1,1,46,"… Maximum weekly benefit amount was increased from $85 to $105, and over a 3-year period to 66% percent of the statewide … Duration limit was increased from 47 to 50 percent of base-…","","https://scholar.google.com/scholar?q=related:uMb2jOQ9JAsJ:scholar.google.com/&scioq=duration+%22standard+error%22%7C%22standard+errors%22%7Cpbd%7C%22benefit+duration%22%7Cwba%7C%22weekly+benefit+amount%22%7C%22replacement+rate%22+%22unemployment+insurance%22&hl=en&as_sdt=0,5"
0,"JA Hickey","Changes in State unemployment insurance laws during 1969",1970,"Monthly Lab. Rev.","HeinOnline","https://heinonline.org/hol-cgi-bin/get_pdf.cgi?handle=hein.journals/month93&section=12","",456,"2022-08-15 21:28:05","","","","",,,,,0,0.00,0,1,52,"… benefit year and base-period provisions on which the formulas … weekly wage during the same period. Colorado also repealed … minimumweekly benefit amount to be copiputed annually …","",""
8,"JA Kaufman, MD Livingston, KA Komro","Unemployment insurance program accessibility and suicide rates in the United States",2020,"Preventive medicine","Elsevier","https://www.sciencedirect.com/science/article/pii/S009174352030342X","https://scholar.google.com/scholar?cites=15519640742598287567&as_sdt=2005&sciodt=0,5&hl=en",267,"2022-08-15 21:28:05","","","","",,,,,8,4.00,3,3,2,"… We used generalized estimating equations with robust standard errors to account for … , X is a vector containing four state-level annual time-varying factors (state minimum wage, gross …","https://www.ncbi.nlm.nih.gov/pmc/articles/PMC7704719/","https://scholar.google.com/scholar?q=related:zyBAYAfXYNcJ:scholar.google.com/&scioq=duration+%22standard+error%22%7C%22standard+errors%22%7Cpbd%7C%22benefit+duration%22%7Cwba%7C%22weekly+benefit+amount%22%7C%22replacement+rate%22+%22unemployment+insurance%22&hl=en&as_sdt=0,5"
479,"JB Cullen, J Gruber","Does unemployment insurance crowd out spousal labor supply?",2000,"Journal of labor Economics","journals.uchicago.edu","https://www.journals.uchicago.edu/doi/abs/10.1086/209969","https://scholar.google.com/scholar?cites=14918252029401359085&as_sdt=2005&sciodt=0,5&hl=en",446,"2022-08-15 21:28:05","","10.1086/209969","","",,,,,479,21.77,240,2,22,"… with the potential bias from endogenous duration, is to pursue the analysis using monthly observations on labor supply and to correct the standard errors for the correlation within spells. …","","https://scholar.google.com/scholar?q=related:7eI3Mi5HCM8J:scholar.google.com/&scioq=duration+%22standard+error%22%7C%22standard+errors%22%7Cpbd%7C%22benefit+duration%22%7Cwba%7C%22weekly+benefit+amount%22%7C%22replacement+rate%22+%22unemployment+insurance%22&hl=en&as_sdt=0,5"
56,"JB Davidsson, P Marx","Losing the issue, losing the vote: Issue competition and the reform of unemployment insurance in Germany and Sweden",2013,"Political Studies","journals.sagepub.com","https://journals.sagepub.com/doi/abs/10.1111/j.1467-9248.2012.00997.x","https://scholar.google.com/scholar?cites=5312849691610240111&as_sdt=2005&sciodt=0,5&hl=en",156,"2022-08-15 21:28:05","","10.1111/j.1467-9248.2012.00997.x","","",,,,,56,6.22,28,2,9,"… eligibility for unemployment insurance, was integrated into considerably less generous social assistance. At the same time, benefit duration of unemployment insurance was reduced …","","https://scholar.google.com/scholar?q=related:b9R4VaUIu0kJ:scholar.google.com/&scioq=duration+%22standard+error%22%7C%22standard+errors%22%7Cpbd%7C%22benefit+duration%22%7Cwba%7C%22weekly+benefit+amount%22%7C%22replacement+rate%22+%22unemployment+insurance%22&hl=en&as_sdt=0,5"
23,"JB Grossman","The work disincentive effect of extended unemployment compensation: recent evidence",1989,"The Review of Economics and Statistics","JSTOR","https://www.jstor.org/stable/1928063","https://scholar.google.com/scholar?cites=11260601523790552768&as_sdt=2005&sciodt=0,5&hl=en",926,"2022-08-15 21:28:05","","","","",,,,,23,0.70,23,1,33,"… in a given week, t, depends on: the potential maximum duration of FSC benefits in that week, P (t);5 the weekly benefit amount, B,; the pre-unemployment weekly wage, wpi; the monthly …","","https://scholar.google.com/scholar?q=related:wB7CtmyxRZwJ:scholar.google.com/&scioq=duration+%22standard+error%22%7C%22standard+errors%22%7Cpbd%7C%22benefit+duration%22%7Cwba%7C%22weekly+benefit+amount%22%7C%22replacement+rate%22+%22unemployment+insurance%22&hl=en&as_sdt=0,5"
28,"JC Cox, RL Oaxaca","Unemployment insurance and job search",1990,"","scholarworks.gsu.edu","https://scholarworks.gsu.edu/cgi/viewcontent.cgi?article=1078&context=econ_facpub","https://scholar.google.com/scholar?cites=11610782832481941124&as_sdt=2005&sciodt=0,5&hl=en",81,"2022-08-15 21:28:05","PDF","","","",,,,,28,0.88,14,2,32,"… the effects of WBA on compensated weeks of unemployment after control ling for a worker’s … duration of benefits. This study found that an additional $10 of WBA raises the duration of …","https://scholarworks.gsu.edu/cgi/viewcontent.cgi?article=1078&context=econ_facpub","https://scholar.google.com/scholar?q=related:hDZKNnjJIaEJ:scholar.google.com/&scioq=duration+%22standard+error%22%7C%22standard+errors%22%7Cpbd%7C%22benefit+duration%22%7Cwba%7C%22weekly+benefit+amount%22%7C%22replacement+rate%22+%22unemployment+insurance%22&hl=en&as_sdt=0,5"
0,"JC Cox, RL Oaxaca","Unemployment Insurance: The Worker's Perspective. Background Paper No. 16.",1989,"","ERIC","https://eric.ed.gov/?id=ED317683","",438,"2022-08-15 21:28:05","","","","",,,,,0,0.00,0,2,33,"… Unemployment Insurance (UI) benefits and the duration of … the effect of UI benefits on the duration of unemployment. … of the weekly benefit amount (WBA) on the duration of compensated …","https://files.eric.ed.gov/fulltext/ED317683.pdf","https://scholar.google.com/scholar?q=related:LcNeJCjFU4cJ:scholar.google.com/&scioq=duration+%22standard+error%22%7C%22standard+errors%22%7Cpbd%7C%22benefit+duration%22%7Cwba%7C%22weekly+benefit+amount%22%7C%22replacement+rate%22+%22unemployment+insurance%22&hl=en&as_sdt=0,5"
20,"JC Gordon","The Perils of Vanguardism: Explaining radical cuts to unemployment insurance in Sweden",2019,"Socio-Economic Review","academic.oup.com","https://academic.oup.com/ser/article-abstract/17/4/947/4652991","https://scholar.google.com/scholar?cites=18003274042075674439&as_sdt=2005&sciodt=0,5&hl=en",964,"2022-08-15 21:28:05","","","","",,,,,20,6.67,20,1,3,"… unemployment insurance: imposing 5 waiting days, reducing the maximum replacement rate … What is notable about this period of reforms is that the changes that reduced generosity the …","https://www.researchgate.net/profile/Joshua-Gordon/publication/323587316_The_perils_of_vanguardism_Explaining_radical_cuts_to_unemployment_insurance_in_Sweden/links/5caf9fb24585156cd7915c29/The-perils-of-vanguardism-Explaining-radical-cuts-to-unemployment-insurance-in-Sweden.pdf","https://scholar.google.com/scholar?q=related:R3fuF1t62PkJ:scholar.google.com/&scioq=duration+%22standard+error%22%7C%22standard+errors%22%7Cpbd%7C%22benefit+duration%22%7Cwba%7C%22weekly+benefit+amount%22%7C%22replacement+rate%22+%22unemployment+insurance%22&hl=en&as_sdt=0,5"
468,"JC Ham, SA Rea Jr","Unemployment insurance and male unemployment duration in Canada",1987,"Journal of labor Economics","journals.uchicago.edu","https://www.journals.uchicago.edu/doi/abs/10.1086/298150","https://scholar.google.com/scholar?cites=9442678872044917481&as_sdt=2005&sciodt=0,5&hl=en",46,"2022-08-15 21:28:05","","10.1086/298150","","",,,,,468,13.37,234,2,35,"… introduction of a more generous unemployment insurance … The changes in the unemployment insurance system that took place in … In forming standard errors and test statistics, we ignore …","","https://scholar.google.com/scholar?q=related:6dJSmGciC4MJ:scholar.google.com/&scioq=duration+%22standard+error%22%7C%22standard+errors%22%7Cpbd%7C%22benefit+duration%22%7Cwba%7C%22weekly+benefit+amount%22%7C%22replacement+rate%22+%22unemployment+insurance%22&hl=en&as_sdt=0,5"
244,"JC Van Ours, M Vodopivec","Does reducing unemployment insurance generosity reduce job match quality?",2008,"Journal of Public Economics","Elsevier","https://www.sciencedirect.com/science/article/pii/S0047272707000904","https://scholar.google.com/scholar?cites=70189250396194013&as_sdt=2005&sciodt=0,5&hl=en",3,"2022-08-15 21:28:05","","","","",,,,,244,17.43,122,2,14,"… length of the entitlement period for unemployment insurance … 1998 reform of Slovenia's unemployment insurance law, we … of changes in potential benefit duration (PBD) on the quality of …","https://core.ac.uk/download/pdf/192831313.pdf","https://scholar.google.com/scholar?q=related:3YTqWMBc-QAJ:scholar.google.com/&scioq=duration+%22standard+error%22%7C%22standard+errors%22%7Cpbd%7C%22benefit+duration%22%7Cwba%7C%22weekly+benefit+amount%22%7C%22replacement+rate%22+%22unemployment+insurance%22&hl=en&as_sdt=0,5"
239,"JC Van Ours, M Vodopivec","How shortening the potential duration of unemployment benefits affects the duration of unemployment: Evidence from a natural experiment",2006,"Journal of Labor economics","journals.uchicago.edu","https://www.journals.uchicago.edu/doi/abs/10.1086/499976","https://scholar.google.com/scholar?cites=13893501522942223391&as_sdt=2005&sciodt=0,5&hl=en",18,"2022-08-15 21:28:05","","10.1086/499976","","",,,,,239,14.94,120,2,16,"… of shortening the potential duration of unemployment insurance (UI) … PBD, arguably the major contribution of this article is to clearly pinpoint causality—namely, that shortening the PBD …","","https://scholar.google.com/scholar?q=related:H-RRMQaiz8AJ:scholar.google.com/&scioq=duration+%22standard+error%22%7C%22standard+errors%22%7Cpbd%7C%22benefit+duration%22%7Cwba%7C%22weekly+benefit+amount%22%7C%22replacement+rate%22+%22unemployment+insurance%22&hl=en&as_sdt=0,5"
16,"JC Van Ours, M Vodopivec","How changes in benefits entitlement affect the duration of unemployment",2005,"","papers.ssrn.com","https://papers.ssrn.com/sol3/papers.cfm?abstract_id=771468","https://scholar.google.com/scholar?cites=4265694410486152831&as_sdt=2005&sciodt=0,5&hl=en",67,"2022-08-15 21:28:05","","","","",,,,,16,0.94,8,2,17,"… potential duration of unemployment insurance … unemployment insurance (UI) relate both to the level of the benefits (relative to the expected wage) and the potential benefit duration (PBD…","https://repec.cepr.org/repec/cpr/ceprdp/DP4962.pdf","https://scholar.google.com/scholar?q=related:f35lOXfKMjsJ:scholar.google.com/&scioq=duration+%22standard+error%22%7C%22standard+errors%22%7Cpbd%7C%22benefit+duration%22%7Cwba%7C%22weekly+benefit+amount%22%7C%22replacement+rate%22+%22unemployment+insurance%22&hl=en&as_sdt=0,5"
35,"JC Van Ours, M Vodopivec","Shortening the potential duration of unemployment benefits does not affect the quality of post-unemployment jobs: evidence from a natural experiment",2006,"","papers.ssrn.com","https://papers.ssrn.com/sol3/papers.cfm?abstract_id=915361","https://scholar.google.com/scholar?cites=6884420021316092733&as_sdt=2005&sciodt=0,5&hl=en",121,"2022-08-15 21:28:05","","","","",,,,,35,2.19,18,2,16,"… We find that the reduction in benefit duration did not affect the … 1998 change in Slovenias unemployment insurance system. In … In section 4 we present our analysis of job duration, which …","https://www.econstor.eu/bitstream/10419/34017/1/513828621.pdf","https://scholar.google.com/scholar?q=related:PQMiv4hfil8J:scholar.google.com/&scioq=duration+%22standard+error%22%7C%22standard+errors%22%7Cpbd%7C%22benefit+duration%22%7Cwba%7C%22weekly+benefit+amount%22%7C%22replacement+rate%22+%22unemployment+insurance%22&hl=en&as_sdt=0,5"
20,"JC Van Ours, M Vodopivec","Duration of unemployment benefits and quality of post-unemployment jobs: evidence from a natural experiment",2006,"","books.google.com","https://books.google.com/books?hl=en&lr=&id=Qv-dQ1f8iUYC&oi=fnd&pg=PA32&dq=duration+%22standard+error%22%7C%22standard+errors%22%7Cpbd%7C%22benefit+duration%22%7Cwba%7C%22weekly+benefit+amount%22%7C%22replacement+rate%22+%22unemployment+insurance%22&ots=GCn3FQGnvf&sig=kdOTmbVewwX1uMqkPOdIlWC_vsI","https://scholar.google.com/scholar?cites=7608896870292567573&as_sdt=2005&sciodt=0,5&hl=en",154,"2022-08-15 21:28:05","BOOK","","","",,,,,20,1.25,10,2,16,"… describe the 1998 change in Slovenias unemployment insurance system. In section 3 we … of job duration, which consists of two parts. We ﬁrst analyze whether the reduction in the PBD …","https://books.google.com/books?hl=en&lr=&id=Qv-dQ1f8iUYC&oi=fnd&pg=PA32&dq=duration+%22standard+error%22%7C%22standard+errors%22%7Cpbd%7C%22benefit+duration%22%7Cwba%7C%22weekly+benefit+amount%22%7C%22replacement+rate%22+%22unemployment+insurance%22&ots=GCn3FQGnvf&sig=kdOTmbVewwX1uMqkPOdIlWC_vsI","https://scholar.google.com/scholar?q=related:FbZezmM7mGkJ:scholar.google.com/&scioq=duration+%22standard+error%22%7C%22standard+errors%22%7Cpbd%7C%22benefit+duration%22%7Cwba%7C%22weekly+benefit+amount%22%7C%22replacement+rate%22+%22unemployment+insurance%22&hl=en&as_sdt=0,5"
4,"JC van Ours","Do We Need Crisis-Specific Labor Market Policies? Lessons from Dutch Miracle-Part II",2010,"CESifo Forum","econstor.eu","https://www.econstor.eu/bitstream/10419/166381/1/cesifo-forum-v11-y2010-i1-p29-36.pdf","https://scholar.google.com/scholar?cites=1024851777694037118&as_sdt=2005&sciodt=0,5&hl=en",652,"2022-08-15 21:28:05","PDF","","","",,,,,4,0.33,4,1,12,"… and an overhaul of unemployment insurance in 1987, followed by … The potential benefit duration (PBD) and the benefit level de… So, the maximum period applies to people with an employ…","https://www.econstor.eu/bitstream/10419/166381/1/cesifo-forum-v11-y2010-i1-p29-36.pdf","https://scholar.google.com/scholar?q=related:fnThDEMBOQ4J:scholar.google.com/&scioq=duration+%22standard+error%22%7C%22standard+errors%22%7Cpbd%7C%22benefit+duration%22%7Cwba%7C%22weekly+benefit+amount%22%7C%22replacement+rate%22+%22unemployment+insurance%22&hl=en&as_sdt=0,5"
26,"JC van Ours","Compulsion in active labour market programmes",2007,"National Institute Economic Review","journals.sagepub.com","https://journals.sagepub.com/doi/abs/10.1177/0027950107086169","https://scholar.google.com/scholar?cites=1267057009405427742&as_sdt=2005&sciodt=0,5&hl=en",677,"2022-08-15 21:28:05","","10.1177/0027950107086169","","",,,,,26,1.73,26,1,15,"… the link between the PBD and the duration of unemployment insurance benefits. Katz and … increase in PBD increases the average duration of unemployment insurance recipients by …","https://core.ac.uk/download/pdf/6908951.pdf","https://scholar.google.com/scholar?q=related:HoDHC6N9lREJ:scholar.google.com/&scioq=duration+%22standard+error%22%7C%22standard+errors%22%7Cpbd%7C%22benefit+duration%22%7Cwba%7C%22weekly+benefit+amount%22%7C%22replacement+rate%22+%22unemployment+insurance%22&hl=en&as_sdt=0,5"
4,"JC van Ours","Leaving'Hotel California': How Incentives Affect Flows of Benefit Recipients in the Netherlands",2006,"","papers.ssrn.com","https://papers.ssrn.com/Sol3/papers.cfm?abstract_id=948422","https://scholar.google.com/scholar?cites=17981341694463229457&as_sdt=2005&sciodt=0,5&hl=en",810,"2022-08-15 21:28:05","","","","",,,,,4,0.25,4,1,16,"… in the Netherlands concerning unemployment insurance, … duration, the average duration of unemployment insurance is … The potential benefit duration (PBD) and the benefit level …","https://citeseerx.ist.psu.edu/viewdoc/download?doi=10.1.1.514.8356&rep=rep1&type=pdf","https://scholar.google.com/scholar?q=related:Eb5mewCPivkJ:scholar.google.com/&scioq=duration+%22standard+error%22%7C%22standard+errors%22%7Cpbd%7C%22benefit+duration%22%7Cwba%7C%22weekly+benefit+amount%22%7C%22replacement+rate%22+%22unemployment+insurance%22&hl=en&as_sdt=0,5"
3,"JC van Ours","Leaving"" Hotel California"": How incentives affect flows of benefits in the Netherlands",2006,"Vierteljahrshefte zur Wirtschaftsforschung","econstor.eu","https://www.econstor.eu/handle/10419/99446","https://scholar.google.com/scholar?cites=9078470926552719797&as_sdt=2005&sciodt=0,5&hl=en",968,"2022-08-15 21:28:05","","","","",,,,,3,0.19,3,1,16,"… Unemployment insurance is characterized by a lot of … the duration, the average duration of unemployment insurance is … The potential benefit duration (PBD) and the benefit level depend …","https://www.econstor.eu/bitstream/10419/99446/1/vjh.75.3.186.pdf","https://scholar.google.com/scholar?q=related:teHiODU1_X0J:scholar.google.com/&scioq=duration+%22standard+error%22%7C%22standard+errors%22%7Cpbd%7C%22benefit+duration%22%7Cwba%7C%22weekly+benefit+amount%22%7C%22replacement+rate%22+%22unemployment+insurance%22&hl=en&as_sdt=0,5"
0,"JC van Ours, M Vodopivec","How Shortening Potential Benefit Durations Affects Unemployment Spells: Evidence from a Natural Experiment",2005,"","","","",786,"2022-08-15 21:28:05","CITATION","","","",,,,,0,0.00,0,2,17,"","","https://scholar.google.com/scholar?q=related:NdCWnOJZ-6QJ:scholar.google.com/&scioq=duration+%22standard+error%22%7C%22standard+errors%22%7Cpbd%7C%22benefit+duration%22%7Cwba%7C%22weekly+benefit+amount%22%7C%22replacement+rate%22+%22unemployment+insurance%22&hl=en&as_sdt=0,5"
0,"JC van Ours, M Vodopivec","Changes in benefit entitlement and job finding: the Slovenian experiment",2005,"EUROPEAN ECONOMY SPECIAL …","ec.europa.eu","https://ec.europa.eu/economy_finance/events/2005/bxlworkshop0305/doc11en.pdf","",909,"2022-08-15 21:28:05","PDF","","","",,,,,0,0.00,0,2,17,"… reductions in the potential benefit duration which occurred in … The PBD not only affects the duration of unemployment but … a combination of unemployment insurance and unemployment …","https://ec.europa.eu/economy_finance/events/2005/bxlworkshop0305/doc11en.pdf","https://scholar.google.com/scholar?q=related:RAGBp76BuHcJ:scholar.google.com/&scioq=duration+%22standard+error%22%7C%22standard+errors%22%7Cpbd%7C%22benefit+duration%22%7Cwba%7C%22weekly+benefit+amount%22%7C%22replacement+rate%22+%22unemployment+insurance%22&hl=en&as_sdt=0,5"
0,"JC van Ours, S Tuit","Potential benefit duration in multi-spell unemployment",,"Citeseer","","https://citeseerx.ist.psu.edu/viewdoc/download?doi=10.1.1.222.7404&rep=rep1&type=pdf","",336,"2022-08-15 21:28:05","PDF","","","",,,,,0,0.00,0,2,,"… duration (PBD) in the US are typically around 26 weeks, while eg in The Netherlands the maximum duration … are covered by a compulsory unemployment insurance system. Workers are …","https://citeseerx.ist.psu.edu/viewdoc/download?doi=10.1.1.222.7404&rep=rep1&type=pdf",""
0,"JE Hill Jr","Strengthening Unemployment Insurance: Program Improvements.",1976,"","JSTOR","https://www.jstor.org/stable/2352578","",370,"2022-08-15 21:28:05","","","","",,,,,0,0.00,0,1,46,"… The duration of unemployment benefits. The last, and longest, section of the report recommended benefit duration be characterized by three distinct time periods, or tiers. Tier (I) would …","",""
114,"JE Stiglitz, J Yun","Integration of unemployment insurance with retirement insurance",2005,"Journal of public economics","Elsevier","https://www.sciencedirect.com/science/article/pii/S0047272705000277","https://scholar.google.com/scholar?cites=2434037838633355949&as_sdt=2005&sciodt=0,5&hl=en",864,"2022-08-15 21:28:05","","","","",,,,,114,6.71,57,2,17,"… Conversely, when the unemployment benefit r is large–as when the replacement rate approaches unity–then the individual can rely totally on first period savings to smooth consumption …","https://www.nber.org/system/files/working_papers/w9199/w9199.pdf","https://scholar.google.com/scholar?q=related:rcqZpYRwxyEJ:scholar.google.com/&scioq=duration+%22standard+error%22%7C%22standard+errors%22%7Cpbd%7C%22benefit+duration%22%7Cwba%7C%22weekly+benefit+amount%22%7C%22replacement+rate%22+%22unemployment+insurance%22&hl=en&as_sdt=0,5"
27,"JF Schmieder, S Trenkle","Disincentive effects of unemployment benefits and the role of caseworkers",2020,"Journal of Public Economics","Elsevier","https://www.sciencedirect.com/science/article/pii/S0047272719301574","https://scholar.google.com/scholar?cites=10073292667491224861&as_sdt=2005&sciodt=0,5&hl=en",166,"2022-08-15 21:28:05","","","","",,,,,27,13.50,14,2,2,"… has documented that the unemployment duration of unemployment insurance (UI) recipients … potential benefit duration of the unemployed, which we will investigate in the next section. …","https://www.econstor.eu/bitstream/10419/141627/1/dp9868.pdf","https://scholar.google.com/scholar?q=related:HY1cfE-Gy4sJ:scholar.google.com/&scioq=duration+%22standard+error%22%7C%22standard+errors%22%7Cpbd%7C%22benefit+duration%22%7Cwba%7C%22weekly+benefit+amount%22%7C%22replacement+rate%22+%22unemployment+insurance%22&hl=en&as_sdt=0,5"
193,"JF Schmieder, T Von Wachter","The effects of unemployment insurance benefits: New evidence and interpretation",2016,"Annual Review of Economics","annualreviews.org","https://www.annualreviews.org/doi/abs/10.1146/annurev-economics-080614-115758","https://scholar.google.com/scholar?cites=10392794674292179224&as_sdt=2005&sciodt=0,5&hl=en",26,"2022-08-15 21:28:05","","10.1146/annurev-economics-080614-115758","","",,,,,193,32.17,97,2,6,"… After the waiting period, individuals are eligible to receive benefits up to the potential benefit duration (PBD). The PBD varies significantly across and within countries. Within countries, …","https://www.nber.org/system/files/working_papers/w22564/w22564.pdf","https://scholar.google.com/scholar?q=related:GMHBYLGfOpAJ:scholar.google.com/&scioq=duration+%22standard+error%22%7C%22standard+errors%22%7Cpbd%7C%22benefit+duration%22%7Cwba%7C%22weekly+benefit+amount%22%7C%22replacement+rate%22+%22unemployment+insurance%22&hl=en&as_sdt=0,5"
44,"JF Schmieder, T Von Wachter, S Bender","The causal effect of unemployment duration on wages: Evidence from unemployment insurance extensions",2013,"","nber.org","https://www.nber.org/papers/w19772","https://scholar.google.com/scholar?cites=14126214126300589935&as_sdt=2005&sciodt=0,5&hl=en",192,"2022-08-15 21:28:05","","","","",,,,,44,4.89,15,3,9,"… provide a fixed replacement rate of 63 percent for an individual without children.This paper focuses on the time period between 1987 and 1999, which is the longest period for which the …","https://www.nber.org/system/files/working_papers/w19772/w19772.pdf","https://scholar.google.com/scholar?q=related:b29Aa-dkCsQJ:scholar.google.com/&scioq=duration+%22standard+error%22%7C%22standard+errors%22%7Cpbd%7C%22benefit+duration%22%7Cwba%7C%22weekly+benefit+amount%22%7C%22replacement+rate%22+%22unemployment+insurance%22&hl=en&as_sdt=0,5"
73,"JF Schmieder, T Von Wachter, S Bender","The long-term effects of UI extensions on employment",2012,"American Economic Review","aeaweb.org","https://www.aeaweb.org/articles?id=10.1257/aer.102.3.514","https://scholar.google.com/scholar?cites=5708529803267926&as_sdt=2005&sciodt=0,5&hl=en",383,"2022-08-15 21:28:05","","","","",,,,,73,7.30,24,3,10,"… the period from 1987 to 1999 unemployed workers were eligible to receive UI benefits at a fixed replacement rate for a fixed number of months. (See SVB for details.) The duration was a …","http://citeseerx.ist.psu.edu/viewdoc/download?doi=10.1.1.371.1351&rep=rep1&type=pdf","https://scholar.google.com/scholar?q=related:Vg8dq-BHFAAJ:scholar.google.com/&scioq=duration+%22standard+error%22%7C%22standard+errors%22%7Cpbd%7C%22benefit+duration%22%7Cwba%7C%22weekly+benefit+amount%22%7C%22replacement+rate%22+%22unemployment+insurance%22&hl=en&as_sdt=0,5"
300,"JF Schmieder, T Von Wachter…","The effects of extended unemployment insurance over the business cycle: Evidence from regression discontinuity estimates over 20 years",2012,"The Quarterly Journal of …","academic.oup.com","https://academic.oup.com/qje/article-abstract/127/2/701/1825004","https://scholar.google.com/scholar?cites=8737134780122490437&as_sdt=2005&sciodt=0,5&hl=en",47,"2022-08-15 21:28:05","","","","",,,,,300,30.00,100,3,10,"… the fact that in Germany, potential UI benefit duration is a function of exact age which is … unemployment insurance system. By deriving the welfare effects of extensions in the duration of …","https://www.nber.org/system/files/working_papers/w17813/w17813.pdf","https://scholar.google.com/scholar?q=related:RWbpi8qJQHkJ:scholar.google.com/&scioq=duration+%22standard+error%22%7C%22standard+errors%22%7Cpbd%7C%22benefit+duration%22%7Cwba%7C%22weekly+benefit+amount%22%7C%22replacement+rate%22+%22unemployment+insurance%22&hl=en&as_sdt=0,5"
19,"JF Schmieder, T von Wachter","A context-robust measure of the disincentive cost of unemployment insurance",2017,"American Economic Review","aeaweb.org","https://www.aeaweb.org/articles?id=10.1257/aer.p20171026","https://scholar.google.com/scholar?cites=4477836728320082092&as_sdt=2005&sciodt=0,5&hl=en",31,"2022-08-15 21:28:05","","","","",,,,,19,3.80,10,2,5,"… time model of an individual who becomes unemployed and claims UI benefits at time t = 0 with a finite time … , a given increase in potential benefit duration leads to a much larger effective …","http://www.econ.ucla.edu/tvwachter/papers/SchmiedervWachter_2017_AEAPP_23jan_final.pdf","https://scholar.google.com/scholar?q=related:rEC3ocd4JD4J:scholar.google.com/&scioq=duration+%22standard+error%22%7C%22standard+errors%22%7Cpbd%7C%22benefit+duration%22%7Cwba%7C%22weekly+benefit+amount%22%7C%22replacement+rate%22+%22unemployment+insurance%22&hl=en&as_sdt=0,5"
28,"JF Schmieder, T von Wachter, S Bender","The effects of unemployment insurance on labor supply and search outcomes: regression discontinuity estimates from Germany",2010,"","econstor.eu","https://www.econstor.eu/handle/10419/32764","https://scholar.google.com/scholar?cites=1449656395346055886&as_sdt=2005&sciodt=0,5&hl=en",344,"2022-08-15 21:28:05","","","","",,,,,28,2.33,9,3,12,"… the impact of large changes in the duration of unemployment insurance (UI) in different … In this case the effective replacement rate may rise beyond the typical replacement rate and imply …","https://www.econstor.eu/bitstream/10419/32764/1/622813668.pdf","https://scholar.google.com/scholar?q=related:zpL5ms82HhQJ:scholar.google.com/&scioq=duration+%22standard+error%22%7C%22standard+errors%22%7Cpbd%7C%22benefit+duration%22%7Cwba%7C%22weekly+benefit+amount%22%7C%22replacement+rate%22+%22unemployment+insurance%22&hl=en&as_sdt=0,5"
261,"JF Schmieder, T von Wachter, S Bender","The effect of unemployment benefits and nonemployment durations on wages",2016,"American Economic Review","aeaweb.org","https://www.aeaweb.org/articles?id=10.1257/aer.20141566","https://scholar.google.com/scholar?cites=3065386793756885555&as_sdt=2005&sciodt=0,5&hl=en",739,"2022-08-15 21:28:05","","","","",,,,,261,43.50,87,3,6,"… We estimate that unemployment insurance (UI ) extensions reduce reemployment … replacement rate of 63 percent for an individual without children.This paper focuses on the time period …","http://www.econ.ucla.edu/tvwachter/papers/SchmiederVonwachterBender_June2015.pdf","https://scholar.google.com/scholar?q=related:M4INPQxxiioJ:scholar.google.com/&scioq=duration+%22standard+error%22%7C%22standard+errors%22%7Cpbd%7C%22benefit+duration%22%7Cwba%7C%22weekly+benefit+amount%22%7C%22replacement+rate%22+%22unemployment+insurance%22&hl=en&as_sdt=0,5"
11,"JF Schmieder, TM von Wachter, S Bender","The long-term effects of unemployment insurance extensions on employment",2012,"","nber.org","https://www.nber.org/papers/w17814","https://scholar.google.com/scholar?cites=7602211054606603099&as_sdt=2005&sciodt=0,5&hl=en",259,"2022-08-15 21:28:05","","","","",,,,,11,1.10,4,3,10,"… benefit duration on duration of UI benefit receipt prior to benefit exhaustion (such that the effect of a extension in UI duration on total benefit duration … total nonemployment duration. The …","https://www.nber.org/system/files/working_papers/w17814/w17814.pdf","https://scholar.google.com/scholar?q=related:W9NfCa16gGkJ:scholar.google.com/&scioq=duration+%22standard+error%22%7C%22standard+errors%22%7Cpbd%7C%22benefit+duration%22%7Cwba%7C%22weekly+benefit+amount%22%7C%22replacement+rate%22+%22unemployment+insurance%22&hl=en&as_sdt=0,5"
3,"JG Kilgour","Unemployment insurance in the 21st century",2010,"Compensation & Benefits Review","journals.sagepub.com","https://journals.sagepub.com/doi/abs/10.1177/0886368710368928","https://scholar.google.com/scholar?cites=9151380232587574577&as_sdt=2005&sciodt=0,5&hl=en",287,"2022-08-15 21:28:05","","10.1177/0886368710368928","","",,,,,3,0.25,3,1,12,"… The WBA and the number of weeks of benefits to which a recipient is entitled is a function of … and earnings during the “base period.” The base period is usually defined as the first four of …","","https://scholar.google.com/scholar?q=related:Mf3p39U7AH8J:scholar.google.com/&scioq=duration+%22standard+error%22%7C%22standard+errors%22%7Cpbd%7C%22benefit+duration%22%7Cwba%7C%22weekly+benefit+amount%22%7C%22replacement+rate%22+%22unemployment+insurance%22&hl=en&as_sdt=0,5"
4,"JG Kilgour","Unemployment insurance and the great recession",2015,"Compensation & Benefits Review","journals.sagepub.com","https://journals.sagepub.com/doi/abs/10.1177/0886368716657619","https://scholar.google.com/scholar?cites=10596673448434659043&as_sdt=2005&sciodt=0,5&hl=en",482,"2022-08-15 21:28:05","","10.1177/0886368716657619","","",,,,,4,0.57,4,1,7,"… This article examines the performance of the Unemployment Insurance … “weekly benefit amount” (WBA) and related data for the United States for 2005 to 2014. The average WBA …","","https://scholar.google.com/scholar?q=related:4-7CllvyDpMJ:scholar.google.com/&scioq=duration+%22standard+error%22%7C%22standard+errors%22%7Cpbd%7C%22benefit+duration%22%7Cwba%7C%22weekly+benefit+amount%22%7C%22replacement+rate%22+%22unemployment+insurance%22&hl=en&as_sdt=0,5"
420,"JH Abbring, GJ Van den Berg…","The effect of unemployment insurance sanctions on the transition rate from unemployment to employment",2005,"The economic …","academic.oup.com","https://academic.oup.com/ej/article-abstract/115/505/602/5085711","https://scholar.google.com/scholar?cites=17192533019620911275&as_sdt=2005&sciodt=0,5&hl=en",816,"2022-08-15 21:28:05","","","","",,,,,420,24.71,140,3,17,"… duration data covering the population of individuals who started collecting unemployment insurance … in the iteration of the ML procedure and standard errors are conditional on this. The …","","https://scholar.google.com/scholar?q=related:q6it_7AlmO4J:scholar.google.com/&scioq=duration+%22standard+error%22%7C%22standard+errors%22%7Cpbd%7C%22benefit+duration%22%7Cwba%7C%22weekly+benefit+amount%22%7C%22replacement+rate%22+%22unemployment+insurance%22&hl=en&as_sdt=0,5"
0,"JH Park","The Effects of Unemployment Insurance on the Duration of Unempolyment and Labor Force Participation",1988,"Journal of Labour Economics","koreascience.or.kr","https://www.koreascience.or.kr/article/JAKO198811919821444.page","",423,"2022-08-15 21:28:05","","","","",,,,,0,0.00,0,1,34,"… In e quation 4 of Tab le 2 where both WBA and WE appear in explanatory variab les the coefficient on WBA has a positive sign and is highly significant while the coefficient on WE is …","https://www.koreascience.or.kr/article/JAKO198811919821444.pdf","https://scholar.google.com/scholar?q=related:0SXainNy2_cJ:scholar.google.com/&scioq=duration+%22standard+error%22%7C%22standard+errors%22%7Cpbd%7C%22benefit+duration%22%7Cwba%7C%22weekly+benefit+amount%22%7C%22replacement+rate%22+%22unemployment+insurance%22&hl=en&as_sdt=0,5"
29,"JI García‐Pérez","Job separation in a non‐stationary search model: a structural estimation to evaluate alternative unemployment insurance systems",2006,"Journal of Applied Econometrics","Wiley Online Library","https://onlinelibrary.wiley.com/doi/abs/10.1002/jae.818","https://scholar.google.com/scholar?cites=3836667804831839435&as_sdt=2005&sciodt=0,5&hl=en",454,"2022-08-15 21:28:05","","10.1002/jae.818","","",,,,,29,1.81,29,1,16,"… pattern after that, the expected duration in unemployment reduces by 9% (13.2… unemployment insurance system in Spain. We find that a non-monotonic pattern in the replacement rate …","http://citeseerx.ist.psu.edu/viewdoc/download?doi=10.1.1.532.4962&rep=rep1&type=pdf","https://scholar.google.com/scholar?q=related:y_QtfAqVPjUJ:scholar.google.com/&scioq=duration+%22standard+error%22%7C%22standard+errors%22%7Cpbd%7C%22benefit+duration%22%7Cwba%7C%22weekly+benefit+amount%22%7C%22replacement+rate%22+%22unemployment+insurance%22&hl=en&as_sdt=0,5"
17,"JJ Hughes, J Peoples, R Perlman","The differential impact of unemployment insurance on unemployment duration by income level",1996,"International Journal of …","emerald.com","https://www.emerald.com/insight/content/doi/10.1108/01437729610112349/full/html","https://scholar.google.com/scholar?cites=15928459418539610256&as_sdt=2005&sciodt=0,5&hl=en",818,"2022-08-15 21:28:05","","10.1108/01437729610112349","","",,,,,17,0.65,6,3,26,"… of unemployment insurance (UI) on unemployment duration … The literature on the impact of UI on unemployment duration … on the grounds that duration is an important component of …","https://scholar.archive.org/work/sw4epm4ifjc7pcdrzbtlwitkmq/access/wayback/http://www.mcb.co.uk:80/services/articles/literati/pdfs/ijm172.pdf","https://scholar.google.com/scholar?q=related:kFBH1XJBDd0J:scholar.google.com/&scioq=duration+%22standard+error%22%7C%22standard+errors%22%7Cpbd%7C%22benefit+duration%22%7Cwba%7C%22weekly+benefit+amount%22%7C%22replacement+rate%22+%22unemployment+insurance%22&hl=en&as_sdt=0,5"
1,"JL Hotchkiss, RE Moore","The relative effects of unemployment insurance parameters on transitional labor supply decisions",1994,"Eastern Economic Journal","JSTOR","https://www.jstor.org/stable/40325540","https://scholar.google.com/scholar?cites=14519660258530066907&as_sdt=2005&sciodt=0,5&hl=en",680,"2022-08-15 21:28:05","","","","",,,,,1,0.04,1,2,28,"… The point estimates and standard errors for the parameters corresponding to probability of … Similarly, the higher the average full-time we earnings, the more likely a searcher is to be …","","https://scholar.google.com/scholar?q=related:24EKoRMygMkJ:scholar.google.com/&scioq=duration+%22standard+error%22%7C%22standard+errors%22%7Cpbd%7C%22benefit+duration%22%7Cwba%7C%22weekly+benefit+amount%22%7C%22replacement+rate%22+%22unemployment+insurance%22&hl=en&as_sdt=0,5"
7,"JL Kingston, PL Burgess, C Walters","The adequacy of unemployment insurance benefits: an analysis of adjustments undertaken through thirteen and twenty-five weeks of unemployment",1978,"","books.google.com","https://books.google.com/books?hl=en&lr=&id=zo5XAAAAMAAJ&oi=fnd&pg=PP13&dq=duration+%22standard+error%22%7C%22standard+errors%22%7Cpbd%7C%22benefit+duration%22%7Cwba%7C%22weekly+benefit+amount%22%7C%22replacement+rate%22+%22unemployment+insurance%22&ots=2DVJhTOa_-&sig=cxGNCxJOxwhd3YqUQ0J3VuEEVQ8","https://scholar.google.com/scholar?cites=8670831451774627971&as_sdt=2005&sciodt=0,5&hl=en",359,"2022-08-15 21:28:05","BOOK","","","",,,,,7,0.16,2,3,44,"… total sample that had obtained reemployment by the time of the twenty-fifth week interview also … That measure is the degree to which the weekly benefit amount covers the beneficiary's …","https://books.google.com/books?hl=en&lr=&id=zo5XAAAAMAAJ&oi=fnd&pg=PP13&dq=duration+%22standard+error%22%7C%22standard+errors%22%7Cpbd%7C%22benefit+duration%22%7Cwba%7C%22weekly+benefit+amount%22%7C%22replacement+rate%22+%22unemployment+insurance%22&ots=2DVJhTOa_-&sig=cxGNCxJOxwhd3YqUQ0J3VuEEVQ8","https://scholar.google.com/scholar?q=related:g7BP7kP7VHgJ:scholar.google.com/&scioq=duration+%22standard+error%22%7C%22standard+errors%22%7Cpbd%7C%22benefit+duration%22%7Cwba%7C%22weekly+benefit+amount%22%7C%22replacement+rate%22+%22unemployment+insurance%22&hl=en&as_sdt=0,5"
34,"JM ARRANZ, J Muro","Recurrent unemployment, welfare benefits and heterogeneity",2004,"International Review of Applied Economics","Taylor & Francis","https://www.tandfonline.com/doi/abs/10.1080/0269217042000266436","https://scholar.google.com/scholar?cites=7928185193399554721&as_sdt=2005&sciodt=0,5&hl=en",898,"2022-08-15 21:28:05","","10.1080/0269217042000266436","","",,,,,34,1.89,17,2,18,"… replacement rate does not affect the hazard rate of the unemployed,9 however, the longer the entitlement duration… of unemployment benefits in Spain: Unemployment Insurance (UI) and …","https://www.academia.edu/download/51247593/Recurrent_unemployment_welfare_benefits_20170108-6275-1enr1iu.pdf","https://scholar.google.com/scholar?q=related:oZIXlm2SBm4J:scholar.google.com/&scioq=duration+%22standard+error%22%7C%22standard+errors%22%7Cpbd%7C%22benefit+duration%22%7Cwba%7C%22weekly+benefit+amount%22%7C%22replacement+rate%22+%22unemployment+insurance%22&hl=en&as_sdt=0,5"
12,"JM Abowd, L Allain","The Washington State short-time compensation program and its implication for European work share programs",1997,"Unpublished manuscript, Cornell University","","","https://scholar.google.com/scholar?cites=17975151684593857930&as_sdt=2005&sciodt=0,5&hl=en",912,"2022-08-15 21:28:05","CITATION","","","",,,,,12,0.48,6,2,25,"","","https://scholar.google.com/scholar?q=related:ijX7fziRdPkJ:scholar.google.com/&scioq=duration+%22standard+error%22%7C%22standard+errors%22%7Cpbd%7C%22benefit+duration%22%7Cwba%7C%22weekly+benefit+amount%22%7C%22replacement+rate%22+%22unemployment+insurance%22&hl=en&as_sdt=0,5"
321,"JM Abowd, OC Ashenfelter","Anticipated unemployment, temporary layoffs, and compensating wage differentials",1981,"Studies in labor markets","nber.org","https://www.nber.org/system/files/chapters/c8910/c8910.pdf","https://scholar.google.com/scholar?cites=4595885673813831329&as_sdt=2005&sciodt=0,5&hl=en",851,"2022-08-15 21:28:05","PDF","","","",,,,,321,7.83,161,2,41,"… At the same time, our model also provides some evidence of … The representation of a simplified unemployment insurance (… The estimated y is too large to be a UI replacement rate; …","https://www.nber.org/system/files/chapters/c8910/c8910.pdf","https://scholar.google.com/scholar?q=related:oe76l6vdxz8J:scholar.google.com/&scioq=duration+%22standard+error%22%7C%22standard+errors%22%7Cpbd%7C%22benefit+duration%22%7Cwba%7C%22weekly+benefit+amount%22%7C%22replacement+rate%22+%22unemployment+insurance%22&hl=en&as_sdt=0,5"
4,"JM Arranz, C Garcia-Serrano","The 'effective'measure of unemployment benefit duration: data on spells or individuals?",2013,"Applied Economics Letters","Taylor & Francis","https://www.tandfonline.com/doi/abs/10.1080/13504851.2013.806780","https://scholar.google.com/scholar?cites=6196896610523984158&as_sdt=2005&sciodt=0,5&hl=en",69,"2022-08-15 21:28:05","","10.1080/13504851.2013.806780","","",,,,,4,0.44,2,2,9,"… same individual during a certain period of time. This richness of … period or all ongoing spells?; all spells of benefit of each person or only the ones concerning unemployment insurance?; …","https://www.researchgate.net/profile/Carlos-Garcia-Serrano/publication/253237609_The_effective'_measure_of_unemployment_benefit_duration_data_on_spells_or_individuals/links/56fd505908aec6a45b6c675f/The-effective-measure-of-unemployment-benefit-duration-data-on-spells-or-individuals.pdf","https://scholar.google.com/scholar?q=related:HrEafKLM_1UJ:scholar.google.com/&scioq=duration+%22standard+error%22%7C%22standard+errors%22%7Cpbd%7C%22benefit+duration%22%7Cwba%7C%22weekly+benefit+amount%22%7C%22replacement+rate%22+%22unemployment+insurance%22&hl=en&as_sdt=0,5"
3,"JM Arranz, C García-Serrano","Does unemployment benefit duration affect inflows into unemployment? The impact of a law change for older workers",2020,"The Journal of the Economics of Ageing","Elsevier","https://www.sciencedirect.com/science/article/pii/S2212828X20300438","https://scholar.google.com/scholar?cites=5919677903582816393&as_sdt=2005&sciodt=0,5&hl=en",15,"2022-08-15 21:28:05","","","","",,,,,3,1.50,2,2,2,"… duration of unemployment benefits influence the entry of older workers into unemployment insurance… the age pattern of inflows intro unemployment insurance before and after the reform…","","https://scholar.google.com/scholar?q=related:iWjIg7DrJlIJ:scholar.google.com/&scioq=duration+%22standard+error%22%7C%22standard+errors%22%7Cpbd%7C%22benefit+duration%22%7Cwba%7C%22weekly+benefit+amount%22%7C%22replacement+rate%22+%22unemployment+insurance%22&hl=en&as_sdt=0,5"
16,"JM Arranz, F Munoz-Bullon, J Muro","Do unemployment benefit legislative changes affect job finding?",2009,"Moneda y Crédito","academia.edu","https://www.academia.edu/download/4461778/add70344_bjjlrongxs.pdf","https://scholar.google.com/scholar?cites=12170205029652162482&as_sdt=2005&sciodt=0,5&hl=en",558,"2022-08-15 21:28:05","PDF","","","",,,,,16,1.23,5,3,13,"… unemployment insurance benefits and in entitlement duration. For this purpose, we compare unemployment insurance … Indeed, the maximum replacement rate among workers eligible …","https://www.academia.edu/download/4461778/add70344_bjjlrongxs.pdf","https://scholar.google.com/scholar?q=related:sucWdP5A5agJ:scholar.google.com/&scioq=duration+%22standard+error%22%7C%22standard+errors%22%7Cpbd%7C%22benefit+duration%22%7Cwba%7C%22weekly+benefit+amount%22%7C%22replacement+rate%22+%22unemployment+insurance%22&hl=en&as_sdt=0,5"
38,"JM Arranz, JM Romero","An extra time duration model with application to unemployment duration under benefits in Spain",2003,"","uah.es","http://www3.uah.es/juanmuro/extra-time.pdf","https://scholar.google.com/scholar?cites=11602699995403916411&as_sdt=2005&sciodt=0,5&hl=en",425,"2022-08-15 21:28:05","PDF","","","",,,,,38,2.00,19,2,19,"… entitlement duration for unemployed qualified for receiving UA. Finally, we notice unemployment insurance levels … However, due to short variability of the replacement rate, we analyse …","http://www3.uah.es/juanmuro/extra-time.pdf","https://scholar.google.com/scholar?q=related:exR6DSwSBaEJ:scholar.google.com/&scioq=duration+%22standard+error%22%7C%22standard+errors%22%7Cpbd%7C%22benefit+duration%22%7Cwba%7C%22weekly+benefit+amount%22%7C%22replacement+rate%22+%22unemployment+insurance%22&hl=en&as_sdt=0,5"
39,"JM Becker","The adequacy of the benefit amount in unemployment insurance",1961,"","WE Upjohn Institute for Employment …","","https://scholar.google.com/scholar?cites=5577741703437427358&as_sdt=2005&sciodt=0,5&hl=en",970,"2022-08-15 21:28:05","CITATION","","","",,,,,39,0.64,39,1,61,"","","https://scholar.google.com/scholar?q=related:niJF8oYeaE0J:scholar.google.com/&scioq=duration+%22standard+error%22%7C%22standard+errors%22%7Cpbd%7C%22benefit+duration%22%7Cwba%7C%22weekly+benefit+amount%22%7C%22replacement+rate%22+%22unemployment+insurance%22&hl=en&as_sdt=0,5"
173,"JM Poterba, LH Summers","Unemployment benefits and labor market transitions: A multinomial logit model with errors in classification",1995,"The Review of Economics and Statistics","JSTOR","https://www.jstor.org/stable/2109860","https://scholar.google.com/scholar?cites=7699753871632062642&as_sdt=2005&sciodt=0,5&hl=en",342,"2022-08-15 21:28:05","","","","",,,,,173,6.41,87,2,27,"… the effect of unemployment insurance on the duration of … We focus on the effect of unemployment insurance (UI) benefits … The first is the unemployment benefit replacement rate. A …","","https://scholar.google.com/scholar?q=related:sliR6FkF22oJ:scholar.google.com/&scioq=duration+%22standard+error%22%7C%22standard+errors%22%7Cpbd%7C%22benefit+duration%22%7Cwba%7C%22weekly+benefit+amount%22%7C%22replacement+rate%22+%22unemployment+insurance%22&hl=en&as_sdt=0,5"
9,"JM Rosbrow","Unemployment insurance system marks its 50th anniversary",1985,"Monthly Labor Review","JSTOR","https://www.jstor.org/stable/41842539","https://scholar.google.com/scholar?cites=6410375448010009248&as_sdt=2005&sciodt=0,5&hl=en",477,"2022-08-15 21:28:05","","","","",,,,,9,0.24,9,1,37,"… weekly benefit amount. The benefit payment for such a week is the difference between the weekly benefit amount and the part-time … inducement to take part-time work. All States require …","https://www.bls.gov/opub/mlr/1985/09/art3full.pdf","https://scholar.google.com/scholar?q=related:oKqFn4E69lgJ:scholar.google.com/&scioq=duration+%22standard+error%22%7C%22standard+errors%22%7Cpbd%7C%22benefit+duration%22%7Cwba%7C%22weekly+benefit+amount%22%7C%22replacement+rate%22+%22unemployment+insurance%22&hl=en&as_sdt=0,5"
2,"JM Rosbrow","Fifty Years of Unemployment Insurance--a Legislative History, 1935-1985",1986,"","books.google.com","https://books.google.com/books?hl=en&lr=&id=0BzbR8OD7vsC&oi=fnd&pg=PP7&dq=duration+%22standard+error%22%7C%22standard+errors%22%7Cpbd%7C%22benefit+duration%22%7Cwba%7C%22weekly+benefit+amount%22%7C%22replacement+rate%22+%22unemployment+insurance%22&ots=lfChosYvr6&sig=5x3DqTTyM_epcpZbhkWQwFn-ESg","https://scholar.google.com/scholar?cites=7983660685228163866&as_sdt=2005&sciodt=0,5&hl=en",690,"2022-08-15 21:28:05","BOOK","","","",,,,,2,0.06,2,1,36,"… /her weekly benefit amount. The benefit payment for such a week is the difference between the weekly benefit amount and the part-time … as a financial inducement to take part-time work. …","https://books.google.com/books?hl=en&lr=&id=0BzbR8OD7vsC&oi=fnd&pg=PP7&dq=duration+%22standard+error%22%7C%22standard+errors%22%7Cpbd%7C%22benefit+duration%22%7Cwba%7C%22weekly+benefit+amount%22%7C%22replacement+rate%22+%22unemployment+insurance%22&ots=lfChosYvr6&sig=5x3DqTTyM_epcpZbhkWQwFn-ESg","https://scholar.google.com/scholar?q=related:GsNGDhipy24J:scholar.google.com/&scioq=duration+%22standard+error%22%7C%22standard+errors%22%7Cpbd%7C%22benefit+duration%22%7Cwba%7C%22weekly+benefit+amount%22%7C%22replacement+rate%22+%22unemployment+insurance%22&hl=en&as_sdt=0,5"
48,"JM Whittaker, KP Isaacs","Unemployment insurance: Programs and benefits",2014,"","ecommons.cornell.edu","https://ecommons.cornell.edu/handle/1813/78664","https://scholar.google.com/scholar?cites=6749073395129916938&as_sdt=2005&sciodt=0,5&hl=en",87,"2022-08-15 21:28:05","","","","",,,,,48,6.00,24,2,8,"… period for benefits, and benefit duration. For an explanation of the impact of sequestration on unemployment insurance … Sequestration on Unemployment Insurance Benefits: Frequently …","https://ecommons.cornell.edu/bitstream/handle/1813/78664/CRS_Unemployment_Insurance_0214b.pdf?sequence=1","https://scholar.google.com/scholar?q=related:Ch7Cp36GqV0J:scholar.google.com/&scioq=duration+%22standard+error%22%7C%22standard+errors%22%7Cpbd%7C%22benefit+duration%22%7Cwba%7C%22weekly+benefit+amount%22%7C%22replacement+rate%22+%22unemployment+insurance%22&hl=en&as_sdt=0,5"
37,"JO Hairault, F Langot, S Ménard…","Optimal unemployment insurance for older workers",2012,"Journal of Public …","Elsevier","https://www.sciencedirect.com/science/article/pii/S0047272712000151","https://scholar.google.com/scholar?cites=12532707338052424171&as_sdt=2005&sciodt=0,5&hl=en",191,"2022-08-15 21:28:05","","","","",,,,,37,3.70,9,4,10,"… the unemployment insurance agency takes advantage of the retirement period to tax pensions at a rate dependent on the length of … replacement rate for individuals who are eligible for …","https://hal.archives-ouvertes.fr/hal-01292095/file/12-07.pdf","https://scholar.google.com/scholar?q=related:69GLPuwe7a0J:scholar.google.com/&scioq=duration+%22standard+error%22%7C%22standard+errors%22%7Cpbd%7C%22benefit+duration%22%7Cwba%7C%22weekly+benefit+amount%22%7C%22replacement+rate%22+%22unemployment+insurance%22&hl=en&as_sdt=0,5"
1082,"JP Allan, L Scruggs","Political partisanship and welfare state reform in advanced industrial societies",2004,"American Journal of Political Science","Wiley Online Library","https://onlinelibrary.wiley.com/doi/abs/10.1111/j.0092-5853.2004.00083.x","https://scholar.google.com/scholar?cites=10188665917536126938&as_sdt=2005&sciodt=0,5&hl=en",333,"2022-08-15 21:28:05","","10.1111/j.0092-5853.2004.00083.x","","",,,,,1082,60.11,541,2,18,"… a new data set on unemployment insurance and sickness benefit replacement rates … replacement rate rose from 69.7 to 71.9 across our entire group of 18 countries in this same period, …","https://citeseerx.ist.psu.edu/viewdoc/download?doi=10.1.1.938.1194&rep=rep1&type=pdf","https://scholar.google.com/scholar?q=related:2sfejatpZY0J:scholar.google.com/&scioq=duration+%22standard+error%22%7C%22standard+errors%22%7Cpbd%7C%22benefit+duration%22%7Cwba%7C%22weekly+benefit+amount%22%7C%22replacement+rate%22+%22unemployment+insurance%22&hl=en&as_sdt=0,5"
20,"JP Fitoussi","Comments on Nickell, Nunziata, Ochel, and Quintini",2003,"Frydman, Roman (Hrsg.)","books.google.com","https://books.google.com/books?hl=en&lr=&id=PrQEEAAAQBAJ&oi=fnd&pg=PA432&dq=duration+%22standard+error%22%7C%22standard+errors%22%7Cpbd%7C%22benefit+duration%22%7Cwba%7C%22weekly+benefit+amount%22%7C%22replacement+rate%22+%22unemployment+insurance%22&ots=kTxKfW2Vk4&sig=T6zJ2NoVDUPCWYUcYv8uqeLoD2w","https://scholar.google.com/scholar?cites=11551737270104558154&as_sdt=2005&sciodt=0,5&hl=en",789,"2022-08-15 21:28:05","","","","",,,,,20,1.05,20,1,19,"… in the OECD countries over the period from the 1960s to the … the generosity of the unemployment insurance system. Of … , namely, the benefit replacement rate and employment …","","https://scholar.google.com/scholar?q=related:Sgo569cDUKAJ:scholar.google.com/&scioq=duration+%22standard+error%22%7C%22standard+errors%22%7Cpbd%7C%22benefit+duration%22%7Cwba%7C%22weekly+benefit+amount%22%7C%22replacement+rate%22+%22unemployment+insurance%22&hl=en&as_sdt=0,5"
7,"JPZ Chahad, R Fernandes","Unemployment insurance and transitions in the labor market: An evaluation of the Brazilian program",2002,"Brazilian Review Of …","bibliotecadigital.fgv.br","https://bibliotecadigital.fgv.br/ojs/index.php/bre/article/view/2737/0","https://scholar.google.com/scholar?cites=17984857334435801493&as_sdt=2005&sciodt=0,5&hl=en",380,"2022-08-15 21:28:05","","","","",,,,,7,0.35,4,2,20,"… Unemployment Insurance (UI) program on individual transitions among different labor market states in order to verify whether the VI affects the duration of … a higher replacement rate. Our …","https://bibliotecadigital.fgv.br/ojs/index.php/bre/article/download/2737/1677","https://scholar.google.com/scholar?q=related:lekfM3UMl_kJ:scholar.google.com/&scioq=duration+%22standard+error%22%7C%22standard+errors%22%7Cpbd%7C%22benefit+duration%22%7Cwba%7C%22weekly+benefit+amount%22%7C%22replacement+rate%22+%22unemployment+insurance%22&hl=en&as_sdt=0,5"
7,"JR Neill","A welfare-theoretic evaluation of unemployment insurance",1989,"Public Finance Quarterly","journals.sagepub.com","https://journals.sagepub.com/doi/abs/10.1177/109114218901700405","https://scholar.google.com/scholar?cites=8889446548243822733&as_sdt=2005&sciodt=0,5&hl=en",137,"2022-08-15 21:28:05","","10.1177/109114218901700405","","",,,,,7,0.21,7,1,33,"… duration is unaffected by WBA (MCL), the other under the assumption that the increase in duration per $1 increase in WBA … a maximum weekly benefit amount, the average WBA for one …","","https://scholar.google.com/scholar?q=related:jTjljYmoXXsJ:scholar.google.com/&scioq=duration+%22standard+error%22%7C%22standard+errors%22%7Cpbd%7C%22benefit+duration%22%7Cwba%7C%22weekly+benefit+amount%22%7C%22replacement+rate%22+%22unemployment+insurance%22&hl=en&as_sdt=0,5"
405,"JS Costain, M Reiter","Business cycles, unemployment insurance, and the calibration of matching models",2008,"Journal of Economic Dynamics and control","Elsevier","https://www.sciencedirect.com/science/article/pii/S0165188907001200","https://scholar.google.com/scholar?cites=6086339766589285264&as_sdt=2005&sciodt=0,5&hl=en",64,"2022-08-15 21:28:05","","","","",,,,,405,28.93,203,2,14,"… benefit duration rather than to benefit levels per se. Also, LN99 ran a GLS regression with random country effects and fixed time … The standard errors on our policy estimates are far from …","https://www.econstor.eu/bitstream/10419/76544/1/cesifo_wp1008.pdf","https://scholar.google.com/scholar?q=related:kGPjWcUFd1QJ:scholar.google.com/&scioq=duration+%22standard+error%22%7C%22standard+errors%22%7Cpbd%7C%22benefit+duration%22%7Cwba%7C%22weekly+benefit+amount%22%7C%22replacement+rate%22+%22unemployment+insurance%22&hl=en&as_sdt=0,5"
160,"JS Flemming","Aspects of optimal unemployment insurance: Search, leisure, savings and capital market imperfections",1978,"Journal of Public Economics","Elsevier","https://www.sciencedirect.com/science/article/pii/0047272778900543","https://scholar.google.com/scholar?cites=14347478898868377902&as_sdt=2005&sciodt=0,5&hl=en",924,"2022-08-15 21:28:05","","","","",,,,,160,3.64,160,1,44,"… For ‘reasonable’ parameter values the optimal replacement rate (ratio of benefits to gross … Since most people work for about 40 years we took 7;;i‘=20, although with a mean duration …","","https://scholar.google.com/scholar?q=related:Lll21Qp8HMcJ:scholar.google.com/&scioq=duration+%22standard+error%22%7C%22standard+errors%22%7Cpbd%7C%22benefit+duration%22%7Cwba%7C%22weekly+benefit+amount%22%7C%22replacement+rate%22+%22unemployment+insurance%22&hl=en&as_sdt=0,5"
0,"JSS This","A Proposal for a New Job Security System with Three Tiers of Unemployment Insurance",1981,"Unemployment Compensation: Studies and Research","books.google.com","https://books.google.com/books?hl=en&lr=&id=zCU19ScEGbAC&oi=fnd&pg=PA153&dq=duration+%22standard+error%22%7C%22standard+errors%22%7Cpbd%7C%22benefit+duration%22%7Cwba%7C%22weekly+benefit+amount%22%7C%22replacement+rate%22+%22unemployment+insurance%22&ots=MfeR8vUhRA&sig=hqsvh_GxSt1utJ6VU-lJ4l3UUHw","",645,"2022-08-15 21:28:05","HTML","","","",,,,,0,0.00,0,1,41,"… base-period employment may qualify for Tier 1 UI 2. State WBA provisions, rather than the WBA probenefits if the last job separation did not occur under visions proposed, apply for the …","https://books.google.com/books?hl=en&lr=&id=zCU19ScEGbAC&oi=fnd&pg=PA153&dq=duration+%22standard+error%22%7C%22standard+errors%22%7Cpbd%7C%22benefit+duration%22%7Cwba%7C%22weekly+benefit+amount%22%7C%22replacement+rate%22+%22unemployment+insurance%22&ots=MfeR8vUhRA&sig=hqsvh_GxSt1utJ6VU-lJ4l3UUHw",""
36,"JT Addison, JAF Machado…","The Reservation Wage Unemployment Duration Nexus*",2013,"Oxford Bulletin of …","Wiley Online Library","https://onlinelibrary.wiley.com/doi/abs/10.1111/j.1468-0084.2012.00717.x","https://scholar.google.com/scholar?cites=6772915531728027690&as_sdt=2005&sciodt=0,5&hl=en",732,"2022-08-15 21:28:05","","10.1111/j.1468-0084.2012.00717.x","","",,,,,36,4.00,12,3,9,"… , unemployment insurance rules can be manipulated via changes in the replacement rate and/or the maximum duration … ‘social help’ for unemployment insurance benefits proper, etc. In …","https://dro.dur.ac.uk/12506/1/12506.pdf","https://scholar.google.com/scholar?q=related:KgBgqso6_l0J:scholar.google.com/&scioq=duration+%22standard+error%22%7C%22standard+errors%22%7Cpbd%7C%22benefit+duration%22%7Cwba%7C%22weekly+benefit+amount%22%7C%22replacement+rate%22+%22unemployment+insurance%22&hl=en&as_sdt=0,5"
201,"JT Addison, MKL Blackburn","The effects of unemployment insurance on postunemployment earnings",2000,"Labour economics","Elsevier","https://www.sciencedirect.com/science/article/pii/S0927537199000263","https://scholar.google.com/scholar?cites=1716247470616034720&as_sdt=2005&sciodt=0,5&hl=en",151,"2022-08-15 21:28:05","","","","",,,,,201,9.14,101,2,22,"… Given the universal finding that unemployment insurance (UI) extends the length of unemployment … Instead of using the actual replacement rate of zero, we used the replacement rate …","http://citeseerx.ist.psu.edu/viewdoc/download?doi=10.1.1.462.1333&rep=rep1&type=pdf","https://scholar.google.com/scholar?q=related:oD27QPtV0RcJ:scholar.google.com/&scioq=duration+%22standard+error%22%7C%22standard+errors%22%7Cpbd%7C%22benefit+duration%22%7Cwba%7C%22weekly+benefit+amount%22%7C%22replacement+rate%22+%22unemployment+insurance%22&hl=en&as_sdt=0,5"
51,"JT Addison, P Portugal","How do different entitlements to unemployment benefits affect the transitions from unemployment into employment?",2008,"Economics Letters","Elsevier","https://www.sciencedirect.com/science/article/pii/S0165176508002334","https://scholar.google.com/scholar?cites=7828658225991599382&as_sdt=2005&sciodt=0,5&hl=en",148,"2022-08-15 21:28:05","","","","",,,,,51,3.64,26,2,14,"… and potential duration of unemployment insurance benefits. … However, the unemployment insurance replacement rate is in … the role of potential benefit duration. Under Portuguese law, …","https://www.econstor.eu/bitstream/10419/34722/1/545572088.pdf","https://scholar.google.com/scholar?q=related:FkUrtC37pGwJ:scholar.google.com/&scioq=duration+%22standard+error%22%7C%22standard+errors%22%7Cpbd%7C%22benefit+duration%22%7Cwba%7C%22weekly+benefit+amount%22%7C%22replacement+rate%22+%22unemployment+insurance%22&hl=en&as_sdt=0,5"
88,"JW Budd, BP McCall","The effect of unions on the receipt of unemployment insurance benefits",1997,"ILR Review","journals.sagepub.com","https://journals.sagepub.com/doi/abs/10.1177/001979399705000306","https://scholar.google.com/scholar?cites=14704515908655338547&as_sdt=2005&sciodt=0,5&hl=en",246,"2022-08-15 21:28:05","","10.1177/001979399705000306","","",,,,,88,3.52,44,2,25,"… payment and the duration of payments are also typically linked to the unemployed worker's employment and earnings history, with a minimum and a maximum weekly benefit amount.2 …","","https://scholar.google.com/scholar?q=related:M1R7oU_vEMwJ:scholar.google.com/&scioq=duration+%22standard+error%22%7C%22standard+errors%22%7Cpbd%7C%22benefit+duration%22%7Cwba%7C%22weekly+benefit+amount%22%7C%22replacement+rate%22+%22unemployment+insurance%22&hl=en&as_sdt=0,5"
40,"JW Budd, BP McCall","Unions and unemployment insurance benefits receipt: Evidence from the current population survey",2004,"… Relations: A Journal of Economy and …","Wiley Online Library","https://onlinelibrary.wiley.com/doi/abs/10.1111/j.0019-8676.2004.00332.x","https://scholar.google.com/scholar?cites=15403589036223784696&as_sdt=2005&sciodt=0,5&hl=en",681,"2022-08-15 21:28:05","","10.1111/j.0019-8676.2004.00332.x","","",,,,,40,2.22,20,2,18,"… 6 We also include those who lost part-time jobs in the sample. Thus it … unemployment insurance benefits). Reported estimates are the estimated marginal effects (with standard errors in …","","https://scholar.google.com/scholar?q=related:-GY44p2KxNUJ:scholar.google.com/&scioq=duration+%22standard+error%22%7C%22standard+errors%22%7Cpbd%7C%22benefit+duration%22%7Cwba%7C%22weekly+benefit+amount%22%7C%22replacement+rate%22+%22unemployment+insurance%22&hl=en&as_sdt=0,5"
149,"JW Hsu, DA Matsa, BT Melzer","Unemployment insurance as a housing market stabilizer",2018,"American Economic Review","aeaweb.org","https://www.aeaweb.org/articles?id=10.1257%2Faer.20140989&utm_source=TrendMD&utm_medium=cpc&utm_campaign=American_Economic_Review_TrendMD_1","https://scholar.google.com/scholar?cites=12476302241143624597&as_sdt=2005&sciodt=0,5&hl=en",153,"2022-08-15 21:28:05","","","","",,,,,149,37.25,50,3,4,"… unemployment insurance (UI) on the housing market. Exploiting heterogeneity in UI generosity across US states and over time, … isolate differences in benefit duration alone by replacing …","","https://scholar.google.com/scholar?q=related:lZPGOcm6JK0J:scholar.google.com/&scioq=duration+%22standard+error%22%7C%22standard+errors%22%7Cpbd%7C%22benefit+duration%22%7Cwba%7C%22weekly+benefit+amount%22%7C%22replacement+rate%22+%22unemployment+insurance%22&hl=en&as_sdt=0,5"
70,"JW Hsu, DA Matsa, BT Melzer","Positive externalities of social insurance: Unemployment insurance and consumer credit",2014,"","nber.org","https://www.nber.org/papers/w20353","https://scholar.google.com/scholar?cites=8852044899180062358&as_sdt=2005&sciodt=0,5&hl=en",216,"2022-08-15 21:28:05","","","","",,,,,70,8.75,23,3,8,"… of unemployment insurance (UI) on consumer credit markets. Exploiting heterogeneity in UI generosity across US states and over time, … differences in benefit duration alone by replacing …","https://www.nber.org/system/files/working_papers/w20353/w20353.pdf","https://scholar.google.com/scholar?q=related:lqZvh-_H2HoJ:scholar.google.com/&scioq=duration+%22standard+error%22%7C%22standard+errors%22%7Cpbd%7C%22benefit+duration%22%7Cwba%7C%22weekly+benefit+amount%22%7C%22replacement+rate%22+%22unemployment+insurance%22&hl=en&as_sdt=0,5"
11,"JW Hsu, DA Matsa, BT Melzer","Unemployment insurance and consumer credit",2013,"Policy","economics.ucdavis.edu","https://economics.ucdavis.edu/events/papers/Melzer1121.pdf","https://scholar.google.com/scholar?cites=9532517645286416384&as_sdt=2005&sciodt=0,5&hl=en",369,"2022-08-15 21:28:05","PDF","","","",,,,,11,1.22,4,3,9,"… federal funds to extend the period of time for which unemployed individuals could collect … across states in the duration of these extensions and in the weekly benefit amount paid, we …","https://economics.ucdavis.edu/events/papers/Melzer1121.pdf","https://scholar.google.com/scholar?q=related:AKBw_kpOSoQJ:scholar.google.com/&scioq=duration+%22standard+error%22%7C%22standard+errors%22%7Cpbd%7C%22benefit+duration%22%7Cwba%7C%22weekly+benefit+amount%22%7C%22replacement+rate%22+%22unemployment+insurance%22&hl=en&as_sdt=0,5"
72,"K Baicker, C Goldin, LF Katz","A distinctive system: origins and impact of US unemployment compensation",1998,"… Moment: The Great Depression and the …","nber.org","https://www.nber.org/system/files/chapters/c6895/c6895.pdf","https://scholar.google.com/scholar?cites=5357076591068845570&as_sdt=2005&sciodt=0,5&hl=en",904,"2022-08-15 21:28:05","PDF","","","",,,,,72,3.00,24,3,24,"… replacement rate, as shown in figure 7.2, masks a decline in the after-tax replacement rate during the phase-in period. … for the pattern of unemployment insurance we have in this country …","https://www.nber.org/system/files/chapters/c6895/c6895.pdf","https://scholar.google.com/scholar?q=related:AhY4zcYoWEoJ:scholar.google.com/&scioq=duration+%22standard+error%22%7C%22standard+errors%22%7Cpbd%7C%22benefit+duration%22%7Cwba%7C%22weekly+benefit+amount%22%7C%22replacement+rate%22+%22unemployment+insurance%22&hl=en&as_sdt=0,5"
108,"K Burdett, R Lagos, R Wright","An on‐the‐job search model of crime, inequality, and unemployment",2004,"International Economic Review","Wiley Online Library","https://onlinelibrary.wiley.com/doi/abs/10.1111/j.0020-6598.2004.00283.x","https://scholar.google.com/scholar?cites=16645941468650874076&as_sdt=2005&sciodt=0,5&hl=en",860,"2022-08-15 21:28:05","","10.1111/j.0020-6598.2004.00283.x","","",,,,,108,6.00,36,3,18,"… For example, we find that increasing the unemployment insurance replacement rate from 53 … We assume for simplicity that the release rate ρ does not depend on time served, and that ex…","https://www.academia.edu/download/146536/1nplupkfb4wyan9.pdf","https://scholar.google.com/scholar?q=related:3CThXpJDAucJ:scholar.google.com/&scioq=duration+%22standard+error%22%7C%22standard+errors%22%7Cpbd%7C%22benefit+duration%22%7Cwba%7C%22weekly+benefit+amount%22%7C%22replacement+rate%22+%22unemployment+insurance%22&hl=en&as_sdt=0,5"
303,"K Carling, B Holmlund, A Vejsiu","Do benefit cuts boost job finding? Swedish evidence from the 1990s",2001,"The Economic Journal","Wiley Online Library","https://onlinelibrary.wiley.com/doi/abs/10.1111/1468-0297.00659","https://scholar.google.com/scholar?cites=18162102950724740281&as_sdt=2005&sciodt=0,5&hl=en",394,"2022-08-15 21:28:05","","10.1111/1468-0297.00659","","",,,,,303,14.43,101,3,21,"… cut the replacement rate in unemployment insurance from 80… 1990s, the maximum replacement rate among workers eligible … We control for time effects by the time dummy and for group …","https://www.econstor.eu/bitstream/10419/82203/1/wp99-08.pdf","https://scholar.google.com/scholar?q=related:uaQFIGjADPwJ:scholar.google.com/&scioq=duration+%22standard+error%22%7C%22standard+errors%22%7Cpbd%7C%22benefit+duration%22%7Cwba%7C%22weekly+benefit+amount%22%7C%22replacement+rate%22+%22unemployment+insurance%22&hl=en&as_sdt=0,5"
325,"K Carling, PA Edin, A Harkman, B Holmlund","Unemployment duration, unemployment benefits, and labor market programs in Sweden",1996,"Journal of Public Economics","Elsevier","https://www.sciencedirect.com/science/article/pii/0047272795014993","https://scholar.google.com/scholar?cites=12724102647020931202&as_sdt=2005&sciodt=0,5&hl=en",538,"2022-08-15 21:28:05","","","","",,,,,325,12.50,81,4,26,"… The framework is a standard search model augmented to account for two institutional features of the Swedish unemployment insurance (UI) system: the fixed benefit period and the …","https://www.researchgate.net/profile/Kenneth-Carling/publication/4750258_Unemployment_Duration_Unemployment_Benefits_and_Labour_Market_Programmes_in_Sweden/links/59e9e4030f7e9bc89bcaea14/Unemployment-Duration-Unemployment-Benefits-and-Labour-Market-Programmes-in-Sweden.pdf","https://scholar.google.com/scholar?q=related:gkhKOfEXlbAJ:scholar.google.com/&scioq=duration+%22standard+error%22%7C%22standard+errors%22%7Cpbd%7C%22benefit+duration%22%7Cwba%7C%22weekly+benefit+amount%22%7C%22replacement+rate%22+%22unemployment+insurance%22&hl=en&as_sdt=0,5"
18,"K Coombs, A Dube, C Jahnke, R Kluender…","Early Withdrawal of Pandemic Unemployment Insurance: Effects on Earnings, Employment and Consumption",2021,"… School Working Paper …","hbs.edu","https://www.hbs.edu/ris/Publication%20Files/22-046_ce11d30f-72bc-4dd6-8367-e1dce9e75154.pdf","https://scholar.google.com/scholar?cites=10496226313251887020&as_sdt=2005&sciodt=0,5&hl=en",37,"2022-08-15 21:28:05","PDF","","","",,,,,18,18.00,4,5,1,"… Given the well-known duration dependence of the job finding … effect of a high replacement rate (or lower PBD), we … , since the policy also reduces their PBD by ending PEUC. In …","https://www.hbs.edu/ris/Publication%20Files/22-046_ce11d30f-72bc-4dd6-8367-e1dce9e75154.pdf","https://scholar.google.com/scholar?q=related:rJd8czgWqpEJ:scholar.google.com/&scioq=duration+%22standard+error%22%7C%22standard+errors%22%7Cpbd%7C%22benefit+duration%22%7Cwba%7C%22weekly+benefit+amount%22%7C%22replacement+rate%22+%22unemployment+insurance%22&hl=en&as_sdt=0,5"
8,"K Degen","Winning versus Losing: How Important are Reservation Wages for Unemployment Duration",2014,"","eml.berkeley.edu","https://eml.berkeley.edu/~webfac/card/laborlunch/degin.pdf","https://scholar.google.com/scholar?cites=10503278401934592740&as_sdt=2005&sciodt=0,5&hl=en",338,"2022-08-15 21:28:05","PDF","","","",,,,,8,1.00,8,1,8,"… At the same time, unemployment insurance is subject to … is that increases in unemployment insurance (UI) generosity … extending benefit duration affects unemployment duration and …","https://eml.berkeley.edu/~webfac/card/laborlunch/degin.pdf","https://scholar.google.com/scholar?q=related:5ApYzA4kw5EJ:scholar.google.com/&scioq=duration+%22standard+error%22%7C%22standard+errors%22%7Cpbd%7C%22benefit+duration%22%7Cwba%7C%22weekly+benefit+amount%22%7C%22replacement+rate%22+%22unemployment+insurance%22&hl=en&as_sdt=0,5"
17,"K Degen, R Lalive","How Do Reductions in Potential Benefit Duration Affect Medium-Run Earnings and Employment?",2013,"Manuscript, University of Lausanne","iza.org","https://www.iza.org/conference_files/older_workers_2013/degen_k8721.pdf","https://scholar.google.com/scholar?cites=10298720083895219017&as_sdt=2005&sciodt=0,5&hl=en",62,"2022-08-15 21:28:05","PDF","","","",,,,,17,1.89,9,2,9,"… Shortening unemployment duration again improves labor market chances of job seekers (… unemployment insurance that cut PBD from 24 months 1For instance, the net replacement rate …","https://www.iza.org/conference_files/older_workers_2013/degen_k8721.pdf","https://scholar.google.com/scholar?q=related:SXPB8Vln7I4J:scholar.google.com/&scioq=duration+%22standard+error%22%7C%22standard+errors%22%7Cpbd%7C%22benefit+duration%22%7Cwba%7C%22weekly+benefit+amount%22%7C%22replacement+rate%22+%22unemployment+insurance%22&hl=en&as_sdt=0,5"
7,"K Degen, R Lalive","How Does a Reduction in Potential Benefit Duration Affect Medium-Run Earnings and Employment?",2013,"Unpublished manuscript, Univ. Lausanne","sole-jole.org","https://www.sole-jole.org/assets/docs/14067.pdf","https://scholar.google.com/scholar?cites=13222824657054012342&as_sdt=2005&sciodt=0,5&hl=en",128,"2022-08-15 21:28:05","PDF","","","",,,,,7,0.78,4,2,9,"… of the potential duration of unemployment benefit receipt (PBD) affects medium-… unemployment insurance system vary tremendously across the OECD.This paper studies whether PBD …","https://www.sole-jole.org/assets/docs/14067.pdf","https://scholar.google.com/scholar?q=related:thP70vfogLcJ:scholar.google.com/&scioq=duration+%22standard+error%22%7C%22standard+errors%22%7Cpbd%7C%22benefit+duration%22%7Cwba%7C%22weekly+benefit+amount%22%7C%22replacement+rate%22+%22unemployment+insurance%22&hl=en&as_sdt=0,5"
10,"K Farrants, C Bambra","Neoliberalism and the recommodification of health inequalities: A case study of the Swedish welfare state 1980 to 2011",2018,"Scandinavian Journal of Public …","journals.sagepub.com","https://journals.sagepub.com/doi/abs/10.1177/1403494817709191","https://scholar.google.com/scholar?cites=2307147600380599902&as_sdt=2005&sciodt=0,5&hl=en",978,"2022-08-15 21:28:05","","10.1177/1403494817709191","","",,,,,10,2.50,5,2,4,"… The net replacement rate in the Swedish unemployment insurance was well above the … remains from other time-varying factors that we missed by controlling for time. Further, we have …","https://eprints.ncl.ac.uk/file_store/production/240224/25D651A9-930D-429A-804D-014A45D89509.pdf","https://scholar.google.com/scholar?q=related:Xp4UzYSiBCAJ:scholar.google.com/&scioq=duration+%22standard+error%22%7C%22standard+errors%22%7Cpbd%7C%22benefit+duration%22%7Cwba%7C%22weekly+benefit+amount%22%7C%22replacement+rate%22+%22unemployment+insurance%22&hl=en&as_sdt=0,5"
0,"K Javvadi","How Assuring is Insurance? The Effects of Unemployment Insurance on Mental Health in the United States During the COVID-19 Pandemic",2022,"","cdr.lib.unc.edu","https://cdr.lib.unc.edu/concern/honors_theses/bk128n15t","",672,"2022-08-15 21:28:05","","","","",,,,,0,0.00,0,1,1,"… it was found that extending the UI benefit duration for men increased likelihood of a cardiac … variables like total benefits available or maximum benefit duration length. This specification …","https://cdr.lib.unc.edu/downloads/bv73c850z",""
69,"K Kroft","Takeup, social multipliers and optimal social insurance",2008,"Journal of Public Economics","Elsevier","https://www.sciencedirect.com/science/article/pii/S0047272707001028","https://scholar.google.com/scholar?cites=5010834935111570193&as_sdt=2005&sciodt=0,5&hl=en",177,"2022-08-15 21:28:05","","","","",,,,,69,4.93,69,1,14,"… the optimal provision of unemployment insurance (UI) in a … optimal replacement rate in terms of the takeup and duration … takeup and yield an optimal replacement rate around 60% of …","http://www.korykroft.com/files/JPubE_final.pdf","https://scholar.google.com/scholar?q=related:EVNxL9MPikUJ:scholar.google.com/&scioq=duration+%22standard+error%22%7C%22standard+errors%22%7Cpbd%7C%22benefit+duration%22%7Cwba%7C%22weekly+benefit+amount%22%7C%22replacement+rate%22+%22unemployment+insurance%22&hl=en&as_sdt=0,5"
251,"K Kroft, MJ Notowidigdo","Should unemployment insurance vary with the unemployment rate? Theory and evidence",2016,"The Review of Economic Studies","academic.oup.com","https://academic.oup.com/restud/article-abstract/83/3/1092/2461292","https://scholar.google.com/scholar?cites=12069152170718141448&as_sdt=2005&sciodt=0,5&hl=en",41,"2022-08-15 21:28:05","","","","",,,,,251,41.83,126,2,6,"… duration and D B = ∑ t = 0 B − 1 S t be the worker's expected benefit duration (ie the length of time … We define the elasticity of unemployment duration and benefit duration with respect to …","https://www.nber.org/system/files/working_papers/w17173/w17173.pdf","https://scholar.google.com/scholar?q=related:CBzKQ_Q9fqcJ:scholar.google.com/&scioq=duration+%22standard+error%22%7C%22standard+errors%22%7Cpbd%7C%22benefit+duration%22%7Cwba%7C%22weekly+benefit+amount%22%7C%22replacement+rate%22+%22unemployment+insurance%22&hl=en&as_sdt=0,5"
16,"K Kroft, MJ Notowidigdo","Should unemployment insurance vary with the local unemployment rate? theory and evidence",2010,"NBER Working Paper","users.nber.org","http://users.nber.org/~notom/papers_old/kroft_noto_dec1_2010.pdf","https://scholar.google.com/scholar?cites=9519007474194643941&as_sdt=2005&sciodt=0,5&hl=en",92,"2022-08-15 21:28:05","PDF","","","",,,,,16,1.33,8,2,12,"… First, we focus on benefit level, not potential benefit duration, although the latter is clearly … is the unemployment insurance agency.Third, we assume there is no value from leisure time …","http://users.nber.org/~notom/papers_old/kroft_noto_dec1_2010.pdf","https://scholar.google.com/scholar?q=related:5fuoKd1OGoQJ:scholar.google.com/&scioq=duration+%22standard+error%22%7C%22standard+errors%22%7Cpbd%7C%22benefit+duration%22%7Cwba%7C%22weekly+benefit+amount%22%7C%22replacement+rate%22+%22unemployment+insurance%22&hl=en&as_sdt=0,5"
10,"K Kroft, MJ Notowidigdo","Does the Moral Hazard Cost of Unemployment Insurance Vary With the Local Unemployment Rate? Theory and Evidence",2010,"","Citeseer","https://citeseerx.ist.psu.edu/viewdoc/summary?doi=10.1.1.406.1025","https://scholar.google.com/scholar?cites=2523841948422145009&as_sdt=2005&sciodt=0,5&hl=en",167,"2022-08-15 21:28:05","","","","",,,,,10,0.83,5,2,12,"… and empirically how optimal Unemployment Insurance (UI) … bene…ts on unemployment duration varies with the unemployment … leads to a 20 % increase in the optimal replacement rate. …","","https://scholar.google.com/scholar?q=related:8YPuVOF8BiMJ:scholar.google.com/&scioq=duration+%22standard+error%22%7C%22standard+errors%22%7Cpbd%7C%22benefit+duration%22%7Cwba%7C%22weekly+benefit+amount%22%7C%22replacement+rate%22+%22unemployment+insurance%22&hl=en&as_sdt=0,5"
13,"K Lenaerts, F Paquier, S Simonetta","Unemployment Insurance in America: A model for Europe?",2017,"","euagenda.eu","https://euagenda.eu/upload/publications/untitled-108088-ea.pdf","https://scholar.google.com/scholar?cites=14376052967270463798&as_sdt=2005&sciodt=0,5&hl=en",510,"2022-08-15 21:28:05","BOOK","","","",,,,,13,2.60,4,3,5,"… the weekly benefit amount, the duration of benefits and most of the eligibility requirements for benefit receipt, are determined at the state level in an independent way. This has resulted …","https://euagenda.eu/upload/publications/untitled-108088-ea.pdf","https://scholar.google.com/scholar?q=related:NjlbkgEAgscJ:scholar.google.com/&scioq=duration+%22standard+error%22%7C%22standard+errors%22%7Cpbd%7C%22benefit+duration%22%7Cwba%7C%22weekly+benefit+amount%22%7C%22replacement+rate%22+%22unemployment+insurance%22&hl=en&as_sdt=0,5"
130,"K Mitman, S Rabinovich","Optimal unemployment insurance in an equilibrium business-cycle model",2015,"Journal of Monetary Economics","Elsevier","https://www.sciencedirect.com/science/article/pii/S0304393214001664","https://scholar.google.com/scholar?cites=275720673137677714&as_sdt=2005&sciodt=0,5&hl=en",83,"2022-08-15 21:28:05","","","","",,,,,130,18.57,65,2,7,"… the average replacement rate of unemployment insurance. A benefit duration scheme that … 1(b) illustrates the same result for the optimal duration of benefits: optimal benefit duration is …","https://www.amherst.edu/system/files/media/MitmanRabinovichJMEWeb.pdf","https://scholar.google.com/scholar?q=related:klWay32O0wMJ:scholar.google.com/&scioq=duration+%22standard+error%22%7C%22standard+errors%22%7Cpbd%7C%22benefit+duration%22%7Cwba%7C%22weekly+benefit+amount%22%7C%22replacement+rate%22+%22unemployment+insurance%22&hl=en&as_sdt=0,5"
46,"K Mitman, S Rabinovich","Pro-cyclical unemployment benefits? Optimal policy in an equilibrium business cycle model",2011,"","papers.ssrn.com","https://papers.ssrn.com/sol3/papers.cfm?abstract_id=1908683","https://scholar.google.com/scholar?cites=6523350496467211106&as_sdt=2005&sciodt=0,5&hl=en",179,"2022-08-15 21:28:05","","","","",,,,,46,4.18,23,2,11,"… of unemployment insurance (UI) … time path of optimal benefit levels and benefit duration is pro-cyclical overall. 1.1 Relationship to the previous literature on unemployment insurance …","https://www.amherst.edu/system/files/media/MitmanRabinovichOptimalUI021013.pdf","https://scholar.google.com/scholar?q=related:YtNL37aYh1oJ:scholar.google.com/&scioq=duration+%22standard+error%22%7C%22standard+errors%22%7Cpbd%7C%22benefit+duration%22%7Cwba%7C%22weekly+benefit+amount%22%7C%22replacement+rate%22+%22unemployment+insurance%22&hl=en&as_sdt=0,5"
17,"K Mitman, S Rabinovich","Optimal unemployment benefits in the pandemic",2020,"","papers.ssrn.com","https://papers.ssrn.com/sol3/papers.cfm?abstract_id=3638019","https://scholar.google.com/scholar?cites=5171007527750178206&as_sdt=2005&sciodt=0,5&hl=en",184,"2022-08-15 21:28:05","","","","",,,,,17,8.50,9,2,2,"… for raising the replacement rate of unemployment benefits … Newly hired workers during this time period keep receiving … with our analysis of unemployment insurance is an important …","https://www.econstor.eu/bitstream/10419/223831/1/dp13389.pdf","https://scholar.google.com/scholar?q=related:npVrBvMbw0cJ:scholar.google.com/&scioq=duration+%22standard+error%22%7C%22standard+errors%22%7Cpbd%7C%22benefit+duration%22%7Cwba%7C%22weekly+benefit+amount%22%7C%22replacement+rate%22+%22unemployment+insurance%22&hl=en&as_sdt=0,5"
11,"K Mitman, S Rabinovich","Do Changes in Unemployment Insurance Explain the Emergence of Jobless Recoveries?",2013,"","academia.edu","https://www.academia.edu/download/30739306/13468.pdf","https://scholar.google.com/scholar?cites=16906646136726020147&as_sdt=2005&sciodt=0,5&hl=en",310,"2022-08-15 21:28:05","PDF","","","",,,,,11,1.22,6,2,9,"… the average replacement rate of unemployment insurance. … we plot the time path of maximum benefit duration from 1950 … time path of maximum benefit duration together with the time …","https://www.academia.edu/download/30739306/13468.pdf","https://scholar.google.com/scholar?q=related:M-DIChZ5oOoJ:scholar.google.com/&scioq=duration+%22standard+error%22%7C%22standard+errors%22%7Cpbd%7C%22benefit+duration%22%7Cwba%7C%22weekly+benefit+amount%22%7C%22replacement+rate%22+%22unemployment+insurance%22&hl=en&as_sdt=0,5"
46,"K Mitman, S Rabinovich","Do Unemployment Benefit Extensions Explain the Emergence of Jobless Recoveries?",2019,"","papers.ssrn.com","https://papers.ssrn.com/sol3/papers.cfm?abstract_id=3401847","https://scholar.google.com/scholar?cites=791632772074438314&as_sdt=2005&sciodt=0,5&hl=en",804,"2022-08-15 21:28:05","","","","",,,,,46,15.33,23,2,3,"… We argue that incorporating time-varying and statedependent unemployment insurance … This is below the average replacement rate of unemployment insurance, and at the lower end of …","https://www.econstor.eu/bitstream/10419/202711/1/dp12365.pdf","https://scholar.google.com/scholar?q=related:qv4N3M9x_AoJ:scholar.google.com/&scioq=duration+%22standard+error%22%7C%22standard+errors%22%7Cpbd%7C%22benefit+duration%22%7Cwba%7C%22weekly+benefit+amount%22%7C%22replacement+rate%22+%22unemployment+insurance%22&hl=en&as_sdt=0,5"
18,"K Mitman, S Rabinovich","Unemployment benefit extensions caused jobless recoveries!?",2014,"","papers.ssrn.com","https://papers.ssrn.com/sol3/papers.cfm?abstract_id=2428268","https://scholar.google.com/scholar?cites=9204272888473922259&as_sdt=2005&sciodt=0,5&hl=en",881,"2022-08-15 21:28:05","","","","",,,,,18,2.25,9,2,8,"… Our results imply not only that unemployment insurance is … dynamics very well once these time-varying policy changes are … average replacement rate of unemployment insurance after …","https://economics.sas.upenn.edu/sites/default/files/filevault/14-013.pdf","https://scholar.google.com/scholar?q=related:0yo__WwlvH8J:scholar.google.com/&scioq=duration+%22standard+error%22%7C%22standard+errors%22%7Cpbd%7C%22benefit+duration%22%7Cwba%7C%22weekly+benefit+amount%22%7C%22replacement+rate%22+%22unemployment+insurance%22&hl=en&as_sdt=0,5"
18,"K Mitman, S Rabinovich","Whether, when and how to extend unemployment benefits: Theory and application to COVID-19",2021,"Journal of Public Economics","Elsevier","https://www.sciencedirect.com/science/article/pii/S0047272721000839","https://scholar.google.com/scholar?cites=7692991483173611405&as_sdt=2005&sciodt=0,5&hl=en",885,"2022-08-15 21:28:05","","","","",,,,,18,18.00,9,2,1,"… response of unemployment insurance to … duration with respect to unemployment benefits of 0.12 . Finally, we normalize the wage to 1, so that b is interpreted as a replacement rate. We …","https://www.ncbi.nlm.nih.gov/pmc/articles/PMC8677353/","https://scholar.google.com/scholar?q=related:jSerpv7-wmoJ:scholar.google.com/&scioq=duration+%22standard+error%22%7C%22standard+errors%22%7Cpbd%7C%22benefit+duration%22%7Cwba%7C%22weekly+benefit+amount%22%7C%22replacement+rate%22+%22unemployment+insurance%22&hl=en&as_sdt=0,5"
28,"K Nelson, D Fredriksson, T Korpi…","The social policy indicators (SPIN) database",2020,"… Journal of Social …","Wiley Online Library","https://onlinelibrary.wiley.com/doi/abs/10.1111/ijsw.12418","https://scholar.google.com/scholar?cites=727196515188282020&as_sdt=2005&sciodt=0,5&hl=en",958,"2022-08-15 21:28:05","","10.1111/ijsw.12418","","",,,,,28,14.00,7,4,2,"… Typically, we also lack information on benefit duration (eg, whether benefits are received for one … Besides unemployment insurance, the various benefit packages in the dataset include …","https://onlinelibrary.wiley.com/doi/pdfdirect/10.1111/ijsw.12418","https://scholar.google.com/scholar?q=related:pBKzsWCFFwoJ:scholar.google.com/&scioq=duration+%22standard+error%22%7C%22standard+errors%22%7Cpbd%7C%22benefit+duration%22%7Cwba%7C%22weekly+benefit+amount%22%7C%22replacement+rate%22+%22unemployment+insurance%22&hl=en&as_sdt=0,5"
25,"K Roed, L Westlie","Unemployment insurance in welfare states: Soft constraints and mild sanctions",2007,"Available at SSRN 999378","papers.ssrn.com","https://papers.ssrn.com/sol3/papers.cfm?abstract_id=999378","https://scholar.google.com/scholar?cites=17622530943002240032&as_sdt=2005&sciodt=0,5&hl=en",466,"2022-08-15 21:28:05","","","","",,,,,25,1.67,13,2,15,"… While benefit exhaustion rules regulate the conditions under which repeated spells are to be counted as belonging to the same maximum benefit duration period or not, there are no …","https://www.econstor.eu/bitstream/10419/63182/1/538459875.pdf","https://scholar.google.com/scholar?q=related:IGT6RIbOj_QJ:scholar.google.com/&scioq=duration+%22standard+error%22%7C%22standard+errors%22%7Cpbd%7C%22benefit+duration%22%7Cwba%7C%22weekly+benefit+amount%22%7C%22replacement+rate%22+%22unemployment+insurance%22&hl=en&as_sdt=0,5"
48,"K Røed, L Westlie","Unemployment insurance in welfare states: the impacts of soft duration constraints",2012,"Journal of the European Economic …","academic.oup.com","https://academic.oup.com/jeea/article-abstract/10/3/518/2298448","https://scholar.google.com/scholar?cites=14569742584239494223&as_sdt=2005&sciodt=0,5&hl=en",261,"2022-08-15 21:28:05","","","","",,,,,48,4.80,24,2,10,"… Most of the results are illustrated graphically, and, for expository reasons, without confidence intervals (we report standard errors or confidence intervals for the key results, though). …","https://www.sv.uio.no/esop/english/publications/articles/2012/roed-unemployment.pdf","https://scholar.google.com/scholar?q=related:TxR6wq8fMsoJ:scholar.google.com/&scioq=duration+%22standard+error%22%7C%22standard+errors%22%7Cpbd%7C%22benefit+duration%22%7Cwba%7C%22weekly+benefit+amount%22%7C%22replacement+rate%22+%22unemployment+insurance%22&hl=en&as_sdt=0,5"
25,"K Røed, P Jensen, A Thoursie","Unemployment duration and unemployment insurance: a comparative analysis based on Scandinavian micro data",2008,"Oxford Economic Papers","academic.oup.com","https://academic.oup.com/oep/article-abstract/60/2/254/2361983","https://scholar.google.com/scholar?cites=7069315314109579989&as_sdt=2005&sciodt=0,5&hl=en",230,"2022-08-15 21:28:05","","","","",,,,,25,1.79,8,3,14,"… 4 In the period covered by our data, the maximum benefit duration period in Norway is three years. In order to improve job search incentives and reduce costs, it was reduced to two …","http://citeseerx.ist.psu.edu/viewdoc/download?doi=10.1.1.911.4467&rep=rep1&type=pdf","https://scholar.google.com/scholar?q=related:1QK7xtJAG2IJ:scholar.google.com/&scioq=duration+%22standard+error%22%7C%22standard+errors%22%7Cpbd%7C%22benefit+duration%22%7Cwba%7C%22weekly+benefit+amount%22%7C%22replacement+rate%22+%22unemployment+insurance%22&hl=en&as_sdt=0,5"
21,"K Røed, P Jensen, A Thoursie","Unemployment duration, incentives and institutions: A micro-econometric analysis based on Scandinavian data",2002,"… institutt, Universitetet i Oslo http://urn. nb …","duo.uio.no","https://www.duo.uio.no/handle/10852/17282","https://scholar.google.com/scholar?cites=2958305219745842654&as_sdt=2005&sciodt=0,5&hl=en",420,"2022-08-15 21:28:05","","","","",,,,,21,1.05,7,3,20,"… -variation’ in the unemployment insurance systems to identify … The institutional set-up of the unemployment insurance … replacement ratio and the maximum benefit duration. We find that …","https://www.duo.uio.no/bitstream/handle/10852/17282/1/4721.pdf","https://scholar.google.com/scholar?q=related:3oUicOwCDikJ:scholar.google.com/&scioq=duration+%22standard+error%22%7C%22standard+errors%22%7Cpbd%7C%22benefit+duration%22%7Cwba%7C%22weekly+benefit+amount%22%7C%22replacement+rate%22+%22unemployment+insurance%22&hl=en&as_sdt=0,5"
278,"K Røed, T Zhang","Does unemployment compensation affect unemployment duration?",2003,"The Economic Journal","academic.oup.com","https://academic.oup.com/ej/article-abstract/113/484/190/5079524","https://scholar.google.com/scholar?cites=8069264038268716819&as_sdt=2005&sciodt=0,5&hl=en",481,"2022-08-15 21:28:05","","","","",,,,,278,14.63,139,2,19,"… The Norwegian unemployment insurance system is … cut‐off period, after which a new 80‐week period could start at a … variable, without correcting standard errors for the fact that it is ‘…","http://citeseerx.ist.psu.edu/viewdoc/download?doi=10.1.1.198.6351&rep=rep1&type=pdf","https://scholar.google.com/scholar?q=related:E0fX1-PI-28J:scholar.google.com/&scioq=duration+%22standard+error%22%7C%22standard+errors%22%7Cpbd%7C%22benefit+duration%22%7Cwba%7C%22weekly+benefit+amount%22%7C%22replacement+rate%22+%22unemployment+insurance%22&hl=en&as_sdt=0,5"
92,"K Røed, T Zhang","Unemployment duration and economic incentives—a quasi random-assignment approach",2005,"European economic review","Elsevier","https://www.sciencedirect.com/science/article/pii/S0014292104000595","https://scholar.google.com/scholar?cites=40062434119986184&as_sdt=2005&sciodt=0,5&hl=en",570,"2022-08-15 21:28:05","","","","",,,,,92,5.41,46,2,17,"… unemployment insurance replacement ratio, but that the effects vary considerably among individuals. There is negative duration … of interest together with their standard errors. The first …","","https://scholar.google.com/scholar?q=related:CCyPUpJUjgAJ:scholar.google.com/&scioq=duration+%22standard+error%22%7C%22standard+errors%22%7Cpbd%7C%22benefit+duration%22%7Cwba%7C%22weekly+benefit+amount%22%7C%22replacement+rate%22+%22unemployment+insurance%22&hl=en&as_sdt=0,5"
20,"K Schömann, S Flechtner, R Mytzek, I Schömann","Moving towards employment insurance: unemployment insurance and employment protection in the OECD",2000,"","ssoar.info","https://www.ssoar.info/ssoar/handle/document/11571","https://scholar.google.com/scholar?cites=1415940095881093118&as_sdt=2005&sciodt=0,5&hl=en",626,"2022-08-15 21:28:05","","","","",,,,,20,0.91,5,4,22,"… that we used is the net replacement rate for a single average … With an average net replacement rate of 63 per cent Japan's … duration and coverage of unemployment insurance Japan …","https://www.ssoar.info/ssoar/bitstream/handle/document/11571/ssoar-2000-schomann_et_al-moving_towards_employment_insurance.pdf?sequence=1&isAllowed=y","https://scholar.google.com/scholar?q=related:_p855gNuphMJ:scholar.google.com/&scioq=duration+%22standard+error%22%7C%22standard+errors%22%7Cpbd%7C%22benefit+duration%22%7Cwba%7C%22weekly+benefit+amount%22%7C%22replacement+rate%22+%22unemployment+insurance%22&hl=en&as_sdt=0,5"
13,"K Sehnbruch, R Carranza","The Chilean system of unemployment insurance savings accounts",2015,"","researchgate.net","https://www.researchgate.net/profile/Rafael-Carranza/publication/278678166_The_Chilean_System_of_Unemployment_Insurance_Savings_Accounts/links/55830f6708ae4738295b6fc8/The-Chilean-System-of-Unemployment-Insurance-Savings-Accounts.pdf","https://scholar.google.com/scholar?cites=10310746184480802972&as_sdt=2005&sciodt=0,5&hl=en",684,"2022-08-15 21:28:05","BOOK","","","",,,,,13,1.86,7,2,7,"… """"This""paper""analyses""how""the""Chilean""unemployment""insurance""system,""which""was""one"" of""the""first""to""be""implemented""based""on""individual""savings""accounts,""works."" …","https://www.researchgate.net/profile/Rafael-Carranza/publication/278678166_The_Chilean_System_of_Unemployment_Insurance_Savings_Accounts/links/55830f6708ae4738295b6fc8/The-Chilean-System-of-Unemployment-Insurance-Savings-Accounts.pdf","https://scholar.google.com/scholar?q=related:nEgxrwYhF48J:scholar.google.com/&scioq=duration+%22standard+error%22%7C%22standard+errors%22%7Cpbd%7C%22benefit+duration%22%7Cwba%7C%22weekly+benefit+amount%22%7C%22replacement+rate%22+%22unemployment+insurance%22&hl=en&as_sdt=0,5"
0,"K Sehnbruch, R Carranza Navarrete…","Unemployment Insurance in Transition and Developing Countries: Moral Hazard vs. Liquidity Constraints in Chile",2022,"The Journal of …","Taylor & Francis","https://www.tandfonline.com/doi/abs/10.1080/00220388.2022.2096444","",974,"2022-08-15 21:28:05","","10.1080/00220388.2022.2096444","","",,,,,0,0.00,0,3,1,"… developed during this transition period to becoming a country … of the Chilean unemployment insurance system and … month of unemployment the replacement rate is maintained constant …","https://www.tandfonline.com/doi/pdf/10.1080/00220388.2022.2096444",""
19,"K Sehnbruch, R Carranza, J Prieto","The political economy of unemployment insurance based on individual savings accounts: Lessons from chile",2019,"Development and Change","Wiley Online Library","https://onlinelibrary.wiley.com/doi/abs/10.1111/dech.12457","https://scholar.google.com/scholar?cites=17573910916460648852&as_sdt=2005&sciodt=0,5&hl=en",349,"2022-08-15 21:28:05","","10.1111/dech.12457","","",,,,,19,6.33,6,3,3,"… , traditional unemployment insurance as it existed at the time … of unemployment the replacement rate is maintained constant … are insufficient to fund a period of unemployment, and if the …","http://eprints.lse.ac.uk/90663/1/Carranza_The-political-economy.pdf","https://scholar.google.com/scholar?q=related:lBn_Md4S4_MJ:scholar.google.com/&scioq=duration+%22standard+error%22%7C%22standard+errors%22%7Cpbd%7C%22benefit+duration%22%7Cwba%7C%22weekly+benefit+amount%22%7C%22replacement+rate%22+%22unemployment+insurance%22&hl=en&as_sdt=0,5"
28,"K Stovicek, A Turrini","Benchmarking unemployment benefits in the EU",2012,"","econstor.eu","https://www.econstor.eu/handle/10419/91759","https://scholar.google.com/scholar?cites=2202300625871161743&as_sdt=2005&sciodt=0,5&hl=en",601,"2022-08-15 21:28:05","","","","",,,,,28,2.80,14,2,10,"… Austria also has a relatively short unemployment insurance benefit duration, but it … For computation purposes, indefinite unemployment insurance duration in Belgium and indefinite …","https://www.econstor.eu/bitstream/10419/91759/1/pp43.pdf","https://scholar.google.com/scholar?q=related:j8mrPcAkkB4J:scholar.google.com/&scioq=duration+%22standard+error%22%7C%22standard+errors%22%7Cpbd%7C%22benefit+duration%22%7Cwba%7C%22weekly+benefit+amount%22%7C%22replacement+rate%22+%22unemployment+insurance%22&hl=en&as_sdt=0,5"
272,"K Tatsiramos","Unemployment insurance in Europe: unemployment duration and subsequent employment stability",2009,"Journal of the European economic association","academic.oup.com","https://academic.oup.com/jeea/article-abstract/7/6/1225/2295832","https://scholar.google.com/scholar?cites=3295913496171740718&as_sdt=2005&sciodt=0,5&hl=en",48,"2022-08-15 21:28:05","","","","",,,,,272,20.92,272,1,13,"… effect of unemployment insurance on unemployment and subsequent employment duration in … Given our data, the exact benefit duration is not available. What is observed is whether the …","https://www.econstor.eu/bitstream/10419/33875/1/516439251.pdf","https://scholar.google.com/scholar?q=related:Ln67vdxvvS0J:scholar.google.com/&scioq=duration+%22standard+error%22%7C%22standard+errors%22%7Cpbd%7C%22benefit+duration%22%7Cwba%7C%22weekly+benefit+amount%22%7C%22replacement+rate%22+%22unemployment+insurance%22&hl=en&as_sdt=0,5"
25,"K Tatsiramos","The effect of unemployment insurance on unemployment duration and the subsequent employment stability",2004,"Available at SSRN 555702","papers.ssrn.com","https://papers.ssrn.com/sol3/papers.cfm?abstract_id=555702","https://scholar.google.com/scholar?cites=17251349255706870209&as_sdt=2005&sciodt=0,5&hl=en",106,"2022-08-15 21:28:05","","","","",,,,,25,1.39,25,1,18,"… of Unemployment Insurance Benefits (UIB) on unemployment duration and on the duration of … , for short spells of type A the benefit duration coincides with the unemployment duration. …","https://www.econstor.eu/bitstream/10419/20402/1/dp1163.pdf","https://scholar.google.com/scholar?q=related:wYGbGr8aae8J:scholar.google.com/&scioq=duration+%22standard+error%22%7C%22standard+errors%22%7Cpbd%7C%22benefit+duration%22%7Cwba%7C%22weekly+benefit+amount%22%7C%22replacement+rate%22+%22unemployment+insurance%22&hl=en&as_sdt=0,5"
63,"K Tatsiramos","Geographic labour mobility and unemployment insurance in Europe",2009,"Journal of population Economics","Springer","https://link.springer.com/article/10.1007/s00148-008-0194-7","https://scholar.google.com/scholar?cites=16165364543582139619&as_sdt=2005&sciodt=0,5&hl=en",181,"2022-08-15 21:28:05","","10.1007/s00148-008-0194-7","","",,,,,63,4.85,63,1,13,"… relatively short duration, … unemployment insurance, although Spain resembles more to the Continental countries. In particular, for the UK, the flat rate corresponds to a replacement rate …","https://www.econstor.eu/bitstream/10419/20517/1/dp1253.pdf","https://scholar.google.com/scholar?q=related:43TolGfpVuAJ:scholar.google.com/&scioq=duration+%22standard+error%22%7C%22standard+errors%22%7Cpbd%7C%22benefit+duration%22%7Cwba%7C%22weekly+benefit+amount%22%7C%22replacement+rate%22+%22unemployment+insurance%22&hl=en&as_sdt=0,5"
26,"K Tatsiramos","Unemployment benefits and job match quality",2014,"IZA World of Labor","econstor.eu","https://www.econstor.eu/handle/10419/125266","https://scholar.google.com/scholar?cites=3997383131093686104&as_sdt=2005&sciodt=0,5&hl=en",386,"2022-08-15 21:28:05","","","","",,,,,26,3.25,26,1,8,"… Unemployment insurance (UI) provides the unemployed … benefit duration at the individual level due to different employment histories, create substantial variation in the maximum period …","https://www.econstor.eu/bitstream/10419/125266/1/iza-wol-044.pdf","https://scholar.google.com/scholar?q=related:WFf6V8eOeTcJ:scholar.google.com/&scioq=duration+%22standard+error%22%7C%22standard+errors%22%7Cpbd%7C%22benefit+duration%22%7Cwba%7C%22weekly+benefit+amount%22%7C%22replacement+rate%22+%22unemployment+insurance%22&hl=en&as_sdt=0,5"
7,"K Tatsiramos","Do unemployment benefits help those seeking work to obtain better jobs?",2014,"IZA World of Labor","nottingham-repository.worktribe.com","https://nottingham-repository.worktribe.com/index.php/outputs?Year=2014&Type=Journal+Article&page=56","https://scholar.google.com/scholar?cites=6873938280425290906&as_sdt=2005&sciodt=0,5&hl=en",603,"2022-08-15 21:28:05","","","","",,,,,7,0.88,7,1,8,"… Unemployment insurance (UI) provides the unemployed … benefit duration at the individual level due to different employment histories, create substantial variation in the maximum period …","https://nottingham-repository.worktribe.com/index.php/preview/729840/unemployment-benefits-and-job-match-quality.pdf","https://scholar.google.com/scholar?q=related:mny1RHIiZV8J:scholar.google.com/&scioq=duration+%22standard+error%22%7C%22standard+errors%22%7Cpbd%7C%22benefit+duration%22%7Cwba%7C%22weekly+benefit+amount%22%7C%22replacement+rate%22+%22unemployment+insurance%22&hl=en&as_sdt=0,5"
93,"K Tatsiramos","Job displacement and the transitions to re-employment and early retirement for non-employed older workers",2010,"European Economic Review","Elsevier","https://www.sciencedirect.com/science/article/pii/S001429210900110X","https://scholar.google.com/scholar?cites=13893219664011388548&as_sdt=2005&sciodt=0,5&hl=en",827,"2022-08-15 21:28:05","","","","",,,,,93,7.75,93,1,12,"… aged at least 55 at the time of restructuring, who may draw them … replacement rate for unemployment insurance recipients is 70% for the first 180 days and 60% thereafter. The duration …","","https://scholar.google.com/scholar?q=related:hObey6yhzsAJ:scholar.google.com/&scioq=duration+%22standard+error%22%7C%22standard+errors%22%7Cpbd%7C%22benefit+duration%22%7Cwba%7C%22weekly+benefit+amount%22%7C%22replacement+rate%22+%22unemployment+insurance%22&hl=en&as_sdt=0,5"
242,"K Tatsiramos, JC Van Ours","Labor market effects of unemployment insurance design",2014,"Journal of economic surveys","Wiley Online Library","https://onlinelibrary.wiley.com/doi/abs/10.1111/joes.12005","https://scholar.google.com/scholar?cites=9112856749299458677&as_sdt=2005&sciodt=0,5&hl=en",24,"2022-08-15 21:28:05","","10.1111/joes.12005","","",,,,,242,30.25,121,2,8,"… workers differently depending on their elapsed unemployment duration. Contrary to an extension of the benefit duration, an increase in the replacement rate has its largest effect at the …","https://www.econstor.eu/bitstream/10419/67146/1/729299929.pdf","https://scholar.google.com/scholar?q=related:deIDd-5ed34J:scholar.google.com/&scioq=duration+%22standard+error%22%7C%22standard+errors%22%7Cpbd%7C%22benefit+duration%22%7Cwba%7C%22weekly+benefit+amount%22%7C%22replacement+rate%22+%22unemployment+insurance%22&hl=en&as_sdt=0,5"
2,"K Tatsiramos, JC van Ours","Unemployment insurance and unemployment dynamics in Europe",2011,"College Park, MD: University of Maryland …","umdcipe.org","http://umdcipe.org/conferences/LaborActivationParis/Presentations/Tatsiramos%20and%20Van%20Ours_OECD%20Presentation_11_1114.pdf","https://scholar.google.com/scholar?cites=9196305594435149495&as_sdt=2005&sciodt=0,5&hl=en",118,"2022-08-15 21:28:05","PDF","","","",,,,,2,0.18,1,2,11,"… Benefit duration depending on insurance period (most countries) and/or age (some … ► The evidence suggests that a reduction of the replacement rate increased re-employment …","http://umdcipe.org/conferences/LaborActivationParis/Presentations/Tatsiramos%20and%20Van%20Ours_OECD%20Presentation_11_1114.pdf","https://scholar.google.com/scholar?q=related:t54-yjbXn38J:scholar.google.com/&scioq=duration+%22standard+error%22%7C%22standard+errors%22%7Cpbd%7C%22benefit+duration%22%7Cwba%7C%22weekly+benefit+amount%22%7C%22replacement+rate%22+%22unemployment+insurance%22&hl=en&as_sdt=0,5"
1,"K Tatsiramos, JC van Ours","Unemployment Insurance Design",2012,"","Citeseer","http://citeseerx.ist.psu.edu/viewdoc/download?doi=10.1.1.1026.3534&rep=rep1&type=pdf","https://scholar.google.com/scholar?cites=13312500695369976111&as_sdt=2005&sciodt=0,5&hl=en",393,"2022-08-15 21:28:05","PDF","","","",,,,,1,0.10,1,2,10,"… Contrary to an extension of the benefit duration, an increase in the replacement rate has its … Specifying a minimum employment period to contribute to the unemployment insurance …","http://citeseerx.ist.psu.edu/viewdoc/download?doi=10.1.1.1026.3534&rep=rep1&type=pdf","https://scholar.google.com/scholar?q=related:Lwmri9mAv7gJ:scholar.google.com/&scioq=duration+%22standard+error%22%7C%22standard+errors%22%7Cpbd%7C%22benefit+duration%22%7Cwba%7C%22weekly+benefit+amount%22%7C%22replacement+rate%22+%22unemployment+insurance%22&hl=en&as_sdt=0,5"
709,"KA Couch, DW Placzek","Earnings losses of displaced workers revisited",2010,"American Economic Review","aeaweb.org","https://www.aeaweb.org/articles?id=10.1257/aer.100.1.572","https://scholar.google.com/scholar?cites=15189650231725757003&as_sdt=2005&sciodt=0,5&hl=en",838,"2022-08-15 21:28:05","","","","",,,,,709,59.08,355,2,12,"… However, the standard errors associated with the matching, fixed-effects, and time trend … losses among job separators who do not collect Unemployment Insurance (UI) benefits. Long-…","","https://scholar.google.com/scholar?q=related:S5JxVGh6zNIJ:scholar.google.com/&scioq=duration+%22standard+error%22%7C%22standard+errors%22%7Cpbd%7C%22benefit+duration%22%7Cwba%7C%22weekly+benefit+amount%22%7C%22replacement+rate%22+%22unemployment+insurance%22&hl=en&as_sdt=0,5"
10,"KB Clark, LH Summers","Unemployment insurance and labor force transitions",1982,"","nber.org","https://www.nber.org/papers/w0920","https://scholar.google.com/scholar?cites=13126025184501026593&as_sdt=2005&sciodt=0,5&hl=en",494,"2022-08-15 21:28:05","","","","",,,,,10,0.25,5,2,40,"… replacement rate for … , the replacement rate, and the potential duration of benefits). This technique makes it possible to estimate the impact of unemployment insurance on both the length …","https://www.nber.org/system/files/working_papers/w0920/w0920.pdf","https://scholar.google.com/scholar?q=related:Ic8DU1wCKbYJ:scholar.google.com/&scioq=duration+%22standard+error%22%7C%22standard+errors%22%7Cpbd%7C%22benefit+duration%22%7Cwba%7C%22weekly+benefit+amount%22%7C%22replacement+rate%22+%22unemployment+insurance%22&hl=en&as_sdt=0,5"
7,"KE Needels, W Nicholson","An Analysis of Unemployment Insurance Durations Since the 1990-1992 Recession",1999,"","wdr.doleta.gov","http://wdr.doleta.gov/owsdrr/99-6/99-6.pdf","https://scholar.google.com/scholar?cites=1222387905170768007&as_sdt=2005&sciodt=0,5&hl=en",374,"2022-08-15 21:28:05","BOOK","","","",,,,,7,0.30,4,2,23,"… the average weekly benefit amount (WBA) times the average UI duration. For a given number of first payments and an average WBA, an increase in the average UI duration will cause a …","http://wdr.doleta.gov/owsdrr/99-6/99-6.pdf","https://scholar.google.com/scholar?q=related:hwBwwVLL9hAJ:scholar.google.com/&scioq=duration+%22standard+error%22%7C%22standard+errors%22%7Cpbd%7C%22benefit+duration%22%7Cwba%7C%22weekly+benefit+amount%22%7C%22replacement+rate%22+%22unemployment+insurance%22&hl=en&as_sdt=0,5"
0,"KG Hobbs","The Effect of Unemployment Insurance on Rental Housing Evictions",2020,"","kghobbs.github.io","https://kghobbs.github.io/kelsighobbs.com/HobbsKG_JMP.pdf","",421,"2022-08-15 21:28:05","PDF","","","",,,,,0,0.00,0,1,2,"… The benefit duration is the number of weeks an individual … weekly benefit amount and maximum benefit duration, the … The maximum duration is the state’s maximum duration in weeks. …","https://kghobbs.github.io/kelsighobbs.com/HobbsKG_JMP.pdf","https://scholar.google.com/scholar?q=related:27iM9OtAPNUJ:scholar.google.com/&scioq=duration+%22standard+error%22%7C%22standard+errors%22%7Cpbd%7C%22benefit+duration%22%7Cwba%7C%22weekly+benefit+amount%22%7C%22replacement+rate%22+%22unemployment+insurance%22&hl=en&as_sdt=0,5"
1,"KG Öktem","Exploring Path Departure: The Transformation of Unemployment Insurance in Turkey (1999–2019)",2020,"How 'Social'is Turkey? Working Paper IV","","","https://scholar.google.com/scholar?cites=10421552313353785032&as_sdt=2005&sciodt=0,5&hl=en",724,"2022-08-15 21:28:05","CITATION","","","",,,,,1,0.50,1,1,2,"","","https://scholar.google.com/scholar?q=related:yE6a_ZzKoJAJ:scholar.google.com/&scioq=duration+%22standard+error%22%7C%22standard+errors%22%7Cpbd%7C%22benefit+duration%22%7Cwba%7C%22weekly+benefit+amount%22%7C%22replacement+rate%22+%22unemployment+insurance%22&hl=en&as_sdt=0,5"
54,"KJ Murphy","The impact of unemployment insurance taxes on wages",2007,"Labour Economics","Elsevier","https://www.sciencedirect.com/science/article/pii/S0927537106000078","https://scholar.google.com/scholar?cites=10262261072954356097&as_sdt=2005&sciodt=0,5&hl=en",959,"2022-08-15 21:28:05","","","","",,,,,54,3.60,54,1,15,"… The third tax system variable, UI Replacement Rate, never … point increase in benefit replacement rate reduces male hourly … Coefficient estimates on the benefit replacement rate for …","","https://scholar.google.com/scholar?q=related:gXHD9RLgao4J:scholar.google.com/&scioq=duration+%22standard+error%22%7C%22standard+errors%22%7Cpbd%7C%22benefit+duration%22%7Cwba%7C%22weekly+benefit+amount%22%7C%22replacement+rate%22+%22unemployment+insurance%22&hl=en&as_sdt=0,5"
266,"KM Anderson","The politics of retrenchment in a social democratic welfare state: reform of Swedish pensions and unemployment insurance",2001,"Comparative political studies","journals.sagepub.com","https://journals.sagepub.com/doi/abs/10.1177/0010414001034009005","https://scholar.google.com/scholar?cites=8009411639038076072&as_sdt=2005&sciodt=0,5&hl=en",994,"2022-08-15 21:28:05","","10.1177/0010414001034009005","","",,,,,266,12.67,266,1,21,"… for deriving union preferences in unemployment insurance and pension policy in Social … about the duration of benefits, declaring in 1995 that unemployment insurance should be …","https://citeseerx.ist.psu.edu/viewdoc/download?doi=10.1.1.943.2037&rep=rep1&type=pdf","https://scholar.google.com/scholar?q=related:qGS-NHMlJ28J:scholar.google.com/&scioq=duration+%22standard+error%22%7C%22standard+errors%22%7Cpbd%7C%22benefit+duration%22%7Cwba%7C%22weekly+benefit+amount%22%7C%22replacement+rate%22+%22unemployment+insurance%22&hl=en&as_sdt=0,5"
186,"KP Classen","The effect of unemployment insurance on the duration of unemployment and subsequent earnings",1977,"Industrial and Labor relations review","JSTOR","https://www.jstor.org/stable/2523101","https://scholar.google.com/scholar?cites=5685741186106282214&as_sdt=2005&sciodt=0,5&hl=en",5,"2022-08-15 21:28:05","","","","",,,,,186,4.13,186,1,45,"… The WBA coefficient in the duration equation was significantly greater for nonrecalls than it was for recalls; in the earnings equations the WBA coefficient was insignificant for both recalls …","","https://scholar.google.com/scholar?q=related:5lCsAnzP504J:scholar.google.com/&scioq=duration+%22standard+error%22%7C%22standard+errors%22%7Cpbd%7C%22benefit+duration%22%7Cwba%7C%22weekly+benefit+amount%22%7C%22replacement+rate%22+%22unemployment+insurance%22&hl=en&as_sdt=0,5"
1,"KP Classen","Unemployment Insurance and the Length of Unemployment.",1976,"","apps.dtic.mil","https://apps.dtic.mil/sti/citations/ADA035342","https://scholar.google.com/scholar?cites=13676197547184936712&as_sdt=2005&sciodt=0,5&hl=en",185,"2022-08-15 21:28:05","","","","",,,,,1,0.02,1,1,46,"… period covered In Arizona (July 7, 1967 to July 7, 1969). No changes in the weekly benefit amount … correlated with WBA and have an Independent effect on the duration of unemployment…","https://apps.dtic.mil/sti/pdfs/ADA035342.pdf","https://scholar.google.com/scholar?q=related:CNcGpjWdy70J:scholar.google.com/&scioq=duration+%22standard+error%22%7C%22standard+errors%22%7Cpbd%7C%22benefit+duration%22%7Cwba%7C%22weekly+benefit+amount%22%7C%22replacement+rate%22+%22unemployment+insurance%22&hl=en&as_sdt=0,5"
89,"KP Classen","Unemployment insurance and job search",1979,"Studies in the Economics of Search","Amsterdam: North Holland","","https://scholar.google.com/scholar?cites=17597859376462822159&as_sdt=2005&sciodt=0,5&hl=en",686,"2022-08-15 21:28:05","CITATION","","","",,,,,89,2.07,89,1,43,"","","https://scholar.google.com/scholar?q=related:D_tXjd0nOPQJ:scholar.google.com/&scioq=duration+%22standard+error%22%7C%22standard+errors%22%7Cpbd%7C%22benefit+duration%22%7Cwba%7C%22weekly+benefit+amount%22%7C%22replacement+rate%22+%22unemployment+insurance%22&hl=en&as_sdt=0,5"
89,"KP Classen","Unemployment insurance and job search",1979,"Studies in the Economics of Search","Amsterdam: North Holland","","https://scholar.google.com/scholar?cites=17597859376462822159&as_sdt=2005&sciodt=0,5&hl=en",953,"2022-08-15 21:28:05","CITATION","","","",,,,,89,2.07,89,1,43,"","","https://scholar.google.com/scholar?q=related:D_tXjd0nOPQJ:scholar.google.com/&scioq=duration+%22standard+error%22%7C%22standard+errors%22%7Cpbd%7C%22benefit+duration%22%7Cwba%7C%22weekly+benefit+amount%22%7C%22replacement+rate%22+%22unemployment+insurance%22&hl=en&as_sdt=0,5"
14,"KP Isaacs","Unemployment Insurance: Consequences of Changes in State Unemployment Compensation Laws",2018,"","ecommons.cornell.edu","https://ecommons.cornell.edu/handle/1813/79502","https://scholar.google.com/scholar?cites=9544165192379385280&as_sdt=2005&sciodt=0,5&hl=en",29,"2022-08-15 21:28:05","","","","",,,,,14,3.50,14,1,4,"… Changes in UC benefit duration have consequences for the duration of federal unemployment … Because state UC benefit duration is an underlying factor in the calculation of duration for …","https://ecommons.cornell.edu/bitstream/handle/1813/79502/CRS_Unemployment_insurance_consequences_0318.pdf?sequence=1","https://scholar.google.com/scholar?q=related:wMVr4ayvc4QJ:scholar.google.com/&scioq=duration+%22standard+error%22%7C%22standard+errors%22%7Cpbd%7C%22benefit+duration%22%7Cwba%7C%22weekly+benefit+amount%22%7C%22replacement+rate%22+%22unemployment+insurance%22&hl=en&as_sdt=0,5"
8,"KP Isaacs, JM Whittaker","Emergency unemployment compensation (EUC08): Status of benefits prior to expiration",2014,"","greenbook-waysandmeans.house …","https://greenbook-waysandmeans.house.gov/sites/greenbook.waysandmeans.house.gov/files/R42444_gb_0.pdf","https://scholar.google.com/scholar?cites=17138002880760160363&as_sdt=2005&sciodt=0,5&hl=en",573,"2022-08-15 21:28:05","BOOK","","","",,,,,8,1.00,4,2,8,"… ) program provided additional federal unemployment insurance benefits to eligible individuals … on state UC benefit duration. Thus, states that have enacted laws to reduce the duration of …","https://greenbook-waysandmeans.house.gov/sites/greenbook.waysandmeans.house.gov/files/R42444_gb_0.pdf","https://scholar.google.com/scholar?q=related:a6BUq9Fq1u0J:scholar.google.com/&scioq=duration+%22standard+error%22%7C%22standard+errors%22%7Cpbd%7C%22benefit+duration%22%7Cwba%7C%22weekly+benefit+amount%22%7C%22replacement+rate%22+%22unemployment+insurance%22&hl=en&as_sdt=0,5"
67,"L Andor, S Dullien, HX Jara, H Sutherland, D Gros","Designing a European unemployment insurance scheme",2014,"Intereconomics","Springer","https://link.springer.com/article/10.1007/s10272-014-0500-4","https://scholar.google.com/scholar?cites=13751078638011846896&as_sdt=2005&sciodt=0,5&hl=en",557,"2022-08-15 21:28:05","","10.1007/s10272-014-0500-4","","",,,,,67,8.38,13,5,8,"… This period may be the same as the contribution period or it can be shorter, … the replacement rate for higher earners. The level of payment in many countries reduces through time and …","https://www.econstor.eu/bitstream/10419/106778/1/796646198.pdf","https://scholar.google.com/scholar?q=related:8JAoOSql1b4J:scholar.google.com/&scioq=duration+%22standard+error%22%7C%22standard+errors%22%7Cpbd%7C%22benefit+duration%22%7Cwba%7C%22weekly+benefit+amount%22%7C%22replacement+rate%22+%22unemployment+insurance%22&hl=en&as_sdt=0,5"
15,"L Brown, C Ferrall","Unemployment insurance and the business cycle",2003,"International Economic Review","Wiley Online Library","https://onlinelibrary.wiley.com/doi/abs/10.1111/1468-2354.t01-1-00092","https://scholar.google.com/scholar?cites=5485608376508083233&as_sdt=2005&sciodt=0,5&hl=en",725,"2022-08-15 21:28:05","","10.1111/1468-2354.t01-1-00092","","",,,,,15,0.79,8,2,19,"… benefit duration faced by workers during this period varied with the unemployment rate over time … The parameters are based on the mean unemployment rate over this period of 9.4%. …","http://qed.econ.queensu.ca/pub/faculty/ferrall/papers/ui.pdf","https://scholar.google.com/scholar?q=related:IeyrIsHLIEwJ:scholar.google.com/&scioq=duration+%22standard+error%22%7C%22standard+errors%22%7Cpbd%7C%22benefit+duration%22%7Cwba%7C%22weekly+benefit+amount%22%7C%22replacement+rate%22+%22unemployment+insurance%22&hl=en&as_sdt=0,5"
0,"L Citino, K Russ, V Scrutinio","MANIPULATION, SELECTION AND THE DESIGN OF TARGETED SOCIAL INSURANCE",2022,"","luca-citino.github.io","https://luca-citino.github.io/docs/targeted_UI.pdf","",628,"2022-08-15 21:28:05","PDF","","","",,,,,0,0.00,0,3,1,"… Although the model is derived in the context of unemployment insurance duration, our … 7Since the two policies differ only in terms of their potential benefit duration, with 𝑃𝑜 ≥ 𝑃𝑦, we …","https://luca-citino.github.io/docs/targeted_UI.pdf","https://scholar.google.com/scholar?q=related:NO8qEZYZEcEJ:scholar.google.com/&scioq=duration+%22standard+error%22%7C%22standard+errors%22%7Cpbd%7C%22benefit+duration%22%7Cwba%7C%22weekly+benefit+amount%22%7C%22replacement+rate%22+%22unemployment+insurance%22&hl=en&as_sdt=0,5"
8,"L Cottier, K Degen, R Lalive","Can unemployment benefit cuts improve employment and earnings?",2020,"Empirical Economics","Springer","https://link.springer.com/article/10.1007/s00181-019-01677-6","https://scholar.google.com/scholar?cites=5849633324958510868&as_sdt=2005&sciodt=0,5&hl=en",85,"2022-08-15 21:28:05","","10.1007/s00181-019-01677-6","","",,,,,8,4.00,3,3,2,"… of unemployment insurance is the potential duration of unemployment benefits (PBD). We … We analyze a reform to Swiss unemployment insurance that reduced PBD from 24 months to …","https://serval.unil.ch/resource/serval:BIB_3419181A042A.P001/REF.pdf","https://scholar.google.com/scholar?q=related:FG9wMIQSLlEJ:scholar.google.com/&scioq=duration+%22standard+error%22%7C%22standard+errors%22%7Cpbd%7C%22benefit+duration%22%7Cwba%7C%22weekly+benefit+amount%22%7C%22replacement+rate%22+%22unemployment+insurance%22&hl=en&as_sdt=0,5"
17,"L Fang, J Nie, Z Xie","Unemployment insurance during a pandemic",2020,"","papers.ssrn.com","https://papers.ssrn.com/sol3/papers.cfm?abstract_id=3666545","https://scholar.google.com/scholar?cites=6474715528201177264&as_sdt=2005&sciodt=0,5&hl=en",125,"2022-08-15 21:28:05","","","","",,,,,17,8.50,6,3,2,"… the health transition probability matrix from this period’s health ℎ to next period ℎ … average replacement rate increases from 0.45 to 1.66 with 69% of workers having a replacement rate …","https://www.econstor.eu/bitstream/10419/244294/1/wp2020-13.pdf","https://scholar.google.com/scholar?q=related:sAgj6HfP2lkJ:scholar.google.com/&scioq=duration+%22standard+error%22%7C%22standard+errors%22%7Cpbd%7C%22benefit+duration%22%7Cwba%7C%22weekly+benefit+amount%22%7C%22replacement+rate%22+%22unemployment+insurance%22&hl=en&as_sdt=0,5"
25,"L Finamor, D Scott","Labor market trends and unemployment insurance generosity during the pandemic",2021,"Economics Letters","Elsevier","https://www.sciencedirect.com/science/article/pii/S0165176520304821","https://scholar.google.com/scholar?cites=14303624448090502066&as_sdt=2005&sciodt=0,5&hl=en",66,"2022-08-15 21:28:05","","","","",,,,,25,25.00,13,2,1,"… worked over time depending on their ex-post replacement rate. We … FPUC replacement rate places her in replacement rate quintile g . … Standard errors are clustered at the worker level. …","https://lucasfinamor.github.io/files/Finamor_Scott_2021_Manuscript.pdf","https://scholar.google.com/scholar?q=related:svMG1aaugMYJ:scholar.google.com/&scioq=duration+%22standard+error%22%7C%22standard+errors%22%7Cpbd%7C%22benefit+duration%22%7Cwba%7C%22weekly+benefit+amount%22%7C%22replacement+rate%22+%22unemployment+insurance%22&hl=en&as_sdt=0,5"
29,"L Høgedahl, K Kongshøj","New trajectories of unionization in the Nordic Ghent countries: Changing labour market and welfare institutions",2017,"European Journal of Industrial …","journals.sagepub.com","https://journals.sagepub.com/doi/abs/10.1177/0959680116687666","https://scholar.google.com/scholar?cites=9489687268785241602&as_sdt=2005&sciodt=0,5&hl=en",688,"2022-08-15 21:28:05","","10.1177/0959680116687666","","",,,,,29,5.80,15,2,5,"… duration… unemployment insurance, given the high replacement rate below the benefit ceiling. In short, we have seen how some of the traits that have set Nordic unemployment insurance …","https://vbn.aau.dk/ws/files/271715918/Ghent_EJIR.pdf","https://scholar.google.com/scholar?q=related:Ar593UoksoMJ:scholar.google.com/&scioq=duration+%22standard+error%22%7C%22standard+errors%22%7Cpbd%7C%22benefit+duration%22%7Cwba%7C%22weekly+benefit+amount%22%7C%22replacement+rate%22+%22unemployment+insurance%22&hl=en&as_sdt=0,5"
122,"L Inderbitzin, S Staubli, J Zweimüller","Extended unemployment benefits and early retirement: Program complementarity and program substitution",2016,"American Economic Journal …","aeaweb.org","https://www.aeaweb.org/articles?id=10.1257/pol.20130315","https://scholar.google.com/scholar?cites=17459053725968137628&as_sdt=2005&sciodt=0,5&hl=en",794,"2022-08-15 21:28:05","","","","",,,,,122,20.33,41,3,6,"… We explore how extended unemployment insurance (UI ) … Extending the potential duration of unemployment insurance (UI… We assume a net replacement rate of UI benefits of 55 …","https://www.econstor.eu/bitstream/10419/71684/1/742073912.pdf","https://scholar.google.com/scholar?q=related:nH3KmtwES_IJ:scholar.google.com/&scioq=duration+%22standard+error%22%7C%22standard+errors%22%7Cpbd%7C%22benefit+duration%22%7Cwba%7C%22weekly+benefit+amount%22%7C%22replacement+rate%22+%22unemployment+insurance%22&hl=en&as_sdt=0,5"
1,"L Jacobson, K Classen","Arizona Employment and Unemployment Data Code Book",1978,"","apps.dtic.mil","https://apps.dtic.mil/sti/citations/ADA076134","https://scholar.google.com/scholar?cites=8939527292206256724&as_sdt=2005&sciodt=0,5&hl=en",931,"2022-08-15 21:28:05","","","","",,,,,1,0.02,1,2,44,"… not workers in this file claimed unemployment insurance. In total, about 25,000 … weekly benefit amount, with earnings in at least two quarters. Since the minimum weekly benefit amount …","https://apps.dtic.mil/sti/pdfs/ADA076134.pdf","https://scholar.google.com/scholar?q=related:VBLdZ7WUD3wJ:scholar.google.com/&scioq=duration+%22standard+error%22%7C%22standard+errors%22%7Cpbd%7C%22benefit+duration%22%7Cwba%7C%22weekly+benefit+amount%22%7C%22replacement+rate%22+%22unemployment+insurance%22&hl=en&as_sdt=0,5"
11,"L Kawano, S LaLumia","How Income Changes During Unemployment Evidence from Tax Return Data",2017,"Journal of Human Resources","jhr.uwpress.org","http://jhr.uwpress.org/content/52/2/418.short","https://scholar.google.com/scholar?cites=3862856060792106554&as_sdt=2005&sciodt=0,5&hl=en",902,"2022-08-15 21:28:05","","","","",,,,,11,2.20,6,2,5,"… period of unemployment is associated with a 20 percent reduction in annual household wage earnings. Unemployment insurance (… the maximum weekly benefit amount at the time of an …","http://citeseerx.ist.psu.edu/viewdoc/download?doi=10.1.1.716.4508&rep=rep1&type=pdf","https://scholar.google.com/scholar?q=related:Om76-R6fmzUJ:scholar.google.com/&scioq=duration+%22standard+error%22%7C%22standard+errors%22%7Cpbd%7C%22benefit+duration%22%7Cwba%7C%22weekly+benefit+amount%22%7C%22replacement+rate%22+%22unemployment+insurance%22&hl=en&as_sdt=0,5"
490,"L Kenworthy, L McCall","Inequality, public opinion and redistribution",2008,"Socio-Economic Review","academic.oup.com","https://academic.oup.com/ser/article-abstract/6/1/35/1701573","https://scholar.google.com/scholar?cites=1763321331760075256&as_sdt=2005&sciodt=0,5&hl=en",923,"2022-08-15 21:28:05","","","","",,,,,490,35.00,245,2,14,"… We examine over-time trends in eight nations during the … does not take into account eligibility criteria or benefit duration. … The generosity of unemployment insurance was increased in …","https://academic.oup.com/ser/article-pdf/6/1/35/4761357/mwm006.pdf","https://scholar.google.com/scholar?q=related:-JFtpGiTeBgJ:scholar.google.com/&scioq=duration+%22standard+error%22%7C%22standard+errors%22%7Cpbd%7C%22benefit+duration%22%7Cwba%7C%22weekly+benefit+amount%22%7C%22replacement+rate%22+%22unemployment+insurance%22&hl=en&as_sdt=0,5"
0,"L Khoury","Optimal unemployment insurance and on-the-job behaviours",2019,"","tel.archives-ouvertes.fr","https://tel.archives-ouvertes.fr/tel-03168298/","",618,"2022-08-15 21:28:05","","","","",,,,,0,0.00,0,1,3,"… benefit duration (PBD) close to zero. Better understanding the relationship between unemployment insurance … level, potential benefit duration and unemployment duration, exploiting …","https://tel.archives-ouvertes.fr/tel-03168298/document","https://scholar.google.com/scholar?q=related:M6MEVGcy3hkJ:scholar.google.com/&scioq=duration+%22standard+error%22%7C%22standard+errors%22%7Cpbd%7C%22benefit+duration%22%7Cwba%7C%22weekly+benefit+amount%22%7C%22replacement+rate%22+%22unemployment+insurance%22&hl=en&as_sdt=0,5"
0,"L Khoury","Generosity versus Duration Trade-Off and the Optimization Ability of the Unemployed",2019,"","Paris-Jourdan Sciences …","","",803,"2022-08-15 21:28:05","CITATION","","","",,,,,0,0.00,0,1,3,"","","https://scholar.google.com/scholar?q=related:3sXq2-XfqcIJ:scholar.google.com/&scioq=duration+%22standard+error%22%7C%22standard+errors%22%7Cpbd%7C%22benefit+duration%22%7Cwba%7C%22weekly+benefit+amount%22%7C%22replacement+rate%22+%22unemployment+insurance%22&hl=en&as_sdt=0,5"
0,"L Khoury","Choosing Unemployment Benefits: the Role of Adverse Selection and Moral Hazard",2021,"","halshs.archives-ouvertes.fr","https://halshs.archives-ouvertes.fr/halshs-02057137/","",878,"2022-08-15 21:28:05","","","","",,,,,0,0.00,0,1,1,"… optimal unemployment insurance … duration with respect to the replacement rate of 1 (noted ϵB,RR) and an elasticity of unemployment duration with respect to PBD of 0.4 (noted ϵB,PBD)…","https://halshs.archives-ouvertes.fr/halshs-02057137/document","https://scholar.google.com/scholar?q=related:Q910jykv9CQJ:scholar.google.com/&scioq=duration+%22standard+error%22%7C%22standard+errors%22%7Cpbd%7C%22benefit+duration%22%7Cwba%7C%22weekly+benefit+amount%22%7C%22replacement+rate%22+%22unemployment+insurance%22&hl=en&as_sdt=0,5"
5,"L Khoury, C Brébion, S Briole","Entitled to Leave: the Impact of Unemployment Insurance Eligibility on Employment Duration and Job Quality",2020,"NHH Dept. of Economics …","papers.ssrn.com","https://papers.ssrn.com/sol3/papers.cfm?abstract_id=3519901","https://scholar.google.com/scholar?cites=12242158053632983928&as_sdt=2005&sciodt=0,5&hl=en",210,"2022-08-15 21:28:05","","","","",,,,,5,2.50,2,3,2,"… This would entitle them to a longer benefit duration. If we believe that a longer benefit duration is helpful in finding a more stable job, it could explain that they are less unemployed on …","https://openaccess.nhh.no/nhh-xmlui/bitstream/handle/11250/2636446/DP%2001.pdf?sequence=3&isAllowed=y","https://scholar.google.com/scholar?q=related:eEP7VuPh5KkJ:scholar.google.com/&scioq=duration+%22standard+error%22%7C%22standard+errors%22%7Cpbd%7C%22benefit+duration%22%7Cwba%7C%22weekly+benefit+amount%22%7C%22replacement+rate%22+%22unemployment+insurance%22&hl=en&as_sdt=0,5"
0,"L LARDARO","The Work Disi ncentive Effect of Unemployment Insurance in the Context of Extended a nd Federal Supplementa l Benefits a nd M u ltiple Jobless Spel ls",1984,"Seventh Annual Meeting","lerachapters.org","http://lerachapters.org/OJS/ojs-2.4.4-1/index.php/PFL/article/viewFile/690/686#page=130","",411,"2022-08-15 21:28:05","PDF","","","",,,,,0,0.00,0,1,38,"… respect to potential duration, the replacement rate, and the number of compensated spells, the concern of some that the work disincentive effect of unemployment insurance is excessive …","http://lerachapters.org/OJS/ojs-2.4.4-1/index.php/PFL/article/viewFile/690/686#page=130","https://scholar.google.com/scholar?q=related:34-WRwwk7tkJ:scholar.google.com/&scioq=duration+%22standard+error%22%7C%22standard+errors%22%7Cpbd%7C%22benefit+duration%22%7Cwba%7C%22weekly+benefit+amount%22%7C%22replacement+rate%22+%22unemployment+insurance%22&hl=en&as_sdt=0,5"
2,"L Lardaro","Unused benefit weeks as a work disincentive: Does the entitlement effect of UI always offset the work disincentive effect",1985,"Proceedings of the Industrial Relations Research …","lerachapters.org","http://www.lerachapters.org/OJS/ojs-2.4.4-1/index.php/LERAMR/article/download/1459/1444#page=425","https://scholar.google.com/scholar?cites=9751094043923117700&as_sdt=2005&sciodt=0,5&hl=en",643,"2022-08-15 21:28:05","PDF","","","",,,,,2,0.05,2,1,37,"… by two policy parameters: the (net) replacement rate, which … created by unemployment insurance considered in this paper … of unemployment during their benefit period. 2 If we consider a …","http://www.lerachapters.org/OJS/ojs-2.4.4-1/index.php/LERAMR/article/download/1459/1444#page=425","https://scholar.google.com/scholar?q=related:hPZ2k17YUocJ:scholar.google.com/&scioq=duration+%22standard+error%22%7C%22standard+errors%22%7Cpbd%7C%22benefit+duration%22%7Cwba%7C%22weekly+benefit+amount%22%7C%22replacement+rate%22+%22unemployment+insurance%22&hl=en&as_sdt=0,5"
2,"L Lardaro","The Sensitivity of Unemployment Insurance Exhaustion to Extended and Federal Supplemental Benefits: A Cross-Sectional Analysis",,"Northeast Journal of Business and Economics","","","https://scholar.google.com/scholar?cites=5666936676925251150&as_sdt=2005&sciodt=0,5&hl=en",687,"2022-08-15 21:28:05","CITATION","","","",,,,,2,0.00,2,1,,"","","https://scholar.google.com/scholar?q=related:Th7DCOIApU4J:scholar.google.com/&scioq=duration+%22standard+error%22%7C%22standard+errors%22%7Cpbd%7C%22benefit+duration%22%7Cwba%7C%22weekly+benefit+amount%22%7C%22replacement+rate%22+%22unemployment+insurance%22&hl=en&as_sdt=0,5"
17,"L Larsson","Harmonizing unemployment and sickness insurance: Why (not)?",2004,"","econstor.eu","https://www.econstor.eu/handle/10419/82142","https://scholar.google.com/scholar?cites=17505020501941636972&as_sdt=2005&sciodt=0,5&hl=en",813,"2022-08-15 21:28:05","","","","",,,,,17,0.94,17,1,18,"… the SI are more generous than from the unemployment insurance (UI). Can this explain the … unemployed concerns the formal time-limits for maximum benefit duration. UI benefits are …","https://www.econstor.eu/bitstream/10419/82142/1/wp04-08.pdf","https://scholar.google.com/scholar?q=related:bE8ppGZT7vIJ:scholar.google.com/&scioq=duration+%22standard+error%22%7C%22standard+errors%22%7Cpbd%7C%22benefit+duration%22%7Cwba%7C%22weekly+benefit+amount%22%7C%22replacement+rate%22+%22unemployment+insurance%22&hl=en&as_sdt=0,5"
4,"L Levine","Personal Reemployment Accounts: Results from Bonus Experiments",2005,"","ecommons.cornell.edu","https://ecommons.cornell.edu/bitstream/handle/1813/77674/CRS_March_2005_Personal_Reemployment_Accounts.pdf?sequence=1","https://scholar.google.com/scholar?cites=11397563654765842792&as_sdt=2005&sciodt=0,5&hl=en",869,"2022-08-15 21:28:05","PDF","","","",,,,,4,0.24,4,1,17,"… their Unemployment Insurance (… length of the qualification period. Although the bonuses shown in Table 1 were calculated as a multiple of an individual’s UI weekly benefit amount (WBA…","https://ecommons.cornell.edu/bitstream/handle/1813/77674/CRS_March_2005_Personal_Reemployment_Accounts.pdf?sequence=1","https://scholar.google.com/scholar?q=related:aJE408FHLJ4J:scholar.google.com/&scioq=duration+%22standard+error%22%7C%22standard+errors%22%7Cpbd%7C%22benefit+duration%22%7Cwba%7C%22weekly+benefit+amount%22%7C%22replacement+rate%22+%22unemployment+insurance%22&hl=en&as_sdt=0,5"
6,"L Lusher, GC Schnorr, RLC Taylor","Unemployment insurance as a worker indiscipline device? Evidence from scanner data",2022,"American Economic Journal …","aeaweb.org","https://www.aeaweb.org/articles?id=10.1257/app.20190007","https://scholar.google.com/scholar?cites=15263630337313879742&as_sdt=2005&sciodt=0,5&hl=en",38,"2022-08-15 21:28:05","","","","",,,,,6,6.00,2,3,1,"… In this section, we first detail the expansions in unemployment insurance potential benefit duration during the period of our study. We then provide evidence for two key prerequisites for …","https://www.econstor.eu/bitstream/10419/232857/1/dp14105.pdf","https://scholar.google.com/scholar?q=related:vjZ47utO09MJ:scholar.google.com/&scioq=duration+%22standard+error%22%7C%22standard+errors%22%7Cpbd%7C%22benefit+duration%22%7Cwba%7C%22weekly+benefit+amount%22%7C%22replacement+rate%22+%22unemployment+insurance%22&hl=en&as_sdt=0,5"
16,"L Osberg","Unemployment insurance and unemployment-revisited",1996,"The Unemployment Crisi: All for Naught (edited with B …","books.google.com","https://books.google.com/books?hl=en&lr=&id=-r7kJ6RaKe0C&oi=fnd&pg=PA75&dq=duration+%22standard+error%22%7C%22standard+errors%22%7Cpbd%7C%22benefit+duration%22%7Cwba%7C%22weekly+benefit+amount%22%7C%22replacement+rate%22+%22unemployment+insurance%22&ots=DHGPL76jHE&sig=gCjOVlel5J26FbvpBSc24SX6eAQ","https://scholar.google.com/scholar?cites=16108438113783153019&as_sdt=2005&sciodt=0,5&hl=en",292,"2022-08-15 21:28:05","","","","",,,,,16,0.62,16,1,26,"… impact over time of changes in unemployment insurance on … of unemployment insurance. 3 Analysis of macroeconomic … the replacement-rate generosity of unemployment insurance to …","https://dalspace.library.dal.ca/bitstream/handle/10222/72995/UEInsuranceandUERevisited%20.pdf?sequence=1","https://scholar.google.com/scholar?q=related:e4FoSh6rjN8J:scholar.google.com/&scioq=duration+%22standard+error%22%7C%22standard+errors%22%7Cpbd%7C%22benefit+duration%22%7Cwba%7C%22weekly+benefit+amount%22%7C%22replacement+rate%22+%22unemployment+insurance%22&hl=en&as_sdt=0,5"
20,"L Osberg","Canada's Declining Social Safety Net, The Case for EI Reform",2009,"","dalspace.library.dal.ca","https://dalspace.library.dal.ca/bitstream/handle/10222/72913/Canadas_Declining_Safety_Net.pdf?sequence=1","https://scholar.google.com/scholar?cites=2902077805281049835&as_sdt=2005&sciodt=0,5&hl=en",921,"2022-08-15 21:28:05","BOOK","","","",,,,,20,1.54,20,1,13,"… compared with the unemployment insurance system in place … in the benefit replacement rate that has characterized the 38 … because the accessibility and duration of benefits are hugely …","https://dalspace.library.dal.ca/bitstream/handle/10222/72913/Canadas_Declining_Safety_Net.pdf?sequence=1","https://scholar.google.com/scholar?q=related:63xSVmNARigJ:scholar.google.com/&scioq=duration+%22standard+error%22%7C%22standard+errors%22%7Cpbd%7C%22benefit+duration%22%7Cwba%7C%22weekly+benefit+amount%22%7C%22replacement+rate%22+%22unemployment+insurance%22&hl=en&as_sdt=0,5"
183,"L Scruggs","The generosity of social insurance, 1971–2002",2006,"Oxford review of economic policy","academic.oup.com","https://academic.oup.com/oxrep/article-abstract/22/3/349/418916","https://scholar.google.com/scholar?cites=17670612976881065661&as_sdt=2005&sciodt=0,5&hl=en",888,"2022-08-15 21:28:05","","","","",,,,,183,11.44,183,1,16,"… replacement rate for pensioners and unemployment benefit recipients fell dramatically. This period … It is driven by Italy’s extremely low unemployment insurance replacement rate. If Italy …","https://www.researchgate.net/profile/Lyle-Scruggs/publication/5216333_The_Generosity_of_Social_Insurance_1971--2002/links/00b7d524a09ec77905000000/The-Generosity-of-Social-Insurance-1971--2002.pdf?_sg%5B0%5D=started_experiment_milestone&origin=journalDetail","https://scholar.google.com/scholar?q=related:vV5nKuGgOvUJ:scholar.google.com/&scioq=duration+%22standard+error%22%7C%22standard+errors%22%7Cpbd%7C%22benefit+duration%22%7Cwba%7C%22weekly+benefit+amount%22%7C%22replacement+rate%22+%22unemployment+insurance%22&hl=en&as_sdt=0,5"
293,"L Scruggs","Welfare state entitlements data set: a comparative institutional analysis of eighteen welfare states",2004,"","Version","","https://scholar.google.com/scholar?cites=1157311747712413456&as_sdt=2005&sciodt=0,5&hl=en",895,"2022-08-15 21:28:05","CITATION","","","",,,,,293,16.28,293,1,18,"","","https://scholar.google.com/scholar?q=related:EO_IIOeYDxAJ:scholar.google.com/&scioq=duration+%22standard+error%22%7C%22standard+errors%22%7Cpbd%7C%22benefit+duration%22%7Cwba%7C%22weekly+benefit+amount%22%7C%22replacement+rate%22+%22unemployment+insurance%22&hl=en&as_sdt=0,5"
0,"L Siyao, W Tianhe, M Yuru, P Shanshan","The effect of UI on search behavior & wage",,"sef.hku.hk","","http://www.sef.hku.hk/~wsuen/teaching/hr/slides-1130.pdf","",631,"2022-08-15 21:28:05","PDF","","","",,,,,0,0.00,0,4,,"… Importance of study: 1) unemployment insurance is costly for … job then the reduction of PBD Does NOT have significant … kept being reduced ● The optimum unemployment benefit length …","http://www.sef.hku.hk/~wsuen/teaching/hr/slides-1130.pdf","https://scholar.google.com/scholar?q=related:jPCJwRkb_yEJ:scholar.google.com/&scioq=duration+%22standard+error%22%7C%22standard+errors%22%7Cpbd%7C%22benefit+duration%22%7Cwba%7C%22weekly+benefit+amount%22%7C%22replacement+rate%22+%22unemployment+insurance%22&hl=en&as_sdt=0,5"
0,"L Warren","Reassessing the Effects of Unemployment Insurance Generosity on Search Intensity: New Evidence from Earnings Histories",2014,"","uknowledge.uky.edu","https://uknowledge.uky.edu/ukcpr_papers/123/","",579,"2022-08-15 21:28:05","","","","",,,,,0,0.00,0,1,8,"… Time Use Survey is that no information is asked in the survey regarding unemployment insurance … of unemployment and use the state maximum weekly benefit amount as a proxy for UI …","https://uknowledge.uky.edu/cgi/viewcontent.cgi?article=1122&context=ukcpr_papers","https://scholar.google.com/scholar?q=related:ryZpQbIwADwJ:scholar.google.com/&scioq=duration+%22standard+error%22%7C%22standard+errors%22%7Cpbd%7C%22benefit+duration%22%7Cwba%7C%22weekly+benefit+amount%22%7C%22replacement+rate%22+%22unemployment+insurance%22&hl=en&as_sdt=0,5"
39,"L Zhengxi","Employment insurance in Canada: Policy changes",1998,"Perspectives on Labour and Income","search.proquest.com","https://search.proquest.com/openview/38bd40aacbe6be8bcf7caf6ddb47d452/1?pq-origsite=gscholar&cbl=44493","https://scholar.google.com/scholar?cites=9396711695247484189&as_sdt=2005&sciodt=0,5&hl=en",718,"2022-08-15 21:28:05","","","","",,,,,39,1.63,39,1,24,"… to benefit rates, contributions, duration of benefit payments, … The 1971 Act set the replacement rate at 75% of insurable earnings … Act that brought unemployment insurance, among other …","","https://scholar.google.com/scholar?q=related:HSX8O4DTZ4IJ:scholar.google.com/&scioq=duration+%22standard+error%22%7C%22standard+errors%22%7Cpbd%7C%22benefit+duration%22%7Cwba%7C%22weekly+benefit+amount%22%7C%22replacement+rate%22+%22unemployment+insurance%22&hl=en&as_sdt=0,5"
88,"LA Pal","State, class, and bureaucracy: Canadian unemployment insurance and public policy",1988,"","books.google.com","https://books.google.com/books?hl=en&lr=&id=H5W-VOAQrRwC&oi=fnd&pg=PP10&dq=duration+%22standard+error%22%7C%22standard+errors%22%7Cpbd%7C%22benefit+duration%22%7Cwba%7C%22weekly+benefit+amount%22%7C%22replacement+rate%22+%22unemployment+insurance%22&ots=slvi3UMXLH&sig=ebT0kkFUG0yV_IxRvFsU9tKVzWA","https://scholar.google.com/scholar?cites=11642389885691317269&as_sdt=2005&sciodt=0,5&hl=en",583,"2022-08-15 21:28:05","BOOK","","","",,,,,88,2.59,88,1,34,"… There was a nine-day waiting period, and no benefits were payable for the first day of a week unless unemployment lasted the full week. The maximum benefit duration was one day of …","","https://scholar.google.com/scholar?q=related:FUw7weoTkqEJ:scholar.google.com/&scioq=duration+%22standard+error%22%7C%22standard+errors%22%7Cpbd%7C%22benefit+duration%22%7Cwba%7C%22weekly+benefit+amount%22%7C%22replacement+rate%22+%22unemployment+insurance%22&hl=en&as_sdt=0,5"
243,"LF Katz","Layoffs, recall and the duration of unemployment",1986,"","nber.org","https://www.nber.org/papers/w1825","https://scholar.google.com/scholar?cites=5019221705636532027&as_sdt=2005&sciodt=0,5&hl=en",793,"2022-08-15 21:28:05","","","","",,,,,243,6.75,243,1,36,"… an individual received unemployment insurance (UI) at some point during his or her unemployment spell, there is not adequate information to compute the replacement rate or weekly …","https://www.nber.org/system/files/working_papers/w1825/w1825.pdf","https://scholar.google.com/scholar?q=related:O09lXYzbp0UJ:scholar.google.com/&scioq=duration+%22standard+error%22%7C%22standard+errors%22%7Cpbd%7C%22benefit+duration%22%7Cwba%7C%22weekly+benefit+amount%22%7C%22replacement+rate%22+%22unemployment+insurance%22&hl=en&as_sdt=0,5"
1057,"LF Katz, BD Meyer","The impact of the potential duration of unemployment benefits on the duration of unemployment",1990,"Journal of public economics","Elsevier","https://www.sciencedirect.com/science/article/pii/004727279290056L","https://scholar.google.com/scholar?cites=16759278710779006978&as_sdt=2005&sciodt=0,5&hl=en",60,"2022-08-15 21:28:05","","","","",,,,,1057,33.03,529,2,32,"… of unemployment insurance are measured using functions of the benefit level and the length … increase in potential benefit duration increases the average duration of the unemployment …","https://www.nber.org/system/files/working_papers/w2741/w2741.pdf","https://scholar.google.com/scholar?q=related:AtC_ZzHrlOgJ:scholar.google.com/&scioq=duration+%22standard+error%22%7C%22standard+errors%22%7Cpbd%7C%22benefit+duration%22%7Cwba%7C%22weekly+benefit+amount%22%7C%22replacement+rate%22+%22unemployment+insurance%22&hl=en&as_sdt=0,5"
474,"LF Katz, BD Meyer","Unemployment insurance, recall expectations, and unemployment outcomes",1990,"The Quarterly Journal of Economics","academic.oup.com","https://academic.oup.com/qje/article-abstract/105/4/973/1929213","https://scholar.google.com/scholar?cites=11763821665051540765&as_sdt=2005&sciodt=0,5&hl=en",453,"2022-08-15 21:28:05","","","","",,,,,474,14.81,237,2,32,"… to a much higher replacement rate in Pennsylvania. Regular … duration of 30 weeks, while Missouri had a maximum potential duration of 26 weeks with variation in the potential duration …","https://www.nber.org/system/files/working_papers/w2594/w2594.pdf","https://scholar.google.com/scholar?q=related:Hf1wGnp9QaMJ:scholar.google.com/&scioq=duration+%22standard+error%22%7C%22standard+errors%22%7Cpbd%7C%22benefit+duration%22%7Cwba%7C%22weekly+benefit+amount%22%7C%22replacement+rate%22+%22unemployment+insurance%22&hl=en&as_sdt=0,5"
67,"LG Kletzer, HF Rosen","Reforming unemployment insurance for the twenty-first century workforce",2006,"","books.google.com","https://books.google.com/books?hl=en&lr=&id=n0ntgoDT4tkC&oi=fnd&pg=PA63&dq=duration+%22standard+error%22%7C%22standard+errors%22%7Cpbd%7C%22benefit+duration%22%7Cwba%7C%22weekly+benefit+amount%22%7C%22replacement+rate%22+%22unemployment+insurance%22&ots=l97ea5PB3K&sig=0MqAyg30arzvEPrYxAkc8HLvmQc","https://scholar.google.com/scholar?cites=12111087207596616234&as_sdt=2005&sciodt=0,5&hl=en",251,"2022-08-15 21:28:05","BOOK","","","",,,,,67,4.19,34,2,16,"… duration of unemployment, the maximum period that … duration of unemployment. As with benefit levels, there does not appear to be any significant relationship between benefit duration …","","https://scholar.google.com/scholar?q=related:KuqS5KU5E6gJ:scholar.google.com/&scioq=duration+%22standard+error%22%7C%22standard+errors%22%7Cpbd%7C%22benefit+duration%22%7Cwba%7C%22weekly+benefit+amount%22%7C%22replacement+rate%22+%22unemployment+insurance%22&hl=en&as_sdt=0,5"
0,"LH Warren","Three essays on unemployment insurance in the 21st century",2016,"","search.proquest.com","https://search.proquest.com/openview/c90ffc6155131f91bdcf9d93dc2fddf0/1?pq-origsite=gscholar&cbl=18750","",486,"2022-08-15 21:28:05","BOOK","","","",,,,,0,0.00,0,1,6,"… with children affect unemployment duration. The third essay … -point increase in the replacement rate reduces the decline in … replacement rate and duration of potential benefits. There …","https://uknowledge.uky.edu/cgi/viewcontent.cgi?article=1022&context=economics_etds","https://scholar.google.com/scholar?q=related:v28fm5_Y4zYJ:scholar.google.com/&scioq=duration+%22standard+error%22%7C%22standard+errors%22%7Cpbd%7C%22benefit+duration%22%7Cwba%7C%22weekly+benefit+amount%22%7C%22replacement+rate%22+%22unemployment+insurance%22&hl=en&as_sdt=0,5"
7,"LJ Bassi, DP McMurrer","Unemployment Insurance in a federal System: A Race to the bottom",1998,"… interstate competition in the Unemployment Insurance …","","","https://scholar.google.com/scholar?cites=2221930769080193088&as_sdt=2005&sciodt=0,5&hl=en",822,"2022-08-15 21:28:05","CITATION","","","",,,,,7,0.29,4,2,24,"","","https://scholar.google.com/scholar?q=related:QBCJHkPi1R4J:scholar.google.com/&scioq=duration+%22standard+error%22%7C%22standard+errors%22%7Cpbd%7C%22benefit+duration%22%7Cwba%7C%22weekly+benefit+amount%22%7C%22replacement+rate%22+%22unemployment+insurance%22&hl=en&as_sdt=0,5"
6,"LJ Rotar, S Krsnik","Analysing the relationship between unemployment benefits and unemployment duration",2020,"Society and Economy","akjournals.com","https://akjournals.com/view/journals/204/42/3/article-p280.xml","https://scholar.google.com/scholar?cites=11529213597527994204&as_sdt=2005&sciodt=0,5&hl=en",856,"2022-08-15 21:28:05","HTML","","","",,,,,6,3.00,3,2,2,"… Unemployment insurance systems also have an important … whether in the form of unemployment insurance or assistance … estimates we use robust standard errors. The choice …","https://akjournals.com/view/journals/204/42/3/article-p280.xml","https://scholar.google.com/scholar?q=related:XG9CvK7-_58J:scholar.google.com/&scioq=duration+%22standard+error%22%7C%22standard+errors%22%7Cpbd%7C%22benefit+duration%22%7Cwba%7C%22weekly+benefit+amount%22%7C%22replacement+rate%22+%22unemployment+insurance%22&hl=en&as_sdt=0,5"
399,"LM Ball","Disinflation and the NAIRU",1997,"Reducing inflation: Motivation and strategy","nber.org","https://www.nber.org/system/files/chapters/c8884/c8884.pdf","https://scholar.google.com/scholar?cites=7245334496402974803&as_sdt=2005&sciodt=0,5&hl=en",523,"2022-08-15 21:28:05","PDF","","","",,,,,399,15.96,399,1,25,"… and on government policies such as unemployment insurance and firing restrictions. Layard, Nickell… disinflation and benefit duration.6 It makes sense that the duration of unemployment …","https://www.nber.org/system/files/chapters/c8884/c8884.pdf","https://scholar.google.com/scholar?q=related:U6j7SFaZjGQJ:scholar.google.com/&scioq=duration+%22standard+error%22%7C%22standard+errors%22%7Cpbd%7C%22benefit+duration%22%7Cwba%7C%22weekly+benefit+amount%22%7C%22replacement+rate%22+%22unemployment+insurance%22&hl=en&as_sdt=0,5"
123,"LM Kahn","Labor market policy: A comparative view on the costs and benefits of labor market flexibility",2012,"Journal of Policy Analysis and Management","Wiley Online Library","https://onlinelibrary.wiley.com/doi/abs/10.1002/pam.20602","https://scholar.google.com/scholar?cites=18019619599767333137&as_sdt=2005&sciodt=0,5&hl=en",742,"2022-08-15 21:28:05","","10.1002/pam.20602","","",,,,,123,12.30,123,1,10,"… a high replacement rate and the longest potential duration.3… recently reduced the maximum duration of UI benefits to two … could be when unemployment insurance causes workers to …","https://www.econstor.eu/bitstream/10419/39054/1/633158038.pdf","https://scholar.google.com/scholar?q=related:EWnMz42MEvoJ:scholar.google.com/&scioq=duration+%22standard+error%22%7C%22standard+errors%22%7Cpbd%7C%22benefit+duration%22%7Cwba%7C%22weekly+benefit+amount%22%7C%22replacement+rate%22+%22unemployment+insurance%22&hl=en&as_sdt=0,5"
126,"LN Christofides, CJ McKenna","Unemployment insurance and job duration in Canada",1996,"Journal of Labor Economics","journals.uchicago.edu","https://www.journals.uchicago.edu/doi/abs/10.1086/209812","https://scholar.google.com/scholar?cites=2536034572414123340&as_sdt=2005&sciodt=0,5&hl=en",318,"2022-08-15 21:28:05","","10.1086/209812","","",,,,,126,4.85,63,2,26,"… , the estimated coefficient, its standard error, and the variable mean are … the unemployment insurance variable. The results on personal characteristics in table 2 indicate that job duration …","","https://scholar.google.com/scholar?q=related:TH3a0gHOMSMJ:scholar.google.com/&scioq=duration+%22standard+error%22%7C%22standard+errors%22%7Cpbd%7C%22benefit+duration%22%7Cwba%7C%22weekly+benefit+amount%22%7C%22replacement+rate%22+%22unemployment+insurance%22&hl=en&as_sdt=0,5"
38,"LN Christofides, CJ McKenna","Unemployment insurance and moral hazard in employment",1995,"Economics Letters","Elsevier","https://www.sciencedirect.com/science/article/pii/0165176595006734","https://scholar.google.com/scholar?cites=15354207231812519649&as_sdt=2005&sciodt=0,5&hl=en",340,"2022-08-15 21:28:05","","","","",,,,,38,1.41,19,2,27,"… of unemployment insurance (UI) provisions on the duration … possible association between job duration and UI regulations, … with employees because in the period under study there was …","","https://scholar.google.com/scholar?q=related:4UbrkyAaFdUJ:scholar.google.com/&scioq=duration+%22standard+error%22%7C%22standard+errors%22%7Cpbd%7C%22benefit+duration%22%7Cwba%7C%22weekly+benefit+amount%22%7C%22replacement+rate%22+%22unemployment+insurance%22&hl=en&as_sdt=0,5"
11,"LP Geerdsen","Does Labour Market Training Motivate Job Search?: A Study of Incentive Effects of Compulsory ALMP in the Danish UI System",2002,"","Socialforskningsinstituttet","","https://scholar.google.com/scholar?cites=12226978877498961537&as_sdt=2005&sciodt=0,5&hl=en",814,"2022-08-15 21:28:05","CITATION","","","",,,,,11,0.55,11,1,20,"","","https://scholar.google.com/scholar?q=related:ga6H_YH0rqkJ:scholar.google.com/&scioq=duration+%22standard+error%22%7C%22standard+errors%22%7Cpbd%7C%22benefit+duration%22%7Cwba%7C%22weekly+benefit+amount%22%7C%22replacement+rate%22+%22unemployment+insurance%22&hl=en&as_sdt=0,5"
2,"LP Geerdsen, SV Lyk-Jensen, CD Weatherall","Accelerating the transition to employment at benefit exhaustion: still possible after four years of unemployment?",2018,"Empirical Economics","Springer","https://link.springer.com/article/10.1007/s00181-017-1236-3","https://scholar.google.com/scholar?cites=16076302961799404008&as_sdt=2005&sciodt=0,5&hl=en",375,"2022-08-15 21:28:05","","10.1007/s00181-017-1236-3","","",,,,,2,0.50,1,3,4,"… We describe the Danish unemployment insurance system and the economic situation … , no new reforms affect the maximum PBD during our analysis period, 1998 to 2003. Footnote 6 …","","https://scholar.google.com/scholar?q=related:6BmdK16AGt8J:scholar.google.com/&scioq=duration+%22standard+error%22%7C%22standard+errors%22%7Cpbd%7C%22benefit+duration%22%7Cwba%7C%22weekly+benefit+amount%22%7C%22replacement+rate%22+%22unemployment+insurance%22&hl=en&as_sdt=0,5"
0,"LP Lardaro","The effect of unemployment insurance on the job search behavior of young adults in Indiana",1979,"","search.proquest.com","https://search.proquest.com/openview/756a0d63c7c28e87eec5f6820a6b7058/1?pq-origsite=gscholar&cbl=18750&diss=y","",696,"2022-08-15 21:28:05","BOOK","","","",,,,,0,0.00,0,1,43,"… More importantly for this study, since the weekly benefit amount and potential duration are calculated entirely on the basis of earnings , omission of non- labor income would not bias the …","",""
28,"M Arcanjo","Unemployment insurance reform–1991–2006: A new balance between rights and obligations in France, Germany, Portugal and Spain",2012,"Social Policy & Administration","Wiley Online Library","https://onlinelibrary.wiley.com/doi/abs/10.1111/j.1467-9515.2011.00810.x","https://scholar.google.com/scholar?cites=6832173039903931906&as_sdt=2005&sciodt=0,5&hl=en",220,"2022-08-15 21:28:05","","10.1111/j.1467-9515.2011.00810.x","","",,,,,28,2.80,28,1,10,"… length of unemployment (better for short-term unemployment). We find that in 1991 the replacement rate … , we find wide diversity in the time period over which benefit calculations were …","https://www.repository.utl.pt/bitstream/10400.5/7320/1/ma-artigo.pdf","https://scholar.google.com/scholar?q=related:An55by7B0F4J:scholar.google.com/&scioq=duration+%22standard+error%22%7C%22standard+errors%22%7Cpbd%7C%22benefit+duration%22%7Cwba%7C%22weekly+benefit+amount%22%7C%22replacement+rate%22+%22unemployment+insurance%22&hl=en&as_sdt=0,5"
169,"M Baker","Unemployment duration: compositional effects and cyclical variability",1992,"The American Economic Review","JSTOR","https://www.jstor.org/stable/2117618","https://scholar.google.com/scholar?cites=863839584437700630&as_sdt=2005&sciodt=0,5&hl=en",937,"2022-08-15 21:28:05","","","","",,,,,169,5.63,169,1,30,"… of layoff spells truncated at one year is 0.288 with a standard error of 0.163. … ple of unemployment insurance (UI) claimants (Bruce D. Meyer, 1990) provides evidence that the duration …","","https://scholar.google.com/scholar?q=related:FohUdYb5_AsJ:scholar.google.com/&scioq=duration+%22standard+error%22%7C%22standard+errors%22%7Cpbd%7C%22benefit+duration%22%7Cwba%7C%22weekly+benefit+amount%22%7C%22replacement+rate%22+%22unemployment+insurance%22&hl=en&as_sdt=0,5"
143,"M Baker, SA Rea Jr","Employment spells and unemployment insurance eligibility requirements",1998,"Review of Economics and Statistics","direct.mit.edu","https://direct.mit.edu/rest/article-abstract/80/1/80/57063","https://scholar.google.com/scholar?cites=7584814416303785073&as_sdt=2005&sciodt=0,5&hl=en",627,"2022-08-15 21:28:05","","","","",,,,,143,5.96,72,2,24,"… unemployment insurance (UI) benefits in any succeeding period of joblessness affect the duration … the test, we use the sample variation in the test statistic to estimate its standard error. …","","https://scholar.google.com/scholar?q=related:cYQMi4asQmkJ:scholar.google.com/&scioq=duration+%22standard+error%22%7C%22standard+errors%22%7Cpbd%7C%22benefit+duration%22%7Cwba%7C%22weekly+benefit+amount%22%7C%22replacement+rate%22+%22unemployment+insurance%22&hl=en&as_sdt=0,5"
5,"M Baldwin","Benefit recipiency rates under the federal/state unemployment insurance program: explaining and reversing decline",1993,"","dspace.mit.edu","https://dspace.mit.edu/bitstream/handle/1721.1/12478/29901136-MIT.pdf?sequence=2","https://scholar.google.com/scholar?cites=3967754130703453120&as_sdt=2005&sciodt=0,5&hl=en",863,"2022-08-15 21:28:05","PDF","","","",,,,,5,0.17,5,1,29,"… with unemployment insurance closed with a plea to Congress to pass legislation in time for … about the issue of a 50 percent wage replacement rate in the 1935 discussions. Both recalled …","https://dspace.mit.edu/bitstream/handle/1721.1/12478/29901136-MIT.pdf?sequence=2","https://scholar.google.com/scholar?q=related:wAurHFxLEDcJ:scholar.google.com/&scioq=duration+%22standard+error%22%7C%22standard+errors%22%7Cpbd%7C%22benefit+duration%22%7Cwba%7C%22weekly+benefit+amount%22%7C%22replacement+rate%22+%22unemployment+insurance%22&hl=en&as_sdt=0,5"
47,"M Beblavý, I Maselli","An Unemployment Insurance Scheme for the Euro Area: A simulation exercise of two options",2014,"CEPS Special Reports No","papers.ssrn.com","https://papers.ssrn.com/sol3/papers.cfm?abstract_id=2561197","https://scholar.google.com/scholar?cites=4667930420528698947&as_sdt=2005&sciodt=0,5&hl=en",711,"2022-08-15 21:28:05","","","","",,,,,47,5.88,24,2,8,"… state is affected by slower growth for a period, it is likely to have higher unemployment. … on the replacement rate. The national unemployment insurance will also limit cross-country …","http://aei.pitt.edu/58249/1/CEPS_Special_Report_An_EU_Unemployment_Insurance_Scheme_Beblavy_and_Masselli.pdf","https://scholar.google.com/scholar?q=related:Q1baV_zRx0AJ:scholar.google.com/&scioq=duration+%22standard+error%22%7C%22standard+errors%22%7Cpbd%7C%22benefit+duration%22%7Cwba%7C%22weekly+benefit+amount%22%7C%22replacement+rate%22+%22unemployment+insurance%22&hl=en&as_sdt=0,5"
153,"M Biewen, S Steffes","Unemployment persistence: Is there evidence for stigma effects?",2010,"Economics Letters","Elsevier","https://www.sciencedirect.com/science/article/pii/S0165176509003784","https://scholar.google.com/scholar?cites=15792219148592290038&as_sdt=2005&sciodt=0,5&hl=en",929,"2022-08-15 21:28:05","","","","",,,,,153,12.75,77,2,12,"… period (state dependence). As discussed above, this may be due to different mechanisms such as disincentives of unemployment insurance, … in the previous period is larger in times of …","https://www.econstor.eu/bitstream/10419/24753/1/dp08057.pdf","https://scholar.google.com/scholar?q=related:9hj3FqU7KdsJ:scholar.google.com/&scioq=duration+%22standard+error%22%7C%22standard+errors%22%7Cpbd%7C%22benefit+duration%22%7Cwba%7C%22weekly+benefit+amount%22%7C%22replacement+rate%22+%22unemployment+insurance%22&hl=en&as_sdt=0,5"
6,"M Bosch","Does unemployment insurance offer incentives to take jobs in the formal sector?",2016,"IZA World of Labor","wol.iza.org","https://wol.iza.org/articles/does-unemployment-insurance-offer-incentives-to-take-jobs-in-the-formal-sector/long","https://scholar.google.com/scholar?cites=500840144574915196&as_sdt=2005&sciodt=0,5&hl=en",602,"2022-08-15 21:28:05","HTML","","","",,,,,6,1.00,6,1,6,"… to the unemployment insurance scheme, but have not done so long enough to reach the vesting period, … to an increase in the benefit duration. In both cases, evidence indicates that the …","https://wol.iza.org/articles/does-unemployment-insurance-offer-incentives-to-take-jobs-in-the-formal-sector/long","https://scholar.google.com/scholar?q=related:fKKkOnVX8wYJ:scholar.google.com/&scioq=duration+%22standard+error%22%7C%22standard+errors%22%7Cpbd%7C%22benefit+duration%22%7Cwba%7C%22weekly+benefit+amount%22%7C%22replacement+rate%22+%22unemployment+insurance%22&hl=en&as_sdt=0,5"
2,"M Bowes, LS Jacobson, FPR Brechling","Unemployment Insurance and Firm Size.",1985,"","apps.dtic.mil","https://apps.dtic.mil/sti/citations/ADA163233","https://scholar.google.com/scholar?cites=17447998187611095760&as_sdt=2005&sciodt=0,5&hl=en",403,"2022-08-15 21:28:05","","","","",,,,,2,0.05,1,3,37,"… for the unemployment insurance system to treat … period wages are less than 36 times the wba--a situation which requires an uneven pattern of earnings during the base period--the wba …","https://apps.dtic.mil/sti/pdfs/ADA163233.pdf","https://scholar.google.com/scholar?q=related:0AI4fui9I_IJ:scholar.google.com/&scioq=duration+%22standard+error%22%7C%22standard+errors%22%7Cpbd%7C%22benefit+duration%22%7Cwba%7C%22weekly+benefit+amount%22%7C%22replacement+rate%22+%22unemployment+insurance%22&hl=en&as_sdt=0,5"
386,"M Browning, TF Crossley","Unemployment insurance benefit levels and consumption changes",2001,"Journal of public Economics","Elsevier","https://www.sciencedirect.com/science/article/pii/S0047272700000840","https://scholar.google.com/scholar?cites=2998176851815828&as_sdt=2005&sciodt=0,5&hl=en",408,"2022-08-15 21:28:05","","","","",,,,,386,18.38,193,2,21,"… suffers a job loss, so let period t be the period before the job separation and period t+1 the … the replacement rate but not the permanent shock; that is instruments for the replacement rate. …","https://openresearch-repository.anu.edu.au/bitstream/1885/40229/2/DP405.pdf","https://scholar.google.com/scholar?q=related:lO05ctOmCgAJ:scholar.google.com/&scioq=duration+%22standard+error%22%7C%22standard+errors%22%7Cpbd%7C%22benefit+duration%22%7Cwba%7C%22weekly+benefit+amount%22%7C%22replacement+rate%22+%22unemployment+insurance%22&hl=en&as_sdt=0,5"
205,"M Browning, TF Crossley","Shocks, stocks, and socks: Smoothing consumption over a temporary income loss",2009,"Journal of the European Economic …","academic.oup.com","https://academic.oup.com/jeea/article-abstract/7/6/1169/2295825","https://scholar.google.com/scholar?cites=8819105809751250967&as_sdt=2005&sciodt=0,5&hl=en",944,"2022-08-15 21:28:05","","","","",,,,,205,15.77,103,2,13,"… in the unemployment insurance system over our sample period we show that … replacement rate below the statutory rate. 5. Social Assistance can also top up unemployment insurance …","https://ora.ox.ac.uk/objects/uuid:5b51df21-c0a7-4b23-928c-146657e82f3a/files/m7e422cfcdaaf44f77e488e4ac5ff0508","https://scholar.google.com/scholar?q=related:F5jOIgLCY3oJ:scholar.google.com/&scioq=duration+%22standard+error%22%7C%22standard+errors%22%7Cpbd%7C%22benefit+duration%22%7Cwba%7C%22weekly+benefit+amount%22%7C%22replacement+rate%22+%22unemployment+insurance%22&hl=en&as_sdt=0,5"
73,"M Bräuninger","Unemployment insurance, wage differentials and unemployment",2000,"FinanzArchiv/Public Finance Analysis","JSTOR","https://www.jstor.org/stable/40912943","https://scholar.google.com/scholar?cites=1074875086028477816&as_sdt=2005&sciodt=0,5&hl=en",239,"2022-08-15 21:28:05","","","","",,,,,73,3.32,73,1,22,"… replacement rate and determines unemployment rates. Different institutional settings of the unemployment insurance … that unemployment insurance is paid only for a limited time. After a …","https://www.academia.edu/download/49140188/Unemployment_Insurance_Wage_Differential20160926-7277-1q3s6wc.pdf","https://scholar.google.com/scholar?q=related:eBWlIDK56g4J:scholar.google.com/&scioq=duration+%22standard+error%22%7C%22standard+errors%22%7Cpbd%7C%22benefit+duration%22%7Cwba%7C%22weekly+benefit+amount%22%7C%22replacement+rate%22+%22unemployment+insurance%22&hl=en&as_sdt=0,5"
17,"M Burda, M Harding, J Hausman","A Bayesian semiparametric competing risk model with unobserved heterogeneity",2015,"Journal of Applied …","Wiley Online Library","https://onlinelibrary.wiley.com/doi/abs/10.1002/jae.2368","https://scholar.google.com/scholar?cites=11325999744376916567&as_sdt=2005&sciodt=0,5&hl=en",781,"2022-08-15 21:28:05","","10.1002/jae.2368","","",,,,,17,2.43,6,3,7,"… duration model) as a special case. We apply our method to analyzing the determinants of unemployment duration among unemployment insurance … changing the replacement rate. The …","https://dspace.mit.edu/bitstream/handle/1721.1/103974/Hausman_A%20Bayesian.pdf?sequence=1&isAllowed=y","https://scholar.google.com/scholar?q=related:V0rAgcIILp0J:scholar.google.com/&scioq=duration+%22standard+error%22%7C%22standard+errors%22%7Cpbd%7C%22benefit+duration%22%7Cwba%7C%22weekly+benefit+amount%22%7C%22replacement+rate%22+%22unemployment+insurance%22&hl=en&as_sdt=0,5"
299,"M Caliendo, K Tatsiramos…","Benefit duration, unemployment duration and job match quality: a regression‐discontinuity approach",2013,"Journal of applied …","Wiley Online Library","https://onlinelibrary.wiley.com/doi/abs/10.1002/jae.2293","https://scholar.google.com/scholar?cites=14058468219662446539&as_sdt=2005&sciodt=0,5&hl=en",17,"2022-08-15 21:28:05","","10.1002/jae.2293","","",,,,,299,33.22,100,3,9,"… One common feature in the design of most unemployment insurance (UI) systems in the … of a limited benefit duration. The non-stationarity that arises because of limited benefit duration …","https://www.econstor.eu/bitstream/10419/35918/1/618744061.pdf","https://scholar.google.com/scholar?q=related:yy8ZX1y2GcMJ:scholar.google.com/&scioq=duration+%22standard+error%22%7C%22standard+errors%22%7Cpbd%7C%22benefit+duration%22%7Cwba%7C%22weekly+benefit+amount%22%7C%22replacement+rate%22+%22unemployment+insurance%22&hl=en&as_sdt=0,5"
161,"M Centeno","The match quality gains from unemployment insurance",2004,"Journal of Human resources","jhr.uwpress.org","http://jhr.uwpress.org/content/XXXIX/3/839.short","https://scholar.google.com/scholar?cites=1395993693355190336&as_sdt=2005&sciodt=0,5&hl=en",124,"2022-08-15 21:28:05","","","","",,,,,161,8.94,161,1,18,"… These papers focus on UI duration and explore the change in the initial entitlement period … positive impact of the maximum benefit duration on subsequent job duration for a sample of …","https://core.ac.uk/download/pdf/6363192.pdf","https://scholar.google.com/scholar?q=related:QCgfKd6QXxMJ:scholar.google.com/&scioq=duration+%22standard+error%22%7C%22standard+errors%22%7Cpbd%7C%22benefit+duration%22%7Cwba%7C%22weekly+benefit+amount%22%7C%22replacement+rate%22+%22unemployment+insurance%22&hl=en&as_sdt=0,5"
1,"M Centeno, A Novo","Heterogeneity of the unemployment insurance system: lazyness or simply income effects?",2006,"","depeco.iseg.ulisboa.pt","https://depeco.iseg.ulisboa.pt/ft-0607-CentenoNovo.pdf","https://scholar.google.com/scholar?cites=4436238863694946509&as_sdt=2005&sciodt=0,5&hl=en",979,"2022-08-15 21:28:05","PDF","","","",,,,,1,0.06,1,2,16,"… duration of subsidized unemployment. We exploit a quasi-experimental setting from an increase in the entitlement period … behavior in response to more generous PBD. An high income …","https://depeco.iseg.ulisboa.pt/ft-0607-CentenoNovo.pdf","https://scholar.google.com/scholar?q=related:zeBRCb6vkD0J:scholar.google.com/&scioq=duration+%22standard+error%22%7C%22standard+errors%22%7Cpbd%7C%22benefit+duration%22%7Cwba%7C%22weekly+benefit+amount%22%7C%22replacement+rate%22+%22unemployment+insurance%22&hl=en&as_sdt=0,5"
28,"M Centeno, AA Novo","The impact of unemployment insurance generosity on match quality distribution",2006,"Economics Letters","Elsevier","https://www.sciencedirect.com/science/article/pii/S0165176506001832","https://scholar.google.com/scholar?cites=265227247060287029&as_sdt=2005&sciodt=0,5&hl=en",455,"2022-08-15 21:28:05","","","","",,,,,28,1.75,14,2,16,"… UI duration and finds a weak positive impact of the maximum benefit duration on subsequent job duration… hazard model of job duration, finding a positive impact of UI on expected match …","https://www.bportugal.pt/sites/default/files/anexos/papers/wp200612.pdf","https://scholar.google.com/scholar?q=related:NX7IpcZGrgMJ:scholar.google.com/&scioq=duration+%22standard+error%22%7C%22standard+errors%22%7Cpbd%7C%22benefit+duration%22%7Cwba%7C%22weekly+benefit+amount%22%7C%22replacement+rate%22+%22unemployment+insurance%22&hl=en&as_sdt=0,5"
43,"M Centeno, ÁA Novo","The impact of unemployment insurance on the job match quality: a quantile regression approach",2006,"Empirical Economics","Springer","https://link.springer.com/article/10.1007/s00181-006-0061-x","https://scholar.google.com/scholar?cites=17250349171680872296&as_sdt=2005&sciodt=0,5&hl=en",329,"2022-08-15 21:28:05","","10.1007/s00181-006-0061-x","","",,,,,43,2.69,22,2,16,"… period rule implemented in Canada in 1977 and finds a weak positive impact of the maximum benefit duration on subsequent job duration … hazard model of job duration, finds a positive …","","https://scholar.google.com/scholar?q=related:aAd-5SyNZe8J:scholar.google.com/&scioq=duration+%22standard+error%22%7C%22standard+errors%22%7Cpbd%7C%22benefit+duration%22%7Cwba%7C%22weekly+benefit+amount%22%7C%22replacement+rate%22+%22unemployment+insurance%22&hl=en&as_sdt=0,5"
3,"M Chan, M Michaelides, S Zhang","Who Receives Unemployment Insurance?",2014,"Research in Applied …","opus.lib.uts.edu.au","https://opus.lib.uts.edu.au/handle/10453/33633","https://scholar.google.com/scholar?cites=15874601604388637020&as_sdt=2005&sciodt=0,5&hl=en",577,"2022-08-15 21:28:05","","","","",,,,,3,0.38,1,3,8,"… In separate analyses, we find that recipients in services had much lower WBA and were … eligible to receive half the WBA until he/she finds a full-time job or he/she exhausts benefits. …","https://opus.lib.uts.edu.au/bitstream/10453/33633/1/5954-22426-1-PB.pdf","https://scholar.google.com/scholar?q=related:XEluTA3qTdwJ:scholar.google.com/&scioq=duration+%22standard+error%22%7C%22standard+errors%22%7Cpbd%7C%22benefit+duration%22%7Cwba%7C%22weekly+benefit+amount%22%7C%22replacement+rate%22+%22unemployment+insurance%22&hl=en&as_sdt=0,5"
16,"M Coles, A Masters","Duration‐dependent unemployment insurance payments and equilibrium unemployment",2004,"Economica","Wiley Online Library","https://onlinelibrary.wiley.com/doi/abs/10.1111/j.0013-0427.2004.00358.x","https://scholar.google.com/scholar?cites=11880317886416465264&as_sdt=2005&sciodt=0,5&hl=en",422,"2022-08-15 21:28:05","","10.1111/j.0013-0427.2004.00358.x","","",,,,,16,0.89,8,2,18,"… unemployment insurance system in the United States is considered to be T=2 quarters with a replacement rate … b 0 are chosen to approximate this replacement rate while matching the …","https://www.albany.edu/~am755146/papers/ymlatest.pdf","https://scholar.google.com/scholar?q=related:cK2STixe36QJ:scholar.google.com/&scioq=duration+%22standard+error%22%7C%22standard+errors%22%7Cpbd%7C%22benefit+duration%22%7Cwba%7C%22weekly+benefit+amount%22%7C%22replacement+rate%22+%22unemployment+insurance%22&hl=en&as_sdt=0,5"
62,"M Coles, A Masters","Optimal unemployment insurance in a matching equilibrium",2006,"Journal of labor Economics","journals.uchicago.edu","https://www.journals.uchicago.edu/doi/abs/10.1086/497820","https://scholar.google.com/scholar?cites=15194838061208664522&as_sdt=2005&sciodt=0,5&hl=en",572,"2022-08-15 21:28:05","","10.1086/497820","","",,,,,62,3.88,31,2,16,"… This article considers optimal unemployment insurance (UI) in … gain than a policy that simply varies UI payments by duration. … employed for a certain length of time to become reentitled to …","http://citeseerx.ist.psu.edu/viewdoc/download?doi=10.1.1.70.9101&rep=rep1&type=pdf","https://scholar.google.com/scholar?q=related:ynntAbbo3tIJ:scholar.google.com/&scioq=duration+%22standard+error%22%7C%22standard+errors%22%7Cpbd%7C%22benefit+duration%22%7Cwba%7C%22weekly+benefit+amount%22%7C%22replacement+rate%22+%22unemployment+insurance%22&hl=en&as_sdt=0,5"
19,"M Corak, SRG Jones","The persistence of Unemployment: How important were regional extended unemployment insurance benefits?",1995,"Canadian Journal of Economics","JSTOR","https://www.jstor.org/stable/136048","https://scholar.google.com/scholar?cites=10470527553146444177&as_sdt=2005&sciodt=0,5&hl=en",229,"2022-08-15 21:28:05","","","","",,,,,19,0.70,10,2,27,"… We also examine the time-series properties of the number of ui claimants by benefit phase, … in potential benefit duration caused by regionally extended benefits may lengthen the time …","","https://scholar.google.com/scholar?q=related:kdk7mFXJTpEJ:scholar.google.com/&scioq=duration+%22standard+error%22%7C%22standard+errors%22%7Cpbd%7C%22benefit+duration%22%7Cwba%7C%22weekly+benefit+amount%22%7C%22replacement+rate%22+%22unemployment+insurance%22&hl=en&as_sdt=0,5"
5,"M Cozzi","Optimal unemployment insurance in GE: A robust calibration approach",2012,"Economics Letters","Elsevier","https://www.sciencedirect.com/science/article/pii/S0165176512002078","https://scholar.google.com/scholar?cites=4499816037787664602&as_sdt=2005&sciodt=0,5&hl=en",355,"2022-08-15 21:28:05","","","","",,,,,5,0.50,5,1,10,"… the optimal replacement rate of a public unemployment insurance (UI… The UI scheme is specified as a fixed replacement rate ( θ ) of … Time is discrete and the agents are ex-ante identical. …","https://www.econstor.eu/bitstream/10419/67765/1/667033777.pdf","https://scholar.google.com/scholar?q=related:2oDwZtiOcj4J:scholar.google.com/&scioq=duration+%22standard+error%22%7C%22standard+errors%22%7Cpbd%7C%22benefit+duration%22%7Cwba%7C%22weekly+benefit+amount%22%7C%22replacement+rate%22+%22unemployment+insurance%22&hl=en&as_sdt=0,5"
13,"M Darrough, H Kim, E Zur","The impact of corporate welfare policy on firm-level productivity: Evidence from unemployment insurance",2019,"Journal of business ethics","Springer","https://link.springer.com/article/10.1007/s10551-018-3817-2","https://scholar.google.com/scholar?cites=16155009355258874310&as_sdt=2005&sciodt=0,5&hl=en",839,"2022-08-15 21:28:05","","10.1007/s10551-018-3817-2","","",,,,,13,4.33,4,3,3,"… Each worker receives benefits based on his or her employment history during a base period… maximum weekly benefit amount (Max Weekly Benefit), the maximum duration (Max Duration…","","https://scholar.google.com/scholar?q=related:xklRa2ofMuAJ:scholar.google.com/&scioq=duration+%22standard+error%22%7C%22standard+errors%22%7Cpbd%7C%22benefit+duration%22%7Cwba%7C%22weekly+benefit+amount%22%7C%22replacement+rate%22+%22unemployment+insurance%22&hl=en&as_sdt=0,5"
15,"M Di Maggio, A Kermani","Unemployment insurance as an automatic stabilizer: The financial channel",2017,"Harvard Business School Finance …","papers.ssrn.com","https://papers.ssrn.com/sol3/papers.cfm?abstract_id=2575434","https://scholar.google.com/scholar?cites=18294571124814868243&as_sdt=2005&sciodt=0,5&hl=en",402,"2022-08-15 21:28:05","","","","",,,,,15,3.00,8,2,5,"… replacement rate is relatively robust among different states, as shown by Figure A-1, and our results are robust to using the average replacement rate … , the maximum benefit period is 26 …","","https://scholar.google.com/scholar?q=related:E2-1XIJf4_0J:scholar.google.com/&scioq=duration+%22standard+error%22%7C%22standard+errors%22%7Cpbd%7C%22benefit+duration%22%7Cwba%7C%22weekly+benefit+amount%22%7C%22replacement+rate%22+%22unemployment+insurance%22&hl=en&as_sdt=0,5"
63,"M Di Maggio, A Kermani","The importance of unemployment insurance as an automatic stabilizer",2016,"","nber.org","https://www.nber.org/papers/w22625","https://scholar.google.com/scholar?cites=3859871062681452205&as_sdt=2005&sciodt=0,5&hl=en",596,"2022-08-15 21:28:05","","","","",,,,,63,10.50,32,2,6,"… generosity of their unemployment insurance programs. We … income replacement rate at the state level for the period 1996-… (CPS) we compute the replacement rate conditional on being …","https://www.nber.org/system/files/working_papers/w22625/w22625.pdf","https://scholar.google.com/scholar?q=related:rf7v8UcEkTUJ:scholar.google.com/&scioq=duration+%22standard+error%22%7C%22standard+errors%22%7Cpbd%7C%22benefit+duration%22%7Cwba%7C%22weekly+benefit+amount%22%7C%22replacement+rate%22+%22unemployment+insurance%22&hl=en&as_sdt=0,5"
3,"M Dolls","Chances and risks of a European unemployment benefit scheme",2016,"ZEW policy brief","madoc.bib.uni-mannheim.de","https://madoc.bib.uni-mannheim.de/43783/?rs=true&","https://scholar.google.com/scholar?cites=7129483898395603413&as_sdt=2005&sciodt=0,5&hl=en",604,"2022-08-15 21:28:05","","","","",,,,,3,0.50,3,1,6,"… , we introduce an unemployment insurance scheme for the … As minimum conditions, we choose a replacement rate of 50 … At the same time we find procyclical effects in some years for …","https://madoc.bib.uni-mannheim.de/43783/1/pb16-07.pdf","https://scholar.google.com/scholar?q=related:1bG8-9QD8WIJ:scholar.google.com/&scioq=duration+%22standard+error%22%7C%22standard+errors%22%7Cpbd%7C%22benefit+duration%22%7Cwba%7C%22weekly+benefit+amount%22%7C%22replacement+rate%22+%22unemployment+insurance%22&hl=en&as_sdt=0,5"
111,"M Dolls, C Fuest, D Neumann, A Peichl","An unemployment insurance scheme for the euro area? A comparison of different alternatives using microdata",2018,"International Tax and Public …","Springer","https://link.springer.com/article/10.1007/s10797-017-9440-9","https://scholar.google.com/scholar?cites=12978433691657448343&as_sdt=2005&sciodt=0,5&hl=en",102,"2022-08-15 21:28:05","","10.1007/s10797-017-9440-9","","",,,,,111,27.75,28,4,4,"… We find that a basic EMU-UI scheme with a replacement rate of 50%, a maximum duration of benefit receipt of 12 months and a broad coverage of all new unemployed with previous …","https://www.econstor.eu/bitstream/10419/123223/1/cesifo_wp5581.pdf","https://scholar.google.com/scholar?q=related:lys0DK6oHLQJ:scholar.google.com/&scioq=duration+%22standard+error%22%7C%22standard+errors%22%7Cpbd%7C%22benefit+duration%22%7Cwba%7C%22weekly+benefit+amount%22%7C%22replacement+rate%22+%22unemployment+insurance%22&hl=en&as_sdt=0,5"
14,"M Dolls, C Fuest, D Neumann, A Peichl","An unemployment insurance scheme for the euro area: evidence at the micro level",2014,"seminar “Economic shock …","euroframe.org","https://www.euroframe.org/files/user_upload/euroframe/docs/2014/Session%205/EUROF14_Dolls_etal.pdf","https://scholar.google.com/scholar?cites=18085063483225224270&as_sdt=2005&sciodt=0,5&hl=en",371,"2022-08-15 21:28:05","PDF","","","",,,,,14,1.75,4,4,8,"… unemployment insurance scheme for the euro area which provides a basic level of income insurance in terms of its replacement rate … contribution period to the unemployment insurance …","https://www.euroframe.org/files/user_upload/euroframe/docs/2014/Session%205/EUROF14_Dolls_etal.pdf","https://scholar.google.com/scholar?q=related:TjQHUmsN-_oJ:scholar.google.com/&scioq=duration+%22standard+error%22%7C%22standard+errors%22%7Cpbd%7C%22benefit+duration%22%7Cwba%7C%22weekly+benefit+amount%22%7C%22replacement+rate%22+%22unemployment+insurance%22&hl=en&as_sdt=0,5"
9,"M Faig, M Zhang, S Zhang","Effects of extended unemployment insurance benefits on labor dynamics",2016,"Macroeconomic Dynamics","cambridge.org","https://www.cambridge.org/core/journals/macroeconomic-dynamics/article/effects-of-extended-unemployment-insurance-benefits-on-labor-dynamics/001B5E1A879F35166F8E9B8FDA16A908","https://scholar.google.com/scholar?cites=10202755746678904282&as_sdt=2005&sciodt=0,5&hl=en",250,"2022-08-15 21:28:05","","","","",,,,,9,1.50,3,3,6,"… States, the statutory duration of unemployment insurance (UI) … , we target the effective replacement rate measured as the … UI) and the observed replacement rate conditional on receiving …","","https://scholar.google.com/scholar?q=related:2hXfikt4l40J:scholar.google.com/&scioq=duration+%22standard+error%22%7C%22standard+errors%22%7Cpbd%7C%22benefit+duration%22%7Cwba%7C%22weekly+benefit+amount%22%7C%22replacement+rate%22+%22unemployment+insurance%22&hl=en&as_sdt=0,5"
402,"M Feldstein","The effect of unemployment insurance on temporary layoff unemployment",1978,"The American Economic Review","JSTOR","https://www.jstor.org/stable/1811316","https://scholar.google.com/scholar?cites=15598658229122165886&as_sdt=2005&sciodt=0,5&hl=en",169,"2022-08-15 21:28:05","","","","",,,,,402,9.14,402,1,44,"… focused on the potential effect of UI on duration. This focus on … paper implies that unemployment insurance has a powerful effect … Unemployment insurance also has a …","","https://scholar.google.com/scholar?q=related:fuyMnwORedgJ:scholar.google.com/&scioq=duration+%22standard+error%22%7C%22standard+errors%22%7Cpbd%7C%22benefit+duration%22%7Cwba%7C%22weekly+benefit+amount%22%7C%22replacement+rate%22+%22unemployment+insurance%22&hl=en&as_sdt=0,5"
307,"M Feldstein, J Poterba","Unemployment insurance and reservation wages",1984,"Journal of public Economics","Elsevier","https://www.sciencedirect.com/science/article/pii/0047272784900707","https://scholar.google.com/scholar?cites=17106578331705707618&as_sdt=2005&sciodt=0,5&hl=en",135,"2022-08-15 21:28:05","","","","",,,,,307,8.08,154,2,38,"… is the effect of unemployment insurance on reservation wages. … We measure his replacement rate as $100 divided by 70 percent of … from 0.7 to 0.5 reduces the expected duration of …","https://www.nber.org/system/files/working_papers/w1011/w1011.pdf","https://scholar.google.com/scholar?q=related:Yoy2r1vGZu0J:scholar.google.com/&scioq=duration+%22standard+error%22%7C%22standard+errors%22%7Cpbd%7C%22benefit+duration%22%7Cwba%7C%22weekly+benefit+amount%22%7C%22replacement+rate%22+%22unemployment+insurance%22&hl=en&as_sdt=0,5"
48,"M Galizzi, LI Boden","The return to work of injured workers: evidence from matched unemployment insurance and workers' compensation data",2003,"Labour Economics","Elsevier","https://www.sciencedirect.com/science/article/pii/S0927537103000149","https://scholar.google.com/scholar?cites=1155063257245461836&as_sdt=2005&sciodt=0,5&hl=en",977,"2022-08-15 21:28:05","","","","",,,,,48,2.53,24,2,19,"… benefit level or in the replacement rate (measured by the … time of the departure from the firm (or, in our case, at the time … as a determinant of the length of time off work is problematic. …","https://www.academia.edu/download/46073606/s0927-5371_2803_2900014-920160530-27135-1ddpkrr.pdf","https://scholar.google.com/scholar?q=related:TK04pembBxAJ:scholar.google.com/&scioq=duration+%22standard+error%22%7C%22standard+errors%22%7Cpbd%7C%22benefit+duration%22%7Cwba%7C%22weekly+benefit+amount%22%7C%22replacement+rate%22+%22unemployment+insurance%22&hl=en&as_sdt=0,5"
53,"M Gangl","Unemployment benefits as a search subsidy: New evidence on duration and wage effects of unemployment insurance",2002,"","ssoar.info","https://www.ssoar.info/ssoar/handle/document/11323","https://scholar.google.com/scholar?cites=5242032916975583512&as_sdt=2005&sciodt=0,5&hl=en",291,"2022-08-15 21:28:05","","","","",,,,,53,2.65,53,1,20,"… between workers, so that his preferred estimates of actual UI effects lie in the order of an increase in expected job duration by about 0.5-0.9 days per additional week of benefit duration. …","https://www.ssoar.info/ssoar/bitstream/handle/document/11323/ssoar-2002-gangl-unemployment_benefits_as_a_search.pdf?sequence=1","https://scholar.google.com/scholar?q=related:GAE8HSpxv0gJ:scholar.google.com/&scioq=duration+%22standard+error%22%7C%22standard+errors%22%7Cpbd%7C%22benefit+duration%22%7Cwba%7C%22weekly+benefit+amount%22%7C%22replacement+rate%22+%22unemployment+insurance%22&hl=en&as_sdt=0,5"
0,"M Gudgeon, JF Schmieder, S Trenkle, H Ye","The Labor Supply Effects of Unemployment Insurance for Older Workers",2016,"","conference.iza.org","https://conference.iza.org/conference_files/LaborMarketInstitutions_2019/gudgeon_m24051.pdf","",547,"2022-08-15 21:28:05","PDF","","","",,,,,0,0.00,0,4,6,"… The sorting around this age cutoff poses a challenge to standard RD estimates of the effects of PBD extensions on non-employment duration, as we discuss further below. …","https://conference.iza.org/conference_files/LaborMarketInstitutions_2019/gudgeon_m24051.pdf","https://scholar.google.com/scholar?q=related:yind6cNtHt0J:scholar.google.com/&scioq=duration+%22standard+error%22%7C%22standard+errors%22%7Cpbd%7C%22benefit+duration%22%7Cwba%7C%22weekly+benefit+amount%22%7C%22replacement+rate%22+%22unemployment+insurance%22&hl=en&as_sdt=0,5"
12,"M Gunderson, WC Riddell","Unemployment insurance: lessons from Canada",2001,"Labor Market Policies in Canada and Latin …","Springer","https://link.springer.com/chapter/10.1007/978-1-4757-3347-1_3","https://scholar.google.com/scholar?cites=6489282155430016476&as_sdt=2005&sciodt=0,5&hl=en",484,"2022-08-15 21:28:05","","10.1007/978-1-4757-3347-1_3","","",,,,,12,0.57,6,2,21,"… the benefit duration period, or the length of time a recipient can remain in VI. The Canadian VI system described here is as of the amendments made in the federal budget of 1994. They …","","https://scholar.google.com/scholar?q=related:3PWvGb2PDloJ:scholar.google.com/&scioq=duration+%22standard+error%22%7C%22standard+errors%22%7Cpbd%7C%22benefit+duration%22%7Cwba%7C%22weekly+benefit+amount%22%7C%22replacement+rate%22+%22unemployment+insurance%22&hl=en&as_sdt=0,5"
35,"M Hagedorn, A Kaul, T Mennel","An adverse selection model of optimal unemployment insurance",2010,"Journal of Economic Dynamics and …","Elsevier","https://www.sciencedirect.com/science/article/pii/S0165188909001936","https://scholar.google.com/scholar?cites=9547484282935085746&as_sdt=2005&sciodt=0,5&hl=en",561,"2022-08-15 21:28:05","","","","",,,,,35,2.92,12,3,12,"… Any value of the entitlement V ̲ can be mapped one-to-one to a “certainty equivalent replacement rate”, ie to a percentage of the wage w which is consumed every period and which …","https://www.econstor.eu/bitstream/10419/39447/1/362830096.pdf","https://scholar.google.com/scholar?q=related:sor43l56f4QJ:scholar.google.com/&scioq=duration+%22standard+error%22%7C%22standard+errors%22%7Cpbd%7C%22benefit+duration%22%7Cwba%7C%22weekly+benefit+amount%22%7C%22replacement+rate%22+%22unemployment+insurance%22&hl=en&as_sdt=0,5"
1490,"M Hagedorn, I Manovskii","The cyclical behavior of equilibrium unemployment and vacancies revisited",2008,"American Economic Review","aeaweb.org","https://www.aeaweb.org/articles?id=10.1257/aer.98.4.1692","https://scholar.google.com/scholar?cites=353688780120530225&as_sdt=2005&sciodt=0,5&hl=en",656,"2022-08-15 21:28:05","","","","",,,,,1490,106.43,745,2,14,"… typical replacement ratio of unemployment insurance. Thus, … the typical unemployment insurance replacement rate. This … We choose the model period to be one-twelfth of a quarter (< …","https://www.econstor.eu/bitstream/10419/153287/1/ecbwp0853.pdf","https://scholar.google.com/scholar?q=related:MR0gVBKO6AQJ:scholar.google.com/&scioq=duration+%22standard+error%22%7C%22standard+errors%22%7Cpbd%7C%22benefit+duration%22%7Cwba%7C%22weekly+benefit+amount%22%7C%22replacement+rate%22+%22unemployment+insurance%22&hl=en&as_sdt=0,5"
130,"M Hagedorn, I Manovskii, K Mitman","The impact of unemployment benefit extensions on employment: the 2014 employment miracle?",2015,"","nber.org","https://www.nber.org/papers/w20884","https://scholar.google.com/scholar?cites=5906869094956848638&as_sdt=2005&sciodt=0,5&hl=en",669,"2022-08-15 21:28:05","","","","",,,,,130,18.57,43,3,7,"… a 1% drop in benefit duration leads to a statistically significant … lowered benefit duration in all states to their regular duration … features of the US unemployment insurance system and the …","https://www.nber.org/system/files/working_papers/w20884/w20884.pdf","https://scholar.google.com/scholar?q=related:_tWiWyVq-VEJ:scholar.google.com/&scioq=duration+%22standard+error%22%7C%22standard+errors%22%7Cpbd%7C%22benefit+duration%22%7Cwba%7C%22weekly+benefit+amount%22%7C%22replacement+rate%22+%22unemployment+insurance%22&hl=en&as_sdt=0,5"
32,"M Hagedorn, I Manovskii, K Mitman","Interpreting recent quasi-experimental evidence on the effects of unemployment benefit extensions",2016,"","nber.org","https://www.nber.org/papers/w22280","https://scholar.google.com/scholar?cites=4570216856618541724&as_sdt=2005&sciodt=0,5&hl=en",913,"2022-08-15 21:28:05","","","","",,,,,32,5.33,11,3,6,"… in potential benefit duration increases the average duration of the … An increase in potential benefit duration ... from 6 months to … altered the duration of unemployment insurance in several …","https://www.nber.org/system/files/working_papers/w22280/w22280.pdf","https://scholar.google.com/scholar?q=related:nCJAXQSsbD8J:scholar.google.com/&scioq=duration+%22standard+error%22%7C%22standard+errors%22%7Cpbd%7C%22benefit+duration%22%7Cwba%7C%22weekly+benefit+amount%22%7C%22replacement+rate%22+%22unemployment+insurance%22&hl=en&as_sdt=0,5"
37,"M Hoogenboom","The Netherlands: two tiers for all",2011,"… National Adaptations to Post-Industrial Labour …","books.google.com","https://books.google.com/books?hl=en&lr=&id=Z_fER3smVccC&oi=fnd&pg=PA75&dq=duration+%22standard+error%22%7C%22standard+errors%22%7Cpbd%7C%22benefit+duration%22%7Cwba%7C%22weekly+benefit+amount%22%7C%22replacement+rate%22+%22unemployment+insurance%22&ots=FRmXxv3lm8&sig=xC9KXbk1VNaWTlWj0SEOHP-jZRM","https://scholar.google.com/scholar?cites=2059419948187459218&as_sdt=2005&sciodt=0,5&hl=en",612,"2022-08-15 21:28:05","","","","",,,,,37,3.36,37,1,11,"… regulations of unemployment insurance have been tightened and benefits duration limited, … regulations have been tightened and the benefit duration limited, the risk of dependence on …","https://www.researchgate.net/profile/Marcel-Hoogenboom/publication/274951385_The_Netherlands_Two_Tiers_for_All/links/589cab9aa6fdcc3e8bea3606/The-Netherlands-Two-Tiers-for-All.pdf","https://scholar.google.com/scholar?q=related:kh4RF4iHlBwJ:scholar.google.com/&scioq=duration+%22standard+error%22%7C%22standard+errors%22%7Cpbd%7C%22benefit+duration%22%7Cwba%7C%22weekly+benefit+amount%22%7C%22replacement+rate%22+%22unemployment+insurance%22&hl=en&as_sdt=0,5"
1,"M Ishikawa","Unemployment Insurance and Proliferation of Other Income Protection Programs for Experienced Workers",1983,"","books.google.com","https://books.google.com/books?hl=en&lr=&id=o0JYAAAAYAAJ&oi=fnd&pg=PA1&dq=duration+%22standard+error%22%7C%22standard+errors%22%7Cpbd%7C%22benefit+duration%22%7Cwba%7C%22weekly+benefit+amount%22%7C%22replacement+rate%22+%22unemployment+insurance%22&ots=cTtimWGGl1&sig=OC8xxm7aJgU81uqctv0cVqWPz0k","https://scholar.google.com/scholar?cites=6526133055303010424&as_sdt=2005&sciodt=0,5&hl=en",536,"2022-08-15 21:28:05","BOOK","","","",,,,,1,0.03,1,1,39,"… with the goal of providing income support for a ""temporary"" period of joblessness, the total … the weekly benefit amount with the number of weeks corresponding to the ""temporary"" period. …","https://books.google.com/books?hl=en&lr=&id=o0JYAAAAYAAJ&oi=fnd&pg=PA1&dq=duration+%22standard+error%22%7C%22standard+errors%22%7Cpbd%7C%22benefit+duration%22%7Cwba%7C%22weekly+benefit+amount%22%7C%22replacement+rate%22+%22unemployment+insurance%22&ots=cTtimWGGl1&sig=OC8xxm7aJgU81uqctv0cVqWPz0k","https://scholar.google.com/scholar?q=related:eEhF1m97kVoJ:scholar.google.com/&scioq=duration+%22standard+error%22%7C%22standard+errors%22%7Cpbd%7C%22benefit+duration%22%7Cwba%7C%22weekly+benefit+amount%22%7C%22replacement+rate%22+%22unemployment+insurance%22&hl=en&as_sdt=0,5"
0,"M Ishikawa","Unemployment Compensation in Varying Phases of Joblessness",1983,"","books.google.com","https://books.google.com/books?hl=en&lr=&id=g0JYAAAAYAAJ&oi=fnd&pg=PT7&dq=duration+%22standard+error%22%7C%22standard+errors%22%7Cpbd%7C%22benefit+duration%22%7Cwba%7C%22weekly+benefit+amount%22%7C%22replacement+rate%22+%22unemployment+insurance%22&ots=nz2Cqg4Prj&sig=mkavjJBKFzk0xdiwlF0coK8000I","",620,"2022-08-15 21:28:05","BOOK","","","",,,,,0,0.00,0,1,39,"… This paper discusses the role of unemployment insurance in … The unique goal of unemployment insurance is indicated as … period should be the basic benefit duration with the full WBA …","https://books.google.com/books?hl=en&lr=&id=g0JYAAAAYAAJ&oi=fnd&pg=PT7&dq=duration+%22standard+error%22%7C%22standard+errors%22%7Cpbd%7C%22benefit+duration%22%7Cwba%7C%22weekly+benefit+amount%22%7C%22replacement+rate%22+%22unemployment+insurance%22&ots=nz2Cqg4Prj&sig=mkavjJBKFzk0xdiwlF0coK8000I",""
4,"M Jantti, GD Jaynes, JE Roemer","The double role of ethnic heterogeneity in explaining welfare-state generosity",2014,"","papers.ssrn.com","https://papers.ssrn.com/sol3/papers.cfm?abstract_id=2533005","https://scholar.google.com/scholar?cites=4561546988712496817&as_sdt=2005&sciodt=0,5&hl=en",767,"2022-08-15 21:28:05","","","","",,,,,4,0.50,1,3,8,"… the provision of social unemployment insurance. Afterwards, … of jurisdictions' unemployment insurance benefits, we model … one-half time in Mississippi would receive a WBA of $72.50, …","https://www.econstor.eu/bitstream/10419/119748/1/80711216X.pdf","https://scholar.google.com/scholar?q=related:sQ52cNHeTT8J:scholar.google.com/&scioq=duration+%22standard+error%22%7C%22standard+errors%22%7Cpbd%7C%22benefit+duration%22%7Cwba%7C%22weekly+benefit+amount%22%7C%22replacement+rate%22+%22unemployment+insurance%22&hl=en&as_sdt=0,5"
8,"M Kohara, M Sasaki, T Machikita","Is longer unemployment rewarded with longer job tenure?",2013,"Journal of the Japanese and …","Elsevier","https://www.sciencedirect.com/science/article/pii/S0889158313000300","https://scholar.google.com/scholar?cites=17371550911601175316&as_sdt=2005&sciodt=0,5&hl=en",830,"2022-08-15 21:28:05","","","","",,,,,8,0.89,3,3,9,"… duration and the subsequent job duration. … of unemployment insurance, we secondly show an even greater negative effect of unemployment duration on the following job duration. The …","https://www.econstor.eu/bitstream/10419/69325/1/733719899.pdf","https://scholar.google.com/scholar?q=related:FOuZA4QlFPEJ:scholar.google.com/&scioq=duration+%22standard+error%22%7C%22standard+errors%22%7Cpbd%7C%22benefit+duration%22%7Cwba%7C%22weekly+benefit+amount%22%7C%22replacement+rate%22+%22unemployment+insurance%22&hl=en&as_sdt=0,5"
7,"M Kotamäki, J Mattila, J Tervola","Distributional impacts of behavioral effects–ex-ante evaluation of the 2017 unemployment insurance reform in finland",2018,"International Journal of …","academia.edu","https://www.academia.edu/download/67291514/IJM_11_2_4.pdf","https://scholar.google.com/scholar?cites=6058102672571786121&as_sdt=2005&sciodt=0,5&hl=en",55,"2022-08-15 21:28:05","PDF","","","",,,,,7,1.75,2,3,4,"… The benefit semi-elasticities, that is, the percentage change in unemployment duration in response to a percentage point change in the gross replacement rate, seem to range between …","https://www.academia.edu/download/67291514/IJM_11_2_4.pdf","https://scholar.google.com/scholar?q=related:iWN8k0i0ElQJ:scholar.google.com/&scioq=duration+%22standard+error%22%7C%22standard+errors%22%7Cpbd%7C%22benefit+duration%22%7Cwba%7C%22weekly+benefit+amount%22%7C%22replacement+rate%22+%22unemployment+insurance%22&hl=en&as_sdt=0,5"
2,"M Kotamäki, J Mattila, J Tervola","Turning static pessimism to dynamic optimism. An ex-ante evaluation of unemployment insurance reform in Finland",2017,"","helda.helsinki.fi","https://helda.helsinki.fi/handle/10138/212599","https://scholar.google.com/scholar?cites=13911433832856231751&as_sdt=2005&sciodt=0,5&hl=en",99,"2022-08-15 21:28:05","","","","",,,,,2,0.40,1,3,5,"… a Finnish unemployment insurance reform that took place in 2017. The potential duration of … significant effect of PBD on unemployment: an increase of 100 days in the PBD resulting in …","https://helda.helsinki.fi/bitstream/handle/10138/212599/WorkingPapers124.pdf?sequence=1","https://scholar.google.com/scholar?q=related:Rx-_c11XD8EJ:scholar.google.com/&scioq=duration+%22standard+error%22%7C%22standard+errors%22%7Cpbd%7C%22benefit+duration%22%7Cwba%7C%22weekly+benefit+amount%22%7C%22replacement+rate%22+%22unemployment+insurance%22&hl=en&as_sdt=0,5"
6,"M Lachowska, I Sorkin, SA Woodbury","Firms and unemployment insurance take-up",2022,"","nber.org","https://www.nber.org/papers/w30266","https://scholar.google.com/scholar?cites=16776120287275787384&as_sdt=2005&sciodt=0,5&hl=en",462,"2022-08-15 21:28:05","","","","",,,,,6,6.00,2,3,1,"… initial claims in most months during the time period we are examining. See US Department … because the replacement rate falls. The panel plots the average weekly benefit amount as a …","https://www.nber.org/system/files/working_papers/w30266/w30266.pdf","https://scholar.google.com/scholar?q=related:eCRMgITA0OgJ:scholar.google.com/&scioq=duration+%22standard+error%22%7C%22standard+errors%22%7Cpbd%7C%22benefit+duration%22%7Cwba%7C%22weekly+benefit+amount%22%7C%22replacement+rate%22+%22unemployment+insurance%22&hl=en&as_sdt=0,5"
25,"M Lachowska, M Meral, SA Woodbury","Effects of the unemployment insurance work test on long-term employment outcomes",2016,"Labour Economics","Elsevier","https://www.sciencedirect.com/science/article/pii/S092753711630029X","https://scholar.google.com/scholar?cites=4647153582295254220&as_sdt=2005&sciodt=0,5&hl=en",247,"2022-08-15 21:28:05","","","","",,,,,25,4.17,8,3,6,"… the weekly benefit amount. In the estimation sample, the average weekly benefit amount is … infer from UI claim duration, which measures only the duration of insured unemployment. If …","https://www.upjohn.org/sites/default/files/inline-files/lachowska-meral-woodbury-appam-2015.pdf","https://scholar.google.com/scholar?q=related:zIRkuY8BfkAJ:scholar.google.com/&scioq=duration+%22standard+error%22%7C%22standard+errors%22%7Cpbd%7C%22benefit+duration%22%7Cwba%7C%22weekly+benefit+amount%22%7C%22replacement+rate%22+%22unemployment+insurance%22&hl=en&as_sdt=0,5"
5,"M Lachowska, W Vroman…","ExpEriEncE rating and thE dynamics of financing UnEmploymEnt insUrancE",2020,"National Tax …","journals.uchicago.edu","https://www.journals.uchicago.edu/doi/abs/10.17310/ntj.2020.3.03","https://scholar.google.com/scholar?cites=7042858950942234504&as_sdt=2005&sciodt=0,5&hl=en",381,"2022-08-15 21:28:05","","10.17310/ntj.2020.3.03","","",,,,,5,2.50,2,3,2,"… an indexed tax base in the middle of the period we use to estimate VARs (Rhode Island and … , 2016), we plot bootstrapped one standard error confidence bands. Each graph in Figure 2 …","","https://scholar.google.com/scholar?q=related:iJcXtuZCvWEJ:scholar.google.com/&scioq=duration+%22standard+error%22%7C%22standard+errors%22%7Cpbd%7C%22benefit+duration%22%7Cwba%7C%22weekly+benefit+amount%22%7C%22replacement+rate%22+%22unemployment+insurance%22&hl=en&as_sdt=0,5"
0,"M Lefebvre, A Simon","The impact of a European unemployment benefit scheme on labour supply and income distribution",2022,"","repec.org","http://repec.org/frsug2022/France22_Simon2.pdf","",986,"2022-08-15 21:28:05","PDF","","","",,,,,0,0.00,0,2,1,"… of a European unemployment insurance scheme (EMU-UI) on … and the duration of unemployment insurance benefits, an … such as benefit duration and replacement rate could also …","http://repec.org/frsug2022/France22_Simon2.pdf",""
37,"M Michaelides, E Poe-Yamagata, J Benus…","Impact of the Reemployment and Eligibility Assessment (REA) initiative in Nevada",2012,"IMPAQ …","wdr.doleta.gov","http://wdr.doleta.gov/research/fulltext_documents/etaop_2012_08_rea_nevada_follow_up_report.pdf","https://scholar.google.com/scholar?cites=3292444693266662969&as_sdt=2005&sciodt=0,5&hl=en",849,"2022-08-15 21:28:05","PDF","","","",,,,,37,3.70,9,4,10,"… Exhibit 3 presents UI benefit amount and duration eligibility for … with an average $300 weekly benefit amount. The distribution … the control group with standard error in brackets (statistical …","http://wdr.doleta.gov/research/fulltext_documents/etaop_2012_08_rea_nevada_follow_up_report.pdf","https://scholar.google.com/scholar?q=related:OYbHIAEdsS0J:scholar.google.com/&scioq=duration+%22standard+error%22%7C%22standard+errors%22%7Cpbd%7C%22benefit+duration%22%7Cwba%7C%22weekly+benefit+amount%22%7C%22replacement+rate%22+%22unemployment+insurance%22&hl=en&as_sdt=0,5"
7,"M Morand","Unemployment Insurance and Short-Time Compensation",1990,"Unemployment Insurance: The Second Half-Century","books.google.com","https://books.google.com/books?hl=en&lr=&id=o-eYST4plrcC&oi=fnd&pg=PA302&dq=duration+%22standard+error%22%7C%22standard+errors%22%7Cpbd%7C%22benefit+duration%22%7Cwba%7C%22weekly+benefit+amount%22%7C%22replacement+rate%22+%22unemployment+insurance%22&ots=DiS4AqB2dJ&sig=axQOn3HwDbOeuvAENzzXNJjNY6s","https://scholar.google.com/scholar?cites=1037700922581327448&as_sdt=2005&sciodt=0,5&hl=en",903,"2022-08-15 21:28:05","","","","",,,,,7,0.22,7,1,32,"… States commonly limit the length of time that individuals can draw benefits, most commonly … regular computed weekly benefit amount (WBA). The percentage of the WBA paid is based …","","https://scholar.google.com/scholar?q=related:WB6OuX2nZg4J:scholar.google.com/&scioq=duration+%22standard+error%22%7C%22standard+errors%22%7Cpbd%7C%22benefit+duration%22%7Cwba%7C%22weekly+benefit+amount%22%7C%22replacement+rate%22+%22unemployment+insurance%22&hl=en&as_sdt=0,5"
138,"M Nakajima","A quantitative analysis of unemployment benefit extensions",2012,"Journal of Monetary Economics","Elsevier","https://www.sciencedirect.com/science/article/pii/S0304393212000943","https://scholar.google.com/scholar?cites=17232557500641475904&as_sdt=2005&sciodt=0,5&hl=en",464,"2022-08-15 21:28:05","","","","",,,,,138,13.80,138,1,10,"… series of extensions of unemployment insurance (UI) benefits … , compared with the regular duration of 26 weeks. While these … replacement rate is the sum of the mean replacement rate of …","https://citeseerx.ist.psu.edu/viewdoc/download?doi=10.1.1.231.6869&rep=rep1&type=pdf","https://scholar.google.com/scholar?q=related:QH06rb5XJu8J:scholar.google.com/&scioq=duration+%22standard+error%22%7C%22standard+errors%22%7Cpbd%7C%22benefit+duration%22%7Cwba%7C%22weekly+benefit+amount%22%7C%22replacement+rate%22+%22unemployment+insurance%22&hl=en&as_sdt=0,5"
89,"M Nakajima","Business cycles in the equilibrium model of labor market search and self‐insurance",2012,"International Economic Review","Wiley Online Library","https://onlinelibrary.wiley.com/doi/abs/10.1111/j.1468-2354.2012.00686.x","https://scholar.google.com/scholar?cites=10413231410645985849&as_sdt=2005&sciodt=0,5&hl=en",811,"2022-08-15 21:28:05","","10.1111/j.1468-2354.2012.00686.x","","",,,,,89,8.90,89,1,10,"… with a reasonably low replacement rate for unemployment insurance benefits of 64%, … t t denotes the per capita balance of the unemployment insurance program in period t and …","https://core.ac.uk/download/pdf/6238500.pdf","https://scholar.google.com/scholar?q=related:OWp-28s6g5AJ:scholar.google.com/&scioq=duration+%22standard+error%22%7C%22standard+errors%22%7Cpbd%7C%22benefit+duration%22%7Cwba%7C%22weekly+benefit+amount%22%7C%22replacement+rate%22+%22unemployment+insurance%22&hl=en&as_sdt=0,5"
16,"M Neugart","Unemployment insurance: The role of electoral systems and regional labour markets",2005,"European Journal of Political Economy","Elsevier","https://www.sciencedirect.com/science/article/pii/S0176268005000170","https://scholar.google.com/scholar?cites=15168078917149338415&as_sdt=2005&sciodt=0,5&hl=en",936,"2022-08-15 21:28:05","","","","",,,,,16,0.94,16,1,17,"… , that unemployment insurance systems are … replacement rate that differs from the policy of party B. With the first order condition ∂p A,2 /∂f A = 0, we obtain the optimal replacement rate …","https://www.diw.de/documents/dokumentenarchiv/17/41400/Paper-067.pdf","https://scholar.google.com/scholar?q=related:LyvHRWnXf9IJ:scholar.google.com/&scioq=duration+%22standard+error%22%7C%22standard+errors%22%7Cpbd%7C%22benefit+duration%22%7Cwba%7C%22weekly+benefit+amount%22%7C%22replacement+rate%22+%22unemployment+insurance%22&hl=en&as_sdt=0,5"
78,"M Pellizzari","Unemployment duration and the interactions between unemployment insurance and social assistance",2006,"Labour Economics","Elsevier","https://www.sciencedirect.com/science/article/pii/S0927537105000746","https://scholar.google.com/scholar?cites=5712842917570939984&as_sdt=2005&sciodt=0,5&hl=en",160,"2022-08-15 21:28:05","","","","",,,,,78,4.88,78,1,16,"… However, since the variables of interest – UI replacement rate and duration of UI entitlement – have been imputed only on the basis of the countries' regulations, endogeneity could only …","https://ams-forschungsnetzwerk.at/downloadpub/Pellizzari_Michele272_2004.pdf","https://scholar.google.com/scholar?q=related:UAxsl10YSE8J:scholar.google.com/&scioq=duration+%22standard+error%22%7C%22standard+errors%22%7Cpbd%7C%22benefit+duration%22%7Cwba%7C%22weekly+benefit+amount%22%7C%22replacement+rate%22+%22unemployment+insurance%22&hl=en&as_sdt=0,5"
1,"M Pellizzari","Unemployment Insurance and Social Assistance: interactions and the need for joint policy design",2002,"Centre for Economic Performance, London School of …","frdb.org","https://www.frdb.org/wp-content/uploads/2020/07/pellizzari.pdf","https://scholar.google.com/scholar?cites=8836920737819344870&as_sdt=2005&sciodt=0,5&hl=en",665,"2022-08-15 21:28:05","PDF","","","",,,,,1,0.05,1,1,20,"… For the entire sample the effect of the UB replacement rate varies with duration: positive in the first months and negative afterwards. This time-varying effect is one of the reasons why …","https://www.frdb.org/wp-content/uploads/2020/07/pellizzari.pdf","https://scholar.google.com/scholar?q=related:5j8BTpcMo3oJ:scholar.google.com/&scioq=duration+%22standard+error%22%7C%22standard+errors%22%7Cpbd%7C%22benefit+duration%22%7Cwba%7C%22weekly+benefit+amount%22%7C%22replacement+rate%22+%22unemployment+insurance%22&hl=en&as_sdt=0,5"
50,"M Pfeifer","Comparing unemployment protection and social assistance in 14 European countries. Four worlds of protection for people of working age",2012,"International Journal of Social Welfare","Wiley Online Library","https://onlinelibrary.wiley.com/doi/abs/10.1111/j.1468-2397.2010.00765.x","https://scholar.google.com/scholar?cites=6489424347908426392&as_sdt=2005&sciodt=0,5&hl=en",622,"2022-08-15 21:28:05","","10.1111/j.1468-2397.2010.00765.x","","",,,,,50,5.00,50,1,10,"… of the UI replacement rate and the duration of the UI benefit, to which the product of UA … unemployment insurance and assistance benefits, taking replacement rates and benefit duration …","","https://scholar.google.com/scholar?q=related:mEra3Q8RD1oJ:scholar.google.com/&scioq=duration+%22standard+error%22%7C%22standard+errors%22%7Cpbd%7C%22benefit+duration%22%7Cwba%7C%22weekly+benefit+amount%22%7C%22replacement+rate%22+%22unemployment+insurance%22&hl=en&as_sdt=0,5"
39,"M Seeleib‐Kaiser","The development of social assistance and unemployment insurance in Germany and Japan",1995,"Social policy & administration","Wiley Online Library","https://onlinelibrary.wiley.com/doi/abs/10.1111/j.1467-9515.1995.tb00469.x","https://scholar.google.com/scholar?cites=17449002471155971265&as_sdt=2005&sciodt=0,5&hl=en",356,"2022-08-15 21:28:05","","10.1111/j.1467-9515.1995.tb00469.x","","",,,,,39,1.44,39,1,27,"… , and to increase the benefit duration period for older workers (… period of benefit duration is determined by the period of insured employment and the worker’s age, but maximum duration …","","https://scholar.google.com/scholar?q=related:wTQqekxPJ_IJ:scholar.google.com/&scioq=duration+%22standard+error%22%7C%22standard+errors%22%7Cpbd%7C%22benefit+duration%22%7Cwba%7C%22weekly+benefit+amount%22%7C%22replacement+rate%22+%22unemployment+insurance%22&hl=en&as_sdt=0,5"
92,"M Seeleib‐Kaiser","The end of the conservative German welfare state model",2016,"Social Policy & Administration","Wiley Online Library","https://onlinelibrary.wiley.com/doi/abs/10.1111/spol.12212","https://scholar.google.com/scholar?cites=2033655487511672893&as_sdt=2005&sciodt=0,5&hl=en",432,"2022-08-15 21:28:05","","10.1111/spol.12212","","",,,,,92,15.33,92,1,6,"… perspective Germany did not have a very generous unemployment insurance scheme regarding benefit duration, as the maximum duration was significantly longer in Denmark, France …","","https://scholar.google.com/scholar?q=related:PTioIOT-OBwJ:scholar.google.com/&scioq=duration+%22standard+error%22%7C%22standard+errors%22%7Cpbd%7C%22benefit+duration%22%7Cwba%7C%22weekly+benefit+amount%22%7C%22replacement+rate%22+%22unemployment+insurance%22&hl=en&as_sdt=0,5"
1,"M Taslimi","Optimal earnings-related unemployment benefits",2003,"","econstor.eu","https://www.econstor.eu/handle/10419/82714","https://scholar.google.com/scholar?cites=15235233183825083215&as_sdt=2005&sciodt=0,5&hl=en",723,"2022-08-15 21:28:05","","","","",,,,,1,0.05,1,1,19,"… Existing unemployment insurance systems in many OECD … The result is lower replacement rate for employees with … the duration of unemployment, the impact of benefit duration …","https://www.econstor.eu/bitstream/10419/82714/1/wp2003-016.pdf","https://scholar.google.com/scholar?q=related:TzsjaNxrbtMJ:scholar.google.com/&scioq=duration+%22standard+error%22%7C%22standard+errors%22%7Cpbd%7C%22benefit+duration%22%7Cwba%7C%22weekly+benefit+amount%22%7C%22replacement+rate%22+%22unemployment+insurance%22&hl=en&as_sdt=0,5"
11,"M Van Audenrode, AA Fournier, N Havet…","Employment Insurance in Canada and international comparisons",2005,"Groupe D'Analyse, study …","hec.ca","http://web.hec.ca/scse/articles/Fournier.pdf","https://scholar.google.com/scholar?cites=1868201365404401928&as_sdt=2005&sciodt=0,5&hl=en",785,"2022-08-15 21:28:05","PDF","","","",,,,,11,0.65,3,4,17,"… the various unemployment insurance programs implemented in the … strict qualifying period, but also the shortest benefit duration. … and benefit duration: the longer the qualifying period of …","http://web.hec.ca/scse/articles/Fournier.pdf","https://scholar.google.com/scholar?q=related:CEHUYT4v7RkJ:scholar.google.com/&scioq=duration+%22standard+error%22%7C%22standard+errors%22%7Cpbd%7C%22benefit+duration%22%7Cwba%7C%22weekly+benefit+amount%22%7C%22replacement+rate%22+%22unemployment+insurance%22&hl=en&as_sdt=0,5"
34,"M Vodopivec","Introducing unemployment insurance to developing countries",2009,"","econstor.eu","https://www.econstor.eu/handle/10419/91785","https://scholar.google.com/scholar?cites=6800575953424107024&as_sdt=2005&sciodt=0,5&hl=en",82,"2022-08-15 21:28:05","","","","",,,,,34,2.62,34,1,13,"… terms of the replacement rate and potential benefit duration; (iv) … Greece, with a net replacement rate of just over 10 percent, … in the replacement rate and the entitlement duration, a better …","https://www.econstor.eu/bitstream/10419/91785/1/pp6.pdf","https://scholar.google.com/scholar?q=related:EEboc8x_YF4J:scholar.google.com/&scioq=duration+%22standard+error%22%7C%22standard+errors%22%7Cpbd%7C%22benefit+duration%22%7Cwba%7C%22weekly+benefit+amount%22%7C%22replacement+rate%22+%22unemployment+insurance%22&hl=en&as_sdt=0,5"
54,"M Vodopivec","Introducing unemployment insurance to developing countries",2013,"IZA journal of labor policy","izajolp.springeropen.com","https://izajolp.springeropen.com/articles/10.1186/2193-9004-2-1","https://scholar.google.com/scholar?cites=5862325959116852323&as_sdt=2005&sciodt=0,5&hl=en",183,"2022-08-15 21:28:05","HTML","10.1186/2193-9004-2-1","","",,,,,54,6.00,54,1,9,"… Estimates of elasticity of unemployment duration with respect to potential benefit duration also vary substantially, but are in general lower than benefit level elasticity. Earlier studies, …","https://izajolp.springeropen.com/articles/10.1186/2193-9004-2-1","https://scholar.google.com/scholar?q=related:Ywy2XmYqW1EJ:scholar.google.com/&scioq=duration+%22standard+error%22%7C%22standard+errors%22%7Cpbd%7C%22benefit+duration%22%7Cwba%7C%22weekly+benefit+amount%22%7C%22replacement+rate%22+%22unemployment+insurance%22&hl=en&as_sdt=0,5"
49,"M Vodopivec","Unemployment insurance and duration of unemployment: evidence from Slovenia's transition",1995,"","books.google.com","https://books.google.com/books?hl=en&lr=&id=4Rs6ApkQbwMC&oi=fnd&pg=PA1&dq=duration+%22standard+error%22%7C%22standard+errors%22%7Cpbd%7C%22benefit+duration%22%7Cwba%7C%22weekly+benefit+amount%22%7C%22replacement+rate%22+%22unemployment+insurance%22&ots=EJIzIAvVrD&sig=bRFuvGpLPERfP-YnzLXhMr9Pr3I","https://scholar.google.com/scholar?cites=5875979056640489324&as_sdt=2005&sciodt=0,5&hl=en",207,"2022-08-15 21:28:05","BOOK","","","",,,,,49,1.81,49,1,27,"… of this study, there was also a change in the unemployment insurance law. … the duration of their benefits reduced (previously, their replacement rate was 80 percent, and the duration of …","https://books.google.com/books?hl=en&lr=&id=4Rs6ApkQbwMC&oi=fnd&pg=PA1&dq=duration+%22standard+error%22%7C%22standard+errors%22%7Cpbd%7C%22benefit+duration%22%7Cwba%7C%22weekly+benefit+amount%22%7C%22replacement+rate%22+%22unemployment+insurance%22&ots=EJIzIAvVrD&sig=bRFuvGpLPERfP-YnzLXhMr9Pr3I","https://scholar.google.com/scholar?q=related:bPew2tGri1EJ:scholar.google.com/&scioq=duration+%22standard+error%22%7C%22standard+errors%22%7Cpbd%7C%22benefit+duration%22%7Cwba%7C%22weekly+benefit+amount%22%7C%22replacement+rate%22+%22unemployment+insurance%22&hl=en&as_sdt=0,5"
22,"M Vodopivec","How viable are unemployment insurance savings accounts? Simulation results for Slovenia",2010,"Comparative Economic Studies","Springer","https://link.springer.com/article/10.1057/ces.2009.18","https://scholar.google.com/scholar?cites=18261139966610483922&as_sdt=2005&sciodt=0,5&hl=en",305,"2022-08-15 21:28:05","","10.1057/ces.2009.18","","",,,,,22,1.83,22,1,12,"… First, our simulations of even the modest system assume a higher replacement rate and … of benefits as under UISA (60% replacement rate, the maximum duration of benefits of 6 months, …","https://www.econstor.eu/bitstream/10419/34918/1/564785148.pdf","https://scholar.google.com/scholar?q=related:0qqBRwyabP0J:scholar.google.com/&scioq=duration+%22standard+error%22%7C%22standard+errors%22%7Cpbd%7C%22benefit+duration%22%7Cwba%7C%22weekly+benefit+amount%22%7C%22replacement+rate%22+%22unemployment+insurance%22&hl=en&as_sdt=0,5"
2,"M Vodopivec","Unemployment Insurance: Efficiency Effects and Lessons for Developing Countries",2004,"","openknowledge.worldbank.org","https://openknowledge.worldbank.org/handle/10986/11809","https://scholar.google.com/scholar?cites=8402505949518404881&as_sdt=2005&sciodt=0,5&hl=en",642,"2022-08-15 21:28:05","","","","",,,,,2,0.11,2,1,18,"… relates the duration of unemployment to the potential duration of benefits). … replacement rate, the unemployment duration increases by six per cent, or one week at the average duration …","https://openknowledge.worldbank.org/bitstream/handle/10986/11809/301340EPPNote5.pdf?sequence=1","https://scholar.google.com/scholar?q=related:EZ0miKSym3QJ:scholar.google.com/&scioq=duration+%22standard+error%22%7C%22standard+errors%22%7Cpbd%7C%22benefit+duration%22%7Cwba%7C%22weekly+benefit+amount%22%7C%22replacement+rate%22+%22unemployment+insurance%22&hl=en&as_sdt=0,5"
65,"M Vodopivec, A Wörgötter, D Raju","Unemployment benefit systems in Central and Eastern Europe: A review of the 1990s",2005,"Comparative Economic Studies","Springer","https://link.springer.com/article/10.1057/palgrave.ces.8100062","https://scholar.google.com/scholar?cites=13551909004629779928&as_sdt=2005&sciodt=0,5&hl=en",759,"2022-08-15 21:28:05","","10.1057/palgrave.ces.8100062","","",,,,,65,3.82,22,3,17,"… Replacement rate of unemployment insurance payments, transition economies, early and late 1990s Average replacement rate … unemployment insurance is paid only for a finite period …","https://www.researchgate.net/profile/Andreas-Woergoetter/publication/5218954_Unemployment_Benefit_Systems_in_Central_and_Eastern_Europe_A_Review_of_the_1990s1/links/0fcfd5074ab22a2c8b000000/Unemployment-Benefit-Systems-in-Central-and-Eastern-Europe-A-Review-of-the-1990s1.pdf","https://scholar.google.com/scholar?q=related:2CVgSXANErwJ:scholar.google.com/&scioq=duration+%22standard+error%22%7C%22standard+errors%22%7Cpbd%7C%22benefit+duration%22%7Cwba%7C%22weekly+benefit+amount%22%7C%22replacement+rate%22+%22unemployment+insurance%22&hl=en&as_sdt=0,5"
48,"M Vodopivec, MH Tong","China: Inproving Unemployment Insurance",2008,"","core.ac.uk","https://core.ac.uk/download/pdf/6314214.pdf","https://scholar.google.com/scholar?cites=10218820843663721204&as_sdt=2005&sciodt=0,5&hl=en",14,"2022-08-15 21:28:05","BOOK","","","",,,,,48,3.43,24,2,14,"… In terms of benefit duration, the maximum benefit period in … the maximum potential benefit duration from the levels … benefits recipients by potential benefit duration groups are presented …","https://core.ac.uk/download/pdf/6314214.pdf","https://scholar.google.com/scholar?q=related:9ALvaWqL0I0J:scholar.google.com/&scioq=duration+%22standard+error%22%7C%22standard+errors%22%7Cpbd%7C%22benefit+duration%22%7Cwba%7C%22weekly+benefit+amount%22%7C%22replacement+rate%22+%22unemployment+insurance%22&hl=en&as_sdt=0,5"
4,"M Vodopivec, S Laporsek, P Dolenc, M Vodopivec","The effect of unemployment benefit generosity on unemployment duration: Quasi-experimental evidence from Slovenia",2015,"","papers.ssrn.com","https://papers.ssrn.com/sol3/papers.cfm?abstract_id=2708361","https://scholar.google.com/scholar?cites=742191529962849389&as_sdt=2005&sciodt=0,5&hl=en",212,"2022-08-15 21:28:05","","","","",,,,,4,0.57,1,4,7,"… that increasing the replacement rate significantly decreased the … replacement rate being 0.7 to 0.9. The results also show that the increase of the unemployment benefit replacement rate …","https://www.econstor.eu/bitstream/10419/126636/1/dp9548.pdf","https://scholar.google.com/scholar?q=related:bUS9okPLTAoJ:scholar.google.com/&scioq=duration+%22standard+error%22%7C%22standard+errors%22%7Cpbd%7C%22benefit+duration%22%7Cwba%7C%22weekly+benefit+amount%22%7C%22replacement+rate%22+%22unemployment+insurance%22&hl=en&as_sdt=0,5"
13,"M Vodopivec, T Rejec","How viable is the system of unemployment insurance savings accounts: simulation results for Estonia",2001,"Unpublished manuscript, World Bank Human …","umar.gov.si","http://www.umar.gov.si/fileadmin/user_upload/konference/06/18_milan.pdf","https://scholar.google.com/scholar?cites=11909568481891995917&as_sdt=2005&sciodt=0,5&hl=en",744,"2022-08-15 21:28:05","PDF","","","",,,,,13,0.62,7,2,21,"… in the paper we expand this period to obtain lifetime working histories for … unemployment insurance in Estonia. Assuming a 3 percent contribution rate and a 60 percent replacement rate…","http://www.umar.gov.si/fileadmin/user_upload/konference/06/18_milan.pdf","https://scholar.google.com/scholar?q=related:DVFcR29JR6UJ:scholar.google.com/&scioq=duration+%22standard+error%22%7C%22standard+errors%22%7Cpbd%7C%22benefit+duration%22%7Cwba%7C%22weekly+benefit+amount%22%7C%22replacement+rate%22+%22unemployment+insurance%22&hl=en&as_sdt=0,5"
4,"M Vodopivec, T Rejec","Unemployment insurance savings accounts: Simulation results for Estonia",2001,"World Bank. Verfügbar unter: http://wbln0018 …","Citeseer","http://citeseerx.ist.psu.edu/viewdoc/download?doi=10.1.1.198.187&rep=rep1&type=pdf","https://scholar.google.com/scholar?cites=14508703791764956884&as_sdt=2005&sciodt=0,5&hl=en",960,"2022-08-15 21:28:05","PDF","","","",,,,,4,0.19,2,2,21,"… Unemployment Insurance law which is offers more generous benefits: the replacement rate … flat level for most workers), and the potential duration is 6 to 12 months (currently 6months, …","http://citeseerx.ist.psu.edu/viewdoc/download?doi=10.1.1.198.187&rep=rep1&type=pdf","https://scholar.google.com/scholar?q=related:1GaDazpFWckJ:scholar.google.com/&scioq=duration+%22standard+error%22%7C%22standard+errors%22%7Cpbd%7C%22benefit+duration%22%7Cwba%7C%22weekly+benefit+amount%22%7C%22replacement+rate%22+%22unemployment+insurance%22&hl=en&as_sdt=0,5"
2,"M Von Buxhoeveden","Unemployment insurance and youth labor market entry",2019,"","econstor.eu","https://www.econstor.eu/handle/10419/201476","https://scholar.google.com/scholar?cites=8176107118538745036&as_sdt=2005&sciodt=0,5&hl=en",938,"2022-08-15 21:28:05","","","","",,,,,2,0.67,2,1,3,"… paper estimates the effects of unemployment insurance (UI) … creates potentially exogenous variation in time to treatment. I … Standard errors are clustered by person since the same spell …","https://www.econstor.eu/bitstream/10419/201476/1/1667799444.pdf","https://scholar.google.com/scholar?q=related:zGQL_hped3EJ:scholar.google.com/&scioq=duration+%22standard+error%22%7C%22standard+errors%22%7Cpbd%7C%22benefit+duration%22%7Cwba%7C%22weekly+benefit+amount%22%7C%22replacement+rate%22+%22unemployment+insurance%22&hl=en&as_sdt=0,5"
7,"M Webb, A Sweetman, C Warman","How targeted is targeted tax relief? Evidence from the unemployment insurance youth hires program",2014,"","ageconsearch.umn.edu","https://ageconsearch.umn.edu/record/274618/","https://scholar.google.com/scholar?cites=13473409610186713164&as_sdt=2005&sciodt=0,5&hl=en",737,"2022-08-15 21:28:05","","","","",,,,,7,0.88,2,3,8,"… a period of slack labour demand.Neumark (2013) discusses the economics of these schemes at length, so … Standard errors are clustered on the individual’s birth year since we view the …","https://ageconsearch.umn.edu/record/274618/files/qed_wp_1298.pdf","https://scholar.google.com/scholar?q=related:TGiDwKcq-7oJ:scholar.google.com/&scioq=duration+%22standard+error%22%7C%22standard+errors%22%7Cpbd%7C%22benefit+duration%22%7Cwba%7C%22weekly+benefit+amount%22%7C%22replacement+rate%22+%22unemployment+insurance%22&hl=en&as_sdt=0,5"
131,"M Wulfgramm","Life satisfaction effects of unemployment in Europe: The moderating influence of labour market policy",2014,"Journal of European Social Policy","journals.sagepub.com","https://journals.sagepub.com/doi/abs/10.1177/0958928714525817","https://scholar.google.com/scholar?cites=1920597984104996026&as_sdt=2005&sciodt=0,5&hl=en",973,"2022-08-15 21:28:05","","10.1177/0958928714525817","","",,,,,131,16.38,131,1,8,"… Generous unemployment insurance schemes have been … effects estimations with clustered standard errors are applied in this … changes in policies over time within countries have similar …","https://www.researchgate.net/profile/Melike-Wulfgramm/publication/273795075_Life_Satisfaction_Effects_of_Unemployment_in_Europe_The_Moderating_Influence_of_Labour_Market_Policy/links/57fcd05708aed4ab46fe5a9d/Life-Satisfaction-Effects-of-Unemployment-in-Europe-The-Moderating-Influence-of-Labour-Market-Policy.pdf","https://scholar.google.com/scholar?q=related:utzo1rBVpxoJ:scholar.google.com/&scioq=duration+%22standard+error%22%7C%22standard+errors%22%7Cpbd%7C%22benefit+duration%22%7Cwba%7C%22weekly+benefit+amount%22%7C%22replacement+rate%22+%22unemployment+insurance%22&hl=en&as_sdt=0,5"
9,"M Wörz","Unemployment compensation in Germany: Provisions and Institutional Changes since the 1980s",2011,"","econstor.eu","https://www.econstor.eu/handle/10419/56790","https://scholar.google.com/scholar?cites=5890090915980765274&as_sdt=2005&sciodt=0,5&hl=en",563,"2022-08-15 21:28:05","","","","",,,,,9,0.82,9,1,11,"… unemployment insurance system. The paper goes on to show how insurance coverage, benefit generosity (in terms of amount and duration … tion payment duration to benefit duration: 3 …","https://www.econstor.eu/bitstream/10419/56790/1/689920636.pdf","https://scholar.google.com/scholar?q=related:WujJJXvOvVEJ:scholar.google.com/&scioq=duration+%22standard+error%22%7C%22standard+errors%22%7Cpbd%7C%22benefit+duration%22%7Cwba%7C%22weekly+benefit+amount%22%7C%22replacement+rate%22+%22unemployment+insurance%22&hl=en&as_sdt=0,5"
1,"M Wörz","Unemployment Compensation in Germany",2011,"Order","Citeseer","http://citeseerx.ist.psu.edu/viewdoc/download?doi=10.1.1.392.3777&rep=rep1&type=pdf","https://scholar.google.com/scholar?cites=12622908485686798068&as_sdt=2005&sciodt=0,5&hl=en",664,"2022-08-15 21:28:05","PDF","","","",,,,,1,0.09,1,1,11,"… unemployment insurance system. The paper goes on to show how insurance coverage, benefit generosity (in terms of amount and duration … tion payment duration to benefit duration: 3 …","http://citeseerx.ist.psu.edu/viewdoc/download?doi=10.1.1.392.3777&rep=rep1&type=pdf","https://scholar.google.com/scholar?q=related:9CaggWOULa8J:scholar.google.com/&scioq=duration+%22standard+error%22%7C%22standard+errors%22%7Cpbd%7C%22benefit+duration%22%7Cwba%7C%22weekly+benefit+amount%22%7C%22replacement+rate%22+%22unemployment+insurance%22&hl=en&as_sdt=0,5"
38,"M Zhang, M Faig","Labor market cycles, unemployment insurance eligibility, and moral hazard",2012,"Review of Economic Dynamics","Elsevier","https://www.sciencedirect.com/science/article/pii/S1094202511000391","https://scholar.google.com/scholar?cites=16736109076647699279&as_sdt=2005&sciodt=0,5&hl=en",639,"2022-08-15 21:28:05","","","","",,,,,38,3.80,19,2,10,"… in the replacement rate to raise the average duration of unemployment by one week,9 but to leave the separation rate unchanged.Finally, we target the extra elasticity of duration of …","http://econen.shufe.edu.cn/_upload/article/files/2c/39/2ff23feb43138d73116619e81899/d78ad916-f2b3-4df1-97be-8291cd8c5cb2.pdf","https://scholar.google.com/scholar?q=related:T-PGk4iaQugJ:scholar.google.com/&scioq=duration+%22standard+error%22%7C%22standard+errors%22%7Cpbd%7C%22benefit+duration%22%7Cwba%7C%22weekly+benefit+amount%22%7C%22replacement+rate%22+%22unemployment+insurance%22&hl=en&as_sdt=0,5"
4,"M Ziegler","Efforts to improve estimates of State and local unemployment",1977,"Monthly Lab. Rev.","HeinOnline","https://heinonline.org/hol-cgi-bin/get_pdf.cgi?handle=hein.journals/month100&section=171","https://scholar.google.com/scholar?cites=152634480278172256&as_sdt=2005&sciodt=0,5&hl=en",752,"2022-08-15 21:28:05","","","","",,,,,4,0.09,4,1,45,"… First, we examine the Unemployment Insurance data base, the starting point for the monthly … Benefit duration is based on the amount of earnings in the base period in all but eight States. …","","https://scholar.google.com/scholar?q=related:YPJ0SUBEHgIJ:scholar.google.com/&scioq=duration+%22standard+error%22%7C%22standard+errors%22%7Cpbd%7C%22benefit+duration%22%7Cwba%7C%22weekly+benefit+amount%22%7C%22replacement+rate%22+%22unemployment+insurance%22&hl=en&as_sdt=0,5"
7,"M von Buxhoeveden","Partial and general equilibrium effects of unemployment insurance",2019,"","ifau.se","https://www.ifau.se/en/Research/Publications/Dissertation-series/2019/partial-and-general-equilibrium-effects-of-unemployment-insurance/","https://scholar.google.com/scholar?cites=17775659328720817800&as_sdt=2005&sciodt=0,5&hl=en",163,"2022-08-15 21:28:05","","","","",,,,,7,2.33,7,1,3,"… In the United States, unemployment insurance (UI) benefit duration was extended from the … Benefit duration, unemployment duration and job match quality: a regression-discontinuity …","https://www.ifau.se/globalassets/pdf/se/2019/dis2019-03-partial-and-general-equilibrium-effect-of-unemployment-insurance.pdf","https://scholar.google.com/scholar?q=related:iE7D4PrTr_YJ:scholar.google.com/&scioq=duration+%22standard+error%22%7C%22standard+errors%22%7Cpbd%7C%22benefit+duration%22%7Cwba%7C%22weekly+benefit+amount%22%7C%22replacement+rate%22+%22unemployment+insurance%22&hl=en&as_sdt=0,5"
0,"MA Allgrunn, SA Woodbury","Unemployment Insurance and Unemployment Duration: A Reexamination",,"","","","",762,"2022-08-15 21:28:05","CITATION","","","",,,,,0,0.00,0,2,,"","","https://scholar.google.com/scholar?q=related:BKU54rCV5FkJ:scholar.google.com/&scioq=duration+%22standard+error%22%7C%22standard+errors%22%7Cpbd%7C%22benefit+duration%22%7Cwba%7C%22weekly+benefit+amount%22%7C%22replacement+rate%22+%22unemployment+insurance%22&hl=en&as_sdt=0,5"
9,"MC Berger, DA Black, A Chandra…","Profiling Workers for Unemployment Insurance in Kentucky",1997,"Journal of Applied …","search.proquest.com","https://search.proquest.com/openview/84a8936fb7d3a15143bbca6af14b587f/1?pq-origsite=gscholar&cbl=30942","https://scholar.google.com/scholar?cites=3040380162380344613&as_sdt=2005&sciodt=0,5&hl=en",507,"2022-08-15 21:28:05","","","","",,,,,9,0.36,2,4,25,"… Studies on unemployment insurance has also inspired … In addition, because we are concerned with the length of … are monotonic increases in the weekly beneﬁt amount, months of job …","","https://scholar.google.com/scholar?q=related:JS3TKKaZMSoJ:scholar.google.com/&scioq=duration+%22standard+error%22%7C%22standard+errors%22%7Cpbd%7C%22benefit+duration%22%7Cwba%7C%22weekly+benefit+amount%22%7C%22replacement+rate%22+%22unemployment+insurance%22&hl=en&as_sdt=0,5"
139,"MC Foley","Determinants of unemployment duration in Russia",1997,"","deepblue.lib.umich.edu","https://deepblue.lib.umich.edu/handle/2027.42/39471","https://scholar.google.com/scholar?cites=16797168380469235625&as_sdt=2005&sciodt=0,5&hl=en",694,"2022-08-15 21:28:05","","","","",,,,,139,5.56,139,1,25,"… replacement rate. While conclusions as to the effect of unemployment insurance on duration can inform policy decisions, the situation in Russia during its early reform period precludes …","https://deepblue.lib.umich.edu/bitstream/handle/2027.42/39471/wp81.pdf?sequence=3","https://scholar.google.com/scholar?q=related:qc9KlqWHG-kJ:scholar.google.com/&scioq=duration+%22standard+error%22%7C%22standard+errors%22%7Cpbd%7C%22benefit+duration%22%7Cwba%7C%22weekly+benefit+amount%22%7C%22replacement+rate%22+%22unemployment+insurance%22&hl=en&as_sdt=0,5"
7,"MC Simms, D Kuehn","Unemployment insurance during a recession",2008,"Recession and Recovery","urban.org","https://www.urban.org/sites/default/files/publication/32241/411808-Unemployment-Insurance-during-a-Recession.PDF","https://scholar.google.com/scholar?cites=1603754237808807507&as_sdt=2005&sciodt=0,5&hl=en",534,"2022-08-15 21:28:05","PDF","","","",,,,,7,0.50,4,2,14,"… The average weekly benefit amount has risen faster than … Legislation like the Unemployment Insurance Modernization … workers who are seeking part-time work and to those who leave …","https://www.urban.org/sites/default/files/publication/32241/411808-Unemployment-Insurance-during-a-Recession.PDF","https://scholar.google.com/scholar?q=related:Uw6fc_utQRYJ:scholar.google.com/&scioq=duration+%22standard+error%22%7C%22standard+errors%22%7Cpbd%7C%22benefit+duration%22%7Cwba%7C%22weekly+benefit+amount%22%7C%22replacement+rate%22+%22unemployment+insurance%22&hl=en&as_sdt=0,5"
4,"ME Fishman, M Farrell, KN Gardiner, B Barnow…","Unemployment Insurance Non-Monetary Policies and Practices: How Do They Affect Program Participation?",2003,"A Study of","webharvest.gov","http://webharvest.gov/peth04/20041102190837/http://www.doleta.gov/reports/papers/DOL-UI_Final_Report3.pdf","https://scholar.google.com/scholar?cites=408010693747411890&as_sdt=2005&sciodt=0,5&hl=en",328,"2022-08-15 21:28:05","PDF","","","",,,,,4,0.21,1,5,19,"… for UI, as well as their weekly benefit amount (WBA). We found substantial variation across the … , it would be interesting to compare benefit duration post-ERI to duration pre-ERI, holding …","http://webharvest.gov/peth04/20041102190837/http://www.doleta.gov/reports/papers/DOL-UI_Final_Report3.pdf","https://scholar.google.com/scholar?q=related:sgtgcZCLqQUJ:scholar.google.com/&scioq=duration+%22standard+error%22%7C%22standard+errors%22%7Cpbd%7C%22benefit+duration%22%7Cwba%7C%22weekly+benefit+amount%22%7C%22replacement+rate%22+%22unemployment+insurance%22&hl=en&as_sdt=0,5"
55,"MG Casado, B Glennon, J Lane, D McQuown, D Rich…","The aggregate effects of fiscal stimulus: Evidence from the Covid-19 unemployment supplement",2020,"","nber.org","https://www.nber.org/papers/w27576","https://scholar.google.com/scholar?cites=9465379161180697122&as_sdt=2005&sciodt=0,5&hl=en",324,"2022-08-15 21:28:05","","","","",,,,,55,27.50,9,6,2,"… Our main specifications include two-way county and time fixed effects, but we also explore a … $600 FPUC unemployment insurance supplement to $300 reduced the replacement rate by …","https://www.nber.org/system/files/working_papers/w27576/w27576.pdf","https://scholar.google.com/scholar?q=related:InKPhjLIW4MJ:scholar.google.com/&scioq=duration+%22standard+error%22%7C%22standard+errors%22%7Cpbd%7C%22benefit+duration%22%7Cwba%7C%22weekly+benefit+amount%22%7C%22replacement+rate%22+%22unemployment+insurance%22&hl=en&as_sdt=0,5"
61,"MG Kirdar","Estimating the impact of immigrants on the host country social security system when return migration is an endogenous choice",2012,"International Economic Review","Wiley Online Library","https://onlinelibrary.wiley.com/doi/abs/10.1111/j.1468-2354.2012.00688.x","https://scholar.google.com/scholar?cites=15451974869559429410&as_sdt=2005&sciodt=0,5&hl=en",918,"2022-08-15 21:28:05","","10.1111/j.1468-2354.2012.00688.x","","",,,,,61,6.10,61,1,10,"… pension insurance and unemployment insurance systems when … period t, I assume that the replacement rate is applied to the average of expected net earnings at all periods until period …","https://mpra.ub.uni-muenchen.de/7803/1/MPRA_paper_7803.pdf","https://scholar.google.com/scholar?q=related:IklamkZxcNYJ:scholar.google.com/&scioq=duration+%22standard+error%22%7C%22standard+errors%22%7Cpbd%7C%22benefit+duration%22%7Cwba%7C%22weekly+benefit+amount%22%7C%22replacement+rate%22+%22unemployment+insurance%22&hl=en&as_sdt=0,5"
3,"MJ Notowidigdo","Does the Moral Hazard Cost of Unemployment Insurance Vary With the Local Unemployment Rate? Theory and Evidence",2010,"","Citeseer","http://citeseerx.ist.psu.edu/viewdoc/download?doi=10.1.1.406.1025&rep=rep1&type=pdf","https://scholar.google.com/scholar?cites=14393115077127042457&as_sdt=2005&sciodt=0,5&hl=en",304,"2022-08-15 21:28:05","PDF","","","",,,,,3,0.25,3,1,12,"… states over time and interact the effect of benefits on duration with the … First, we focus on benefit level, not potential benefit duration, … across states is the unemployment insurance agency.…","http://citeseerx.ist.psu.edu/viewdoc/download?doi=10.1.1.406.1025&rep=rep1&type=pdf","https://scholar.google.com/scholar?q=related:mfV5l-edvscJ:scholar.google.com/&scioq=duration+%22standard+error%22%7C%22standard+errors%22%7Cpbd%7C%22benefit+duration%22%7Cwba%7C%22weekly+benefit+amount%22%7C%22replacement+rate%22+%22unemployment+insurance%22&hl=en&as_sdt=0,5"
15,"MM Hauser, P Burrows","The Economics of Unemployment Insurance",2018,"","taylorfrancis.com","https://www.taylorfrancis.com/books/mono/10.4324/9780429423086/economics-unemployment-insurance-mark-hauser-paul-burrows","https://scholar.google.com/scholar?cites=3768748947837620668&as_sdt=2005&sciodt=0,5&hl=en",889,"2022-08-15 21:28:05","BOOK","10.4324/9780429423086","","",,,,,15,3.75,8,2,4,"… to the present Unemployment Insurance scheme since the writing of … Unemployment Insurance today. In Chapter II we turn to a number of questions relating to Unemployment Insurance …","","https://scholar.google.com/scholar?q=related:vBF9SzNJTTQJ:scholar.google.com/&scioq=duration+%22standard+error%22%7C%22standard+errors%22%7Cpbd%7C%22benefit+duration%22%7Cwba%7C%22weekly+benefit+amount%22%7C%22replacement+rate%22+%22unemployment+insurance%22&hl=en&as_sdt=0,5"
714,"MN Baily","Some aspects of optimal unemployment insurance",1978,"Journal of public Economics","Elsevier","https://www.sciencedirect.com/science/article/pii/0047272778900531","https://scholar.google.com/scholar?cites=13492076194397450398&as_sdt=2005&sciodt=0,5&hl=en",925,"2022-08-15 21:28:05","","","","",,,,,714,16.23,714,1,44,"… -period model will be used in which workers start out being employed in the first period and … 181n 1975 the average weekly benefit amount paid out by state UI services was about $70, …","https://core.ac.uk/download/pdf/208228156.pdf","https://scholar.google.com/scholar?q=related:nnCQkdB7PbsJ:scholar.google.com/&scioq=duration+%22standard+error%22%7C%22standard+errors%22%7Cpbd%7C%22benefit+duration%22%7Cwba%7C%22weekly+benefit+amount%22%7C%22replacement+rate%22+%22unemployment+insurance%22&hl=en&as_sdt=0,5"
10,"MS Feldstein","The Unemployment Caused by Unemployment Insurance",1975,"… Research Association Series: Proceedings of the …","lerachapters.org","http://lerachapters.org/OJS/ojs-2.4.4-1/index.php/PFL/article/download/705/701#page=237","https://scholar.google.com/scholar?cites=10324411895277990423&as_sdt=2005&sciodt=0,5&hl=en",630,"2022-08-15 21:28:05","PDF","","","",,,,,10,0.21,10,1,47,"… the replacement rate. A more accurate description is that … unemployment insurance focus on the prolonged duration of job search, I believe that the effect on the frequency and duration …","http://lerachapters.org/OJS/ojs-2.4.4-1/index.php/PFL/article/download/705/701#page=237","https://scholar.google.com/scholar?q=related:F7Lc7OqtR48J:scholar.google.com/&scioq=duration+%22standard+error%22%7C%22standard+errors%22%7Cpbd%7C%22benefit+duration%22%7Cwba%7C%22weekly+benefit+amount%22%7C%22replacement+rate%22+%22unemployment+insurance%22&hl=en&as_sdt=0,5"
26,"MS Rutledge","The impact of Unemployment Insurance extensions on Disability Insurance application and allowance rates",2011,"Boston College Center for Retirement Research …","papers.ssrn.com","https://papers.ssrn.com/sol3/papers.cfm?abstract_id=1956008","https://scholar.google.com/scholar?cites=10701342202312144530&as_sdt=2005&sciodt=0,5&hl=en",389,"2022-08-15 21:28:05","","","","",,,,,26,2.36,26,1,11,"… period. As there are 13 weeks in a quarter, the replacement rate, or the ratio of the weekly benefit amount to … , is roughly 50 percent, though the replacement rate is less than one-half for …","https://dlib.bc.edu/islandora/object/bc-ir:104836/datastream/PDF/download/citation.pdf","https://scholar.google.com/scholar?q=related:kja27AjOgpQJ:scholar.google.com/&scioq=duration+%22standard+error%22%7C%22standard+errors%22%7Cpbd%7C%22benefit+duration%22%7Cwba%7C%22weekly+benefit+amount%22%7C%22replacement+rate%22+%22unemployment+insurance%22&hl=en&as_sdt=0,5"
26,"MT Gonzalo","A new look at the UI effect on transitions from unemployment into wage employment in Spain: the limited duration of the UI benefits entitlement",2002,"Applied Economics","Taylor & Francis","https://www.tandfonline.com/doi/abs/10.1080/00036840210148067","https://scholar.google.com/scholar?cites=3846372356245484431&as_sdt=2005&sciodt=0,5&hl=en",792,"2022-08-15 21:28:05","","10.1080/00036840210148067","","",,,,,26,1.30,26,1,20,"… the study of the unemployment insurance effect on the transition … wage as the unemployment insurance benefit entitlement … a vacancy decreases with time spent in unemployment, …","","https://scholar.google.com/scholar?q=related:j_Pkb0cPYTUJ:scholar.google.com/&scioq=duration+%22standard+error%22%7C%22standard+errors%22%7Cpbd%7C%22benefit+duration%22%7Cwba%7C%22weekly+benefit+amount%22%7C%22replacement+rate%22+%22unemployment+insurance%22&hl=en&as_sdt=0,5"
56,"MT Kiley","How should unemployment benefits respond to the business cycle?",2003,"Available at SSRN 387200","papers.ssrn.com","https://papers.ssrn.com/sol3/papers.cfm?abstract_id=387200","https://scholar.google.com/scholar?cites=17483979630603630118&as_sdt=2005&sciodt=0,5&hl=en",479,"2022-08-15 21:28:05","","","","",,,,,56,2.95,56,1,19,"… The nature of such responses in an optimal unemployment insurance program is analyzed … changed if a replacement rate near 35 percent is chosen. The maximum duration of benefit …","https://www.federalreserve.gov/Pubs/FEDS/2003/200301/200301pap.pdf","https://scholar.google.com/scholar?q=related:JnZLBteSo_IJ:scholar.google.com/&scioq=duration+%22standard+error%22%7C%22standard+errors%22%7Cpbd%7C%22benefit+duration%22%7Cwba%7C%22weekly+benefit+amount%22%7C%22replacement+rate%22+%22unemployment+insurance%22&hl=en&as_sdt=0,5"
17,"MW Otoo","Temporary employment and the natural rate of unemployment",1999,"Available at SSRN 209028","papers.ssrn.com","https://papers.ssrn.com/sol3/papers.cfm?abstract_id=209028","https://scholar.google.com/scholar?cites=16227357945911147870&as_sdt=2005&sciodt=0,5&hl=en",908,"2022-08-15 21:28:05","","","","",,,,,17,0.74,17,1,23,"… The results also indicate that unemployment insurance benefits … Using a combination of cross section and time series data, I find … The results are shown below with the standard errors in …","https://www.federalreserve.gov/PUBS/FEDS/1999/199966/199966pap.pdf","https://scholar.google.com/scholar?q=related:Xn0lWRMoM-EJ:scholar.google.com/&scioq=duration+%22standard+error%22%7C%22standard+errors%22%7Cpbd%7C%22benefit+duration%22%7Cwba%7C%22weekly+benefit+amount%22%7C%22replacement+rate%22+%22unemployment+insurance%22&hl=en&as_sdt=0,5"
67,"N Chetty","Consumption commitments, risk preferences, and optimal unemployment insurance",2003,"","search.proquest.com","https://search.proquest.com/openview/f42fd6fbef86f1b4acc6878b41431672/1?pq-origsite=gscholar&cbl=18750&diss=y","https://scholar.google.com/scholar?cites=10478319736415358009&as_sdt=2005&sciodt=0,5&hl=en",907,"2022-08-15 21:28:05","BOOK","","","",,,,,67,3.53,67,1,19,"… Higher levels of risk aversion obviously increase the optimal replacement rate. … I show that differences in unemployment insurance laws across states and time create the needed …","http://citeseerx.ist.psu.edu/viewdoc/download?doi=10.1.1.199.1595&rep=rep1&type=pdf","https://scholar.google.com/scholar?q=related:OYwApEh4apEJ:scholar.google.com/&scioq=duration+%22standard+error%22%7C%22standard+errors%22%7Cpbd%7C%22benefit+duration%22%7Cwba%7C%22weekly+benefit+amount%22%7C%22replacement+rate%22+%22unemployment+insurance%22&hl=en&as_sdt=0,5"
19,"N De Groot, B Van der Klaauw","The effects of reducing the entitlement period to unemployment insurance benefits",2019,"Labour Economics","Elsevier","https://www.sciencedirect.com/science/article/pii/S0927537119300107","https://scholar.google.com/scholar?cites=11448734215203193728&as_sdt=2005&sciodt=0,5&hl=en",243,"2022-08-15 21:28:05","","","","",,,,,19,6.33,10,2,3,"… Third, the replacement rate in the first two months of both short term and long term UI is now 75% of the last wage and afterwards 70% (both capped at the same maximum). Fourth, the …","","https://scholar.google.com/scholar?q=related:gAMMWRwT4p4J:scholar.google.com/&scioq=duration+%22standard+error%22%7C%22standard+errors%22%7Cpbd%7C%22benefit+duration%22%7Cwba%7C%22weekly+benefit+amount%22%7C%22replacement+rate%22+%22unemployment+insurance%22&hl=en&as_sdt=0,5"
24,"N De Groot, B van der Klaauw","The effects of reducing the entitlement period to unemployment insurance benefits",2014,"","papers.ssrn.com","https://papers.ssrn.com/sol3/papers.cfm?abstract_id=2475304","https://scholar.google.com/scholar?cites=7965015021721285194&as_sdt=2005&sciodt=0,5&hl=en",405,"2022-08-15 21:28:05","","","","",,,,,24,3.00,12,2,8,"… Until 2006, the entitlement period to unemployment insurance (UI… 70% of their last earned gross wage during this period. … Benefit duration, unemployment duration and job match quality: …","https://www.econstor.eu/bitstream/10419/101937/1/dp8336.pdf","https://scholar.google.com/scholar?q=related:SvJYOPZqiW4J:scholar.google.com/&scioq=duration+%22standard+error%22%7C%22standard+errors%22%7Cpbd%7C%22benefit+duration%22%7Cwba%7C%22weekly+benefit+amount%22%7C%22replacement+rate%22+%22unemployment+insurance%22&hl=en&as_sdt=0,5"
54,"N Edling","Limited universalism: unemployment insurance in Northern Europe 1900–2000",2006,"The Nordic Model of Welfare: A Historical Reappraisal","books.google.com","https://books.google.com/books?hl=en&lr=&id=kVzzZwDqNIsC&oi=fnd&pg=PA99&dq=duration+%22standard+error%22%7C%22standard+errors%22%7Cpbd%7C%22benefit+duration%22%7Cwba%7C%22weekly+benefit+amount%22%7C%22replacement+rate%22+%22unemployment+insurance%22&ots=cCDePgqgq0&sig=ePbjfiqfUZxaEI7rB1KKS1gko6s","https://scholar.google.com/scholar?cites=3526367146193049992&as_sdt=2005&sciodt=0,5&hl=en",417,"2022-08-15 21:28:05","","","","",,,,,54,3.38,54,1,16,"… In Denmark, the benefit duration period was extended to a maximum of two and a half years in the early 1970s followed by the removal of the waiting days a few years later, and from …","","https://scholar.google.com/scholar?q=related:iNlxaDws8DAJ:scholar.google.com/&scioq=duration+%22standard+error%22%7C%22standard+errors%22%7Cpbd%7C%22benefit+duration%22%7Cwba%7C%22weekly+benefit+amount%22%7C%22replacement+rate%22+%22unemployment+insurance%22&hl=en&as_sdt=0,5"
136,"N Hendren","Knowledge of future job loss and implications for unemployment insurance",2017,"American Economic Review","aeaweb.org","https://www.aeaweb.org/articles?id=10.1257/aer.20151655","https://scholar.google.com/scholar?cites=14381547224192134690&as_sdt=2005&sciodt=0,5&hl=en",884,"2022-08-15 21:28:05","","","","",,,,,136,27.20,136,1,5,"… up to a 50 percent replacement rate for workers in some industries and … full time in the previous wave and (ii) is currently working full time. … All standard errors are clustered by household. …","https://www.nber.org/system/files/working_papers/w21819/w21819.pdf","https://scholar.google.com/scholar?q=related:Ii568gCFlccJ:scholar.google.com/&scioq=duration+%22standard+error%22%7C%22standard+errors%22%7Cpbd%7C%22benefit+duration%22%7Cwba%7C%22weekly+benefit+amount%22%7C%22replacement+rate%22+%22unemployment+insurance%22&hl=en&as_sdt=0,5"
21,"N Lawson","Fiscal externalities and optimal unemployment insurance",2017,"American Economic Journal: Economic Policy","aeaweb.org","https://www.aeaweb.org/articles?id=10.1257/pol.20140396","https://scholar.google.com/scholar?cites=7453780511174397091&as_sdt=2005&sciodt=0,5&hl=en",127,"2022-08-15 21:28:05","","","","",,,,,21,4.20,21,1,5,"… (UI) literature is that the optimal replacement rate is around 50 … the optimal replacement rate is zero when fiscal externalities are … I allow for stochastic duration of unemployment, and …","","https://scholar.google.com/scholar?q=related:o4xHEuIlcWcJ:scholar.google.com/&scioq=duration+%22standard+error%22%7C%22standard+errors%22%7Cpbd%7C%22benefit+duration%22%7Cwba%7C%22weekly+benefit+amount%22%7C%22replacement+rate%22+%22unemployment+insurance%22&hl=en&as_sdt=0,5"
14,"N Lawson","Fiscal externalities and optimal unemployment insurance",2014,"Available at SSRN 2585059","papers.ssrn.com","https://papers.ssrn.com/sol3/papers.cfm?abstract_id=2585059","https://scholar.google.com/scholar?cites=15246781237114034962&as_sdt=2005&sciodt=0,5&hl=en",215,"2022-08-15 21:28:05","","","","",,,,,14,1.75,14,1,8,"… literature is that the optimal replacement rate is around 50%; however, … , I find that the optimal replacement rate is zero when fiscal … replacement rate applies to a real-world finite-duration …","https://halshs.archives-ouvertes.fr/docs/00/90/78/07/PDF/WP_2013_-_Nr_57.pdf","https://scholar.google.com/scholar?q=related:EttFFsFyl9MJ:scholar.google.com/&scioq=duration+%22standard+error%22%7C%22standard+errors%22%7Cpbd%7C%22benefit+duration%22%7Cwba%7C%22weekly+benefit+amount%22%7C%22replacement+rate%22+%22unemployment+insurance%22&hl=en&as_sdt=0,5"
124,"N Pavoni","Optimal unemployment insurance, with human capital depreciation, and duration dependence",2009,"International Economic Review","Wiley Online Library","https://onlinelibrary.wiley.com/doi/abs/10.1111/j.1468-2354.2009.00532.x","https://scholar.google.com/scholar?cites=15203672586938280256&as_sdt=2005&sciodt=0,5&hl=en",298,"2022-08-15 21:28:05","","10.1111/j.1468-2354.2009.00532.x","","",,,,,124,9.54,124,1,13,"This article introduces the possibility of a deterioration in job opportunities during unemployment into the standard optimal unemployment insurance (UI) design framework and …","https://discovery.ucl.ac.uk/id/eprint/2512/1/2512.pdf","https://scholar.google.com/scholar?q=related:QOnMUapL_tIJ:scholar.google.com/&scioq=duration+%22standard+error%22%7C%22standard+errors%22%7Cpbd%7C%22benefit+duration%22%7Cwba%7C%22weekly+benefit+amount%22%7C%22replacement+rate%22+%22unemployment+insurance%22&hl=en&as_sdt=0,5"
14,"N Petrosky-Nadeau","Reservation Benefits: Assessing job acceptance impacts of increased UI payments",2020,"","frbsf.org","https://www.frbsf.org/economic-research/wp-content/uploads/sites/4/wp2020-28.pdf","https://scholar.google.com/scholar?cites=6628518023338567253&as_sdt=2005&sciodt=0,5&hl=en",726,"2022-08-15 21:28:05","PDF","","","",,,,,14,7.00,14,1,2,"… duration of the employment spell – longer lasting jobs have a greater value and are rejected only for commensurately generous unemployment insurance (… 1) is a replacement rate set to …","https://www.frbsf.org/economic-research/wp-content/uploads/sites/4/wp2020-28.pdf","https://scholar.google.com/scholar?q=related:VaZe2AU6_VsJ:scholar.google.com/&scioq=duration+%22standard+error%22%7C%22standard+errors%22%7Cpbd%7C%22benefit+duration%22%7Cwba%7C%22weekly+benefit+amount%22%7C%22replacement+rate%22+%22unemployment+insurance%22&hl=en&as_sdt=0,5"
6,"N Roy, E Tsoa, WE Schrank, L Mazany","Unemployment insurance and the length of the fishing season",1992,"IIFET 1992 proceedings","ucs.mun.ca","http://www.ucs.mun.ca/~noelroy/PARIS.pdf","https://scholar.google.com/scholar?cites=11790708666872827879&as_sdt=2005&sciodt=0,5&hl=en",956,"2022-08-15 21:28:05","PDF","","","",,,,,6,0.20,2,4,30,"… Since in this sample the replacement rate r is 0.6 and the maximum benefit period Bmax is 27, we can estimate the parameters 2 and through ordinary least squares. Values of $i …","http://www.ucs.mun.ca/~noelroy/PARIS.pdf","https://scholar.google.com/scholar?q=related:5w8TCxADoaMJ:scholar.google.com/&scioq=duration+%22standard+error%22%7C%22standard+errors%22%7Cpbd%7C%22benefit+duration%22%7Cwba%7C%22weekly+benefit+amount%22%7C%22replacement+rate%22+%22unemployment+insurance%22&hl=en&as_sdt=0,5"
190,"N Tefft","Insights on unemployment, unemployment insurance, and mental health",2011,"Journal of Health Economics","Elsevier","https://www.sciencedirect.com/science/article/pii/S0167629611000129","https://scholar.google.com/scholar?cites=9074230904223374637&as_sdt=2005&sciodt=0,5&hl=en",73,"2022-08-15 21:28:05","","","","",,,,,190,17.27,190,1,11,"… a prolonged period of unemployment insurance may increase … the prospect of receiving unemployment insurance benefits). … extended the federal unemployment benefit duration 20 to its …","","https://scholar.google.com/scholar?q=related:LR0bGO4k7n0J:scholar.google.com/&scioq=duration+%22standard+error%22%7C%22standard+errors%22%7Cpbd%7C%22benefit+duration%22%7Cwba%7C%22weekly+benefit+amount%22%7C%22replacement+rate%22+%22unemployment+insurance%22&hl=en&as_sdt=0,5"
0,"N uf Slutes, J Atı","State Unemployment Insurance Legislation",2002,"","search.proquest.com","https://search.proquest.com/openview/c6d46249a8a3bf0692b5a0ea1a586d3b/1?pq-origsite=gscholar&cbl=1818498","",738,"2022-08-15 21:28:05","","","","",,,,,0,0.00,0,2,20,"… Thirty-two States amended their laws to raise the maklmum baslc weekly benefit amount by … that the weekly benefit amount should be 50 percent of the individual's full-time weekly wage …","",""
8,"NM Kiefer, GR Neumann","The effect of alternative partial benefits formulas on beneficiary part-time work behavior",1979,"","books.google.com","https://books.google.com/books?hl=en&lr=&id=N96yd7nhJzcC&oi=fnd&pg=PA1&dq=duration+%22standard+error%22%7C%22standard+errors%22%7Cpbd%7C%22benefit+duration%22%7Cwba%7C%22weekly+benefit+amount%22%7C%22replacement+rate%22+%22unemployment+insurance%22&ots=v_JK63pPTn&sig=8JSJ6jwVQA6TYEoaFXT6JI-5gXw","https://scholar.google.com/scholar?cites=8348892690023878666&as_sdt=2005&sciodt=0,5&hl=en",472,"2022-08-15 21:28:05","BOOK","","","",,,,,8,0.19,4,2,43,"… -time earnings among unemployment insurance recipients. The gains to concealing parttime … wba of the clainant periorms 20 serrice :or a working period of 32 hours or more ia a week. …","https://books.google.com/books?hl=en&lr=&id=N96yd7nhJzcC&oi=fnd&pg=PA1&dq=duration+%22standard+error%22%7C%22standard+errors%22%7Cpbd%7C%22benefit+duration%22%7Cwba%7C%22weekly+benefit+amount%22%7C%22replacement+rate%22+%22unemployment+insurance%22&ots=v_JK63pPTn&sig=8JSJ6jwVQA6TYEoaFXT6JI-5gXw","https://scholar.google.com/scholar?q=related:CpC60Ko53XMJ:scholar.google.com/&scioq=duration+%22standard+error%22%7C%22standard+errors%22%7Cpbd%7C%22benefit+duration%22%7Cwba%7C%22weekly+benefit+amount%22%7C%22replacement+rate%22+%22unemployment+insurance%22&hl=en&as_sdt=0,5"
0,"NS Falch","Three essays on unemployment insurance",2015,"","duo.uio.no","https://www.duo.uio.no/bitstream/handle/10852/53697/1/Thesis-Nina-Skrove-Falch.pdf","",501,"2022-08-15 21:28:05","PDF","","","",,,,,0,0.00,0,1,7,"… in PBD reduces the duration until … unemployment insurance replacement rate and job durations This chapter investigates the effect of the unemployment insurance (UI) replacement rate …","https://www.duo.uio.no/bitstream/handle/10852/53697/1/Thesis-Nina-Skrove-Falch.pdf","https://scholar.google.com/scholar?q=related:EqqrSFjRVX8J:scholar.google.com/&scioq=duration+%22standard+error%22%7C%22standard+errors%22%7Cpbd%7C%22benefit+duration%22%7Cwba%7C%22weekly+benefit+amount%22%7C%22replacement+rate%22+%22unemployment+insurance%22&hl=en&as_sdt=0,5"
7,"O Ashenfelter, D Ashmore, O Deschenes","Do unemployment insurance recipients actively seek work",1999,"Randomized Trials in Four …","core.ac.uk","https://core.ac.uk/download/pdf/6785099.pdf","https://scholar.google.com/scholar?cites=9277150633776149973&as_sdt=2005&sciodt=0,5&hl=en",520,"2022-08-15 21:28:05","PDF","","","",,,,,7,0.30,2,3,23,"… Total benefits and average weekly benefits, both of which are determined by total claim duration and by the weekly benefit amount (WBA), should be affected by the two components of …","https://core.ac.uk/download/pdf/6785099.pdf","https://scholar.google.com/scholar?q=related:1XUEVlkPv4AJ:scholar.google.com/&scioq=duration+%22standard+error%22%7C%22standard+errors%22%7Cpbd%7C%22benefit+duration%22%7Cwba%7C%22weekly+benefit+amount%22%7C%22replacement+rate%22+%22unemployment+insurance%22&hl=en&as_sdt=0,5"
251,"O Ashenfelter, D Ashmore, O Deschênes","Do unemployment insurance recipients actively seek work? Evidence from randomized trials in four US States",2005,"Journal of econometrics","Elsevier","https://www.sciencedirect.com/science/article/pii/S0304407604000740","https://scholar.google.com/scholar?cites=15620158267653063836&as_sdt=2005&sciodt=0,5&hl=en",144,"2022-08-15 21:28:05","","","","",,,,,251,14.76,84,3,17,"… duration. We report the average weekly benefits received, total benefits received and … duration. Note that the average weekly benefit received can differ from the weekly benefit amount …","https://www.nber.org/system/files/working_papers/w6982/w6982.pdf","https://scholar.google.com/scholar?q=related:nITXbi_zxdgJ:scholar.google.com/&scioq=duration+%22standard+error%22%7C%22standard+errors%22%7Cpbd%7C%22benefit+duration%22%7Cwba%7C%22weekly+benefit+amount%22%7C%22replacement+rate%22+%22unemployment+insurance%22&hl=en&as_sdt=0,5"
2,"O Baguelin","Dismissals scheduling and the employment of older workers",2016,"Economics Bulletin","hal.archives-ouvertes.fr","https://hal.archives-ouvertes.fr/hal-02541388/","https://scholar.google.com/scholar?cites=14866203335082306093&as_sdt=2005&sciodt=0,5&hl=en",689,"2022-08-15 21:28:05","","","","",,,,,2,0.33,2,1,6,"… Unemployment insurance is described with a wage replacement rate γU ∈ [0; 1], and a potential benefit duration λ … previous wage and paid for indefinite duration. The pension system is …","https://hal.archives-ouvertes.fr/hal-02541388/document","https://scholar.google.com/scholar?q=related:LepOMitdT84J:scholar.google.com/&scioq=duration+%22standard+error%22%7C%22standard+errors%22%7Cpbd%7C%22benefit+duration%22%7Cwba%7C%22weekly+benefit+amount%22%7C%22replacement+rate%22+%22unemployment+insurance%22&hl=en&as_sdt=0,5"
27,"O Baguelin, D Remillon","Unemployment insurance and management of the older workforce in a dual labor market: Evidence from France",2014,"Labour Economics","Elsevier","https://www.sciencedirect.com/science/article/pii/S0927537114000463","https://scholar.google.com/scholar?cites=8391631953071558200&as_sdt=2005&sciodt=0,5&hl=en",19,"2022-08-15 21:28:05","","","","",,,,,27,3.38,14,2,8,"… Potential benefit duration (PBD) depends on the worker's previous work history and … PBD is quite long compared to many other countries: the maximum benefit duration over the period …","http://lemma.u-paris2.fr/sites/default/files/concoursMCF/Baguelin.pdf","https://scholar.google.com/scholar?q=related:OM6l8MwQdXQJ:scholar.google.com/&scioq=duration+%22standard+error%22%7C%22standard+errors%22%7Cpbd%7C%22benefit+duration%22%7Cwba%7C%22weekly+benefit+amount%22%7C%22replacement+rate%22+%22unemployment+insurance%22&hl=en&as_sdt=0,5"
0,"O Baguelin, D Remillon","Unemployment Insurance and Older Workforce Management in a Dual Labor Market: Evidence from France",,"","","","",727,"2022-08-15 21:28:05","CITATION","","","",,,,,0,0.00,0,2,,"","","https://scholar.google.com/scholar?q=related:NkKoUs0OF3EJ:scholar.google.com/&scioq=duration+%22standard+error%22%7C%22standard+errors%22%7Cpbd%7C%22benefit+duration%22%7Cwba%7C%22weekly+benefit+amount%22%7C%22replacement+rate%22+%22unemployment+insurance%22&hl=en&as_sdt=0,5"
3152,"O Blanchard, J Wolfers","The role of shocks and institutions in the rise of European unemployment: the aggregate evidence",2000,"The Economic Journal","academic.oup.com","https://academic.oup.com/ej/article-abstract/110/462/C1/5139992","https://scholar.google.com/scholar?cites=5524609036338094916&as_sdt=2005&sciodt=0,5&hl=en",668,"2022-08-15 21:28:05","","","","",,,,,3152,143.27,1576,2,22,"… 7a gives the evolution of this measure of the replacement rate, for each 5-year period, … unemployment insurance, or there may be a stigma attached to being unemployed. After a period …","https://api.taylorfrancis.com/content/books/oa-mono/download?identifierName=doi&identifierValue=10.4324/9780203329580&type=webpdf#page=34","https://scholar.google.com/scholar?q=related:RGPY3aVaq0wJ:scholar.google.com/&scioq=duration+%22standard+error%22%7C%22standard+errors%22%7Cpbd%7C%22benefit+duration%22%7Cwba%7C%22weekly+benefit+amount%22%7C%22replacement+rate%22+%22unemployment+insurance%22&hl=en&as_sdt=0,5"
477,"O Bover, M Arellano, S Bentolila","Unemployment duration, benefit duration and the business cycle",2002,"The Economic Journal","academic.oup.com","https://academic.oup.com/ej/article-abstract/112/479/223/5085453","https://scholar.google.com/scholar?cites=17968782244952782612&as_sdt=2005&sciodt=0,5&hl=en",7,"2022-08-15 21:28:05","","","","",,,,,477,23.85,159,3,20,"… and the remaining ones on benefit duration rules. Both types of rules, however, depend on the type of benefits received. Eligibility to unemployment insurance depends only on tenure in …","https://repositorio.bde.es/bitstream/123456789/7335/1/azul57e.pdf","https://scholar.google.com/scholar?q=related:FLfBxD_wXfkJ:scholar.google.com/&scioq=duration+%22standard+error%22%7C%22standard+errors%22%7Cpbd%7C%22benefit+duration%22%7Cwba%7C%22weekly+benefit+amount%22%7C%22replacement+rate%22+%22unemployment+insurance%22&hl=en&as_sdt=0,5"
14,"O Setty","Unemployment insurance and unemployment accounts: the best of both worlds",2017,"Journal of the European Economic Association","academic.oup.com","https://academic.oup.com/jeea/article-abstract/15/6/1302/3066107","https://scholar.google.com/scholar?cites=10390428212465230866&as_sdt=2005&sciodt=0,5&hl=en",334,"2022-08-15 21:28:05","","","","",,,,,14,2.80,14,1,5,"… replacement rate, as in unemployment insurance. I call this policy unemployment insurance … This high replacement rate can be provided for a long duration because, as we will see, it is …","http://www.tau.ac.il/~ofers/UIA_paper.pdf","https://scholar.google.com/scholar?q=related:EuQvjGg3MpAJ:scholar.google.com/&scioq=duration+%22standard+error%22%7C%22standard+errors%22%7Cpbd%7C%22benefit+duration%22%7Cwba%7C%22weekly+benefit+amount%22%7C%22replacement+rate%22+%22unemployment+insurance%22&hl=en&as_sdt=0,5"
2,"O Setty","Unemployment accounts",2018,"","agris.fao.org","https://agris.fao.org/agris-search/search.do?recordID=US2022218688","https://scholar.google.com/scholar?cites=15751489830247218291&as_sdt=2005&sciodt=0,5&hl=en",537,"2022-08-15 21:28:05","","","","",,,,,2,0.50,2,1,4,"… as an alternative to the Unemployment Insurance (UI) system. The … tax and provides benefits for a limited duration. I build an … UI is modeled as a choice of a replacement rate, and a time …","","https://scholar.google.com/scholar?q=related:czwQr4uImNoJ:scholar.google.com/&scioq=duration+%22standard+error%22%7C%22standard+errors%22%7Cpbd%7C%22benefit+duration%22%7Cwba%7C%22weekly+benefit+amount%22%7C%22replacement+rate%22+%22unemployment+insurance%22&hl=en&as_sdt=0,5"
13,"O Setty, Y Yedid-Levi","On the provision of unemployment insurance when workers are ex-ante heterogeneous",2021,"Journal of the European Economic …","academic.oup.com","https://academic.oup.com/jeea/article-abstract/19/1/664/5843481","https://scholar.google.com/scholar?cites=10241022896122963695&as_sdt=2005&sciodt=0,5&hl=en",319,"2022-08-15 21:28:05","","","","",,,,,13,13.00,7,2,1,"… the optimal replacement rate and the maximum benefit for an unemployment insurance (UI) … , hence in the fifth row of Table 1, we report the values that correspond to the model period of …","https://econ.tau.ac.il/sites/economy.tau.ac.il/files/media_server/Economics/foerder/papers/papers%202019/12-2019%20Ofer%20Setty%20Yaniv%20Yedid-Levi.pdf","https://scholar.google.com/scholar?q=related:7yYNlBBsH44J:scholar.google.com/&scioq=duration+%22standard+error%22%7C%22standard+errors%22%7Cpbd%7C%22benefit+duration%22%7Cwba%7C%22weekly+benefit+amount%22%7C%22replacement+rate%22+%22unemployment+insurance%22&hl=en&as_sdt=0,5"
81,"O Sjöberg","Sweden: ambivalent adjustment",2011,"Regulating the risk of unemployment: National …","books.google.com","https://books.google.com/books?hl=en&lr=&id=ioVpAgAAQBAJ&oi=fnd&pg=PA208&dq=duration+%22standard+error%22%7C%22standard+errors%22%7Cpbd%7C%22benefit+duration%22%7Cwba%7C%22weekly+benefit+amount%22%7C%22replacement+rate%22+%22unemployment+insurance%22&ots=FUn4A26Mt6&sig=nLq5MKvGVzw_YtSkrDsELCBQqvI","https://scholar.google.com/scholar?cites=16825488582852104440&as_sdt=2005&sciodt=0,5&hl=en",527,"2022-08-15 21:28:05","","","","",,,,,81,7.36,81,1,11,"… work condition that stipulates the length and intensity of work … of an unemployment insurance fund for a certain period to be … replacement rate was between 73 per cent during this period…","","https://scholar.google.com/scholar?q=related:-FBKibgkgOkJ:scholar.google.com/&scioq=duration+%22standard+error%22%7C%22standard+errors%22%7Cpbd%7C%22benefit+duration%22%7Cwba%7C%22weekly+benefit+amount%22%7C%22replacement+rate%22+%22unemployment+insurance%22&hl=en&as_sdt=0,5"
134,"O Sjöberg","Social insurance as a collective resource: unemployment benefits, job insecurity and subjective well-being in a comparative perspective",2010,"Social Forces","academic.oup.com","https://academic.oup.com/sf/article-abstract/88/3/1281/1936384","https://scholar.google.com/scholar?cites=3580999116120281084&as_sdt=2005&sciodt=0,5&hl=en",712,"2022-08-15 21:28:05","","","","",,,,,134,11.17,134,1,12,"… that publicly provided unemployment insurance is enhancing … replacement rate, benefit duration and average expenditure. … were introduced one at a time while controlling for individual-…","https://www.kent.ac.uk/scarr/events/beijingpapers/SjobergPpr.pdf","https://scholar.google.com/scholar?q=related:_E9WIblDsjEJ:scholar.google.com/&scioq=duration+%22standard+error%22%7C%22standard+errors%22%7Cpbd%7C%22benefit+duration%22%7Cwba%7C%22weekly+benefit+amount%22%7C%22replacement+rate%22+%22unemployment+insurance%22&hl=en&as_sdt=0,5"
43,"O Sjöberg","Unemployment and unemployment benefits in the OECD 1960–1990–an empirical test of neo-classical economic theory",2000,"Work, Employment and Society","cambridge.org","https://www.cambridge.org/core/journals/work-employment-and-society/article/unemployment-and-unemployment-benefits-in-the-oecd-19601990-an-empirical-test-of-neoclassical-economic-theory/20EE42A6F9C8A55BF3641C49DC235E1B","https://scholar.google.com/scholar?cites=2285895745643913514&as_sdt=2005&sciodt=0,5&hl=en",858,"2022-08-15 21:28:05","","","","",,,,,43,1.95,43,1,22,"… Generous unemployment insurance benefits can also raise … the average net replacement rate, the average duration of … 1981–83, the average replacement rate in our sample of countries …","","https://scholar.google.com/scholar?q=related:KqGuyBEiuR8J:scholar.google.com/&scioq=duration+%22standard+error%22%7C%22standard+errors%22%7Cpbd%7C%22benefit+duration%22%7Cwba%7C%22weekly+benefit+amount%22%7C%22replacement+rate%22+%22unemployment+insurance%22&hl=en&as_sdt=0,5"
5,"P Anderson","Linear adjustment costs and seasonal labor demand: Unemployment insurance experience rating in retail trade",1992,"","Citeseer","https://citeseerx.ist.psu.edu/viewdoc/download?doi=10.1.1.17.9588&rep=rep1&type=pdf","https://scholar.google.com/scholar?cites=11406783351519785185&as_sdt=2005&sciodt=0,5&hl=en",660,"2022-08-15 21:28:05","PDF","","","",,,,,5,0.17,5,1,30,"… li ty of UI receipt, replacement rate and expected duration, this … WLS or White corrected standard errors with a large number … the realizati on that the standard errors are s light ly biased. …","https://citeseerx.ist.psu.edu/viewdoc/download?doi=10.1.1.17.9588&rep=rep1&type=pdf","https://scholar.google.com/scholar?q=related:4TAtwQUJTZ4J:scholar.google.com/&scioq=duration+%22standard+error%22%7C%22standard+errors%22%7Cpbd%7C%22benefit+duration%22%7Cwba%7C%22weekly+benefit+amount%22%7C%22replacement+rate%22+%22unemployment+insurance%22&hl=en&as_sdt=0,5"
4,"P Arni","What Drives Wage Effects of Unemployment Benefits? Evidence from Natural Experiments and Reservation Wage Data",2017,"","econstor.eu","https://www.econstor.eu/handle/10419/168154","https://scholar.google.com/scholar?cites=9015507823923103242&as_sdt=2005&sciodt=0,5&hl=en",531,"2022-08-15 21:28:05","","","","",,,,,4,0.80,4,1,5,"… Abstract How should we interpret wage effects of extensions of unemployment insurance (UI… (PBD): at the age threshold of 25 as well as a work requirement (contribution duration) …","https://www.econstor.eu/bitstream/10419/168154/1/VfS-2017-pid-2778.pdf","https://scholar.google.com/scholar?q=related:CgaxgpmEHX0J:scholar.google.com/&scioq=duration+%22standard+error%22%7C%22standard+errors%22%7Cpbd%7C%22benefit+duration%22%7Cwba%7C%22weekly+benefit+amount%22%7C%22replacement+rate%22+%22unemployment+insurance%22&hl=en&as_sdt=0,5"
0,"P Arni","What Drives Wage Effects of Unemployment Benefits?",2017,"","conference.iza.org","http://conference.iza.org/conference_files/WoLabConf_2018/arni_p5031.pdf","",621,"2022-08-15 21:28:05","PDF","","","",,,,,0,0.00,0,1,5,"… Abstract How should we interpret wage effects of extensions of unemployment insurance (UI… (PBD): at the age threshold of 25 as well as a work requirement (contribution duration) …","http://conference.iza.org/conference_files/WoLabConf_2018/arni_p5031.pdf","https://scholar.google.com/scholar?q=related:Av3PBH0Ob9UJ:scholar.google.com/&scioq=duration+%22standard+error%22%7C%22standard+errors%22%7Cpbd%7C%22benefit+duration%22%7Cwba%7C%22weekly+benefit+amount%22%7C%22replacement+rate%22+%22unemployment+insurance%22&hl=en&as_sdt=0,5"
0,"P Arni, X Liu","The Role of Incomplete Information in Shaping Policy Effects: Evidence from Unemployment Insurance",2020,"","econstor.eu","https://www.econstor.eu/handle/10419/224629","",147,"2022-08-15 21:28:05","","","","",,,,,0,0.00,0,2,2,"… of unemployment insurance. We assess how potential unemployment benefit duration (PBD) … of post refers to the entry period that is exposed to potential cuts in PBD. Because we are …","https://www.econstor.eu/bitstream/10419/224629/1/vfs-2020-pid-40393.pdf","https://scholar.google.com/scholar?q=related:8JZd56RGANkJ:scholar.google.com/&scioq=duration+%22standard+error%22%7C%22standard+errors%22%7Cpbd%7C%22benefit+duration%22%7Cwba%7C%22weekly+benefit+amount%22%7C%22replacement+rate%22+%22unemployment+insurance%22&hl=en&as_sdt=0,5"
0,"P Arni, X Liu","On or Off–Are Treatment Effects of Policy Changes Symmetric? Evidence from Unemployment Insurance Reform with Incomplete Information",2016,"","econstor.eu","https://www.econstor.eu/handle/10419/145519","",266,"2022-08-15 21:28:05","","","","",,,,,0,0.00,0,2,6,"… of unemployment insurance. We assess how potential unemployment benefit duration (PBD) … of post refers to the entry period that is exposed to potential cuts in PBD. Because we are …","https://www.econstor.eu/bitstream/10419/145519/1/VfS_2016_pid_6325.pdf","https://scholar.google.com/scholar?q=related:N2gVMvUhnTcJ:scholar.google.com/&scioq=duration+%22standard+error%22%7C%22standard+errors%22%7Cpbd%7C%22benefit+duration%22%7Cwba%7C%22weekly+benefit+amount%22%7C%22replacement+rate%22+%22unemployment+insurance%22&hl=en&as_sdt=0,5"
0,"P Arni, Y Zylberberg","Unemployment Insurance and Learning: Evidence from Reservation Wages",2018,"","econpol.eu","https://www.econpol.eu/sites/default/files/2020-10/Paper_ArniZylberberg_UI_Learning_ResWages.pdf","",495,"2022-08-15 21:28:05","PDF","","","",,,,,0,0.00,0,2,4,"… benefit duration, a prime-aged individual (25–55) must have paid at least 18 months of unemployment insurance … between the length of the unemployment insurance coverage and reser…","https://www.econpol.eu/sites/default/files/2020-10/Paper_ArniZylberberg_UI_Learning_ResWages.pdf","https://scholar.google.com/scholar?q=related:QCt78rzqhZMJ:scholar.google.com/&scioq=duration+%22standard+error%22%7C%22standard+errors%22%7Cpbd%7C%22benefit+duration%22%7Cwba%7C%22weekly+benefit+amount%22%7C%22replacement+rate%22+%22unemployment+insurance%22&hl=en&as_sdt=0,5"
10,"P Cahuc","Wage insurance, part-time unemployment insurance and short-time work in the xxi century",2018,"","econstor.eu","https://www.econstor.eu/handle/10419/193339","https://scholar.google.com/scholar?cites=9809626651706553679&as_sdt=2005&sciodt=0,5&hl=en",798,"2022-08-15 21:28:05","","","","",,,,,10,2.50,10,1,4,"… This section presents the institutional features of part-‐time unemployment insurance, wage … short-‐time work … The net replacement rate, calculated …","https://www.econstor.eu/bitstream/10419/193339/1/dp12045.pdf","https://scholar.google.com/scholar?q=related:T3UsUnfLIogJ:scholar.google.com/&scioq=duration+%22standard+error%22%7C%22standard+errors%22%7Cpbd%7C%22benefit+duration%22%7Cwba%7C%22weekly+benefit+amount%22%7C%22replacement+rate%22+%22unemployment+insurance%22&hl=en&as_sdt=0,5"
170,"P Cahuc, S Carcillo","Is short-time work a good method to keep unemployment down?",2011,"Nordic Economic Policy Review","books.google.com","https://books.google.com/books?hl=en&lr=&id=MTMjuIJRInQC&oi=fnd&pg=PA133&dq=duration+%22standard+error%22%7C%22standard+errors%22%7Cpbd%7C%22benefit+duration%22%7Cwba%7C%22weekly+benefit+amount%22%7C%22replacement+rate%22+%22unemployment+insurance%22&ots=UFRSfgOun8&sig=udg495_wnp0kfPda7Y0NTZGYcMI","https://scholar.google.com/scholar?cites=8325421012853701488&as_sdt=2005&sciodt=0,5&hl=en",678,"2022-08-15 21:28:05","HTML","","","",,,,,170,15.45,85,2,11,"… that optimal unemployment insurance may include short-time compensation programs. Then… In comparison, the full-time unemployment net replacement rate is 58 percent on average11 …","https://books.google.com/books?hl=en&lr=&id=MTMjuIJRInQC&oi=fnd&pg=PA133&dq=duration+%22standard+error%22%7C%22standard+errors%22%7Cpbd%7C%22benefit+duration%22%7Cwba%7C%22weekly+benefit+amount%22%7C%22replacement+rate%22+%22unemployment+insurance%22&ots=UFRSfgOun8&sig=udg495_wnp0kfPda7Y0NTZGYcMI","https://scholar.google.com/scholar?q=related:cLu3HE3WiXMJ:scholar.google.com/&scioq=duration+%22standard+error%22%7C%22standard+errors%22%7Cpbd%7C%22benefit+duration%22%7Cwba%7C%22weekly+benefit+amount%22%7C%22replacement+rate%22+%22unemployment+insurance%22&hl=en&as_sdt=0,5"
141,"P De Jong, M Lindeboom…","Screening disability insurance applications",2011,"Journal of the …","academic.oup.com","https://academic.oup.com/jeea/article-abstract/9/1/106/2298408","https://scholar.google.com/scholar?cites=1718443410065452340&as_sdt=2005&sciodt=0,5&hl=en",633,"2022-08-15 21:28:05","","","","",,,,,141,12.82,47,3,11,"… spillover effects on the inflow into unemployment insurance. … In Table 3 we show for 2002 sample means and standard errors … in the composition of the insured population over time. The …","https://personal.vu.nl/b.vander.klaauw/screening.pdf","https://scholar.google.com/scholar?q=related:NO2PPy0j2RcJ:scholar.google.com/&scioq=duration+%22standard+error%22%7C%22standard+errors%22%7Cpbd%7C%22benefit+duration%22%7Cwba%7C%22weekly+benefit+amount%22%7C%22replacement+rate%22+%22unemployment+insurance%22&hl=en&as_sdt=0,5"
17,"P Fortin, M Keil, J Symons","The sources of unemployment in Canada, 1967-91: evidence from a panel of regions and demographic groups",2001,"Oxford Economic Papers","academic.oup.com","https://academic.oup.com/oep/article-abstract/53/1/67/2361787","https://scholar.google.com/scholar?cites=13196056245994563283&as_sdt=2005&sciodt=0,5&hl=en",806,"2022-08-15 21:28:05","","","","",,,,,17,0.81,6,3,21,"… The unemployment insurance (UI) system We take seriously … increased the regression standard errors (adjusted for degrees … period (min) and the associated maximum benefit duration (…","","https://scholar.google.com/scholar?q=related:06aUcj3PIbcJ:scholar.google.com/&scioq=duration+%22standard+error%22%7C%22standard+errors%22%7Cpbd%7C%22benefit+duration%22%7Cwba%7C%22weekly+benefit+amount%22%7C%22replacement+rate%22+%22unemployment+insurance%22&hl=en&as_sdt=0,5"
363,"P Fredriksson, B Holmlund","Improving incentives in unemployment insurance: A review of recent research",2006,"Journal of Economic Surveys","Wiley Online Library","https://onlinelibrary.wiley.com/doi/abs/10.1111/j.0950-0804.2006.00283.x","https://scholar.google.com/scholar?cites=16428549270881941463&as_sdt=2005&sciodt=0,5&hl=en",109,"2022-08-15 21:28:05","","10.1111/j.0950-0804.2006.00283.x","","",,,,,363,22.69,182,2,16,"… replacement rate is as high as 1.30. However, a program with unlimited duration dominates programs with limited benefit duration; … benchmark case with unlimited duration. Davidson’s …","https://www.econstor.eu/bitstream/10419/82231/1/wp03-05.pdf","https://scholar.google.com/scholar?q=related:17frCYXu_eMJ:scholar.google.com/&scioq=duration+%22standard+error%22%7C%22standard+errors%22%7Cpbd%7C%22benefit+duration%22%7Cwba%7C%22weekly+benefit+amount%22%7C%22replacement+rate%22+%22unemployment+insurance%22&hl=en&as_sdt=0,5"
102,"P Fredriksson, B Holmlund","Optimal unemployment insurance design: time limits, monitoring, or workfare?",2006,"International Tax and Public Finance","Springer","https://link.springer.com/article/10.1007/s10797-006-6249-3","https://scholar.google.com/scholar?cites=18439110597869243799&as_sdt=2005&sciodt=0,5&hl=en",112,"2022-08-15 21:28:05","","10.1007/s10797-006-6249-3","","",,,,,102,6.38,51,2,16,"… We set the uniform wage replacement rate to 30 percent, which approximately corresponds to uniform characterization of the US unemployment benefit system; see Fredriksson and …","https://www.econstor.eu/bitstream/10419/78703/1/490482007.pdf","https://scholar.google.com/scholar?q=related:lw0j6GTh5P8J:scholar.google.com/&scioq=duration+%22standard+error%22%7C%22standard+errors%22%7Cpbd%7C%22benefit+duration%22%7Cwba%7C%22weekly+benefit+amount%22%7C%22replacement+rate%22+%22unemployment+insurance%22&hl=en&as_sdt=0,5"
282,"P Fredriksson, B Holmlund","Optimal unemployment insurance in search equilibrium",2001,"Journal of labor economics","journals.uchicago.edu","https://www.journals.uchicago.edu/doi/abs/10.1086/319565","https://scholar.google.com/scholar?cites=1406004545315246392&as_sdt=2005&sciodt=0,5&hl=en",122,"2022-08-15 21:28:05","","10.1086/319565","","",,,,,282,13.43,141,2,21,"… with indefinite payments of a constant wage replacement rate. The answer to this question … unemployment insurance is crudely characterized by $$b=0.5$$ and a potential duration of …","https://www.econstor.eu/bitstream/10419/82887/1/wp1998-002.pdf","https://scholar.google.com/scholar?q=related:OJEZRK8hgxMJ:scholar.google.com/&scioq=duration+%22standard+error%22%7C%22standard+errors%22%7Cpbd%7C%22benefit+duration%22%7Cwba%7C%22weekly+benefit+amount%22%7C%22replacement+rate%22+%22unemployment+insurance%22&hl=en&as_sdt=0,5"
31,"P Fredriksson, M Söderström","Do unemployment benefits increase unemployment? New evidence on an old question",2008,"","econstor.eu","https://www.econstor.eu/handle/10419/45713","https://scholar.google.com/scholar?cites=7100053092496488837&as_sdt=2005&sciodt=0,5&hl=en",341,"2022-08-15 21:28:05","","","","",,,,,31,2.21,16,2,14,"… Then we raise the nominal replacement rate with the wage … model is the effect of unemployment insurance on wage-setting… the system has varied somewhat over time, we implement the …","https://www.econstor.eu/bitstream/10419/45713/1/573611343.pdf","https://scholar.google.com/scholar?q=related:hbmqgKt0iGIJ:scholar.google.com/&scioq=duration+%22standard+error%22%7C%22standard+errors%22%7Cpbd%7C%22benefit+duration%22%7Cwba%7C%22weekly+benefit+amount%22%7C%22replacement+rate%22+%22unemployment+insurance%22&hl=en&as_sdt=0,5"
262,"P Ganong, P Noel","Consumer spending during unemployment: Positive and normative implications",2019,"American economic review","aeaweb.org","https://www.aeaweb.org/articles?id=10.1257/aer.20170537","https://scholar.google.com/scholar?cites=623619373493847626&as_sdt=2005&sciodt=0,5&hl=en",774,"2022-08-15 21:28:05","","","","",,,,,262,87.33,131,2,3,"… from the exhaustion of unemployment insurance (UI) benefits. … We report regression coefficients with standard errors in … June 2015, which is the time period that we analyze for Florida …","https://www.nber.org/system/files/working_papers/w25417/w25417.pdf","https://scholar.google.com/scholar?q=related:SgYnIISKpwgJ:scholar.google.com/&scioq=duration+%22standard+error%22%7C%22standard+errors%22%7Cpbd%7C%22benefit+duration%22%7Cwba%7C%22weekly+benefit+amount%22%7C%22replacement+rate%22+%22unemployment+insurance%22&hl=en&as_sdt=0,5"
195,"P Ganong, P Noel, J Vavra","US unemployment insurance replacement rates during the pandemic",2020,"Journal of Public Economics","Elsevier","https://www.sciencedirect.com/science/article/pii/S0047272720301377","https://scholar.google.com/scholar?cites=9920240894753325069&as_sdt=2005&sciodt=0,5&hl=en",75,"2022-08-15 21:28:05","","","","",,,,,195,97.50,65,3,2,"… level of $630 for the same time period. Concretely, this implies … replacement rate is 50% while the mean “replacement rate 2” … a reported standard error of zero for their replacement rate …","https://www.nber.org/system/files/working_papers/w27216/w27216.pdf","https://scholar.google.com/scholar?q=related:DUATuojGq4kJ:scholar.google.com/&scioq=duration+%22standard+error%22%7C%22standard+errors%22%7Cpbd%7C%22benefit+duration%22%7Cwba%7C%22weekly+benefit+amount%22%7C%22replacement+rate%22+%22unemployment+insurance%22&hl=en&as_sdt=0,5"
40,"P Haan, VL Prowse","Optimal social assistance and unemployment insurance in a life-cycle model of family labor supply and savings",2017,"Available at SSRN 2692616","papers.ssrn.com","https://papers.ssrn.com/sol3/papers.cfm?abstract_id=2692616","https://scholar.google.com/scholar?cites=7342754732978571292&as_sdt=2005&sciodt=0,5&hl=en",345,"2022-08-15 21:28:05","","","","",,,,,40,8.00,20,2,5,"… unemployment insurance has little or no role in the optimal mix, we find that unemployment insurance with a replacement rate … unemployment insurance entitlement period increases the …","https://www.econstor.eu/bitstream/10419/208089/1/1678911267.pdf","https://scholar.google.com/scholar?q=related:HIgBrIa05mUJ:scholar.google.com/&scioq=duration+%22standard+error%22%7C%22standard+errors%22%7Cpbd%7C%22benefit+duration%22%7Cwba%7C%22weekly+benefit+amount%22%7C%22replacement+rate%22+%22unemployment+insurance%22&hl=en&as_sdt=0,5"
24,"P Haan, VL Prowse","The design of unemployment transfers: evidence from a dynamic structural life-cycle model",2010,"","papers.ssrn.com","https://papers.ssrn.com/sol3/papers.cfm?abstract_id=1692702","https://scholar.google.com/scholar?cites=11916297979882568936&as_sdt=2005&sciodt=0,5&hl=en",857,"2022-08-15 21:28:05","","","","",,,,,24,2.00,12,2,12,"… unemployment insurance brought about by changes to the two central dimensions of unemployment insurance, namely the entitlement period … Notes: Robust standard errors clustered …","https://www.econstor.eu/bitstream/10419/36738/1/62266414X.pdf","https://scholar.google.com/scholar?q=related:6PyaoOAxX6UJ:scholar.google.com/&scioq=duration+%22standard+error%22%7C%22standard+errors%22%7Cpbd%7C%22benefit+duration%22%7Cwba%7C%22weekly+benefit+amount%22%7C%22replacement+rate%22+%22unemployment+insurance%22&hl=en&as_sdt=0,5"
1,"P Heaton, DC Lavery, D Powell, JB Wenger","Comparing Ex-Servicemember and Civilian Use of Unemployment Insurance",2018,"","apps.dtic.mil","https://apps.dtic.mil/sti/citations/AD1085255","https://scholar.google.com/scholar?cites=6954645435177227939&as_sdt=2005&sciodt=0,5&hl=en",890,"2022-08-15 21:28:05","","","","",,,,,1,0.25,0,4,4,"… this issue by using a unique data set of unemployment insurance (UI) administrative records that … There are 2,877 UCX claims in the BAM data set during this time period and 247,355 UI …","https://apps.dtic.mil/sti/pdfs/AD1085255.pdf","https://scholar.google.com/scholar?q=related:o9aHDi3dg2AJ:scholar.google.com/&scioq=duration+%22standard+error%22%7C%22standard+errors%22%7Cpbd%7C%22benefit+duration%22%7Cwba%7C%22weekly+benefit+amount%22%7C%22replacement+rate%22+%22unemployment+insurance%22&hl=en&as_sdt=0,5"
17,"P Hesselius","Work absence and social security in Sweden",2006,"first version (www. sns. se/document/nber2_ph. pdf)","","","https://scholar.google.com/scholar?cites=7746194246766829532&as_sdt=2005&sciodt=0,5&hl=en",766,"2022-08-15 21:28:05","CITATION","","","",,,,,17,1.06,17,1,16,"","","https://scholar.google.com/scholar?q=related:3B-2V6ACgGsJ:scholar.google.com/&scioq=duration+%22standard+error%22%7C%22standard+errors%22%7Cpbd%7C%22benefit+duration%22%7Cwba%7C%22weekly+benefit+amount%22%7C%22replacement+rate%22+%22unemployment+insurance%22&hl=en&as_sdt=0,5"
13,"P Hägglund","Effects of Changes in the Unemployment Insurance Eligibility Requirements on Job Duration—Swedish Evidence",2009,"Labour","Wiley Online Library","https://onlinelibrary.wiley.com/doi/abs/10.1111/j.1467-9914.2009.00455.x","https://scholar.google.com/scholar?cites=1845141599196556462&as_sdt=2005&sciodt=0,5&hl=en",416,"2022-08-15 21:28:05","","10.1111/j.1467-9914.2009.00455.x","","",,,,,13,1.00,13,1,13,"… of the unemployment insurance (UI) entrance requirement on employment duration among earlier … The small samples inevitably produce impact estimates with large standard errors. …","https://www.econstor.eu/bitstream/10419/82197/1/wp00-04.pdf","https://scholar.google.com/scholar?q=related:rixoLIJCmxkJ:scholar.google.com/&scioq=duration+%22standard+error%22%7C%22standard+errors%22%7Cpbd%7C%22benefit+duration%22%7Cwba%7C%22weekly+benefit+amount%22%7C%22replacement+rate%22+%22unemployment+insurance%22&hl=en&as_sdt=0,5"
0,"P Koning","Introduction to De Economist Special Issue “Retirement and Employment Opportunities for Older Workers”",2013,"De Economist","Springer","https://link.springer.com/article/10.1007/s10645-013-9214-4","",728,"2022-08-15 21:28:05","HTML","10.1007/s10645-013-9214-4","","",,,,,0,0.00,0,1,9,"… At the same time, many Western European countries have … of inflow into the Unemployment Insurance, Disability Insurance, or … a reduction in the potential benefit duration (PBD) in 2006, …","https://link.springer.com/article/10.1007/s10645-013-9214-4","https://scholar.google.com/scholar?q=related:Gs0phCuoQC0J:scholar.google.com/&scioq=duration+%22standard+error%22%7C%22standard+errors%22%7Cpbd%7C%22benefit+duration%22%7Cwba%7C%22weekly+benefit+amount%22%7C%22replacement+rate%22+%22unemployment+insurance%22&hl=en&as_sdt=0,5"
22,"P Koning, M Raterink","Re-employment rates of older unemployed workers: Decomposing the effect of birth cohorts and policy changes",2013,"De Economist","Springer","https://link.springer.com/article/10.1007/s10645-013-9208-2","https://scholar.google.com/scholar?cites=18106752094964190465&as_sdt=2005&sciodt=0,5&hl=en",488,"2022-08-15 21:28:05","","10.1007/s10645-013-9208-2","","",,,,,22,2.44,11,2,9,"… benefit durations (PBD) of Unemployment Insurance (UI) in … in our period of observation—the reduction of the PBD—can … the effect of a PBD of 60 months and the effect of a PBD of 38 …","https://www.instituutgak.nl/wp-content/uploads/2014/05/10.1007_s10645-013-9208-2.pdf","https://scholar.google.com/scholar?q=related:AY1mwBgbSPsJ:scholar.google.com/&scioq=duration+%22standard+error%22%7C%22standard+errors%22%7Cpbd%7C%22benefit+duration%22%7Cwba%7C%22weekly+benefit+amount%22%7C%22replacement+rate%22+%22unemployment+insurance%22&hl=en&as_sdt=0,5"
31,"P Kuhn, A Sweetman","Unemployment insurance and quits in Canada",1998,"Canadian Journal of Economics","JSTOR","https://www.jstor.org/stable/136202","https://scholar.google.com/scholar?cites=12601679852224140004&as_sdt=2005&sciodt=0,5&hl=en",638,"2022-08-15 21:28:05","","","","",,,,,31,1.29,16,2,24,"… change for dismissals in the midst of the period in question, our focus is primarily on … , and/or were not very large, since the standard errors of the estimates are sufficiently small that any …","","https://scholar.google.com/scholar?q=related:5FIEHQ8p4q4J:scholar.google.com/&scioq=duration+%22standard+error%22%7C%22standard+errors%22%7Cpbd%7C%22benefit+duration%22%7Cwba%7C%22weekly+benefit+amount%22%7C%22replacement+rate%22+%22unemployment+insurance%22&hl=en&as_sdt=0,5"
27,"P Kuhn, C Riddell","The long-term effects of unemployment insurance: Evidence from New Brunswick and Maine, 1940–1991",2010,"ILR Review","journals.sagepub.com","https://journals.sagepub.com/doi/abs/10.1177/001979391006300201","https://scholar.google.com/scholar?cites=13395442907574089378&as_sdt=2005&sciodt=0,5&hl=en",400,"2022-08-15 21:28:05","","10.1177/001979391006300201","","",,,,,27,2.25,14,2,12,"… the impact of the benefit replacement rate on unemployment … some dramatic changes during our sample period. … imposed significant limits on benefit duration for seasonal workers (that …","","https://scholar.google.com/scholar?q=related:orb6Mlos5rkJ:scholar.google.com/&scioq=duration+%22standard+error%22%7C%22standard+errors%22%7Cpbd%7C%22benefit+duration%22%7Cwba%7C%22weekly+benefit+amount%22%7C%22replacement+rate%22+%22unemployment+insurance%22&hl=en&as_sdt=0,5"
0,"P Kuhn, C Riddell","The Long-Term Effects of Unemployment Insurance: A Study of New Brunswick and Maine, 1940-1991",2003,"","Citeseer","http://citeseerx.ist.psu.edu/viewdoc/download?doi=10.1.1.196.9910&rep=rep1&type=pdf","",608,"2022-08-15 21:28:05","PDF","","","",,,,,0,0.00,0,2,19,"… the base period where the base period was the calendar year preceding the date of the claim. The amount of earnings in the base period also determined the weekly benefit amount, …","http://citeseerx.ist.psu.edu/viewdoc/download?doi=10.1.1.196.9910&rep=rep1&type=pdf","https://scholar.google.com/scholar?q=related:u5e5g2BrWwkJ:scholar.google.com/&scioq=duration+%22standard+error%22%7C%22standard+errors%22%7Cpbd%7C%22benefit+duration%22%7Cwba%7C%22weekly+benefit+amount%22%7C%22replacement+rate%22+%22unemployment+insurance%22&hl=en&as_sdt=0,5"
0,"P Kuhn, C Riddell","The Long-Term Effects of Income Support: Unemployment Insurance in New Brunswick and Maine, 1940-1991",2005,"","legacy.iza.org","http://legacy.iza.org/en/papers/158_28062005.pdf","",654,"2022-08-15 21:28:05","PDF","","","",,,,,0,0.00,0,2,17,"… (WBA) and the total benefits they are eligible to receive. In the census years 1939, 1949 and 1959, Maine’s base period … Eligible workers’ WBA was related to base period earnings via a …","http://legacy.iza.org/en/papers/158_28062005.pdf","https://scholar.google.com/scholar?q=related:49QcqmQwQJ8J:scholar.google.com/&scioq=duration+%22standard+error%22%7C%22standard+errors%22%7Cpbd%7C%22benefit+duration%22%7Cwba%7C%22weekly+benefit+amount%22%7C%22replacement+rate%22+%22unemployment+insurance%22&hl=en&as_sdt=0,5"
10,"P Leung, C O'leary","Unemployment insurance and means-tested program interactions: Evidence from administrative data",2020,"American Economic Journal: Economic Policy","aeaweb.org","https://www.aeaweb.org/doi/10.1257/pol.20170262","https://scholar.google.com/scholar?cites=956807730815785075&as_sdt=2005&sciodt=0,5&hl=en",209,"2022-08-15 21:28:05","","10.1257/pol.20170262","","",,,,,10,5.00,5,2,2,"… of 26 weeks, where BP denotes base period earnings. Since the WBA is proportional to high quarter earnings near the eligibility threshold, the potential duration is a function of BP/HQ. …","https://www.aeaweb.org/doi/10.1257/pol.20170262.appx","https://scholar.google.com/scholar?q=related:c1if0Y9DRw0J:scholar.google.com/&scioq=duration+%22standard+error%22%7C%22standard+errors%22%7Cpbd%7C%22benefit+duration%22%7Cwba%7C%22weekly+benefit+amount%22%7C%22replacement+rate%22+%22unemployment+insurance%22&hl=en&as_sdt=0,5"
150,"P O'Campo, A Molnar, E Ng, E Renahy…","Social welfare matters: a realist review of when, how, and why unemployment insurance impacts poverty and health",2015,"Social Science & …","Elsevier","https://www.sciencedirect.com/science/article/pii/S0277953615001690","https://scholar.google.com/scholar?cites=7995091082219482687&as_sdt=2005&sciodt=0,5&hl=en",145,"2022-08-15 21:28:05","HTML","","","",,,,,150,21.43,30,5,7,"… , replacement rate/benefit levels, duration of benefits, ability to earn some income while keeping benefits, & waiting period P1 … Whereas greater restrictions, such as a longer work period …","https://www.sciencedirect.com/science/article/pii/S0277953615001690","https://scholar.google.com/scholar?q=related:P-6VvvpE9G4J:scholar.google.com/&scioq=duration+%22standard+error%22%7C%22standard+errors%22%7Cpbd%7C%22benefit+duration%22%7Cwba%7C%22weekly+benefit+amount%22%7C%22replacement+rate%22+%22unemployment+insurance%22&hl=en&as_sdt=0,5"
5,"P Portugal, J Addison","The European Labour Markets-Disincentive Effects of Unemployment Benefits on the Paths Out of Unemployment",2004,"CESifo Forum","econstor.eu","https://www.econstor.eu/bitstream/10419/166174/1/cesifo-forum-v05-y2004-i1-p24-30.pdf","https://scholar.google.com/scholar?cites=5810051704085826975&as_sdt=2005&sciodt=0,5&hl=en",971,"2022-08-15 21:28:05","PDF","","","",,,,,5,0.28,3,2,18,"… The role of unemployment insurance (UI) in prolonging unemployment duration is well estab… We can calculate TIMEEX because maximum benefit duration in Portugal is purely age …","https://www.econstor.eu/bitstream/10419/166174/1/cesifo-forum-v05-y2004-i1-p24-30.pdf","https://scholar.google.com/scholar?q=related:n02w7D1zoVAJ:scholar.google.com/&scioq=duration+%22standard+error%22%7C%22standard+errors%22%7Cpbd%7C%22benefit+duration%22%7Cwba%7C%22weekly+benefit+amount%22%7C%22replacement+rate%22+%22unemployment+insurance%22&hl=en&as_sdt=0,5"
33,"P Portugal, JT Addison","Problems of sample construction in studies of the effects of unemployment insurance on unemployment duration",1990,"ILR Review","journals.sagepub.com","https://journals.sagepub.com/doi/abs/10.1177/001979399004300409","https://scholar.google.com/scholar?cites=1499391259454488345&as_sdt=2005&sciodt=0,5&hl=en",59,"2022-08-15 21:28:05","","10.1177/001979399004300409","","",,,,,33,1.03,17,2,32,"… a zero replacement rate, we would expect mean duration to … effect of the replacement rate on duration will be exaggerated… takes the place of the replacement rate, all the above effects …","","https://scholar.google.com/scholar?q=related:GT8cB2jozhQJ:scholar.google.com/&scioq=duration+%22standard+error%22%7C%22standard+errors%22%7Cpbd%7C%22benefit+duration%22%7Cwba%7C%22weekly+benefit+amount%22%7C%22replacement+rate%22+%22unemployment+insurance%22&hl=en&as_sdt=0,5"
309,"P Rehm","Social policy by popular demand",2011,"World Politics","cambridge.org","https://www.cambridge.org/core/journals/world-politics/article/social-policy-by-popular-demand/F34E9A54EBA73DEC46EC94D78DEB7672","https://scholar.google.com/scholar?cites=6106462839597360436&as_sdt=2005&sciodt=0,5&hl=en",981,"2022-08-15 21:28:05","","","","",,,,,309,28.09,309,1,11,"… the costs and benefits of unemployment insurance. There is strong evidence … time-varying control variables, I will estimate Prais-Winsten regressions with panel corrected standard errors…","","https://scholar.google.com/scholar?q=related:NOVSZJmDvlQJ:scholar.google.com/&scioq=duration+%22standard+error%22%7C%22standard+errors%22%7Cpbd%7C%22benefit+duration%22%7Cwba%7C%22weekly+benefit+amount%22%7C%22replacement+rate%22+%22unemployment+insurance%22&hl=en&as_sdt=0,5"
28,"P Rendahl","Asset‐Based Unemployment Insurance",2012,"International Economic Review","Wiley Online Library","https://onlinelibrary.wiley.com/doi/abs/10.1111/j.1468-2354.2012.00699.x","https://scholar.google.com/scholar?cites=8587163146734557366&as_sdt=2005&sciodt=0,5&hl=en",590,"2022-08-15 21:28:05","","10.1111/j.1468-2354.2012.00699.x","","",,,,,28,2.80,28,1,10,"… duration of 2.5 months, 9% of the total cost of an expected unemployment spell using a 55% replacement rate… policy that provides a 55% replacement rate at the bottom of the wealth …","https://cadmus.eui.eu/bitstream/handle/1814/6979/ECO-2007-15.pdf?sequence=1&origin=publication_detail","https://scholar.google.com/scholar?q=related:tlhwnWK7K3cJ:scholar.google.com/&scioq=duration+%22standard+error%22%7C%22standard+errors%22%7Cpbd%7C%22benefit+duration%22%7Cwba%7C%22weekly+benefit+amount%22%7C%22replacement+rate%22+%22unemployment+insurance%22&hl=en&as_sdt=0,5"
19,"P Vandenberg","Impact of labor market institutions on unemployment: results from a global panel",2010,"Asian development bank economics working …","papers.ssrn.com","https://papers.ssrn.com/sol3/papers.cfm?abstract_id=1681216","https://scholar.google.com/scholar?cites=14321477446661197943&as_sdt=2005&sciodt=0,5&hl=en",365,"2022-08-15 21:28:05","","","","",,,,,19,1.58,19,1,12,"… of 90 countries over the period 2003–2005. The results suggest that the existence, duration, and replacement rate of unemployment insurance programs are significantly correlated with …","https://www.think-asia.org/bitstream/handle/11540/1560/economics-wp219.pdf?sequence=1","https://scholar.google.com/scholar?q=related:d1AC-9sbwMYJ:scholar.google.com/&scioq=duration+%22standard+error%22%7C%22standard+errors%22%7Cpbd%7C%22benefit+duration%22%7Cwba%7C%22weekly+benefit+amount%22%7C%22replacement+rate%22+%22unemployment+insurance%22&hl=en&as_sdt=0,5"
66,"PA Edin","Unemployment duration and competing risks: evidence from Sweden",1989,"The Scandinavian Journal of Economics","JSTOR","https://www.jstor.org/stable/3440211","https://scholar.google.com/scholar?cites=11498682344359296790&as_sdt=2005&sciodt=0,5&hl=en",546,"2022-08-15 21:28:05","","","","",,,,,66,2.00,66,1,33,"… our standard error estimates will be biased downward. One approach to this problem is to modify the estimated standard errors … The economics of unemployment insurance: The case of …","","https://scholar.google.com/scholar?q=related:Fn-XaKuGk58J:scholar.google.com/&scioq=duration+%22standard+error%22%7C%22standard+errors%22%7Cpbd%7C%22benefit+duration%22%7Cwba%7C%22weekly+benefit+amount%22%7C%22replacement+rate%22+%22unemployment+insurance%22&hl=en&as_sdt=0,5"
100,"PB Levine","Spillover effects between the insured and uninsured unemployed",1993,"ILR Review","journals.sagepub.com","https://journals.sagepub.com/doi/abs/10.1177/001979399304700106","https://scholar.google.com/scholar?cites=18385097566448655598&as_sdt=2005&sciodt=0,5&hl=en",268,"2022-08-15 21:28:05","","10.1177/001979399304700106","","",,,,,100,3.45,100,1,29,"… log of completed spell length in the NLSY); RR= average replacement rate of UI benefits to … measure to state unemployment insurance benefit schedules (which indicate a WBA for any …","https://citeseerx.ist.psu.edu/viewdoc/download?doi=10.1.1.17.4184&rep=rep1&type=pdf","https://scholar.google.com/scholar?q=related:7hwSCdT8JP8J:scholar.google.com/&scioq=duration+%22standard+error%22%7C%22standard+errors%22%7Cpbd%7C%22benefit+duration%22%7Cwba%7C%22weekly+benefit+amount%22%7C%22replacement+rate%22+%22unemployment+insurance%22&hl=en&as_sdt=0,5"
16,"PB Levine","Unemployment insurance over the business cycle: Does it meet the needs of less-skilled workers",2006,"Working and Poor: How economic and policy changes …","","","https://scholar.google.com/scholar?cites=5450858028334418311&as_sdt=2005&sciodt=0,5&hl=en",753,"2022-08-15 21:28:05","CITATION","","","",,,,,16,1.00,16,1,16,"","","https://scholar.google.com/scholar?q=related:h4n1M39WpUsJ:scholar.google.com/&scioq=duration+%22standard+error%22%7C%22standard+errors%22%7Cpbd%7C%22benefit+duration%22%7Cwba%7C%22weekly+benefit+amount%22%7C%22replacement+rate%22+%22unemployment+insurance%22&hl=en&as_sdt=0,5"
0,"PB Levine","INDUSTRIAL RELATIONS SECTION PRINCETON UNIVERSITY MAY, 199",1991,"","Citeseer","http://citeseerx.ist.psu.edu/viewdoc/download?doi=10.1.1.17.4184&rep=rep1&type=pdf","",966,"2022-08-15 21:28:05","PDF","","","",,,,,0,0.00,0,1,31,"… increase in the UI replacement rate leads to a reduction in the duration of unemployment for … measure to state unemployment insurance benefit schedules (which indicate a WBA for any …","http://citeseerx.ist.psu.edu/viewdoc/download?doi=10.1.1.17.4184&rep=rep1&type=pdf","https://scholar.google.com/scholar?q=related:GUypbhw6K9EJ:scholar.google.com/&scioq=duration+%22standard+error%22%7C%22standard+errors%22%7Cpbd%7C%22benefit+duration%22%7Cwba%7C%22weekly+benefit+amount%22%7C%22replacement+rate%22+%22unemployment+insurance%22&hl=en&as_sdt=0,5"
15,"PC Huang, TT Yang","Evaluation of optimal unemployment insurance with reemployment bonuses using regression discontinuity (kink) design",2016,"","econstor.eu","https://www.econstor.eu/handle/10419/203333","https://scholar.google.com/scholar?cites=3911840987046951769&as_sdt=2005&sciodt=0,5&hl=en",286,"2022-08-15 21:28:05","","","","",,,,,15,2.50,8,2,6,"… By now, we have assumed in the model a fixed replacement rate of unemployment benefits within s fixed potential duration P. Theoretically, a flat benefits profile is not necessarily an …","https://www.econstor.eu/bitstream/10419/203333/1/CLEF-002-CEA-2016-Huang-Yang.pdf","https://scholar.google.com/scholar?q=related:WTu_4qamSTYJ:scholar.google.com/&scioq=duration+%22standard+error%22%7C%22standard+errors%22%7Cpbd%7C%22benefit+duration%22%7Cwba%7C%22weekly+benefit+amount%22%7C%22replacement+rate%22+%22unemployment+insurance%22&hl=en&as_sdt=0,5"
0,"PD DePippo","The liquidity approach to the adequacy of unemployment insurance benefits",1983,"","search.proquest.com","https://search.proquest.com/openview/83e0ad3b8d4fa0230370b2abd84a6fc1/1?pq-origsite=gscholar&cbl=18750&diss=y","",883,"2022-08-15 21:28:05","BOOK","","","",,,,,0,0.00,0,1,39,"… of the recipient's time led to a shift toward time intensive … weekly benefit amount to which each recipient was entitled. Dividing the total amount of benefits by the weekly benefit amount …","","https://scholar.google.com/scholar?q=related:udrk9e_mbN0J:scholar.google.com/&scioq=duration+%22standard+error%22%7C%22standard+errors%22%7Cpbd%7C%22benefit+duration%22%7Cwba%7C%22weekly+benefit+amount%22%7C%22replacement+rate%22+%22unemployment+insurance%22&hl=en&as_sdt=0,5"
3,"PJ Conway","North Carolina's Employment Record: What Role Did Unemployment Insurance Reform Play?",2018,"Available at SSRN 3245485","papers.ssrn.com","https://papers.ssrn.com/sol3/papers.cfm?abstract_id=3245485","https://scholar.google.com/scholar?cites=4444704776557359065&as_sdt=2005&sciodt=0,5&hl=en",685,"2022-08-15 21:28:05","","","","",,,,,3,0.75,3,1,4,"… Carolina reformed its state Unemployment Insurance (UI) … Population Survey to create time-varying transition probabilities … conservative bands; the standard errors of coefficients in the …","https://pconway.web.unc.edu/wp-content/uploads/sites/11310/2016/01/Conway_NC_Unemployment_Insurance_Reform.pdf","https://scholar.google.com/scholar?q=related:2e8u-nHDrj0J:scholar.google.com/&scioq=duration+%22standard+error%22%7C%22standard+errors%22%7Cpbd%7C%22benefit+duration%22%7Cwba%7C%22weekly+benefit+amount%22%7C%22replacement+rate%22+%22unemployment+insurance%22&hl=en&as_sdt=0,5"
14,"PJ Kuhn, C Riddell","The long-term effects of a generous income support program: unemployment insurance in New Brunswick and Maine, 1940-1991",2006,"","nber.org","https://www.nber.org/papers/w11932","https://scholar.google.com/scholar?cites=9461750257996258026&as_sdt=2005&sciodt=0,5&hl=en",353,"2022-08-15 21:28:05","","","","",,,,,14,0.88,7,2,16,"… effects of unemployment insurance (UI) might examine the effects of the benefit replacement rate on … have been highly comparable for a long time – using a multidimensional measure of …","https://www.nber.org/system/files/working_papers/w11932/w11932.pdf","https://scholar.google.com/scholar?q=related:6tpTqbrjToMJ:scholar.google.com/&scioq=duration+%22standard+error%22%7C%22standard+errors%22%7Cpbd%7C%22benefit+duration%22%7Cwba%7C%22weekly+benefit+amount%22%7C%22replacement+rate%22+%22unemployment+insurance%22&hl=en&as_sdt=0,5"
17,"PL Burgess","Changes in spending patterns following unemployment",1981,"","books.google.com","https://books.google.com/books?hl=en&lr=&id=6IVXAAAAYAAJ&oi=fnd&pg=PA1&dq=duration+%22standard+error%22%7C%22standard+errors%22%7Cpbd%7C%22benefit+duration%22%7Cwba%7C%22weekly+benefit+amount%22%7C%22replacement+rate%22+%22unemployment+insurance%22&ots=rprGAuOM6E&sig=tiWV3hYwAVhQle7EETEdkLmqLv0","https://scholar.google.com/scholar?cites=5215102032395903118&as_sdt=2005&sciodt=0,5&hl=en",241,"2022-08-15 21:28:05","BOOK","","","",,,,,17,0.41,17,1,41,"… exhausted their entitlement to unemployment insurance (UI) … record of employment during the period immediately prior to … this analysis is the ratio of the WBA to the beneficiary's ""propor…","https://books.google.com/books?hl=en&lr=&id=6IVXAAAAYAAJ&oi=fnd&pg=PA1&dq=duration+%22standard+error%22%7C%22standard+errors%22%7Cpbd%7C%22benefit+duration%22%7Cwba%7C%22weekly+benefit+amount%22%7C%22replacement+rate%22+%22unemployment+insurance%22&ots=rprGAuOM6E&sig=tiWV3hYwAVhQle7EETEdkLmqLv0","https://scholar.google.com/scholar?q=related:jiBg7KrDX0gJ:scholar.google.com/&scioq=duration+%22standard+error%22%7C%22standard+errors%22%7Cpbd%7C%22benefit+duration%22%7Cwba%7C%22weekly+benefit+amount%22%7C%22replacement+rate%22+%22unemployment+insurance%22&hl=en&as_sdt=0,5"
41,"PL Burgess","Compliance with unemployment-insurance job-search regulations",1992,"The Journal of Law and Economics","journals.uchicago.edu","https://www.journals.uchicago.edu/doi/pdf/10.1086/467259","https://scholar.google.com/scholar?cites=1532794888783641650&as_sdt=2005&sciodt=0,5&hl=en",337,"2022-08-15 21:28:05","","10.1086/467259","","",,,,,41,1.37,41,1,30,"… of payments for a fifty-two-week period, so the selected cases reflect the entire range of actual benefit duration during the study period. Also, each state's sample and population were …","","https://scholar.google.com/scholar?q=related:Mrx7i9SURRUJ:scholar.google.com/&scioq=duration+%22standard+error%22%7C%22standard+errors%22%7Cpbd%7C%22benefit+duration%22%7Cwba%7C%22weekly+benefit+amount%22%7C%22replacement+rate%22+%22unemployment+insurance%22&hl=en&as_sdt=0,5"
2,"PL Burgess","Labor Market Experience of Unemployment Insurance Exhaustees",1983,"","books.google.com","https://books.google.com/books?hl=en&lr=&id=UzFYAAAAYAAJ&oi=fnd&pg=PP27&dq=duration+%22standard+error%22%7C%22standard+errors%22%7Cpbd%7C%22benefit+duration%22%7Cwba%7C%22weekly+benefit+amount%22%7C%22replacement+rate%22+%22unemployment+insurance%22&ots=UoFVGtJn9Y&sig=0RFvjKMeKEVvqbb-BBRcT1GaGaA","https://scholar.google.com/scholar?cites=4910383724809463701&as_sdt=2005&sciodt=0,5&hl=en",513,"2022-08-15 21:28:05","BOOK","","","",,,,,2,0.05,2,1,39,"… period;5 under the two FSB programs, some claimants were entitled to the additional weeks of benefits at their full weekly benefit amount. … their full weekly benefit amount differ over the …","https://books.google.com/books?hl=en&lr=&id=UzFYAAAAYAAJ&oi=fnd&pg=PP27&dq=duration+%22standard+error%22%7C%22standard+errors%22%7Cpbd%7C%22benefit+duration%22%7Cwba%7C%22weekly+benefit+amount%22%7C%22replacement+rate%22+%22unemployment+insurance%22&ots=UoFVGtJn9Y&sig=0RFvjKMeKEVvqbb-BBRcT1GaGaA","https://scholar.google.com/scholar?q=related:lacgPPsvJUQJ:scholar.google.com/&scioq=duration+%22standard+error%22%7C%22standard+errors%22%7Cpbd%7C%22benefit+duration%22%7Cwba%7C%22weekly+benefit+amount%22%7C%22replacement+rate%22+%22unemployment+insurance%22&hl=en&as_sdt=0,5"
88,"PL Burgess, JL Kingston","The impact of unemployment insurance benefits on reemployment success",1976,"ILR Review","journals.sagepub.com","https://journals.sagepub.com/doi/pdf/10.1177/001979397603000102","https://scholar.google.com/scholar?cites=16374233102023817267&as_sdt=2005&sciodt=0,5&hl=en",34,"2022-08-15 21:28:05","","10.1177/001979397603000102","","",,,,,88,1.91,44,2,46,"… 131t should be noted that WBA and PCD may be positively associated with both PRE-… duration). The problem is one of multicollinearity, which tends to result in large standard errors for …","","https://scholar.google.com/scholar?q=related:M3iSe0D2POMJ:scholar.google.com/&scioq=duration+%22standard+error%22%7C%22standard+errors%22%7Cpbd%7C%22benefit+duration%22%7Cwba%7C%22weekly+benefit+amount%22%7C%22replacement+rate%22+%22unemployment+insurance%22&hl=en&as_sdt=0,5"
15,"PL Burgess, JL Kingston","UI benefit effects on compensated unemployment",1981,"… : A Journal of Economy and Society","Wiley Online Library","https://onlinelibrary.wiley.com/doi/abs/10.1111/j.1468-232X.1981.tb00201.x","https://scholar.google.com/scholar?cites=6099400626816279464&as_sdt=2005&sciodt=0,5&hl=en",657,"2022-08-15 21:28:05","CITATION","10.1111/j.1468-232X.1981.tb00201.x","","",,,,,15,0.37,8,2,41,"… and maximum duration of weekly unemployment insurance … of UI claimants during a one-year period.' The measure of … size of the UI weekly benefit amount on the duration of completed …","","https://scholar.google.com/scholar?q=related:qOMt2I1spVQJ:scholar.google.com/&scioq=duration+%22standard+error%22%7C%22standard+errors%22%7Cpbd%7C%22benefit+duration%22%7Cwba%7C%22weekly+benefit+amount%22%7C%22replacement+rate%22+%22unemployment+insurance%22&hl=en&as_sdt=0,5"
0,"PL Burgess, JL Kingston","The Impact of Unemployment Insurance Benefits on Unemployment Duration of Reemployed Workers",1973,"","Arizona State University","","",760,"2022-08-15 21:28:05","CITATION","","","",,,,,0,0.00,0,2,49,"","","https://scholar.google.com/scholar?q=related:yviQtD-CbywJ:scholar.google.com/&scioq=duration+%22standard+error%22%7C%22standard+errors%22%7Cpbd%7C%22benefit+duration%22%7Cwba%7C%22weekly+benefit+amount%22%7C%22replacement+rate%22+%22unemployment+insurance%22&hl=en&as_sdt=0,5"
29,"PL Burgess, SA Low","How do unemployment insurance and recall expectations affect on-the-job search among workers who receive advance notice of layoff?",1998,"ILR Review","journals.sagepub.com","https://journals.sagepub.com/doi/abs/10.1177/001979399805100205","https://scholar.google.com/scholar?cites=17736537684487050318&as_sdt=2005&sciodt=0,5&hl=en",378,"2022-08-15 21:28:05","","10.1177/001979399805100205","","",,,,,29,1.21,15,2,24,"… the duration of pre-unemployment search, not length of advance notice. Notice length can … (1983) also found that the UI replacement rate has an insignificant effect on the probability of …","","https://scholar.google.com/scholar?q=related:ThQuRQ3XJPYJ:scholar.google.com/&scioq=duration+%22standard+error%22%7C%22standard+errors%22%7Cpbd%7C%22benefit+duration%22%7Cwba%7C%22weekly+benefit+amount%22%7C%22replacement+rate%22+%22unemployment+insurance%22&hl=en&as_sdt=0,5"
85,"PM Anderson","Time-varying effects of recall expectation, a reemployment bonus, and job counseling on unemployment durations",1992,"Journal of Labor Economics","journals.uchicago.edu","https://www.journals.uchicago.edu/doi/abs/10.1086/298280","https://scholar.google.com/scholar?cites=14764485252568760391&as_sdt=2005&sciodt=0,5&hl=en",399,"2022-08-15 21:28:05","","10.1086/298280","","",,,,,85,2.83,85,1,30,"… Unemployment insurance program data provide accurate … the time spent on UI, with the JSA-only treatment reducing … shrinking over time, and thus standard errors are increasing. …","","https://scholar.google.com/scholar?q=related:R8Dakhz95cwJ:scholar.google.com/&scioq=duration+%22standard+error%22%7C%22standard+errors%22%7Cpbd%7C%22benefit+duration%22%7Cwba%7C%22weekly+benefit+amount%22%7C%22replacement+rate%22+%22unemployment+insurance%22&hl=en&as_sdt=0,5"
151,"PM Anderson","Linear adjustment costs and seasonal labor demand: evidence from retail trade firms",1993,"The Quarterly Journal of Economics","academic.oup.com","https://academic.oup.com/qje/article-abstract/108/4/1015/1899923","https://scholar.google.com/scholar?cites=1843851882897290036&as_sdt=2005&sciodt=0,5&hl=en",946,"2022-08-15 21:28:05","","","","",,,,,151,5.21,151,1,29,"… The experience rating feature of the US Unemployment Insurance (UI) system provides a … by the wage is simply the replacement rate multiplied by the expected duration of benefits. The …","","https://scholar.google.com/scholar?q=related:NDOHsoStlhkJ:scholar.google.com/&scioq=duration+%22standard+error%22%7C%22standard+errors%22%7Cpbd%7C%22benefit+duration%22%7Cwba%7C%22weekly+benefit+amount%22%7C%22replacement+rate%22+%22unemployment+insurance%22&hl=en&as_sdt=0,5"
349,"PM Anderson, BD Meyer","Unemployment insurance takeup rates and the after-tax value of benefits",1997,"The quarterly journal of economics","academic.oup.com","https://academic.oup.com/qje/article-abstract/112/3/913/1926918","https://scholar.google.com/scholar?cites=3856515331858024487&as_sdt=2005&sciodt=0,5&hl=en",53,"2022-08-15 21:28:05","","","","",,,,,349,13.96,175,2,25,"… requirements, each state determines the weekly benefit amount (WBA) based on a claimant’s work history in the base period. A typical benefit formula sets the WBA to be between 1/20 …","https://sites.dartmouth.edu/pmanderson/files/2019/05/QJE1997.pdf","https://scholar.google.com/scholar?q=related:J8g--kIYhTUJ:scholar.google.com/&scioq=duration+%22standard+error%22%7C%22standard+errors%22%7Cpbd%7C%22benefit+duration%22%7Cwba%7C%22weekly+benefit+amount%22%7C%22replacement+rate%22+%22unemployment+insurance%22&hl=en&as_sdt=0,5"
42,"PM Anderson, BD Meyer","Unemployment Insurance Benefits and Takeup Rates",1994,"","nber.org","https://www.nber.org/papers/w4787","https://scholar.google.com/scholar?cites=16714464097683891929&as_sdt=2005&sciodt=0,5&hl=en",107,"2022-08-15 21:28:05","","","","",,,,,42,1.50,21,2,28,"… WBA and potential duration are proportional to these two variables, subject to minima and maxima. We then use the quartiles of these variables as knot points to define our spline. The …","https://www.nber.org/system/files/working_papers/w4787/w4787.pdf","https://scholar.google.com/scholar?q=related:2eZ3MYq09ecJ:scholar.google.com/&scioq=duration+%22standard+error%22%7C%22standard+errors%22%7Cpbd%7C%22benefit+duration%22%7Cwba%7C%22weekly+benefit+amount%22%7C%22replacement+rate%22+%22unemployment+insurance%22&hl=en&as_sdt=0,5"
297,"PM Anderson, BD Meyer","The effects of the unemployment insurance payroll tax on wages, employment, claims and denials",2000,"Journal of public Economics","Elsevier","https://www.sciencedirect.com/science/article/pii/S0047272799001127","https://scholar.google.com/scholar?cites=3854996126179762237&as_sdt=2005&sciodt=0,5&hl=en",242,"2022-08-15 21:28:05","","","","",,,,,297,13.50,149,2,22,"… One should note that by considering each 13-year period within a state as a single … The standard errors we report are on average 3.3 times larger than the OLS standard errors and in …","http://citeseerx.ist.psu.edu/viewdoc/download?doi=10.1.1.195.3014&rep=rep1&type=pdf","https://scholar.google.com/scholar?q=related:PaBzV42yfzUJ:scholar.google.com/&scioq=duration+%22standard+error%22%7C%22standard+errors%22%7Cpbd%7C%22benefit+duration%22%7Cwba%7C%22weekly+benefit+amount%22%7C%22replacement+rate%22+%22unemployment+insurance%22&hl=en&as_sdt=0,5"
150,"PM Anderson, BD Meyer","Unemployment Insurance in the United States: layoff incentives and cross subsidies",1993,"Journal of labor economics","journals.uchicago.edu","https://www.journals.uchicago.edu/doi/abs/10.1086/298329","https://scholar.google.com/scholar?cites=16444049972720482432&as_sdt=2005&sciodt=0,5&hl=en",315,"2022-08-15 21:28:05","","10.1086/298329","","",,,,,150,5.17,75,2,29,"… This article surveys unemployment insurance in the US and provides new evidence on the … of 26 and base period earnings divided by three times the weekly benefit amount. Base …","https://voices.uchicago.edu/brucemeyer/files/2019/11/AndersonMeyerJOLE1993.pdf","https://scholar.google.com/scholar?q=related:gLjGbFMANeQJ:scholar.google.com/&scioq=duration+%22standard+error%22%7C%22standard+errors%22%7Cpbd%7C%22benefit+duration%22%7Cwba%7C%22weekly+benefit+amount%22%7C%22replacement+rate%22+%22unemployment+insurance%22&hl=en&as_sdt=0,5"
20,"PM Anderson, BD Meyer","Using a natural experiment to estimate the effects of the unemployment insurance payroll tax on wages, employment, claims, and denials",1998,"","nber.org","https://www.nber.org/papers/w6808","https://scholar.google.com/scholar?cites=11387579402848899109&as_sdt=2005&sciodt=0,5&hl=en",841,"2022-08-15 21:28:05","","","","",,,,,20,0.83,10,2,24,"… the period surrounding the tax change.In order to look at a change in taxes that is not a function of firm actions during the period … In all cases, the standard errors have been adjusted to …","https://www.nber.org/system/files/working_papers/w6808/w6808.pdf","https://scholar.google.com/scholar?q=related:JRBdBiLPCJ4J:scholar.google.com/&scioq=duration+%22standard+error%22%7C%22standard+errors%22%7Cpbd%7C%22benefit+duration%22%7Cwba%7C%22weekly+benefit+amount%22%7C%22replacement+rate%22+%22unemployment+insurance%22&hl=en&as_sdt=0,5"
7254,"PRG Layard, R Layard, SJ Nickell, R Jackman","Unemployment: macroeconomic performance and the labour market",2005,"","books.google.com","https://books.google.com/books?hl=en&lr=&id=4oGUAkVG1e0C&oi=fnd&pg=PR13&dq=duration+%22standard+error%22%7C%22standard+errors%22%7Cpbd%7C%22benefit+duration%22%7Cwba%7C%22weekly+benefit+amount%22%7C%22replacement+rate%22+%22unemployment+insurance%22&ots=BK9aUEN1CX&sig=plJmeu8xL7wCZZZkRCFv3BGkjj0","https://scholar.google.com/scholar?cites=3636908951186641243&as_sdt=2005&sciodt=0,5&hl=en",574,"2022-08-15 21:28:05","BOOK","","","",,,,,7254,426.71,1814,4,17,"… types in the 1st year duration category and a measure of benefit duration equal to [0.6 (2nd and 3rd year replacement ratio) + 0.4 (4th … So our measure of benefit duration is the level of …","","https://scholar.google.com/scholar?q=related:WxHrA2zleDIJ:scholar.google.com/&scioq=duration+%22standard+error%22%7C%22standard+errors%22%7Cpbd%7C%22benefit+duration%22%7Cwba%7C%22weekly+benefit+amount%22%7C%22replacement+rate%22+%22unemployment+insurance%22&hl=en&as_sdt=0,5"
13,"PT Decker","An Analysis of Pooled Evidence from Pennsylvania and Washington Reemployment Bonus Demonstrations",1993,"","books.google.com","https://books.google.com/books?hl=en&lr=&id=R0IHh2ZZuXoC&oi=fnd&pg=PR9&dq=duration+%22standard+error%22%7C%22standard+errors%22%7Cpbd%7C%22benefit+duration%22%7Cwba%7C%22weekly+benefit+amount%22%7C%22replacement+rate%22+%22unemployment+insurance%22&ots=N6jExjrcmU&sig=LKDuYz1rqvRhTzGKpNn4V0ZwJCI","https://scholar.google.com/scholar?cites=1849265333995193874&as_sdt=2005&sciodt=0,5&hl=en",842,"2022-08-15 21:28:05","BOOK","","","",,,,,13,0.45,13,1,29,"… analyses dealing with unemployment insurance issues. Papers … weekly benefit amount (WBA): two times the claimant's WBA, … to the claimant's potential UI duration, measured in weeks: …","https://books.google.com/books?hl=en&lr=&id=R0IHh2ZZuXoC&oi=fnd&pg=PR9&dq=duration+%22standard+error%22%7C%22standard+errors%22%7Cpbd%7C%22benefit+duration%22%7Cwba%7C%22weekly+benefit+amount%22%7C%22replacement+rate%22+%22unemployment+insurance%22&ots=N6jExjrcmU&sig=LKDuYz1rqvRhTzGKpNn4V0ZwJCI","https://scholar.google.com/scholar?q=related:EkY6AAbpqRkJ:scholar.google.com/&scioq=duration+%22standard+error%22%7C%22standard+errors%22%7Cpbd%7C%22benefit+duration%22%7Cwba%7C%22weekly+benefit+amount%22%7C%22replacement+rate%22+%22unemployment+insurance%22&hl=en&as_sdt=0,5"
66,"PT Decker, CJ L'Leary","Evaluating pooled evidence from the reemployment bonus experiments",1995,"Journal of Human Resources","JSTOR","https://www.jstor.org/stable/146034","https://scholar.google.com/scholar?cites=13531758846009427489&as_sdt=2005&sciodt=0,5&hl=en",362,"2022-08-15 21:28:05","","","","",,,,,66,2.44,33,2,27,"… and Washington the effect of offering Unemployment Insurance (UI) claimant nus for rapid … qualification period), does not differ significantly from zero given the standard errors associ…","https://research.upjohn.org/cgi/viewcontent.cgi?article=1045&context=up_workingpapers","https://scholar.google.com/scholar?q=related:IUak4vl2yrsJ:scholar.google.com/&scioq=duration+%22standard+error%22%7C%22standard+errors%22%7Cpbd%7C%22benefit+duration%22%7Cwba%7C%22weekly+benefit+amount%22%7C%22replacement+rate%22+%22unemployment+insurance%22&hl=en&as_sdt=0,5"
7,"PT Decker, CJ O'Leary…","Bonus impacts on receipt of unemployment insurance",2001,"… Unemployment Insurance …","books.google.com","https://books.google.com/books?hl=en&lr=&id=6r-L8SknNQMC&oi=fnd&pg=PA105&dq=duration+%22standard+error%22%7C%22standard+errors%22%7Cpbd%7C%22benefit+duration%22%7Cwba%7C%22weekly+benefit+amount%22%7C%22replacement+rate%22+%22unemployment+insurance%22&ots=qY6jWqpWBd&sig=TOGExU4INDhI1r8j60JMrT69mHA","https://scholar.google.com/scholar?cites=4904146170078874519&as_sdt=2005&sciodt=0,5&hl=en",176,"2022-08-15 21:28:05","","","","",,,,,7,0.33,2,3,21,"… average WBA and a longer average qualiﬁcation period than … WBA than Illinois, but the average qualiﬁcation period in … the uniform 11-week qualiﬁcation period in Illinois. A variety of …","https://research.upjohn.org/cgi/viewcontent.cgi?article=1393&context=up_bookchapters","https://scholar.google.com/scholar?q=related:l8skWvUGD0QJ:scholar.google.com/&scioq=duration+%22standard+error%22%7C%22standard+errors%22%7Cpbd%7C%22benefit+duration%22%7Cwba%7C%22weekly+benefit+amount%22%7C%22replacement+rate%22+%22unemployment+insurance%22&hl=en&as_sdt=0,5"
3,"PT Decker, CJ O'Leary…","Impacts on Employment and Earnings",2001,"… Unemployment Insurance …","books.google.com","https://books.google.com/books?hl=en&lr=&id=6r-L8SknNQMC&oi=fnd&pg=PA151&dq=duration+%22standard+error%22%7C%22standard+errors%22%7Cpbd%7C%22benefit+duration%22%7Cwba%7C%22weekly+benefit+amount%22%7C%22replacement+rate%22+%22unemployment+insurance%22&ots=qY6jWqsTBm&sig=Gtae-wXtJ_MuE0LaaWx51ZiMWeQ","https://scholar.google.com/scholar?cites=8253181976016445377&as_sdt=2005&sciodt=0,5&hl=en",614,"2022-08-15 21:28:05","","","","",,,,,3,0.14,1,3,21,"… race, gender, age, base period earnings, and WBA. Model 3 uses the change in quarterly earnings between the base period before the layoff and the … c WBA= Weekly UI beneﬁt amount. …","https://research.upjohn.org/cgi/viewcontent.cgi?article=1396&context=up_bookchapters","https://scholar.google.com/scholar?q=related:wd8dq0cxiXIJ:scholar.google.com/&scioq=duration+%22standard+error%22%7C%22standard+errors%22%7Cpbd%7C%22benefit+duration%22%7Cwba%7C%22weekly+benefit+amount%22%7C%22replacement+rate%22+%22unemployment+insurance%22&hl=en&as_sdt=0,5"
3,"PT Decker, CJ O'Leary…","Impacts on Employment and Earnings",2001,"… Unemployment Insurance …","books.google.com","https://books.google.com/books?hl=en&lr=&id=6r-L8SknNQMC&oi=fnd&pg=PA151&dq=duration+%22standard+error%22%7C%22standard+errors%22%7Cpbd%7C%22benefit+duration%22%7Cwba%7C%22weekly+benefit+amount%22%7C%22replacement+rate%22+%22unemployment+insurance%22&ots=qY6jWquWuk&sig=TUvWylOh1yOKcPEpfW4tpy1sMlI","https://scholar.google.com/scholar?cites=8253181976016445377&as_sdt=2005&sciodt=0,5&hl=en",952,"2022-08-15 21:28:05","","","","",,,,,3,0.14,1,3,21,"… race, gender, age, base period earnings, and WBA. Model 3 uses the change in quarterly earnings between the base period before the layoff and the … c WBA= Weekly UI beneﬁt amount. …","https://research.upjohn.org/cgi/viewcontent.cgi?article=1396&context=up_bookchapters","https://scholar.google.com/scholar?q=related:wd8dq0cxiXIJ:scholar.google.com/&scioq=duration+%22standard+error%22%7C%22standard+errors%22%7Cpbd%7C%22benefit+duration%22%7Cwba%7C%22weekly+benefit+amount%22%7C%22replacement+rate%22+%22unemployment+insurance%22&hl=en&as_sdt=0,5"
7,"R Absar, T Bui, K Young","The effect of extending unemployment insurance benefits on state unemployment rates",2013,"The Public Purpose","american.edu","https://www.american.edu/spa/publicpurpose/upload/2013_unemployment.pdf","https://scholar.google.com/scholar?cites=4289429972792429204&as_sdt=2005&sciodt=0,5&hl=en",967,"2022-08-15 21:28:05","PDF","","","",,,,,7,0.78,2,3,9,"… Given the focus of this analysis and time period of … standard errors are used so inferences are robust to both heteroskedasticity and serial correlation. Even using robust standard errors, …","https://www.american.edu/spa/publicpurpose/upload/2013_unemployment.pdf","https://scholar.google.com/scholar?q=related:lMo0edUdhzsJ:scholar.google.com/&scioq=duration+%22standard+error%22%7C%22standard+errors%22%7Cpbd%7C%22benefit+duration%22%7Cwba%7C%22weekly+benefit+amount%22%7C%22replacement+rate%22+%22unemployment+insurance%22&hl=en&as_sdt=0,5"
18,"R Bouis, O Causa, L Demmou…","How quickly does structural reform pay off? An empirical analysis of the short-term effects of unemployment benefit reform",2012,"IZA Journal of Labor …","izajolp.springeropen.com","https://izajolp.springeropen.com/articles/10.1186/2193-9004-1-12","https://scholar.google.com/scholar?cites=10042443735476460335&as_sdt=2005&sciodt=0,5&hl=en",272,"2022-08-15 21:28:05","HTML","10.1186/2193-9004-1-12","","",,,,,18,1.80,5,4,10,"… of unemployment insurance depends on both replacement rates and the duration of benefits… impact of benefit duration reforms seems to take more time to materialize, up to five years. …","https://izajolp.springeropen.com/articles/10.1186/2193-9004-1-12","https://scholar.google.com/scholar?q=related:L9vryV7tXYsJ:scholar.google.com/&scioq=duration+%22standard+error%22%7C%22standard+errors%22%7Cpbd%7C%22benefit+duration%22%7Cwba%7C%22weekly+benefit+amount%22%7C%22replacement+rate%22+%22unemployment+insurance%22&hl=en&as_sdt=0,5"
0,"R Calvert Jump","A Fair Wage Explanation of Labour Market Volatility",2014,"","econpapers.repec.org","https://econpapers.repec.org/paper/ukcukcedp/1413.htm","",741,"2022-08-15 21:28:05","","","","",,,,,0,0.00,0,1,8,"… , increases in the gross replacement rate of public unemployment insurance are shown to … For a sample of 14 OECD countries over the period 1985-2005, the gross replacement rate …","",""
469,"R Carrasco","Transitions to and from self‐employment in Spain: an empirical analysis",1999,"oxford Bulletin of Economics and Statistics","Wiley Online Library","https://onlinelibrary.wiley.com/doi/abs/10.1111/1468-0084.00132","https://scholar.google.com/scholar?cites=6894756859712305004&as_sdt=2005&sciodt=0,5&hl=en",965,"2022-08-15 21:28:05","","10.1111/1468-0084.00132","","",,,,,469,20.39,469,1,23,"… The unemployment insurance system (UI) pays benefits to … exit from self-employment on the length of time in business by estimating the … Therefore, we present standard errors robust to …","http://e-archivo.uc3m.es/bitstream/handle/10016/4681/tr?sequence=2","https://scholar.google.com/scholar?q=related:bPfWe9UYr18J:scholar.google.com/&scioq=duration+%22standard+error%22%7C%22standard+errors%22%7Cpbd%7C%22benefit+duration%22%7Cwba%7C%22weekly+benefit+amount%22%7C%22replacement+rate%22+%22unemployment+insurance%22&hl=en&as_sdt=0,5"
1056,"R Chetty","Moral hazard versus liquidity and optimal unemployment insurance",2008,"Journal of political Economy","journals.uchicago.edu","https://www.journals.uchicago.edu/doi/abs/10.1086/588585","https://scholar.google.com/scholar?cites=15861748372270415708&as_sdt=2005&sciodt=0,5&hl=en",96,"2022-08-15 21:28:05","","10.1086/588585","","",,,,,1056,75.43,1056,1,14,"… Replacement rate is individual benefit divided by weekly preunemployment predicted wage. Unemployment duration is defined as time … equity and the benefit duration elasticity. This is …","https://www.nber.org/system/files/working_papers/w13967/w13967.pdf","https://scholar.google.com/scholar?q=related:XP_O_RpAINwJ:scholar.google.com/&scioq=duration+%22standard+error%22%7C%22standard+errors%22%7Cpbd%7C%22benefit+duration%22%7Cwba%7C%22weekly+benefit+amount%22%7C%22replacement+rate%22+%22unemployment+insurance%22&hl=en&as_sdt=0,5"
38,"R Chetty","Optimal unemployment insurance when income effects are large",2004,"","nber.org","https://www.nber.org/papers/w10500","https://scholar.google.com/scholar?cites=16394589181099863536&as_sdt=2005&sciodt=0,5&hl=en",113,"2022-08-15 21:28:05","","","","",,,,,38,2.11,38,1,18,"… Higher levels of risk aversion sharply increase the optimal replacement rate, as shown … of unemployment insurance. Using crossstate and time variation in unemployment insurance laws…","https://www.nber.org/system/files/working_papers/w10500/w10500.pdf","https://scholar.google.com/scholar?q=related:8G3ref9HheMJ:scholar.google.com/&scioq=duration+%22standard+error%22%7C%22standard+errors%22%7Cpbd%7C%22benefit+duration%22%7Cwba%7C%22weekly+benefit+amount%22%7C%22replacement+rate%22+%22unemployment+insurance%22&hl=en&as_sdt=0,5"
5,"R Chetty","Moral hazard vs. liquidity in unemployment insurance",2007,"","economics.yale.edu","http://economics.yale.edu/sites/default/files/files/Workshops-Seminars/Labor-Public/chetty-070907.pdf","https://scholar.google.com/scholar?cites=897757250994176596&as_sdt=2005&sciodt=0,5&hl=en",450,"2022-08-15 21:28:05","PDF","","","",,,,,5,0.33,5,1,15,"… This implies that the optimal wage replacement rate for UI … In addition to the empirical literature on unemployment insurance, … duration of 18.3 weeks with a UI replacement rate of 50%, …","http://economics.yale.edu/sites/default/files/files/Workshops-Seminars/Labor-Public/chetty-070907.pdf","https://scholar.google.com/scholar?q=related:VAIKmHZ5dQwJ:scholar.google.com/&scioq=duration+%22standard+error%22%7C%22standard+errors%22%7Cpbd%7C%22benefit+duration%22%7Cwba%7C%22weekly+benefit+amount%22%7C%22replacement+rate%22+%22unemployment+insurance%22&hl=en&as_sdt=0,5"
0,"R Cifranic","Unemployment Rate and Its Relationship with Enhanced Pandemic Benefits",2022,"","scholarworks.calstate.edu","https://scholarworks.calstate.edu/concern/projects/hq37vv10z","",360,"2022-08-15 21:28:05","","","","",,,,,0,0.00,0,1,1,"… unemployment insurance available for the full duration, but … The results indicate that PBD had nearly zero effect on … month of benefits after an initial PBD of 10 months caused the …","https://scholarworks.calstate.edu/downloads/zg64ts310",""
0,"R Felder, H Frings, N Mittag","How Does Potential Unemployment Insurance Benefit Duration Affect Re-employment Timing, Sorting and Wages?",2018,"","conference.iza.org","http://conference.iza.org/conference_files/SUM_2018/felder_r26419.pdf","",186,"2022-08-15 21:28:05","PDF","","","",,,,,0,0.00,0,3,4,"… To further clarify the nature of PBD effects and to separate unemployment duration, search and selection effects, we decompose wages into individual, firm and match specific wage …","http://conference.iza.org/conference_files/SUM_2018/felder_r26419.pdf","https://scholar.google.com/scholar?q=related:01YA7LSRBm0J:scholar.google.com/&scioq=duration+%22standard+error%22%7C%22standard+errors%22%7Cpbd%7C%22benefit+duration%22%7Cwba%7C%22weekly+benefit+amount%22%7C%22replacement+rate%22+%22unemployment+insurance%22&hl=en&as_sdt=0,5"
106,"R Kekre","Unemployment insurance in macroeconomic stabilization",2021,"","nber.org","https://www.nber.org/papers/w29505","https://scholar.google.com/scholar?cites=12741540068750860610&as_sdt=2005&sciodt=0,5&hl=en",248,"2022-08-15 21:28:05","","","","",,,,,106,106.00,106,1,1,"… 1−ω0 of household income prior to job loss; UI policy parameters in period t are replacement rate rrt, maximum benefit level uit, and duration dt; and {ω1,ω2} control the level of non-UI …","https://www.nber.org/system/files/working_papers/w29505/w29505.pdf","https://scholar.google.com/scholar?q=related:QiFNWS8L07AJ:scholar.google.com/&scioq=duration+%22standard+error%22%7C%22standard+errors%22%7Cpbd%7C%22benefit+duration%22%7Cwba%7C%22weekly+benefit+amount%22%7C%22replacement+rate%22+%22unemployment+insurance%22&hl=en&as_sdt=0,5"
0,"R Kessler","Does Unemployment Insurance Stabilize the Housing Market? A comment on Hsu, Matsa, and Melzer (2018)",2019,"","ryanedmundkessler.github.io","https://ryanedmundkessler.github.io/files/hmm_comment.pdf","",418,"2022-08-15 21:28:05","PDF","","","",,,,,0,0.00,0,1,3,"… Exploiting time-series variation in regular state UI generosity and cross-sectional variation … WBA. HMM use the product of the maximum WBA and the maximum benefit duration as their …","https://ryanedmundkessler.github.io/files/hmm_comment.pdf","https://scholar.google.com/scholar?q=related:KKnHGtxWaBcJ:scholar.google.com/&scioq=duration+%22standard+error%22%7C%22standard+errors%22%7Cpbd%7C%22benefit+duration%22%7Cwba%7C%22weekly+benefit+amount%22%7C%22replacement+rate%22+%22unemployment+insurance%22&hl=en&as_sdt=0,5"
297,"R Lalive","Unemployment benefits, unemployment duration, and post-unemployment jobs: A regression discontinuity approach",2007,"American Economic Review","pubs.aeaweb.org","https://pubs.aeaweb.org/doi/abs/10.1257/aer.97.2.108","https://scholar.google.com/scholar?cites=16363586784399568781&as_sdt=2005&sciodt=0,5&hl=en",23,"2022-08-15 21:28:05","","10.1257/aer.97.2.108","","",,,,,297,19.80,297,1,15,"… duration. The second strand of the lit erature is concerned with measuring the effects of the unemployment insurance … changes in benefit duration on unemployment duration, duration of …","https://serval.unil.ch/resource/serval:BIB_E42BB4D7C043.P001/REF.pdf","https://scholar.google.com/scholar?q=related:ja9pf3sjF-MJ:scholar.google.com/&scioq=duration+%22standard+error%22%7C%22standard+errors%22%7Cpbd%7C%22benefit+duration%22%7Cwba%7C%22weekly+benefit+amount%22%7C%22replacement+rate%22+%22unemployment+insurance%22&hl=en&as_sdt=0,5"
411,"R Lalive","How do extended benefits affect unemployment duration? A regression discontinuity approach",2008,"Journal of econometrics","Elsevier","https://www.sciencedirect.com/science/article/pii/S0304407607001170","https://scholar.google.com/scholar?cites=10463420320306209569&as_sdt=2005&sciodt=0,5&hl=en",431,"2022-08-15 21:28:05","","","","",,,,,411,29.36,411,1,14,"… benefit duration on unemployment duration are primarily based on extensions of benefit duration … This section discusses the Austrian unemployment insurance and early retirement …","https://www.econstor.eu/bitstream/10419/25810/1/517022656.PDF","https://scholar.google.com/scholar?q=related:IaN0_1eJNZEJ:scholar.google.com/&scioq=duration+%22standard+error%22%7C%22standard+errors%22%7Cpbd%7C%22benefit+duration%22%7Cwba%7C%22weekly+benefit+amount%22%7C%22replacement+rate%22+%22unemployment+insurance%22&hl=en&as_sdt=0,5"
9,"R Lalive","How to Extended Benefits Affect Unemployment Duration?",2006,"","Citeseer","https://citeseerx.ist.psu.edu/viewdoc/download?doi=10.1.1.558.8958&rep=rep1&type=pdf","https://scholar.google.com/scholar?cites=16347357583560160740&as_sdt=2005&sciodt=0,5&hl=en",914,"2022-08-15 21:28:05","BOOK","","","",,,,,9,0.56,9,1,16,"… benefit duration on unemployment duration are primarily based on extensions of benefit duration … This section discusses the Austrian unemployment insurance and early retirement …","https://citeseerx.ist.psu.edu/viewdoc/download?doi=10.1.1.558.8958&rep=rep1&type=pdf","https://scholar.google.com/scholar?q=related:5DVkOBx73eIJ:scholar.google.com/&scioq=duration+%22standard+error%22%7C%22standard+errors%22%7Cpbd%7C%22benefit+duration%22%7Cwba%7C%22weekly+benefit+amount%22%7C%22replacement+rate%22+%22unemployment+insurance%22&hl=en&as_sdt=0,5"
203,"R Lalive, C Landais, J Zweimüller","Market externalities of large unemployment insurance extension programs",2015,"American Economic Review","aeaweb.org","https://www.aeaweb.org/articles?id=10.1257/aer.20131273","https://scholar.google.com/scholar?cites=12145700810784754378&as_sdt=2005&sciodt=0,5&hl=en",139,"2022-08-15 21:28:05","","","","",,,,,203,29.00,68,3,7,"… recurrently checked and can last for an indefinite time period. Post-UB transfers can be at … the entire non-REBP region, we cluster standard errors at the region-year level. In online …","http://eprints.lse.ac.uk/64566/1/Market%20externalities.pdf","https://scholar.google.com/scholar?q=related:ysr_ZokyjqgJ:scholar.google.com/&scioq=duration+%22standard+error%22%7C%22standard+errors%22%7Cpbd%7C%22benefit+duration%22%7Cwba%7C%22weekly+benefit+amount%22%7C%22replacement+rate%22+%22unemployment+insurance%22&hl=en&as_sdt=0,5"
409,"R Lalive, J Van Ours, J Zweimüller","How changes in financial incentives affect the duration of unemployment",2006,"The Review of Economic …","academic.oup.com","https://academic.oup.com/restud/article-abstract/73/4/1009/1572993","https://scholar.google.com/scholar?cites=13586206457960593885&as_sdt=2005&sciodt=0,5&hl=en",1,"2022-08-15 21:28:05","","","","",,,,,409,25.56,136,3,16,"… unemployment insurance—the benefit replacement rate (RR) and the potential benefit duration (PBD)—affect the duration … second group experienced an extension of PBD; a third group …","https://www.econstor.eu/bitstream/10419/18701/1/cesifo1_wp1337.pdf","https://scholar.google.com/scholar?q=related:3fnba8rmi7wJ:scholar.google.com/&scioq=duration+%22standard+error%22%7C%22standard+errors%22%7Cpbd%7C%22benefit+duration%22%7Cwba%7C%22weekly+benefit+amount%22%7C%22replacement+rate%22+%22unemployment+insurance%22&hl=en&as_sdt=0,5"
203,"R Lalive, J Zweimüller","Benefit entitlement and unemployment duration: The role of policy endogeneity",2004,"Journal of public economics","Elsevier","https://www.sciencedirect.com/science/article/pii/S0047272703001427","https://scholar.google.com/scholar?cites=15510418529403723773&as_sdt=2005&sciodt=0,5&hl=en",428,"2022-08-15 21:28:05","","","","",,,,,203,11.28,102,2,18,"… To assess the impact of benefit duration on transition rates to new jobs we use longitudinal … In this paper, we exploit the successive changes in unemployment insurance rules provided …","https://www.research-collection.ethz.ch/bitstream/handle/20.500.11850/146652/1/eth-25614-01.pdf","https://scholar.google.com/scholar?q=related:_d--inkTQNcJ:scholar.google.com/&scioq=duration+%22standard+error%22%7C%22standard+errors%22%7Cpbd%7C%22benefit+duration%22%7Cwba%7C%22weekly+benefit+amount%22%7C%22replacement+rate%22+%22unemployment+insurance%22&hl=en&as_sdt=0,5"
47,"R Lalive, J Zweimüller","Benefit entitlement and the labor market: evidence from a large-scale policy change",2002,"Available at SSRN 304440","papers.ssrn.com","https://papers.ssrn.com/sol3/papers.cfm?abstract_id=304440","https://scholar.google.com/scholar?cites=10136485583975396244&as_sdt=2005&sciodt=0,5&hl=en",659,"2022-08-15 21:28:05","","","","",,,,,47,2.35,24,2,20,"… -benefit duration was 30 weeks provided that the unemployed had paid unemployment insurance … The results in this paper suggest that half of the difference in unemployment duration …","https://www.econstor.eu/bitstream/10419/21512/1/dp444.pdf","https://scholar.google.com/scholar?q=related:lLO45-4HrIwJ:scholar.google.com/&scioq=duration+%22standard+error%22%7C%22standard+errors%22%7Cpbd%7C%22benefit+duration%22%7Cwba%7C%22weekly+benefit+amount%22%7C%22replacement+rate%22+%22unemployment+insurance%22&hl=en&as_sdt=0,5"
0,"R Lalive, J van Ours, J Zweimüller","How Changes in Financial",,"","","","",770,"2022-08-15 21:28:05","CITATION","","","",,,,,0,0.00,0,3,,"","","https://scholar.google.com/scholar?q=related:zhQsl6MBjScJ:scholar.google.com/&scioq=duration+%22standard+error%22%7C%22standard+errors%22%7Cpbd%7C%22benefit+duration%22%7Cwba%7C%22weekly+benefit+amount%22%7C%22replacement+rate%22+%22unemployment+insurance%22&hl=en&as_sdt=0,5"
394,"R Lalive, JC Van Ours…","The effect of benefit sanctions on the duration of unemployment",2005,"Journal of the European …","academic.oup.com","https://academic.oup.com/jeea/article-abstract/3/6/1386/2281184","https://scholar.google.com/scholar?cites=6432882912897701307&as_sdt=2005&sciodt=0,5&hl=en",679,"2022-08-15 21:28:05","","","","",,,,,394,23.18,131,3,17,"… Recent work on optimal unemployment insurance has … —in an optimal unemployment insurance system. An interesting … iii) generalized least squares standard errors represent an upper …","https://www.research-collection.ethz.ch/bitstream/handle/20.500.11850/146650/eth-25612-01.pdf?sequence=1","https://scholar.google.com/scholar?q=related:u5XyKO0wRlkJ:scholar.google.com/&scioq=duration+%22standard+error%22%7C%22standard+errors%22%7Cpbd%7C%22benefit+duration%22%7Cwba%7C%22weekly+benefit+amount%22%7C%22replacement+rate%22+%22unemployment+insurance%22&hl=en&as_sdt=0,5"
45,"R Lalive, JC van Ours, J Zweimüller","Equilibrium unemployment and the duration of unemployment benefits",2011,"Journal of Population Economics","Springer","https://link.springer.com/article/10.1007/s00148-010-0318-8","https://scholar.google.com/scholar?cites=5054226939214591523&as_sdt=2005&sciodt=0,5&hl=en",28,"2022-08-15 21:28:05","","10.1007/s00148-010-0318-8","","",,,,,45,4.09,15,3,11,"… unemployment insurance system that lead to a quasi-experimental situation allowing us to estimate benefit-duration … government made unemployment insurance more generous by …","https://core.ac.uk/download/pdf/159146058.pdf","https://scholar.google.com/scholar?q=related:I3YYbp84JEYJ:scholar.google.com/&scioq=duration+%22standard+error%22%7C%22standard+errors%22%7Cpbd%7C%22benefit+duration%22%7Cwba%7C%22weekly+benefit+amount%22%7C%22replacement+rate%22+%22unemployment+insurance%22&hl=en&as_sdt=0,5"
8,"R Lalive, JC van Ours, J Zweimüller","How changes in potential benefit duration affect equilibrium unemployment",2006,"","papers.ssrn.com","https://papers.ssrn.com/sol3/papers.cfm?abstract_id=939506","https://scholar.google.com/scholar?cites=10579722618103636241&as_sdt=2005&sciodt=0,5&hl=en",50,"2022-08-15 21:28:05","","","","",,,,,8,0.50,3,3,16,"… about 14 weeks of benefit duration to increase unem& ployment duration by one week. … Our analysis is based on a change in the Austrian unemployment insurance system that lead to a …","https://core.ac.uk/download/pdf/6794847.pdf","https://scholar.google.com/scholar?q=related:EaE72qq50pIJ:scholar.google.com/&scioq=duration+%22standard+error%22%7C%22standard+errors%22%7Cpbd%7C%22benefit+duration%22%7Cwba%7C%22weekly+benefit+amount%22%7C%22replacement+rate%22+%22unemployment+insurance%22&hl=en&as_sdt=0,5"
0,"R Lalive, JC van Ours, J Zweimüller","DP4986 How Changes in Financial Incentives Affect the Duration of Unemployment",2005,"","","","",743,"2022-08-15 21:28:05","CITATION","","","",,,,,0,0.00,0,3,17,"","",""
9,"R Lantis, B Teahan","The effect of unemployment insurance on alcohol use and abuse following job loss",2018,"Economics & Human Biology","Elsevier","https://www.sciencedirect.com/science/article/pii/S1570677X18300480","https://scholar.google.com/scholar?cites=1963060943606475632&as_sdt=2005&sciodt=0,5&hl=en",150,"2022-08-15 21:28:05","","","","",,,,,9,2.25,5,2,4,"… status, wealth) are included to address concerns that changes in the composition of the unemployed within a state over time that affect the average replacement rate bias our results. …","","https://scholar.google.com/scholar?q=related:cGsbCIcxPhsJ:scholar.google.com/&scioq=duration+%22standard+error%22%7C%22standard+errors%22%7Cpbd%7C%22benefit+duration%22%7Cwba%7C%22weekly+benefit+amount%22%7C%22replacement+rate%22+%22unemployment+insurance%22&hl=en&as_sdt=0,5"
30,"R Layte, T Callan","Unemployment, welfare benefits and the financial incentive to work",2001,"Vol. XX, No. XX, Issue, Year","esr.ie","https://www.esr.ie/ESR_papers/vol32_2/Vol32_2callan.pdf","https://scholar.google.com/scholar?cites=6237939109446449374&as_sdt=2005&sciodt=0,5&hl=en",516,"2022-08-15 21:28:05","PDF","","","",,,,,30,1.43,15,2,21,"… no distinction between unemployment insurance benefits and … that benefits are of indefinite duration, are not monitored and … the spell duration, replacement rate and time to benefit …","https://www.esr.ie/ESR_papers/vol32_2/Vol32_2callan.pdf","https://scholar.google.com/scholar?q=related:3ngS7ZGckVYJ:scholar.google.com/&scioq=duration+%22standard+error%22%7C%22standard+errors%22%7Cpbd%7C%22benefit+duration%22%7Cwba%7C%22weekly+benefit+amount%22%7C%22replacement+rate%22+%22unemployment+insurance%22&hl=en&as_sdt=0,5"
157,"R Lentz","Optimal unemployment insurance in an estimated job search model with savings",2009,"Review of Economic Dynamics","Elsevier","https://www.sciencedirect.com/science/article/pii/S1094202508000033","https://scholar.google.com/scholar?cites=12071872192859483326&as_sdt=2005&sciodt=0,5&hl=en",126,"2022-08-15 21:28:05","","","","",,,,,157,12.08,157,1,13,"… % replacement rate for an interest rate almost equal to the subjective discount rate to an 82% replacement rate for a … The optimal payment of unemployment insurance benefits over time. …","https://sites.google.com/a/wisc.edu/rasmus-lentz/ressources/Lentz_2009_RED.pdf","https://scholar.google.com/scholar?q=related:vixOxcznh6cJ:scholar.google.com/&scioq=duration+%22standard+error%22%7C%22standard+errors%22%7Cpbd%7C%22benefit+duration%22%7Cwba%7C%22weekly+benefit+amount%22%7C%22replacement+rate%22+%22unemployment+insurance%22&hl=en&as_sdt=0,5"
35,"R Lentz","Optimal unemployment insurance in an estimated job search model with savings",2004,"","cep.lse.ac.uk","https://cep.lse.ac.uk/seminarpapers/09-03-04-len.pdf","https://scholar.google.com/scholar?cites=9821629525543342262&as_sdt=2005&sciodt=0,5&hl=en",283,"2022-08-15 21:28:05","BOOK","","","",,,,,35,1.94,35,1,18,"… replacement rate (that is, the benefit level relative to the expected wage) is highly sensitive to the interest rate, ranging from a 43% replacement rate for an … are of infinite duration. This is …","https://cep.lse.ac.uk/seminarpapers/09-03-04-len.pdf","https://scholar.google.com/scholar?q=related:ttB_KQRwTYgJ:scholar.google.com/&scioq=duration+%22standard+error%22%7C%22standard+errors%22%7Cpbd%7C%22benefit+duration%22%7Cwba%7C%22weekly+benefit+amount%22%7C%22replacement+rate%22+%22unemployment+insurance%22&hl=en&as_sdt=0,5"
597,"R Moffitt","Unemployment insurance and the distribution of unemployment spells",1985,"Journal of econometrics","Elsevier","https://www.sciencedirect.com/science/article/pii/0304407685900685","https://scholar.google.com/scholar?cites=12212422883206079666&as_sdt=2005&sciodt=0,5&hl=en",320,"2022-08-15 21:28:05","","","","",,,,,597,16.14,597,1,37,"… standard errors of the KM hazards. In the present application the KM estimators were calculated only for the constant-duration … at time t is the set of all those who have not exited by time t …","","https://scholar.google.com/scholar?q=related:sqRZeOg9e6kJ:scholar.google.com/&scioq=duration+%22standard+error%22%7C%22standard+errors%22%7Cpbd%7C%22benefit+duration%22%7Cwba%7C%22weekly+benefit+amount%22%7C%22replacement+rate%22+%22unemployment+insurance%22&hl=en&as_sdt=0,5"
41,"R Moffitt","Unemployment benefits and unemployment",2014,"IZA World of Labor","wol.iza.org","https://wol.iza.org/articles/unemployment-benefits-and-unemployment/long","https://scholar.google.com/scholar?cites=10336602548702999925&as_sdt=2005&sciodt=0,5&hl=en",377,"2022-08-15 21:28:05","HTML","","","",,,,,41,5.13,41,1,8,"… wage replacement rate, or the effect of the maximum duration … in the replacement rate leads to a half week increase in time … who are covered by unemployment insurance. Unemployed …","https://wol.iza.org/articles/unemployment-benefits-and-unemployment/long","https://scholar.google.com/scholar?q=related:dfXWm0D9co8J:scholar.google.com/&scioq=duration+%22standard+error%22%7C%22standard+errors%22%7Cpbd%7C%22benefit+duration%22%7Cwba%7C%22weekly+benefit+amount%22%7C%22replacement+rate%22+%22unemployment+insurance%22&hl=en&as_sdt=0,5"
357,"R Moffitt, W Nicholson","The effect of unemployment insurance on unemployment: the case of federal supplemental benefits",1982,"The Review of Economics and Statistics","JSTOR","https://www.jstor.org/stable/1937937","https://scholar.google.com/scholar?cites=4255298471581741507&as_sdt=2005&sciodt=0,5&hl=en",52,"2022-08-15 21:28:05","","","","",,,,,357,8.93,179,2,40,"… To model the effect of the duration of benefits-as well as the … response to changes in potential benefit duration, although the … the limited duration of unemployment insurance benefits can …","","https://scholar.google.com/scholar?q=related:w3HkE2rbDTsJ:scholar.google.com/&scioq=duration+%22standard+error%22%7C%22standard+errors%22%7Cpbd%7C%22benefit+duration%22%7Cwba%7C%22weekly+benefit+amount%22%7C%22replacement+rate%22+%22unemployment+insurance%22&hl=en&as_sdt=0,5"
41,"R Munts","Partial benefit schedules in unemployment insurance: their effect on work incentive",1970,"Journal of Human Resources","JSTOR","https://www.jstor.org/stable/144896","https://scholar.google.com/scholar?cites=5815711703339358984&as_sdt=2005&sciodt=0,5&hl=en",384,"2022-08-15 21:28:05","","","","",,,,,41,0.79,41,1,52,"… , these workers are paid unemployment insurance benefits, al… -that workers adjust their part-time work to serve their interests … with the weekly benefit amount for partial unemployment. …","","https://scholar.google.com/scholar?q=related:CNufMfuOtVAJ:scholar.google.com/&scioq=duration+%22standard+error%22%7C%22standard+errors%22%7Cpbd%7C%22benefit+duration%22%7Cwba%7C%22weekly+benefit+amount%22%7C%22replacement+rate%22+%22unemployment+insurance%22&hl=en&as_sdt=0,5"
3,"R Munts","Policy Development in Unemployment Insurance",1976,"","University of Wisconsin--Madison","","https://scholar.google.com/scholar?cites=4866569256470780150&as_sdt=2005&sciodt=0,5&hl=en",783,"2022-08-15 21:28:05","CITATION","","","",,,,,3,0.07,3,1,46,"","","https://scholar.google.com/scholar?q=related:9hjHXvSGiUMJ:scholar.google.com/&scioq=duration+%22standard+error%22%7C%22standard+errors%22%7Cpbd%7C%22benefit+duration%22%7Cwba%7C%22weekly+benefit+amount%22%7C%22replacement+rate%22+%22unemployment+insurance%22&hl=en&as_sdt=0,5"
0,"R RETICKER","Trends in Unemployment hmwance. Coverage and Benefit Legislation",,"Bulletin, December","137.200.4.16","https://137.200.4.16/policy/docs/ssb/v12n12/v12n12p11.pdf","",795,"2022-08-15 21:28:05","PDF","","","",,,,,0,0.00,0,1,,"… bills to amend their unemployment insurance laws. In a few … full-time work are less than half his weekly benefit amount, he … week of less than full-time work with earnings of less than his …","https://137.200.4.16/policy/docs/ssb/v12n12/v12n12p11.pdf",""
0,"R Rathelot, T Le Barbanchon, A Roulet","Unemployment Insurance and Reservation Wages: Evidence from Administrative Data",2017,"","portal.cepr.org","https://portal.cepr.org/discussion-paper/989","",227,"2022-08-15 21:28:05","","","","",,,,,0,0.00,0,3,5,"… effects of PBD on the desired number of hours, duration of labor contract and commuting time/distance. The estimated elasticity of actual benefit duration with respect to PBD of 0.3 is in …","","https://scholar.google.com/scholar?q=related:QBVtelfpEzsJ:scholar.google.com/&scioq=duration+%22standard+error%22%7C%22standard+errors%22%7Cpbd%7C%22benefit+duration%22%7Cwba%7C%22weekly+benefit+amount%22%7C%22replacement+rate%22+%22unemployment+insurance%22&hl=en&as_sdt=0,5"
1,"R Reticker","Trends in Unemployment Insurance Coverage and Benefit Legislation",1949,"Soc. Sec. Bull.","HeinOnline","https://heinonline.org/hol-cgi-bin/get_pdf.cgi?handle=hein.journals/ssbul12&section=102","https://scholar.google.com/scholar?cites=1260175276599653458&as_sdt=2005&sciodt=0,5&hl=en",499,"2022-08-15 21:28:05","","","","",,,,,1,0.01,1,1,73,"… separate bills to amend their unemployment insurance laws. In a few … Weekly benefit amount abbreviated as wba. . See also table 4 for wage credits required for maximum duration…","","https://scholar.google.com/scholar?q=related:UrRzxLwKfREJ:scholar.google.com/&scioq=duration+%22standard+error%22%7C%22standard+errors%22%7Cpbd%7C%22benefit+duration%22%7Cwba%7C%22weekly+benefit+amount%22%7C%22replacement+rate%22+%22unemployment+insurance%22&hl=en&as_sdt=0,5"
78,"R Uusitalo, J Verho","The effect of unemployment benefits on re-employment rates: Evidence from the Finnish unemployment insurance reform",2010,"Labour Economics","Elsevier","https://www.sciencedirect.com/science/article/pii/S0927537110000126","https://scholar.google.com/scholar?cites=11430965657162862613&as_sdt=2005&sciodt=0,5&hl=en",143,"2022-08-15 21:28:05","","","","",,,,,78,6.50,39,2,12,"… hazard with respect to change in replacement rate is − 1.13. … duration by 0.38 weeks. This implies that the elasticity of unemployment duration with respect to replacement rate is about …","https://www.econstor.eu/bitstream/10419/78662/1/54611136X.pdf","https://scholar.google.com/scholar?q=related:FdDhirPyop4J:scholar.google.com/&scioq=duration+%22standard+error%22%7C%22standard+errors%22%7Cpbd%7C%22benefit+duration%22%7Cwba%7C%22weekly+benefit+amount%22%7C%22replacement+rate%22+%22unemployment+insurance%22&hl=en&as_sdt=0,5"
0,"R Wages","Running Out of Time: Limited Unemployment Benefits",2011,"","economics.byu.edu","https://economics.byu.edu/https:/brightspotcdn.byu.edu/57/5e/671388894b53a9c15a31885d5bf8/limitedbenefits.pdf","",740,"2022-08-15 21:28:05","PDF","","","",,,,,0,0.00,0,1,11,"… unemployment insurance (UI) in an equilibrium environment in which unemployed workers only receive benefits for a finite length of time… changes in potential benefit duration. We show …","https://economics.byu.edu/https:/brightspotcdn.byu.edu/57/5e/671388894b53a9c15a31885d5bf8/limitedbenefits.pdf","https://scholar.google.com/scholar?q=related:rRsXfzZjzdkJ:scholar.google.com/&scioq=duration+%22standard+error%22%7C%22standard+errors%22%7Cpbd%7C%22benefit+duration%22%7Cwba%7C%22weekly+benefit+amount%22%7C%22replacement+rate%22+%22unemployment+insurance%22&hl=en&as_sdt=0,5"
31,"R West, I Dutta-Gupta, K Grant…","Strengthening unemployment protections in America",2016,"Center for …","georgetownpoverty.org","http://www.georgetownpoverty.org/wp-content/uploads/2019/08/GCPI-UI-JSA-Report-20160616-Access20190806.pdf","https://scholar.google.com/scholar?cites=15132129024076115977&as_sdt=2005&sciodt=0,5&hl=en",670,"2022-08-15 21:28:05","PDF","","","",,,,,31,5.17,8,4,6,"… , have paid into unemployment insurance via their employer’s … to supplement their weekly income with a part-time job.… 2015, in addition to cuting benefit duration nearly in half, UI served …","http://www.georgetownpoverty.org/wp-content/uploads/2019/08/GCPI-UI-JSA-Report-20160616-Access20190806.pdf","https://scholar.google.com/scholar?q=related:CXBvhywfANIJ:scholar.google.com/&scioq=duration+%22standard+error%22%7C%22standard+errors%22%7Cpbd%7C%22benefit+duration%22%7Cwba%7C%22weekly+benefit+amount%22%7C%22replacement+rate%22+%22unemployment+insurance%22&hl=en&as_sdt=0,5"
97,"R Winter-Ebmer","Benefit duration and unemployment entry: A quasi-experiment in Austria",2003,"European Economic Review","Elsevier","https://www.sciencedirect.com/science/article/pii/S0014292101001982","https://scholar.google.com/scholar?cites=13809595527375965567&as_sdt=2005&sciodt=0,5&hl=en",9,"2022-08-15 21:28:05","","","","",,,,,97,5.11,97,1,19,"… of benefit duration on unemployment entry. In principle, the benefit system can affect unemployment duration … institutional setting of the Austrian unemployment insurance system, as …","http://citeseerx.ist.psu.edu/viewdoc/download?doi=10.1.1.557.551&rep=rep1&type=pdf","https://scholar.google.com/scholar?q=related:f00RPfeJpb8J:scholar.google.com/&scioq=duration+%22standard+error%22%7C%22standard+errors%22%7Cpbd%7C%22benefit+duration%22%7Cwba%7C%22weekly+benefit+amount%22%7C%22replacement+rate%22+%22unemployment+insurance%22&hl=en&as_sdt=0,5"
120,"R Winter‐Ebmer","Potential unemployment benefit duration and spell length: lessons from a quasi‐experiment in Austria",1998,"Oxford Bulletin of Economics and Statistics","Wiley Online Library","https://onlinelibrary.wiley.com/doi/abs/10.1111/1468-0084.00085","https://scholar.google.com/scholar?cites=11778830285600838344&as_sdt=2005&sciodt=0,5&hl=en",8,"2022-08-15 21:28:05","","10.1111/1468-0084.00085","","",,,,,120,5.00,120,1,24,"… In the next section, I describe the institutional setting of the Austrian unemployment insurance system and the legal changes forming the quasiexperiment. Section III presents first a …","","https://scholar.google.com/scholar?q=related:yNLZ4rzPdqMJ:scholar.google.com/&scioq=duration+%22standard+error%22%7C%22standard+errors%22%7Cpbd%7C%22benefit+duration%22%7Cwba%7C%22weekly+benefit+amount%22%7C%22replacement+rate%22+%22unemployment+insurance%22&hl=en&as_sdt=0,5"
12,"R de Mooij","Towards efficient unemployment insurance in the Netherlands",2004,"","repub.eur.nl","https://repub.eur.nl/pub/1961/","https://scholar.google.com/scholar?cites=3595069912544890917&as_sdt=2005&sciodt=0,5&hl=en",368,"2022-08-15 21:28:05","","","","",,,,,12,0.67,12,1,18,"… Declining benefits provide incentives to exit unemployment so that unemployment duration falls. Empirical evidence finds a robust effect of benefit duration on the level and duration of …","https://repub.eur.nl/pub/1961/Towards%20efficient%20unemployment%20insurance%20in%20the%20Netherlands.pdf","https://scholar.google.com/scholar?q=related:JdDutwlB5DEJ:scholar.google.com/&scioq=duration+%22standard+error%22%7C%22standard+errors%22%7Cpbd%7C%22benefit+duration%22%7Cwba%7C%22weekly+benefit+amount%22%7C%22replacement+rate%22+%22unemployment+insurance%22&hl=en&as_sdt=0,5"
23,"RA Moffitt","The effect of the duration of unemployment benefits on work incentives: An analysis of four data sets",1985,"","… , Unemployment Insurance Service","","https://scholar.google.com/scholar?cites=14084413790426857891&as_sdt=2005&sciodt=0,5&hl=en",779,"2022-08-15 21:28:05","CITATION","","","",,,,,23,0.62,23,1,37,"","","https://scholar.google.com/scholar?q=related:o4EBULjjdcMJ:scholar.google.com/&scioq=duration+%22standard+error%22%7C%22standard+errors%22%7Cpbd%7C%22benefit+duration%22%7Cwba%7C%22weekly+benefit+amount%22%7C%22replacement+rate%22+%22unemployment+insurance%22&hl=en&as_sdt=0,5"
81,"RD Milbourne, DD Purvis, WD Scoones","Unemployment insurance and unemployment dynamics",1991,"Canadian journal of economics","JSTOR","https://www.jstor.org/stable/135694","https://scholar.google.com/scholar?cites=13295798415133269077&as_sdt=2005&sciodt=0,5&hl=en",325,"2022-08-15 21:28:05","","","","",,,,,81,2.61,27,3,31,"… is appropriate, since this is the rate upon which unemployment benefit duration is based. … quadratic time trend variables. The maximum unemployment insurance benefit duration series …","","https://scholar.google.com/scholar?q=related:VVw44zYqhLgJ:scholar.google.com/&scioq=duration+%22standard+error%22%7C%22standard+errors%22%7Cpbd%7C%22benefit+duration%22%7Cwba%7C%22weekly+benefit+amount%22%7C%22replacement+rate%22+%22unemployment+insurance%22&hl=en&as_sdt=0,5"
4,"RG Campos, I Reggio","Optimal unemployment insurance: Consumption versus expenditure",2016,"Labour Economics","Elsevier","https://www.sciencedirect.com/science/article/pii/S0927537115001232","https://scholar.google.com/scholar?cites=16197130313258702173&as_sdt=2005&sciodt=0,5&hl=en",480,"2022-08-15 21:28:05","","","","",,,,,4,0.67,2,2,6,"… For example, for a level of relative risk-aversion of 3, the optimal replacement rate according to the … use for their time, we focus in more detail on the allocation of time when unemployed. …","https://e-archivo.uc3m.es/bitstream/handle/10016/20042/we1502.pdf?sequence=1","https://scholar.google.com/scholar?q=related:XRV_LjTEx-AJ:scholar.google.com/&scioq=duration+%22standard+error%22%7C%22standard+errors%22%7Cpbd%7C%22benefit+duration%22%7Cwba%7C%22weekly+benefit+amount%22%7C%22replacement+rate%22+%22unemployment+insurance%22&hl=en&as_sdt=0,5"
0,"RG Edwards","Unemployment insurance in the Great Recession: moral hazard and consumption smoothing",2013,"","getd.libs.uga.edu","https://getd.libs.uga.edu/pdfs/edwards_raymond_g_201305_ma.pdf","",587,"2022-08-15 21:28:05","PDF","","","",,,,,0,0.00,0,1,9,"… of unemployment insurance on unemployment duration and … disincentive effects of unemployment insurance on job search. I … sure that the different benefit-duration elasticities …","https://getd.libs.uga.edu/pdfs/edwards_raymond_g_201305_ma.pdf","https://scholar.google.com/scholar?q=related:uGXLz1mDq0cJ:scholar.google.com/&scioq=duration+%22standard+error%22%7C%22standard+errors%22%7Cpbd%7C%22benefit+duration%22%7Cwba%7C%22weekly+benefit+amount%22%7C%22replacement+rate%22+%22unemployment+insurance%22&hl=en&as_sdt=0,5"
46,"RG Spiegelman, CJ O'Leary, KJ Kline","The Washington Reemployment Bonus Experiment: Final Report",1992,"Unemployment Insurance …","core.ac.uk","https://core.ac.uk/download/pdf/217637754.pdf","https://scholar.google.com/scholar?cites=12731623329878570662&as_sdt=2005&sciodt=0,5&hl=en",992,"2022-08-15 21:28:05","PDF","","","",,,,,46,1.53,15,3,30,"… For dislocated workers (defined as having been continuously employed for three years), middle and high WBA multiple bonus offers had large net societal benefits, but generated …","https://core.ac.uk/download/pdf/217637754.pdf","https://scholar.google.com/scholar?q=related:pvZ8p_bPr7AJ:scholar.google.com/&scioq=duration+%22standard+error%22%7C%22standard+errors%22%7Cpbd%7C%22benefit+duration%22%7Cwba%7C%22weekly+benefit+amount%22%7C%22replacement+rate%22+%22unemployment+insurance%22&hl=en&as_sdt=0,5"
37,"RG Valletta","Recent extensions of US unemployment benefits: search responses in alternative labor market states",2014,"IZA Journal of Labor Policy","izajolp.springeropen.com","https://izajolp.springeropen.com/articles/10.1186/2193-9004-3-18","https://scholar.google.com/scholar?cites=7042767541640544086&as_sdt=2005&sciodt=0,5&hl=en",301,"2022-08-15 21:28:05","HTML","10.1186/2193-9004-3-18","","",,,,,37,4.63,37,1,8,"… During the recent “Great Recession” and its aftermath, unemployment insurance (UI) … does not enable direct estimation of the response of unemployment duration to benefit duration. …","https://izajolp.springeropen.com/articles/10.1186/2193-9004-3-18","https://scholar.google.com/scholar?q=related:Vr8i08PvvGEJ:scholar.google.com/&scioq=duration+%22standard+error%22%7C%22standard+errors%22%7Cpbd%7C%22benefit+duration%22%7Cwba%7C%22weekly+benefit+amount%22%7C%22replacement+rate%22+%22unemployment+insurance%22&hl=en&as_sdt=0,5"
425,"RH Topel","On layoffs and unemployment insurance",1983,"The American Economic Review","JSTOR","https://www.jstor.org/stable/1816558","https://scholar.google.com/scholar?cites=18146586322844039707&as_sdt=2005&sciodt=0,5&hl=en",388,"2022-08-15 21:28:05","","","","",,,,,425,10.90,425,1,39,"… of providing and financing unemployment insurance (UI) affect the … , thus increasing the average duration of unemployment spells.' In … induced by a weekly benefit amount of $b is simply …","","https://scholar.google.com/scholar?q=related:G7oUqx2g1fsJ:scholar.google.com/&scioq=duration+%22standard+error%22%7C%22standard+errors%22%7Cpbd%7C%22benefit+duration%22%7Cwba%7C%22weekly+benefit+amount%22%7C%22replacement+rate%22+%22unemployment+insurance%22&hl=en&as_sdt=0,5"
240,"RH Topel","Equilibrium earnings, turnover, and unemployment: New evidence",1984,"Journal of Labor Economics","journals.uchicago.edu","https://www.journals.uchicago.edu/doi/abs/10.1086/298044","https://scholar.google.com/scholar?cites=15566594848330084221&as_sdt=2005&sciodt=0,5&hl=en",459,"2022-08-15 21:28:05","","10.1086/298044","","",,,,,240,6.32,240,1,38,"… between unemployment and the unemployment insurance replacement rate, R, for which a … this paper is that unemployment insurance increases both the frequency and the duration of …","","https://scholar.google.com/scholar?q=related:fe8jCYqnB9gJ:scholar.google.com/&scioq=duration+%22standard+error%22%7C%22standard+errors%22%7Cpbd%7C%22benefit+duration%22%7Cwba%7C%22weekly+benefit+amount%22%7C%22replacement+rate%22+%22unemployment+insurance%22&hl=en&as_sdt=0,5"
7,"RJ Faberman, AH Ismail","How do unemployment benefits relate to job search behavior?",2020,"Chicago Fed Letter","chicagofed.org","https://www.chicagofed.org/publications/chicago-fed-letter/2020/441","https://scholar.google.com/scholar?cites=9470252141750631440&as_sdt=2005&sciodt=0,5&hl=en",585,"2022-08-15 21:28:05","HTML","","","",,,,,7,3.50,4,2,2,"… We examine the relationship between unemployment insurance and job search using data from … or out of the labor force at the time of the survey. Standard errors are in parentheses. …","https://www.chicagofed.org/publications/chicago-fed-letter/2020/441","https://scholar.google.com/scholar?q=related:ELxtuiUYbYMJ:scholar.google.com/&scioq=duration+%22standard+error%22%7C%22standard+errors%22%7Cpbd%7C%22benefit+duration%22%7Cwba%7C%22weekly+benefit+amount%22%7C%22replacement+rate%22+%22unemployment+insurance%22&hl=en&as_sdt=0,5"
32,"RL Crosslin, DW Stevens","The asking wage-duration of unemployment relation revisited",1977,"Southern Economic Journal","JSTOR","https://www.jstor.org/stable/1057786","https://scholar.google.com/scholar?cites=5785655183664935278&as_sdt=2005&sciodt=0,5&hl=en",357,"2022-08-15 21:28:05","","","","",,,,,32,0.71,16,2,45,"… ) of the unemployment insurance benefits that … weekly benefit amount implies a lesser willingness or opportunity for this group to make downward adjustments in asking wages over time…","","https://scholar.google.com/scholar?q=related:bvE-X7zGSlAJ:scholar.google.com/&scioq=duration+%22standard+error%22%7C%22standard+errors%22%7Cpbd%7C%22benefit+duration%22%7Cwba%7C%22weekly+benefit+amount%22%7C%22replacement+rate%22+%22unemployment+insurance%22&hl=en&as_sdt=0,5"
396,"RM Blank, DE Card","Recent trends in insured and uninsured unemployment: Is there an explanation?",1991,"The Quarterly Journal of Economics","academic.oup.com","https://academic.oup.com/qje/article-abstract/106/4/1157/1873409","https://scholar.google.com/scholar?cites=182594581431917406&as_sdt=2005&sciodt=0,5&hl=en",311,"2022-08-15 21:28:05","","","","",,,,,396,12.77,198,2,31,"… A key indicator of the unemployment insurance system that … of the base period, or to account for individual variation in … We were concerned that the average replacement rate may be an …","https://www.nber.org/system/files/working_papers/w2871/w2871.pdf","https://scholar.google.com/scholar?q=related:Xhsp7M20iAIJ:scholar.google.com/&scioq=duration+%22standard+error%22%7C%22standard+errors%22%7Cpbd%7C%22benefit+duration%22%7Cwba%7C%22weekly+benefit+amount%22%7C%22replacement+rate%22+%22unemployment+insurance%22&hl=en&as_sdt=0,5"
19,"RM Gritz, T MaCurdy","Unemployment compensation and episodes of nonemployment",1992,"Empirical Economics","Springer","https://link.springer.com/article/10.1007/BF01192483","https://scholar.google.com/scholar?cites=9992508885555731785&as_sdt=2005&sciodt=0,5&hl=en",174,"2022-08-15 21:28:05","","10.1007/BF01192483","","",,,,,19,0.63,10,2,30,"… of unemployment insurance (UI) on the length of nonemployment spells experienced by young workers. The analysis introduces a flexible duration … Our findings on the WBA effect are …","","https://scholar.google.com/scholar?q=related:Sd17iuOFrIoJ:scholar.google.com/&scioq=duration+%22standard+error%22%7C%22standard+errors%22%7Cpbd%7C%22benefit+duration%22%7Cwba%7C%22weekly+benefit+amount%22%7C%22replacement+rate%22+%22unemployment+insurance%22&hl=en&as_sdt=0,5"
27,"RM Gritz, T MaCurdy","Measuring the influence of unemployment insurance on unemployment experiences",1997,"Journal of Business & Economic Statistics","Taylor & Francis","https://www.tandfonline.com/doi/abs/10.1080/07350015.1997.10524696","https://scholar.google.com/scholar?cites=8508086620214728624&as_sdt=2005&sciodt=0,5&hl=en",190,"2022-08-15 21:28:05","","10.1080/07350015.1997.10524696","","",,,,,27,1.08,14,2,25,"… effects of unemployment insurance (U!) policiev on the amount of time and unemployment that … in this article to estimate UI WBA and WE. Regimes R2 and Ry inlpose more strin-. effects. …","https://amstat.tandfonline.com/doi/pdf/10.1080/07350015.1997.10524696","https://scholar.google.com/scholar?q=related:sBcnDLTLEnYJ:scholar.google.com/&scioq=duration+%22standard+error%22%7C%22standard+errors%22%7Cpbd%7C%22benefit+duration%22%7Cwba%7C%22weekly+benefit+amount%22%7C%22replacement+rate%22+%22unemployment+insurance%22&hl=en&as_sdt=0,5"
0,"RM Gritz, T Macurdy","of Nonemployment'",2012,"Panel Data Analysis","books.google.com","https://books.google.com/books?hl=en&lr=&id=Q2rtCAAAQBAJ&oi=fnd&pg=PA183&dq=duration+%22standard+error%22%7C%22standard+errors%22%7Cpbd%7C%22benefit+duration%22%7Cwba%7C%22weekly+benefit+amount%22%7C%22replacement+rate%22+%22unemployment+insurance%22&ots=PORbUb4pMz&sig=uXGhuvLAplbYTv07JBV7BUA28oM","",796,"2022-08-15 21:28:05","","","","",,,,,0,0.00,0,2,10,"… of unemployment insurance (UI) on the length of nonemployment spells experienced by young workers. The analysis introduces a flexible duration … Our findings on the WBA effect are …","","https://scholar.google.com/scholar?q=related:_ZCakuOblI0J:scholar.google.com/&scioq=duration+%22standard+error%22%7C%22standard+errors%22%7Cpbd%7C%22benefit+duration%22%7Cwba%7C%22weekly+benefit+amount%22%7C%22replacement+rate%22+%22unemployment+insurance%22&hl=en&as_sdt=0,5"
0,"RM Gritz, TR Johnson, A Wenzlow, FB Dong…","DYNAMIC MODELS OF UNEMPLOYMENT INSURANCE BENEFIT RECEIPT: SURVIVAL RATE ANALYSIS REPORT",1998,"US Department of …","Citeseer","http://citeseerx.ist.psu.edu/viewdoc/download?doi=10.1.1.598.2499&rep=rep1&type=pdf","",695,"2022-08-15 21:28:05","PDF","","","",,,,,0,0.00,0,5,24,"… research has evaluated the effects of unemployment insurance (UI) programs on the labor … the effects of the weekly benefit amount (WBA) and the potential duration of benefits (PDB) …","http://citeseerx.ist.psu.edu/viewdoc/download?doi=10.1.1.598.2499&rep=rep1&type=pdf","https://scholar.google.com/scholar?q=related:IkLeYsmwQsQJ:scholar.google.com/&scioq=duration+%22standard+error%22%7C%22standard+errors%22%7Cpbd%7C%22benefit+duration%22%7Cwba%7C%22weekly+benefit+amount%22%7C%22replacement+rate%22+%22unemployment+insurance%22&hl=en&as_sdt=0,5"
90,"RPH Fishe","Unemployment insurance and the reservation wage of the unemployed",1982,"The Review of Economics and Statistics","JSTOR","https://www.jstor.org/stable/1937938","https://scholar.google.com/scholar?cites=3403666652388707377&as_sdt=2005&sciodt=0,5&hl=en",175,"2022-08-15 21:28:05","","","","",,,,,90,2.25,90,1,40,"… The remaining UI variables are time period dummies measuring the effects of shifts in Florida's maximum potential weekly benefit amount. It should be noted that by excluding these vari…","","https://scholar.google.com/scholar?q=related:Mcx4dclAPC8J:scholar.google.com/&scioq=duration+%22standard+error%22%7C%22standard+errors%22%7Cpbd%7C%22benefit+duration%22%7Cwba%7C%22weekly+benefit+amount%22%7C%22replacement+rate%22+%22unemployment+insurance%22&hl=en&as_sdt=0,5"
4,"RPH Fishe","Effect of unemployment insurance on duration of unemployment: a study based on CWBH data for Florida",1980,"","books.google.com","https://books.google.com/books?hl=en&lr=&id=gTJYAAAAYAAJ&oi=fnd&pg=PA1&dq=duration+%22standard+error%22%7C%22standard+errors%22%7Cpbd%7C%22benefit+duration%22%7Cwba%7C%22weekly+benefit+amount%22%7C%22replacement+rate%22+%22unemployment+insurance%22&ots=yJVgY0MU_l&sig=PXh200bFH2LJ0B7PN16AneRtBaA","https://scholar.google.com/scholar?cites=7087219545187309936&as_sdt=2005&sciodt=0,5&hl=en",180,"2022-08-15 21:28:05","BOOK","","","",,,,,4,0.10,4,1,42,"… 10 times his weekly benefit amount, his potential duration of … unemployment insurance office on a case by case basis. … other unemployment insurance parameters besides WBA and …","https://books.google.com/books?hl=en&lr=&id=gTJYAAAAYAAJ&oi=fnd&pg=PA1&dq=duration+%22standard+error%22%7C%22standard+errors%22%7Cpbd%7C%22benefit+duration%22%7Cwba%7C%22weekly+benefit+amount%22%7C%22replacement+rate%22+%22unemployment+insurance%22&ots=yJVgY0MU_l&sig=PXh200bFH2LJ0B7PN16AneRtBaA","https://scholar.google.com/scholar?q=related:cFkYbKDcWmIJ:scholar.google.com/&scioq=duration+%22standard+error%22%7C%22standard+errors%22%7Cpbd%7C%22benefit+duration%22%7Cwba%7C%22weekly+benefit+amount%22%7C%22replacement+rate%22+%22unemployment+insurance%22&hl=en&as_sdt=0,5"
0,"RW Eberts, CJ O'Leary","Considerations for States Planning Personal Reemployment Accounts",2003,"","research.upjohn.org","https://research.upjohn.org/cgi/viewcontent.cgi?article=1069&context=confpapers","",749,"2022-08-15 21:28:05","PDF","","","",,,,,0,0.00,0,2,19,"… would provide each eligible UI (unemployment insurance) claimant with a special account of … the UI weekly benefit amount (WBA), to UI claimants who took new full-time jobs within 3 to …","https://research.upjohn.org/cgi/viewcontent.cgi?article=1069&context=confpapers","https://scholar.google.com/scholar?q=related:b5kYpIMAN5UJ:scholar.google.com/&scioq=duration+%22standard+error%22%7C%22standard+errors%22%7Cpbd%7C%22benefit+duration%22%7Cwba%7C%22weekly+benefit+amount%22%7C%22replacement+rate%22+%22unemployment+insurance%22&hl=en&as_sdt=0,5"
2,"RW Walker","Unemployment Insurance and Current Unemployment Problems: Work-Sharing-An Answer?",1965,"Labor Law Journal","search.proquest.com","https://search.proquest.com/openview/a0649c0e39eb5663b87ccc28d3fd54c3/1?pq-origsite=gscholar&cbl=1816463","https://scholar.google.com/scholar?cites=13335360513372752582&as_sdt=2005&sciodt=0,5&hl=en",933,"2022-08-15 21:28:05","","","","",,,,,2,0.04,2,1,57,"… less than full-time work if he earns less than his weekly benefit amount from his regular ennployee or from odd-job earnings. In nineteen states a claimant is partially unemployed in …","","https://scholar.google.com/scholar?q=related:xopar7u3ELkJ:scholar.google.com/&scioq=duration+%22standard+error%22%7C%22standard+errors%22%7Cpbd%7C%22benefit+duration%22%7Cwba%7C%22weekly+benefit+amount%22%7C%22replacement+rate%22+%22unemployment+insurance%22&hl=en&as_sdt=0,5"
0,"S Auray, A Eyquem","Optimal Unemployment Insurance in a THANK Model",2022,"","ofce.sciences-po.fr","https://www.ofce.sciences-po.fr/pdf/dtravail/OFCEWP2022-07.pdf","",623,"2022-08-15 21:28:05","PDF","","","",,,,,0,0.00,0,2,1,"… replacement rate on macroeconomic stabilization. In line with our results, they find that a lower steady-state replacement rate … pool of unemployed workers within the period is ut−1+ stnt−…","https://www.ofce.sciences-po.fr/pdf/dtravail/OFCEWP2022-07.pdf","https://scholar.google.com/scholar?q=related:m3uGdQeMKbcJ:scholar.google.com/&scioq=duration+%22standard+error%22%7C%22standard+errors%22%7Cpbd%7C%22benefit+duration%22%7Cwba%7C%22weekly+benefit+amount%22%7C%22replacement+rate%22+%22unemployment+insurance%22&hl=en&as_sdt=0,5"
9,"S Auray, DL Fuller","Eligibility, experience rating, and unemployment insurance take‐up",2020,"Quantitative Economics","Wiley Online Library","https://onlinelibrary.wiley.com/doi/abs/10.3982/QE940","https://scholar.google.com/scholar?cites=2897509490607054436&as_sdt=2005&sciodt=0,5&hl=en",309,"2022-08-15 21:28:05","","10.3982/QE940","","",,,,,9,4.50,5,2,2,"… Specifically, we consider changes in the UI replacement rate … to increases in the UI replacement rate when the costs of … related to the replacement rate and the average duration of …","https://onlinelibrary.wiley.com/doi/pdf/10.3982/QE940","https://scholar.google.com/scholar?q=related:ZN70sIcFNigJ:scholar.google.com/&scioq=duration+%22standard+error%22%7C%22standard+errors%22%7Cpbd%7C%22benefit+duration%22%7Cwba%7C%22weekly+benefit+amount%22%7C%22replacement+rate%22+%22unemployment+insurance%22&hl=en&as_sdt=0,5"
47,"S Auray, DL Fuller, D Lkhagvasuren","Unemployment insurance take-up rates in an equilibrium search model",2019,"European Economic Review","Elsevier","https://www.sciencedirect.com/science/article/pii/S0014292118301855","https://scholar.google.com/scholar?cites=12033086066230599033&as_sdt=2005&sciodt=0,5&hl=en",129,"2022-08-15 21:28:05","","","","",,,,,47,15.67,16,3,3,"… period earnings to exceed 40 times the WBA. In this case, an individual with a WBA of $200 per week would need total base period … must be earned in the base period. For example, in …","https://spectrum.library.concordia.ca/id/eprint/984723/1/Unemployment-Insurance-Take-up-Rates-in-an-Equilibri_2018_European-Economic-.pdf","https://scholar.google.com/scholar?q=related:eZ1g8QUc_qYJ:scholar.google.com/&scioq=duration+%22standard+error%22%7C%22standard+errors%22%7Cpbd%7C%22benefit+duration%22%7Cwba%7C%22weekly+benefit+amount%22%7C%22replacement+rate%22+%22unemployment+insurance%22&hl=en&as_sdt=0,5"
0,"S Auray, DL Fuller, N Lepage-Saucier","Household Income, Liquidity, and Optimal Unemployment Insurance",2021,"","chaire-securisation.fr","https://www.chaire-securisation.fr/CloudBackend/files/e43620d3-0b1e-459c-985e-648b8269e2f8.pdf","",476,"2022-08-15 21:28:05","PDF","","","",,,,,0,0.00,0,3,1,"… Abstract We examine the optimal provision of unemployment insurance (UI) benefits in a … high replacement rate and short potential duration. Keywords: unemployment insurance, …","https://www.chaire-securisation.fr/CloudBackend/files/e43620d3-0b1e-459c-985e-648b8269e2f8.pdf","https://scholar.google.com/scholar?q=related:Pukx0_DZvs4J:scholar.google.com/&scioq=duration+%22standard+error%22%7C%22standard+errors%22%7Cpbd%7C%22benefit+duration%22%7Cwba%7C%22weekly+benefit+amount%22%7C%22replacement+rate%22+%22unemployment+insurance%22&hl=en&as_sdt=0,5"
64,"S Baker, A Fradkin","What Drives Job Search?: Evidence from Google Search Data",2011,"","core.ac.uk","https://core.ac.uk/download/pdf/6400010.pdf","https://scholar.google.com/scholar?cites=17723746077098868885&as_sdt=2005&sciodt=0,5&hl=en",751,"2022-08-15 21:28:05","BOOK","","","",,,,,64,5.82,32,2,11,"… in the distribution of unemployment benefit duration. We find that search … time of the policy change. The policy changes we consider are the recent (2008-2010) unemployment insurance …","https://core.ac.uk/download/pdf/6400010.pdf","https://scholar.google.com/scholar?q=related:lYCzFidl9_UJ:scholar.google.com/&scioq=duration+%22standard+error%22%7C%22standard+errors%22%7Cpbd%7C%22benefit+duration%22%7Cwba%7C%22weekly+benefit+amount%22%7C%22replacement+rate%22+%22unemployment+insurance%22&hl=en&as_sdt=0,5"
13,"S Bernstein, E Fajnzylber, P Gana…","The New Chilean unemployment insurance system: combining individual accounts and redistribution in an emerging economy",2012,"… Severance Pay: An …","books.google.com","https://books.google.com/books?hl=en&lr=&id=SSFnlvCSO7UC&oi=fnd&pg=PT445&dq=duration+%22standard+error%22%7C%22standard+errors%22%7Cpbd%7C%22benefit+duration%22%7Cwba%7C%22weekly+benefit+amount%22%7C%22replacement+rate%22+%22unemployment+insurance%22&ots=fjjvybzGLv&sig=YMpkRFVbn_8YYx-KAxm8OYrL3fs","https://scholar.google.com/scholar?cites=13059664656166312341&as_sdt=2005&sciodt=0,5&hl=en",348,"2022-08-15 21:28:05","HTML","","","",,,,,13,1.30,3,4,10,"… According to the literature, a time limit is a desirable feature for an unemployment insurance … at 50 percent replacement rate and gradually decreases to a fifth payment of 30 percent of …","https://books.google.com/books?hl=en&lr=&id=SSFnlvCSO7UC&oi=fnd&pg=PT445&dq=duration+%22standard+error%22%7C%22standard+errors%22%7Cpbd%7C%22benefit+duration%22%7Cwba%7C%22weekly+benefit+amount%22%7C%22replacement+rate%22+%22unemployment+insurance%22&ots=fjjvybzGLv&sig=YMpkRFVbn_8YYx-KAxm8OYrL3fs","https://scholar.google.com/scholar?q=related:lVmEzM8_PbUJ:scholar.google.com/&scioq=duration+%22standard+error%22%7C%22standard+errors%22%7Cpbd%7C%22benefit+duration%22%7Cwba%7C%22weekly+benefit+amount%22%7C%22replacement+rate%22+%22unemployment+insurance%22&hl=en&as_sdt=0,5"
3,"S Birinci, K See","Labor Market Responses to Unemployment Insurance: The Role of Heterogeneity",2019,"FRB St. Louis Working Paper","papers.ssrn.com","https://papers.ssrn.com/sol3/papers.cfm?abstract_id=3587689","https://scholar.google.com/scholar?cites=16187699328169778352&as_sdt=2005&sciodt=0,5&hl=en",611,"2022-08-15 21:28:05","","","","",,,,,3,1.00,2,2,3,"… a cap to the replacement rate high-income individuals could receive. Once we collect WBA formulas for all states over time, we obtain the predicted replacement rate for an eligible …","http://real.stlouisfed.org.s3.amazonaws.com/wp/2019/2019-022.pdf","https://scholar.google.com/scholar?q=related:sJxj2sVCpuAJ:scholar.google.com/&scioq=duration+%22standard+error%22%7C%22standard+errors%22%7Cpbd%7C%22benefit+duration%22%7Cwba%7C%22weekly+benefit+amount%22%7C%22replacement+rate%22+%22unemployment+insurance%22&hl=en&as_sdt=0,5"
15,"S Birinci, K See","How should unemployment insurance vary over the business cycle?",2020,"","econstor.eu","https://www.econstor.eu/handle/10419/241213","https://scholar.google.com/scholar?cites=1031160323143763439&as_sdt=2005&sciodt=0,5&hl=en",632,"2022-08-15 21:28:05","","","","",,,,,15,7.50,8,2,2,"… to their base-period average weekly wages, and iii) the variation of the UI replacement rate over time. In the data, we find that the average replacement rate among the benefits-eligible …","https://www.econstor.eu/bitstream/10419/241213/1/swp2020-47.pdf","https://scholar.google.com/scholar?q=related:7wV2v9lqTw4J:scholar.google.com/&scioq=duration+%22standard+error%22%7C%22standard+errors%22%7Cpbd%7C%22benefit+duration%22%7Cwba%7C%22weekly+benefit+amount%22%7C%22replacement+rate%22+%22unemployment+insurance%22&hl=en&as_sdt=0,5"
0,"S Birinci, K See, A Data","Labor Market Responses to Unemployment Insurance: The Role of Heterogeneity Online Appendix",,"aeaweb.org","","https://www.aeaweb.org/articles/attachments?retrieve=iMo4EaNO7Ew0kb9jo0TEB-8QlXoFH3YJ","",565,"2022-08-15 21:28:05","","","","",,,,,0,0.00,0,3,,"… are ranked by their base period AWW. Figure A1 shows that our calibrated replacement-rate function closely tracks the declining profile of the replacement rate in AWW observed in the …","",""
6,"S Blasco, F Fontaine","Unemployment duration and the take-up of unemployment insurance",2021,"Available at SSRN 3767275","papers.ssrn.com","https://papers.ssrn.com/sol3/papers.cfm?abstract_id=3767275","https://scholar.google.com/scholar?cites=12783544240206639829&as_sdt=2005&sciodt=0,5&hl=en",327,"2022-08-15 21:28:05","","","","",,,,,6,6.00,3,2,1,"… unemployment insurance. Our framework allows for temporary non take-up and we study the distribution of duration … 4Entitlement to the longest benefit duration requires 14 months of …","https://www.econstor.eu/bitstream/10419/232790/1/dp14038.pdf","https://scholar.google.com/scholar?q=related:1fIBoMFFaLEJ:scholar.google.com/&scioq=duration+%22standard+error%22%7C%22standard+errors%22%7Cpbd%7C%22benefit+duration%22%7Cwba%7C%22weekly+benefit+amount%22%7C%22replacement+rate%22+%22unemployment+insurance%22&hl=en&as_sdt=0,5"
11,"S Blasco, F Fontaine","A structural model of the unemployment insurance take-up",2009,"Université du Main","iza.org","http://www.iza.org/conference_files/TAM2012/blasco_s5034.pdf","https://scholar.google.com/scholar?cites=5231261380795118809&as_sdt=2005&sciodt=0,5&hl=en",410,"2022-08-15 21:28:05","PDF","","","",,,,,11,0.85,6,2,13,"… in the replacement rate or in the insurance duration? In our … , the generosity of the unemployment insurance but also by … effort since the unemployment insurance is more profitable. …","http://www.iza.org/conference_files/TAM2012/blasco_s5034.pdf","https://scholar.google.com/scholar?q=related:2TSDaYIsmUgJ:scholar.google.com/&scioq=duration+%22standard+error%22%7C%22standard+errors%22%7Cpbd%7C%22benefit+duration%22%7Cwba%7C%22weekly+benefit+amount%22%7C%22replacement+rate%22+%22unemployment+insurance%22&hl=en&as_sdt=0,5"
0,"S Camarero Garcia","Essays in labor and public economics",2020,"","madoc.bib.uni-mannheim.de","https://madoc.bib.uni-mannheim.de/55038/","",998,"2022-08-15 21:28:05","","","","",,,,,0,0.00,0,1,2,"… First, we document how the PBD in the unemployment insurance affects the actual unemployment duration of future entrepreneurs. In this context, it is ex-ante unclear whether the …","https://madoc.bib.uni-mannheim.de/55038/1/Dissertation-Sebastian_CamareroGarcia-2020-final-library2.pdf","https://scholar.google.com/scholar?q=related:TIagckJeuxoJ:scholar.google.com/&scioq=duration+%22standard+error%22%7C%22standard+errors%22%7Cpbd%7C%22benefit+duration%22%7Cwba%7C%22weekly+benefit+amount%22%7C%22replacement+rate%22+%22unemployment+insurance%22&hl=en&as_sdt=0,5"
0,"S Camarero Garcia, M Hansch","The effect of unemployment insurance benefits on (self-) employment: Two sides of the same coin?",2020,"ZEW-Centre for European …","papers.ssrn.com","https://papers.ssrn.com/sol3/papers.cfm?abstract_id=3736742","",205,"2022-08-15 21:28:05","","","","",,,,,0,0.00,0,2,2,"… Our UI benefit duration elasticity estimates indicate that reduced UI benefits extend unemployment duration for individuals transitioning into self-employment but shorten unemployment …","https://www.econstor.eu/bitstream/10419/226356/1/1740343069.pdf","https://scholar.google.com/scholar?q=related:LZdDO24eZmIJ:scholar.google.com/&scioq=duration+%22standard+error%22%7C%22standard+errors%22%7Cpbd%7C%22benefit+duration%22%7Cwba%7C%22weekly+benefit+amount%22%7C%22replacement+rate%22+%22unemployment+insurance%22&hl=en&as_sdt=0,5"
5,"S Camarero Garcia, M Murmann","Unemployment benefit duration and startup success",2020,"ZEW-Centre for European …","papers.ssrn.com","https://papers.ssrn.com/sol3/papers.cfm?abstract_id=3649948","https://scholar.google.com/scholar?cites=10044671555162503221&as_sdt=2005&sciodt=0,5&hl=en",20,"2022-08-15 21:28:05","","","","",,,,,5,2.50,3,2,2,"… benefit duration (PBD) within the German UI system, we find that longer PBD leads to longer actual unemployment duration … potential unemployment insurance (UI) benefit duration (PBD…","https://madoc.bib.uni-mannheim.de/57092/1/dp20033.pdf","https://scholar.google.com/scholar?q=related:NXjueo_XZYsJ:scholar.google.com/&scioq=duration+%22standard+error%22%7C%22standard+errors%22%7Cpbd%7C%22benefit+duration%22%7Cwba%7C%22weekly+benefit+amount%22%7C%22replacement+rate%22+%22unemployment+insurance%22&hl=en&as_sdt=0,5"
17,"S Choi, A Valladares‐Esteban","On households and unemployment insurance",2020,"Quantitative Economics","Wiley Online Library","https://onlinelibrary.wiley.com/doi/abs/10.3982/QE865","https://scholar.google.com/scholar?cites=1128700199212880455&as_sdt=2005&sciodt=0,5&hl=en",945,"2022-08-15 21:28:05","","10.3982/QE865","","",,,,,17,8.50,9,2,2,"… program, and balances its budget period by period. We … The UI policy is defined by two parameters: a replacement rate b … unemployment insurance is defined by a replacement rate of …","https://onlinelibrary.wiley.com/doi/pdf/10.3982/QE865","https://scholar.google.com/scholar?q=related:RxL_39nyqQ8J:scholar.google.com/&scioq=duration+%22standard+error%22%7C%22standard+errors%22%7Cpbd%7C%22benefit+duration%22%7Cwba%7C%22weekly+benefit+amount%22%7C%22replacement+rate%22+%22unemployment+insurance%22&hl=en&as_sdt=0,5"
37,"S DellaVigna, J Heining, JF Schmieder…","Evidence on job search models from a survey of unemployed workers in germany",2022,"The Quarterly Journal …","academic.oup.com","https://academic.oup.com/qje/article-abstract/137/2/1181/6413570","https://scholar.google.com/scholar?cites=18257230611962571682&as_sdt=2005&sciodt=0,5&hl=en",564,"2022-08-15 21:28:05","","","","",,,,,37,37.00,9,4,1,"… , creating a spike at unemployment insurance (UI) exhaustion. … PBD × D cell in the exact time since entering UI at the time of … a PBD × D cell as if their unemployment duration at the time …","https://www.econstor.eu/bitstream/10419/216501/1/dp13189.pdf","https://scholar.google.com/scholar?q=related:oqtquIK2Xv0J:scholar.google.com/&scioq=duration+%22standard+error%22%7C%22standard+errors%22%7Cpbd%7C%22benefit+duration%22%7Cwba%7C%22weekly+benefit+amount%22%7C%22replacement+rate%22+%22unemployment+insurance%22&hl=en&as_sdt=0,5"
38,"S Dieterle, O Bartalotti, Q Brummet","Revisiting the effects of unemployment insurance extensions on unemployment: A measurement-error-corrected regression discontinuity approach",2020,"American Economic Journal …","aeaweb.org","https://www.aeaweb.org/articles?id=10.1257/pol.20160439","https://scholar.google.com/scholar?cites=3809654461363503403&as_sdt=2005&sciodt=0,5&hl=en",120,"2022-08-15 21:28:05","","","","",,,,,38,19.00,13,3,2,"… We rely on two sources for the UI benefit duration variables. First, we use the data compiled by Rothstein (2011b) for the period 2005–2010, and we code the final year from the trigger …","https://www.econstor.eu/bitstream/10419/180514/1/dp11496.pdf","https://scholar.google.com/scholar?q=related:K8GNVoyc3jQJ:scholar.google.com/&scioq=duration+%22standard+error%22%7C%22standard+errors%22%7Cpbd%7C%22benefit+duration%22%7Cwba%7C%22weekly+benefit+amount%22%7C%22replacement+rate%22+%22unemployment+insurance%22&hl=en&as_sdt=0,5"
37,"S Dlugosz, G Stephan, RA Wilke","Fixing the leak: Unemployment incidence before and after the 2006 reform of unemployment benefits in Germany",2009,"ZEW-Centre for European …","papers.ssrn.com","https://papers.ssrn.com/sol3/papers.cfm?abstract_id=1547054","https://scholar.google.com/scholar?cites=3889221006725638324&as_sdt=2005&sciodt=0,5&hl=en",764,"2022-08-15 21:28:05","","","","",,,,,37,2.85,12,3,13,"… 1) by the unemployment insurance for a limited time period; its … effects of the shortened benefit duration. Third, employees … period without UB receipt that shortens the remaining period …","https://www.econstor.eu/bitstream/10419/29636/1/61581140X.pdf","https://scholar.google.com/scholar?q=related:tGjeTuZJ-TUJ:scholar.google.com/&scioq=duration+%22standard+error%22%7C%22standard+errors%22%7Cpbd%7C%22benefit+duration%22%7Cwba%7C%22weekly+benefit+amount%22%7C%22replacement+rate%22+%22unemployment+insurance%22&hl=en&as_sdt=0,5"
33,"S Dullien","Improving economic stability in Europe: what the euro area can learn from the United States' unemployment insurance",2007,"Stiftung Wissenschaft & Politik Working Paper","swp-berlin.org","https://www.swp-berlin.org/fileadmin/contents/products/arbeitspapiere/Paper_US_KS_neu_formatiert.pdf","https://scholar.google.com/scholar?cites=18241543886430655961&as_sdt=2005&sciodt=0,5&hl=en",518,"2022-08-15 21:28:05","PDF","","","",,,,,33,2.20,33,1,15,"… government with its Hartz labour market reforms actually cut unemployment benefit duration and … over some time that is related to prior earnings. Ireland is the only country that has a flat …","https://www.swp-berlin.org/fileadmin/contents/products/arbeitspapiere/Paper_US_KS_neu_formatiert.pdf","https://scholar.google.com/scholar?q=related:2dVlUYT7Jv0J:scholar.google.com/&scioq=duration+%22standard+error%22%7C%22standard+errors%22%7Cpbd%7C%22benefit+duration%22%7Cwba%7C%22weekly+benefit+amount%22%7C%22replacement+rate%22+%22unemployment+insurance%22&hl=en&as_sdt=0,5"
21,"S Ek, B Holmlund","Part-time unemployment and optimal unemployment insurance",2015,"International Tax and Public Finance","Springer","https://link.springer.com/article/10.1007/s10797-013-9301-0","https://scholar.google.com/scholar?cites=10647749819605064775&as_sdt=2005&sciodt=0,5&hl=en",228,"2022-08-15 21:28:05","","10.1007/s10797-013-9301-0","","",,,,,21,3.00,11,2,7,"… design of optimal unemployment insurance in an economy with unemployment as well as part-time … We set the replacement rate to \(0.3\) for the unemployed as well as for part-timers to …","https://www.econstor.eu/bitstream/10419/82607/1/653681291.pdf","https://scholar.google.com/scholar?q=related:RxzK9gtoxJMJ:scholar.google.com/&scioq=duration+%22standard+error%22%7C%22standard+errors%22%7Cpbd%7C%22benefit+duration%22%7Cwba%7C%22weekly+benefit+amount%22%7C%22replacement+rate%22+%22unemployment+insurance%22&hl=en&as_sdt=0,5"
18,"S Ek, B Holmlund","Family job search, wage bargaining, and optimal unemployment insurance",2010,"The BE Journal of Economic Analysis & Policy","degruyter.com","https://www.degruyter.com/document/doi/10.2202/1935-1682.2501/html","https://scholar.google.com/scholar?cites=11400019244117344808&as_sdt=2005&sciodt=0,5&hl=en",859,"2022-08-15 21:28:05","","10.2202/1935-1682.2501","","",,,,,18,1.50,9,2,12,"… The replacement rate must thus be set unrealistically low in order to generate spousal … duration of vacancies, 1/q(θ), and the expected duration of unemployment, 1/α(θ); the duration of …","https://www.econstor.eu/bitstream/10419/30743/1/619887737.pdf","https://scholar.google.com/scholar?q=related:KEI7RhoBNZ4J:scholar.google.com/&scioq=duration+%22standard+error%22%7C%22standard+errors%22%7Cpbd%7C%22benefit+duration%22%7Cwba%7C%22weekly+benefit+amount%22%7C%22replacement+rate%22+%22unemployment+insurance%22&hl=en&as_sdt=0,5"
65,"S Fujita","Effects of extended unemployment insurance benefits: evidence from the monthly CPS",2010,"","papers.ssrn.com","https://papers.ssrn.com/sol3/papers.cfm?abstract_id=1713806","https://scholar.google.com/scholar?cites=6769139588966629587&as_sdt=2005&sciodt=0,5&hl=en",802,"2022-08-15 21:28:05","","","","",,,,,65,5.42,65,1,12,"… In the latter period, the eligibility period is extended a number of times in … Standard errors for the marginal effects are calculated by the delta method applied to the robust standard errors …","http://citeseerx.ist.psu.edu/viewdoc/download?doi=10.1.1.421.6364&rep=rep1&type=pdf","https://scholar.google.com/scholar?q=related:08Bje5fQ8F0J:scholar.google.com/&scioq=duration+%22standard+error%22%7C%22standard+errors%22%7Cpbd%7C%22benefit+duration%22%7Cwba%7C%22weekly+benefit+amount%22%7C%22replacement+rate%22+%22unemployment+insurance%22&hl=en&as_sdt=0,5"
1,"S Jurajda","Unemployment outflow and unemployment insurance taxes",1999,"CERGE-EI Working Paper","papers.ssrn.com","https://papers.ssrn.com/sol3/papers.cfm?abstract_id=182751","https://scholar.google.com/scholar?cites=167347464335390867&as_sdt=2005&sciodt=0,5&hl=en",916,"2022-08-15 21:28:05","","","","",,,,,1,0.04,1,1,23,"… UI financing system on the duration of unemployment. Using … Column (2) presents estimates including the MTC*WBA … When we enter the MTC alone, not interacted with the WBA, its …","","https://scholar.google.com/scholar?q=related:k_jF1aGJUgIJ:scholar.google.com/&scioq=duration+%22standard+error%22%7C%22standard+errors%22%7Cpbd%7C%22benefit+duration%22%7Cwba%7C%22weekly+benefit+amount%22%7C%22replacement+rate%22+%22unemployment+insurance%22&hl=en&as_sdt=0,5"
14,"S Jäger, B Schoefer, J Zweimüller","Marginal jobs and job surplus: Evidence from separations and unemployment insurance",2018,"","economicdynamics.org","https://economicdynamics.org/meetpapers/2018/paper_1309.pdf","https://scholar.google.com/scholar?cites=8262899056643169653&as_sdt=2005&sciodt=0,5&hl=en",244,"2022-08-15 21:28:05","PDF","","","",,,,,14,3.50,5,3,4,"… The unemployment insurance system and labor market. The Austrian labor market is … During our study period until 1989, the gross replacement rate was around 41% for most …","https://economicdynamics.org/meetpapers/2018/paper_1309.pdf","https://scholar.google.com/scholar?q=related:dV0gzum2q3IJ:scholar.google.com/&scioq=duration+%22standard+error%22%7C%22standard+errors%22%7Cpbd%7C%22benefit+duration%22%7Cwba%7C%22weekly+benefit+amount%22%7C%22replacement+rate%22+%22unemployment+insurance%22&hl=en&as_sdt=0,5"
73,"S Jäger, B Schoefer, S Young…","Wages and the Value of Nonemployment",2020,"The Quarterly Journal of …","academic.oup.com","https://academic.oup.com/qje/article-abstract/135/4/1905/5838866","https://scholar.google.com/scholar?cites=2636764757515995418&as_sdt=2005&sciodt=0,5&hl=en",735,"2022-08-15 21:28:05","","","","",,,,,73,36.50,18,4,2,"… arising from changes in unemployment insurance benefit (UIB… Moreover, much of the literature focuses on benefit duration … of time a worker would spend on unemployment insurance |$\…","https://www.nber.org/system/files/working_papers/w25230/w25230.pdf","https://scholar.google.com/scholar?q=related:GokCqJOrlyQJ:scholar.google.com/&scioq=duration+%22standard+error%22%7C%22standard+errors%22%7Cpbd%7C%22benefit+duration%22%7Cwba%7C%22weekly+benefit+amount%22%7C%22replacement+rate%22+%22unemployment+insurance%22&hl=en&as_sdt=0,5"
32,"S Koehne, M Kuhn","Should unemployment insurance be asset tested?",2015,"Review of Economic Dynamics","Elsevier","https://www.sciencedirect.com/science/article/pii/S1094202514000544","https://scholar.google.com/scholar?cites=14294730105788108594&as_sdt=2005&sciodt=0,5&hl=en",263,"2022-08-15 21:28:05","","","","",,,,,32,4.57,16,2,7,"… We consider a two-period model with two agents who differ in their … a replacement rate of 50 percent to be close to optimal, so we conclude that the current US unemployment insurance …","https://www.econstor.eu/bitstream/10419/66056/1/VfS_2012_pid_115.pdf","https://scholar.google.com/scholar?q=related:Mg-VY0sVYcYJ:scholar.google.com/&scioq=duration+%22standard+error%22%7C%22standard+errors%22%7Cpbd%7C%22benefit+duration%22%7Cwba%7C%22weekly+benefit+amount%22%7C%22replacement+rate%22+%22unemployment+insurance%22&hl=en&as_sdt=0,5"
77,"S LaLumia","The EITC, tax refunds, and unemployment spells",2013,"American Economic Journal: Economic Policy","aeaweb.org","https://www.aeaweb.org/aej-policy/accepted_single.php?id=995&jrnl=pol","https://scholar.google.com/scholar?cites=9312106514557686245&as_sdt=2005&sciodt=0,5&hl=en",430,"2022-08-15 21:28:05","","","","",,,,,77,8.56,77,1,9,"… lower than average rates of unemployment insurance (UI) receipt … in this parameter over the time period I consider. Almost all state … own WBA with annual state average WBA amounts. …","http://citeseerx.ist.psu.edu/viewdoc/download?doi=10.1.1.362.7048&rep=rep1&type=pdf","https://scholar.google.com/scholar?q=related:5dHPjok_O4EJ:scholar.google.com/&scioq=duration+%22standard+error%22%7C%22standard+errors%22%7Cpbd%7C%22benefit+duration%22%7Cwba%7C%22weekly+benefit+amount%22%7C%22replacement+rate%22+%22unemployment+insurance%22&hl=en&as_sdt=0,5"
30,"S Lindner","How do unemployment insurance benefits affect the decision to apply for social security disability insurance?",2016,"Journal of Human Resources","jhr.uwpress.org","http://jhr.uwpress.org/content/51/1/62.short","https://scholar.google.com/scholar?cites=13098722996721173806&as_sdt=2005&sciodt=0,5&hl=en",277,"2022-08-15 21:28:05","","","","",,,,,30,5.00,30,1,6,"… filing of a claim as the base period, which is the period for which a claimant’s … replacement rate was reduced from 56 percent to 50 percent in 1993. An increase in the replacement rate …","","https://scholar.google.com/scholar?q=related:LkXOXioDyLUJ:scholar.google.com/&scioq=duration+%22standard+error%22%7C%22standard+errors%22%7Cpbd%7C%22benefit+duration%22%7Cwba%7C%22weekly+benefit+amount%22%7C%22replacement+rate%22+%22unemployment+insurance%22&hl=en&as_sdt=0,5"
10,"S Lindner","How Does Unemployment Insurance Affect the Decision to Apply for Social Security Disability Insurance?",2011,"The University of Michigan","Citeseer","http://citeseerx.ist.psu.edu/viewdoc/download?doi=10.1.1.185.4355&rep=rep1&type=pdf","https://scholar.google.com/scholar?cites=8072322231246820904&as_sdt=2005&sciodt=0,5&hl=en",542,"2022-08-15 21:28:05","PDF","","","",,,,,10,0.91,10,1,11,"… As mentioned in section 2, UI benefit duration and the waiting time until DI benefits are paid might affect the magnitude of the effect of higher UI benefits on the decision to apply for DI. …","http://citeseerx.ist.psu.edu/viewdoc/download?doi=10.1.1.185.4355&rep=rep1&type=pdf","https://scholar.google.com/scholar?q=related:KJb04UymBnAJ:scholar.google.com/&scioq=duration+%22standard+error%22%7C%22standard+errors%22%7Cpbd%7C%22benefit+duration%22%7Cwba%7C%22weekly+benefit+amount%22%7C%22replacement+rate%22+%22unemployment+insurance%22&hl=en&as_sdt=0,5"
10,"S Lombardi","Threat effects of monitoring and unemployment insurance sanctions: Evidence from two reforms",2019,"","econstor.eu","https://www.econstor.eu/handle/10419/227842","https://scholar.google.com/scholar?cites=3264043593930945024&as_sdt=2005&sciodt=0,5&hl=en",471,"2022-08-15 21:28:05","","","","",,,,,10,3.33,10,1,3,"… -duration models where I control for duration dependence non-parametrically. I additionally adjust for a rich set of time … back in time and, separately, move forward the duration threshold …","https://www.econstor.eu/bitstream/10419/227842/1/1679432206.pdf","https://scholar.google.com/scholar?q=related:ALKk41o2TC0J:scholar.google.com/&scioq=duration+%22standard+error%22%7C%22standard+errors%22%7Cpbd%7C%22benefit+duration%22%7Cwba%7C%22weekly+benefit+amount%22%7C%22replacement+rate%22+%22unemployment+insurance%22&hl=en&as_sdt=0,5"
680,"S Machin, A Manning","The causes and consequences of longterm unemployment in Europe",1999,"Handbook of labor economics","Elsevier","https://www.sciencedirect.com/science/article/pii/S1573446399300389","https://scholar.google.com/scholar?cites=9612175545285518758&as_sdt=2005&sciodt=0,5&hl=en",232,"2022-08-15 21:28:05","","","","",,,,,680,29.57,340,2,23,"… fallen over time; there is no evidence that, for a given level of unemployment, the incidence of longterm unemployment has been ratcheting up over time; … Unemployment insurance and …","http://eprints.lse.ac.uk/20255/1/The_Causes_and_Consequences_of_Long-Term_Unemployment_in_Europe.pdf","https://scholar.google.com/scholar?q=related:pqVwH7tOZYUJ:scholar.google.com/&scioq=duration+%22standard+error%22%7C%22standard+errors%22%7Cpbd%7C%22benefit+duration%22%7Cwba%7C%22weekly+benefit+amount%22%7C%22replacement+rate%22+%22unemployment+insurance%22&hl=en&as_sdt=0,5"
3,"S Menard","Unemployment insurance, punitive sanctions and monitoring",2006,"Université du Maine, Working paper","gate.cnrs.fr","http://www.gate.cnrs.fr/t2m2005/Textes%20des%20communications/C42.pdf","https://scholar.google.com/scholar?cites=12838687988781668073&as_sdt=2005&sciodt=0,5&hl=en",541,"2022-08-15 21:28:05","PDF","","","",,,,,3,0.19,3,1,16,"… period, unemployed workers choose their search effort and their reservation wage. We show that shorter benefit duration … intensity depends on the benefit duration. For example, a short …","http://www.gate.cnrs.fr/t2m2005/Textes%20des%20communications/C42.pdf","https://scholar.google.com/scholar?q=related:6dZnGbQuLLIJ:scholar.google.com/&scioq=duration+%22standard+error%22%7C%22standard+errors%22%7Cpbd%7C%22benefit+duration%22%7Cwba%7C%22weekly+benefit+amount%22%7C%22replacement+rate%22+%22unemployment+insurance%22&hl=en&as_sdt=0,5"
23,"S Moyen, N Stahler","Unemployment insurance and the business cycle: Prolong benefit entitlements in bad times?",2009,"Available at SSRN 2785359","papers.ssrn.com","https://papers.ssrn.com/sol3/papers.cfm?abstract_id=2785359","https://scholar.google.com/scholar?cites=6567780453102064170&as_sdt=2005&sciodt=0,5&hl=en",485,"2022-08-15 21:28:05","","","","",,,,,23,1.77,12,2,13,"… duration of unemployment benefit entitlement duration across the business cycle. We wonder if the entitlement duration … legislation, that the replacement rate (rrs1) in the first pillar of the …","https://www.econstor.eu/bitstream/10419/28619/1/611999161.pdf","https://scholar.google.com/scholar?q=related:KhLnRYZxJVsJ:scholar.google.com/&scioq=duration+%22standard+error%22%7C%22standard+errors%22%7Cpbd%7C%22benefit+duration%22%7Cwba%7C%22weekly+benefit+amount%22%7C%22replacement+rate%22+%22unemployment+insurance%22&hl=en&as_sdt=0,5"
32,"S Moyen, N Stähler","Unemployment insurance and the business cycle: should benefit entitlement duration react to the cycle?",2014,"Macroeconomic Dynamics","cambridge.org","https://www.cambridge.org/core/journals/macroeconomic-dynamics/article/unemployment-insurance-and-the-business-cycle-should-benefit-entitlement-duration-react-to-the-cycle/15DFDC80271C70A20F6DE192049B343F","https://scholar.google.com/scholar?cites=6545465480744236127&as_sdt=2005&sciodt=0,5&hl=en",257,"2022-08-15 21:28:05","","","","",,,,,32,4.00,16,2,8,"… , that the replacement rate (rrs1) in the first pillar of the unemployment insurance system is … States and 65% in Europe, whereas the replacement rate (rrs2) in the second pillar of the …","","https://scholar.google.com/scholar?q=related:X3RX5Swq1loJ:scholar.google.com/&scioq=duration+%22standard+error%22%7C%22standard+errors%22%7Cpbd%7C%22benefit+duration%22%7Cwba%7C%22weekly+benefit+amount%22%7C%22replacement+rate%22+%22unemployment+insurance%22&hl=en&as_sdt=0,5"
8,"S Moyen, N Stähler","Unemployment Insurance and the Business Cycle: Should Benefit Entitlement Duration React to the Cycle?",2010,"Macroeconomic Dynamics","researchgate.net","https://www.researchgate.net/profile/Nikolai-Staehler/publication/228637309_Unemployment_Insurance_and_the_Business_Cycle_Should_Benefit_Entitlement_Duration_React_to_the_Cycle/links/0deec52441c7618352000000/Unemployment-Insurance-and-the-Business-Cycle-Should-Benefit-Entitlement-Duration-React-to-the-Cycle.pdf","https://scholar.google.com/scholar?cites=10458454365095239336&as_sdt=2005&sciodt=0,5&hl=en",544,"2022-08-15 21:28:05","PDF","","","",,,,,8,0.67,4,2,12,"… replacement rate (rrs1) in the first pillar of the unemployment insurance system is equal to 40% in the US and 65% in Europe, while the replacement rate (rrs2) in the second pillar of the …","https://www.researchgate.net/profile/Nikolai-Staehler/publication/228637309_Unemployment_Insurance_and_the_Business_Cycle_Should_Benefit_Entitlement_Duration_React_to_the_Cycle/links/0deec52441c7618352000000/Unemployment-Insurance-and-the-Business-Cycle-Should-Benefit-Entitlement-Duration-React-to-the-Cycle.pdf","https://scholar.google.com/scholar?q=related:qJ4ic9XkI5EJ:scholar.google.com/&scioq=duration+%22standard+error%22%7C%22standard+errors%22%7Cpbd%7C%22benefit+duration%22%7Cwba%7C%22weekly+benefit+amount%22%7C%22replacement+rate%22+%22unemployment+insurance%22&hl=en&as_sdt=0,5"
42,"S Moyen, N Stähler, F Winkler","Optimal unemployment insurance and international risk sharing",2019,"European Economic Review","Elsevier","https://www.sciencedirect.com/science/article/pii/S0014292119300443","https://scholar.google.com/scholar?cites=13165545793029068139&as_sdt=2005&sciodt=0,5&hl=en",222,"2022-08-15 21:28:05","","","","",,,,,42,14.00,14,3,3,"… , we show that the optimal replacement rate becomes more countercyclical relative to a … -period version of our model to derive two new results on optimal unemployment insurance. …","https://www.econstor.eu/bitstream/10419/146307/1/867810653.pdf","https://scholar.google.com/scholar?q=related:a9WiCyVqtbYJ:scholar.google.com/&scioq=duration+%22standard+error%22%7C%22standard+errors%22%7Cpbd%7C%22benefit+duration%22%7Cwba%7C%22weekly+benefit+amount%22%7C%22replacement+rate%22+%22unemployment+insurance%22&hl=en&as_sdt=0,5"
12,"S Pallage, C Zimmermann","On voters' attitudes towards unemployment insurance subsidies across regions: a Canadian simulation",2006,"Journal of Population Economics","Springer","https://link.springer.com/article/10.1007/s00148-005-0028-9","https://scholar.google.com/scholar?cites=13574407567291070566&as_sdt=2005&sciodt=0,5&hl=en",787,"2022-08-15 21:28:05","","10.1007/s00148-005-0028-9","","",,,,,12,0.75,6,2,16,"… The Canadian unemployment insurance (UI) … the unemployment insurance program entails the highest generosity. While the replacement rate is invariant across regions, the duration of …","https://opencommons.uconn.edu/cgi/viewcontent.cgi?article=1147&context=econ_wpapers","https://scholar.google.com/scholar?q=related:ZjjCHMP7YbwJ:scholar.google.com/&scioq=duration+%22standard+error%22%7C%22standard+errors%22%7Cpbd%7C%22benefit+duration%22%7Cwba%7C%22weekly+benefit+amount%22%7C%22replacement+rate%22+%22unemployment+insurance%22&hl=en&as_sdt=0,5"
21,"S Pallage, L Scruggs, C Zimmermann","Measuring unemployment insurance generosity",2013,"Political Analysis","cambridge.org","https://www.cambridge.org/core/journals/political-analysis/article/measuring-unemployment-insurance-generosity/B5B442DE9B14F0B726FF1CDFAC63EBD1","https://scholar.google.com/scholar?cites=7241037941161258532&as_sdt=2005&sciodt=0,5&hl=en",214,"2022-08-15 21:28:05","","","","",,,,,21,2.33,7,3,9,"… Besides replacement rates, may also contain eligibility parameters such as a waiting period, a benefit duration, asset tests, etc. For the time being, we will say that eligibility depends on …","","https://scholar.google.com/scholar?q=related:JO4KkKRVfWQJ:scholar.google.com/&scioq=duration+%22standard+error%22%7C%22standard+errors%22%7Cpbd%7C%22benefit+duration%22%7Cwba%7C%22weekly+benefit+amount%22%7C%22replacement+rate%22+%22unemployment+insurance%22&hl=en&as_sdt=0,5"
26,"S Phipps","Does Unemployment Insurance Increase Unemployment?",1996,"Unemployment Crisis","books.google.com","https://books.google.com/books?hl=en&lr=&id=MDjRrvd9XoYC&oi=fnd&pg=PA129&dq=duration+%22standard+error%22%7C%22standard+errors%22%7Cpbd%7C%22benefit+duration%22%7Cwba%7C%22weekly+benefit+amount%22%7C%22replacement+rate%22+%22unemployment+insurance%22&ots=LbeRi3ig8z&sig=JLx3Bm1ziken0FQ4dyOBW8DKYdU","https://scholar.google.com/scholar?cites=15249623606724377081&as_sdt=2005&sciodt=0,5&hl=en",543,"2022-08-15 21:28:05","","","","",,,,,26,1.00,26,1,26,"… for example, we cut the unemployment insurance benefit-replacement rate. Notice that small … their jobs and collect unemployment insurance while enjoying leisure time. However, since …","","https://scholar.google.com/scholar?q=related:-bk31d-LodMJ:scholar.google.com/&scioq=duration+%22standard+error%22%7C%22standard+errors%22%7Cpbd%7C%22benefit+duration%22%7Cwba%7C%22weekly+benefit+amount%22%7C%22replacement+rate%22+%22unemployment+insurance%22&hl=en&as_sdt=0,5"
0,"S Simonetta","… at both the indi-vidual and societal level, making it abundantly clear that the United States needed to establish an unemployment insurance (UI) program (Haber and …",2018,"Unemployment Insurance Reform: Fixing a Broken …","books.google.com","https://books.google.com/books?hl=en&lr=&id=MhxtDwAAQBAJ&oi=fnd&pg=PA23&dq=duration+%22standard+error%22%7C%22standard+errors%22%7Cpbd%7C%22benefit+duration%22%7Cwba%7C%22weekly+benefit+amount%22%7C%22replacement+rate%22+%22unemployment+insurance%22&ots=eML49Gki2F&sig=12ppPSLN-KLC2Hv7qWq4YB5aUdA","",644,"2022-08-15 21:28:05","","","","",,,,,0,0.00,0,1,4,"… weekly benefit amount (WBA) replace at least 50 percent of lost earnings over a six-month period, with a maximum WBA … long-term declining trend in the replacement rate (Figure 2.15). …","","https://scholar.google.com/scholar?q=related:NZVfwxswPU0J:scholar.google.com/&scioq=duration+%22standard+error%22%7C%22standard+errors%22%7Cpbd%7C%22benefit+duration%22%7Cwba%7C%22weekly+benefit+amount%22%7C%22replacement+rate%22+%22unemployment+insurance%22&hl=en&as_sdt=0,5"
3,"S Simonetta","UI reform proposals in the fiscal year 2017 Obama budget request",2018,"Unemployment insurance reform: Fixing a broken …","JSTOR","https://www.jstor.org/stable/pdf/j.ctvh4zfsf.5.pdf","https://scholar.google.com/scholar?cites=16300969474438754868&as_sdt=2005&sciodt=0,5&hl=en",846,"2022-08-15 21:28:05","","","","",,,,,3,0.75,3,1,4,"… weekly benefit amount (WBA) replace at least 50 percent of lost earnings over a six-month period, with a maximum WBA … long-term declining trend in the replacement rate (Figure 2.15). …","https://research.upjohn.org/cgi/viewcontent.cgi?article=1268&context=up_press#page=35","https://scholar.google.com/scholar?q=related:NHJo6l6tOOIJ:scholar.google.com/&scioq=duration+%22standard+error%22%7C%22standard+errors%22%7Cpbd%7C%22benefit+duration%22%7Cwba%7C%22weekly+benefit+amount%22%7C%22replacement+rate%22+%22unemployment+insurance%22&hl=en&as_sdt=0,5"
202,"S Staubli","The impact of stricter criteria for disability insurance on labor force participation",2011,"Journal of Public Economics","Elsevier","https://www.sciencedirect.com/science/article/pii/S0047272711000806","https://scholar.google.com/scholar?cites=11571065240268224315&as_sdt=2005&sciodt=0,5&hl=en",932,"2022-08-15 21:28:05","","","","",,,,,202,18.36,202,1,11,"… that individuals can claim unemployment insurance (UI) or … Because the potential DI replacement rate decreases with respect to … across time, which may result in an underestimation of …","https://www.ncbi.nlm.nih.gov/pmc/articles/PMC3160545/","https://scholar.google.com/scholar?q=related:O7cOp4eulKAJ:scholar.google.com/&scioq=duration+%22standard+error%22%7C%22standard+errors%22%7Cpbd%7C%22benefit+duration%22%7Cwba%7C%22weekly+benefit+amount%22%7C%22replacement+rate%22+%22unemployment+insurance%22&hl=en&as_sdt=0,5"
20,"S Strøm","Comment on B. Holmlund,"" Unemployment Insurance in Theory and Practice""",1998,"The Scandinavian Journal of Economics","JSTOR","https://www.jstor.org/stable/3440766","https://scholar.google.com/scholar?cites=14017024665878415698&as_sdt=2005&sciodt=0,5&hl=en",273,"2022-08-15 21:28:05","","","","",,,,,20,0.83,20,1,24,"… economy aspects of unemployment insurance. Empirical … , between unemployment insurance and unemployment duration. … replacement rate elasticity will most likely be further reduced. …","","https://scholar.google.com/scholar?q=related:UkmSEat5hsIJ:scholar.google.com/&scioq=duration+%22standard+error%22%7C%22standard+errors%22%7Cpbd%7C%22benefit+duration%22%7Cwba%7C%22weekly+benefit+amount%22%7C%22replacement+rate%22+%22unemployment+insurance%22&hl=en&as_sdt=0,5"
42,"S Tuit, JC van Ours","How changes in unemployment benefit duration affect the inflow into unemployment",2010,"Economics Letters","Elsevier","https://www.sciencedirect.com/science/article/pii/S0165176510002776","https://scholar.google.com/scholar?cites=13651309646524362822&as_sdt=2005&sciodt=0,5&hl=en",10,"2022-08-15 21:28:05","","","","",,,,,42,3.50,21,2,12,"… on the effects of unemployment insurance (UI) usually … both the level and the duration of the unemployment benefits. … points in time to indicate the change in potential benefit duration. …","https://www.econstor.eu/bitstream/10419/36100/1/619061898.pdf","https://scholar.google.com/scholar?q=related:RrDyt8sxc70J:scholar.google.com/&scioq=duration+%22standard+error%22%7C%22standard+errors%22%7Cpbd%7C%22benefit+duration%22%7Cwba%7C%22weekly+benefit+amount%22%7C%22replacement+rate%22+%22unemployment+insurance%22&hl=en&as_sdt=0,5"
2,"S Van Nieuwerburgh","Robustness and optimal contracts",2001,"manuscript, July","pages.stern.nyu.edu","http://pages.stern.nyu.edu/~dbackus/Exotic/1Robustness/VanNieuw%20contracts%20Jul%2001.pdf","https://scholar.google.com/scholar?cites=18438449617281646456&as_sdt=2005&sciodt=0,5&hl=en",875,"2022-08-15 21:28:05","PDF","","","",,,,,2,0.10,2,1,21,"… replacement rate is a constant function of time is plausible: It is not easily detectable with a statistical specification test and a short time-… unemployment insurance (UI) design problem. …","http://pages.stern.nyu.edu/~dbackus/Exotic/1Robustness/VanNieuw%20contracts%20Jul%2001.pdf","https://scholar.google.com/scholar?q=related:eH8CXzyI4v8J:scholar.google.com/&scioq=duration+%22standard+error%22%7C%22standard+errors%22%7Cpbd%7C%22benefit+duration%22%7Cwba%7C%22weekly+benefit+amount%22%7C%22replacement+rate%22+%22unemployment+insurance%22&hl=en&as_sdt=0,5"
77,"SA Berkowitz, CW Cené…","Covid-19 and health equity—time to think big",2020,"New England Journal of …","Mass Medical Soc","https://www.nejm.org/doi/full/10.1056/NEJMp2021209","https://scholar.google.com/scholar?cites=4510313503948886905&as_sdt=2005&sciodt=0,5&hl=en",939,"2022-08-15 21:28:05","HTML","10.1056/NEJMp2021209","","",,,,,77,38.50,26,3,2,"… Second, we recommend reforming unemployment insurance. Working conditions vary … income-replacement rate and broaden eligibility are needed. Unemployment-insurance reform …","https://www.nejm.org/doi/full/10.1056/NEJMp2021209","https://scholar.google.com/scholar?q=related:eVOFNDzalz4J:scholar.google.com/&scioq=duration+%22standard+error%22%7C%22standard+errors%22%7Cpbd%7C%22benefit+duration%22%7Cwba%7C%22weekly+benefit+amount%22%7C%22replacement+rate%22+%22unemployment+insurance%22&hl=en&as_sdt=0,5"
27,"SA Berkowitz, S Basu","Unmet Social Needs And Worse Mental Health After Expiration Of COVID-19 Federal Pandemic Unemployment Compensation: Study examines unmet social needs …",2021,"Health Affairs","healthaffairs.org","https://www.healthaffairs.org/doi/abs/10.1377/hlthaff.2020.01990","https://scholar.google.com/scholar?cites=14993129166867247060&as_sdt=2005&sciodt=0,5&hl=en",255,"2022-08-15 21:28:05","","10.1377/hlthaff.2020.01990","","",,,,,27,27.00,14,2,1,"… the maximum benefit duration for people receiving state unemployment insurance by up to … with indicators for receipt of unemployment insurance benefits (yes or no), period (post-FPUC …","https://europepmc.org/articles/pmc8053426/bin/nihms1689058-supplement-eappendix.docx","https://scholar.google.com/scholar?q=related:1K-rTopLEtAJ:scholar.google.com/&scioq=duration+%22standard+error%22%7C%22standard+errors%22%7Cpbd%7C%22benefit+duration%22%7Cwba%7C%22weekly+benefit+amount%22%7C%22replacement+rate%22+%22unemployment+insurance%22&hl=en&as_sdt=0,5"
52,"SA Berkowitz, S Basu","Unemployment insurance, health-related social needs, health care access, and mental health during the COVID-19 pandemic",2021,"JAMA internal medicine","jamanetwork.com","https://jamanetwork.com/journals/jama/articlepdf/2773234/jamainternal_berkowitz_2020_ld_200088_1619193349.8907.pdf","https://scholar.google.com/scholar?cites=2403749465856924414&as_sdt=2005&sciodt=0,5&hl=en",306,"2022-08-15 21:28:05","PDF","","","",,,,,52,52.00,26,2,1,"… b Relative risk compares risk for outcome in those who received unemployment insurance benefits to those who did not receive unemployment insurance benefit. A relative risk <1 …","https://jamanetwork.com/journals/jama/articlepdf/2773234/jamainternal_berkowitz_2020_ld_200088_1619193349.8907.pdf","https://scholar.google.com/scholar?q=related:_tpvUWfVWyEJ:scholar.google.com/&scioq=duration+%22standard+error%22%7C%22standard+errors%22%7Cpbd%7C%22benefit+duration%22%7Cwba%7C%22weekly+benefit+amount%22%7C%22replacement+rate%22+%22unemployment+insurance%22&hl=en&as_sdt=0,5"
10,"SA Horowitz","A model of unemployment insurance and the work test",1977,"ILR Review","journals.sagepub.com","https://journals.sagepub.com/doi/pdf/10.1177/001979397703000403","https://scholar.google.com/scholar?cites=6727899977100672629&as_sdt=2005&sciodt=0,5&hl=en",705,"2022-08-15 21:28:05","","10.1177/001979397703000403","","",,,,,10,0.22,10,1,45,"… biased measures of the incentive effects of unemployment insurance. In order to circumvent … The exhaustion rate, 8, is clearly a function of maximum benefit duration. The requirement …","","https://scholar.google.com/scholar?q=related:db5xG2JNXl0J:scholar.google.com/&scioq=duration+%22standard+error%22%7C%22standard+errors%22%7Cpbd%7C%22benefit+duration%22%7Cwba%7C%22weekly+benefit+amount%22%7C%22replacement+rate%22+%22unemployment+insurance%22&hl=en&as_sdt=0,5"
36,"SA Rea Jr","Unemployment insurance and labour supply: a simulation of the 1971 Unemployment Insurance Act",1977,"Canadian Journal of Economics","JSTOR","https://www.jstor.org/stable/134443","https://scholar.google.com/scholar?cites=4400932899008005574&as_sdt=2005&sciodt=0,5&hl=en",474,"2022-08-15 21:28:05","","","","",,,,,36,0.80,36,1,45,"… Additional weeks of work do not increase benefit duration until fifteen weeks 5 There will be many who work full-time regardless of the program because k is low or because they have a …","","https://scholar.google.com/scholar?q=related:xsWzjSdBEz0J:scholar.google.com/&scioq=duration+%22standard+error%22%7C%22standard+errors%22%7Cpbd%7C%22benefit+duration%22%7Cwba%7C%22weekly+benefit+amount%22%7C%22replacement+rate%22+%22unemployment+insurance%22&hl=en&as_sdt=0,5"
0,"SA Wander, CT King","Building a National Unemployment Insurance System",2021,"","raymarshallcenter.org","https://raymarshallcenter.org/files/2021/02/Natl-UI-Brief_Revd_WandnerKing_021221.pdf","",528,"2022-08-15 21:28:05","PDF","","","",,,,,0,0.00,0,2,1,"… The federal-state unemployment insurance (UI) partnership … wage replacement rate and the maximum potential duration of … USDOL’s) Office of Unemployment Insurance, with its steadily …","https://raymarshallcenter.org/files/2021/02/Natl-UI-Brief_Revd_WandnerKing_021221.pdf","https://scholar.google.com/scholar?q=related:4Jf8T4geXccJ:scholar.google.com/&scioq=duration+%22standard+error%22%7C%22standard+errors%22%7Cpbd%7C%22benefit+duration%22%7Cwba%7C%22weekly+benefit+amount%22%7C%22replacement+rate%22+%22unemployment+insurance%22&hl=en&as_sdt=0,5"
0,"SA Wandner, CJ O'Leary","The Unemployment Insurance Program and Its Relationship to the Supplemental Nutrition Assistance Program",2019,"… and Unemployment Insurance …","research.upjohn.org","https://research.upjohn.org/cgi/viewcontent.cgi?article=1276&context=up_press#page=73","",290,"2022-08-15 21:28:05","PDF","","","",,,,,0,0.00,0,2,3,"… period. The minimum Michigan UI WBA in 2009 was $117, but the average WBA among all beneficiaries in this period was $316, while the state maximum was $362. The average UI …","https://research.upjohn.org/cgi/viewcontent.cgi?article=1276&context=up_press#page=73","https://scholar.google.com/scholar?q=related:0L2-pq9ZicAJ:scholar.google.com/&scioq=duration+%22standard+error%22%7C%22standard+errors%22%7Cpbd%7C%22benefit+duration%22%7Cwba%7C%22weekly+benefit+amount%22%7C%22replacement+rate%22+%22unemployment+insurance%22&hl=en&as_sdt=0,5"
0,"SA Wandner, CJ O'Leary","The Unemployment Insurance (UI) program's parameters and the policy (set by both the federal and state governments) have a large impact on whether and when …",2019,"… and Unemployment Insurance","books.google.com","https://books.google.com/books?hl=en&lr=&id=XHCrDwAAQBAJ&oi=fnd&pg=PA61&dq=duration+%22standard+error%22%7C%22standard+errors%22%7Cpbd%7C%22benefit+duration%22%7Cwba%7C%22weekly+benefit+amount%22%7C%22replacement+rate%22+%22unemployment+insurance%22&ots=n3PLr-y8Jp&sig=WzvxpfhcXxdBMCGoILx5zURXu64","",439,"2022-08-15 21:28:05","","","","",,,,,0,0.00,0,2,3,"… period. The minimum Michigan UI WBA in 2009 was $117, but the average WBA among all beneficiaries in this period was $316, while the state maximum was $362. The average UI …","","https://scholar.google.com/scholar?q=related:5Ns1hImtLosJ:scholar.google.com/&scioq=duration+%22standard+error%22%7C%22standard+errors%22%7Cpbd%7C%22benefit+duration%22%7Cwba%7C%22weekly+benefit+amount%22%7C%22replacement+rate%22+%22unemployment+insurance%22&hl=en&as_sdt=0,5"
18,"SA Woodbury","Unemployment insurance",2014,"Oxford handbook of US social policy","books.google.com","https://books.google.com/books?hl=en&lr=&id=RzEDBQAAQBAJ&oi=fnd&pg=PA471&dq=duration+%22standard+error%22%7C%22standard+errors%22%7Cpbd%7C%22benefit+duration%22%7Cwba%7C%22weekly+benefit+amount%22%7C%22replacement+rate%22+%22unemployment+insurance%22&ots=uQmZWSeCfz&sig=ke6CNYvWiEFmkkrgt7oV0gTI9-A","https://scholar.google.com/scholar?cites=8199782232779950948&as_sdt=2005&sciodt=0,5&hl=en",172,"2022-08-15 21:28:05","","","","",,,,,18,2.25,18,1,8,"… receiving the maximum weekly benefit amount, the weekly UI replacement rate is less than 50 … tial benefit duration varies with base-period earnings. Most of these “variable-duration” …","https://www.econstor.eu/bitstream/10419/98582/1/781886988.pdf","https://scholar.google.com/scholar?q=related:ZItoFH96y3EJ:scholar.google.com/&scioq=duration+%22standard+error%22%7C%22standard+errors%22%7Cpbd%7C%22benefit+duration%22%7Cwba%7C%22weekly+benefit+amount%22%7C%22replacement+rate%22+%22unemployment+insurance%22&hl=en&as_sdt=0,5"
5,"SA Woodbury","Emergency extensions of unemployment insurance: A critical review and some new empirical findings",1996,"","research.upjohn.org","https://research.upjohn.org/cgi/viewcontent.cgi?article=1099&context=bookchapters","https://scholar.google.com/scholar?cites=12441130428894527565&as_sdt=2005&sciodt=0,5&hl=en",323,"2022-08-15 21:28:05","PDF","","","",,,,,5,0.19,5,1,26,"… Section V offers some new estimates.of the impact of increased potential benefit duration on the duration of unemployment, using two data sets. In one of these data sets -- from …","https://research.upjohn.org/cgi/viewcontent.cgi?article=1099&context=bookchapters","https://scholar.google.com/scholar?q=related:TcCPijXGp6wJ:scholar.google.com/&scioq=duration+%22standard+error%22%7C%22standard+errors%22%7Cpbd%7C%22benefit+duration%22%7Cwba%7C%22weekly+benefit+amount%22%7C%22replacement+rate%22+%22unemployment+insurance%22&hl=en&as_sdt=0,5"
46,"SA Woodbury, M Rubin","The duration of benefits",1997,"Unemployment Insurance in the United States …","Citeseer","https://citeseerx.ist.psu.edu/viewdoc/download?doi=10.1.1.455.3580&rep=rep1&type=pdf","https://scholar.google.com/scholar?cites=11112271309592422607&as_sdt=2005&sciodt=0,5&hl=en",133,"2022-08-15 21:28:05","PDF","","","",,,,,46,1.84,23,2,25,"… Unemployment insurance (UI) benefits have two dimensions: the weekly benefit amount and the potential duration … both “regular” benefit duration and the duration of “extended” benefits…","https://citeseerx.ist.psu.edu/viewdoc/download?doi=10.1.1.455.3580&rep=rep1&type=pdf","https://scholar.google.com/scholar?q=related:z2gFeOG3NpoJ:scholar.google.com/&scioq=duration+%22standard+error%22%7C%22standard+errors%22%7Cpbd%7C%22benefit+duration%22%7Cwba%7C%22weekly+benefit+amount%22%7C%22replacement+rate%22+%22unemployment+insurance%22&hl=en&as_sdt=0,5"
8,"SA Woodbury, R Anderson…","Layoffs and experience rating of the unemployment insurance payroll tax: Panel data analysis of employers in three states",2004,"Policy report, US …","academia.edu","https://www.academia.edu/download/74305626/Layoffs_and_Experience_Rating_of_the_Une20211107-5864-gzawzs.pdf","https://scholar.google.com/scholar?cites=3033303964953638897&as_sdt=2005&sciodt=0,5&hl=en",489,"2022-08-15 21:28:05","PDF","","","",,,,,8,0.44,3,3,18,"… few vary over time — the reserve and benefit ratios, average weekly benefit amount (WBA), … The estimates discussed below are from models that do not include these time-varying …","https://www.academia.edu/download/74305626/Layoffs_and_Experience_Rating_of_the_Une20211107-5864-gzawzs.pdf","https://scholar.google.com/scholar?q=related:8XfYjuJ1GCoJ:scholar.google.com/&scioq=duration+%22standard+error%22%7C%22standard+errors%22%7Cpbd%7C%22benefit+duration%22%7Cwba%7C%22weekly+benefit+amount%22%7C%22replacement+rate%22+%22unemployment+insurance%22&hl=en&as_sdt=0,5"
317,"SA Woodbury, RG Spiegelman","Bonuses to workers and employers to reduce unemployment: Randomized trials in Illinois",1987,"The American Economic Review","JSTOR","https://www.jstor.org/stable/1814528","https://scholar.google.com/scholar?cites=4927087215370931750&as_sdt=2005&sciodt=0,5&hl=en",335,"2022-08-15 21:28:05","","","","",,,,,317,9.06,159,2,35,"… New claimants for Unemployment Insurance were randomly assigned to one of two … 10 For mean earnings in the base period, the standard error of the difference between either …","https://www.academia.edu/download/74305597/Woodbury_Spiegelman874.20.pdf","https://scholar.google.com/scholar?q=related:Jo6NsbeHYEQJ:scholar.google.com/&scioq=duration+%22standard+error%22%7C%22standard+errors%22%7Cpbd%7C%22benefit+duration%22%7Cwba%7C%22weekly+benefit+amount%22%7C%22replacement+rate%22+%22unemployment+insurance%22&hl=en&as_sdt=0,5"
0,"SA Woodbury, W Vroman","The Incidence and Cost of Wrongfully Denied Unemployment Benefits",2001,"","research.upjohn.org","https://research.upjohn.org/reports/106/","",756,"2022-08-15 21:28:05","","","","",,,,,0,0.00,0,2,21,"… of Labor has performed random audits of Unemployment Insurance (Ul) payments in order … of the base period, which would qualify the claimant for a weekly benefit amount of $53. The …","https://research.upjohn.org/cgi/viewcontent.cgi?article=1109&context=reports","https://scholar.google.com/scholar?q=related:8a2_L1b11XAJ:scholar.google.com/&scioq=duration+%22standard+error%22%7C%22standard+errors%22%7Cpbd%7C%22benefit+duration%22%7Cwba%7C%22weekly+benefit+amount%22%7C%22replacement+rate%22+%22unemployment+insurance%22&hl=en&as_sdt=0,5"
0,"SC Garcia","Essays in Labor and Public Economics",2020,"","madoc.bib.uni-mannheim.de","https://madoc.bib.uni-mannheim.de/55038/1/Dissertation-Sebastian_CamareroGarcia-2020-final-library2.pdf?rs=true&","",609,"2022-08-15 21:28:05","PDF","","","",,,,,0,0.00,0,1,2,"… First, we document how the PBD in the unemployment insurance affects the actual unemployment duration of future entrepreneurs. In this context, it is ex-ante unclear whether the …","https://madoc.bib.uni-mannheim.de/55038/1/Dissertation-Sebastian_CamareroGarcia-2020-final-library2.pdf?rs=true&","https://scholar.google.com/scholar?q=related:xK5YLNfPE38J:scholar.google.com/&scioq=duration+%22standard+error%22%7C%22standard+errors%22%7Cpbd%7C%22benefit+duration%22%7Cwba%7C%22weekly+benefit+amount%22%7C%22replacement+rate%22+%22unemployment+insurance%22&hl=en&as_sdt=0,5"
1,"SC Garcia, M Murmann","Unemployment Benefit Duration and Startup Success",2019,"Proceedings. Annual Conference on Taxation and …","JSTOR","https://www.jstor.org/stable/27067411","https://scholar.google.com/scholar?cites=8254534248306841824&as_sdt=2005&sciodt=0,5&hl=en",94,"2022-08-15 21:28:05","","","","",,,,,1,0.33,1,2,3,"… First, we document how the PBD in the unemployment insurance affects the unemployment duration of future entrepreneurs. In this way, we analyze how a group of unemployed …","https://www.zew.de/fileadmin/FTP/dp/dp20033.pdf","https://scholar.google.com/scholar?q=related:4BigGCr_jXIJ:scholar.google.com/&scioq=duration+%22standard+error%22%7C%22standard+errors%22%7Cpbd%7C%22benefit+duration%22%7Cwba%7C%22weekly+benefit+amount%22%7C%22replacement+rate%22+%22unemployment+insurance%22&hl=en&as_sdt=0,5"
0,"SC Garcia, M Murmann","Unemployment Benefit Duration and Start-Up Success: Evidence from Germany.",2019,"","","","",731,"2022-08-15 21:28:05","CITATION","","","",,,,,0,0.00,0,2,3,"","","https://scholar.google.com/scholar?q=related:Wxs0EpW43X4J:scholar.google.com/&scioq=duration+%22standard+error%22%7C%22standard+errors%22%7Cpbd%7C%22benefit+duration%22%7Cwba%7C%22weekly+benefit+amount%22%7C%22replacement+rate%22+%22unemployment+insurance%22&hl=en&as_sdt=0,5"
12,"SG Craig, MG Palumbo","Policy interaction in the provision of unemployment insurance and low‐income assistance by state governments",1999,"Journal of Regional Science","Wiley Online Library","https://onlinelibrary.wiley.com/doi/abs/10.1111/1467-9787.00133","https://scholar.google.com/scholar?cites=14686032026433866450&as_sdt=2005&sciodt=0,5&hl=en",517,"2022-08-15 21:28:05","","10.1111/1467-9787.00133","","",,,,,12,0.52,6,2,23,"… standard error estimates because there are not yet accessible econometric methods for incorporating autocorrelation (across time … terms our 2SLS standard errors would be understated …","","https://scholar.google.com/scholar?q=related:0sqZb1FEz8sJ:scholar.google.com/&scioq=duration+%22standard+error%22%7C%22standard+errors%22%7Cpbd%7C%22benefit+duration%22%7Cwba%7C%22weekly+benefit+amount%22%7C%22replacement+rate%22+%22unemployment+insurance%22&hl=en&as_sdt=0,5"
1,"SJ Blaustein","Unemployment Insurance Fund Insolvency and Debt in Michigan.",1982,"","ERIC","https://eric.ed.gov/?id=ED222689","https://scholar.google.com/scholar?cites=11499492642272867513&as_sdt=2005&sciodt=0,5&hl=en",483,"2022-08-15 21:28:05","BOOK","","","",,,,,1,0.03,1,1,40,"… time, seriously hamper their recovery efforts. A number of changes in the existing state unemployment insurance … , and freezing the maximum weekly benefit amount. While the burdens …","https://files.eric.ed.gov/fulltext/ED222689.pdf","https://scholar.google.com/scholar?q=related:uXTkl6Fnlp8J:scholar.google.com/&scioq=duration+%22standard+error%22%7C%22standard+errors%22%7Cpbd%7C%22benefit+duration%22%7Cwba%7C%22weekly+benefit+amount%22%7C%22replacement+rate%22+%22unemployment+insurance%22&hl=en&as_sdt=0,5"
7,"SJ Blaustein","Insured Unemployment Data",1979,"","books.google.com","https://books.google.com/books?hl=en&lr=&id=xJWWpMPU20gC&oi=fnd&pg=PA18&dq=duration+%22standard+error%22%7C%22standard+errors%22%7Cpbd%7C%22benefit+duration%22%7Cwba%7C%22weekly+benefit+amount%22%7C%22replacement+rate%22+%22unemployment+insurance%22&ots=r-QpuGRcqZ&sig=Sda0SEhPjtjTR5HIym8RkUsxGJs","https://scholar.google.com/scholar?cites=17207672597237451715&as_sdt=2005&sciodt=0,5&hl=en",826,"2022-08-15 21:28:05","BOOK","","","",,,,,7,0.16,7,1,43,"… are contained in state unemployment insurance laws; … to the maximum duration but instead are assigned duration limits … The partial weekly benefit amount paid may range from close to …","https://books.google.com/books?hl=en&lr=&id=xJWWpMPU20gC&oi=fnd&pg=PA18&dq=duration+%22standard+error%22%7C%22standard+errors%22%7Cpbd%7C%22benefit+duration%22%7Cwba%7C%22weekly+benefit+amount%22%7C%22replacement+rate%22+%22unemployment+insurance%22&ots=r-QpuGRcqZ&sig=Sda0SEhPjtjTR5HIym8RkUsxGJs","https://scholar.google.com/scholar?q=related:w8uPmQ7vze4J:scholar.google.com/&scioq=duration+%22standard+error%22%7C%22standard+errors%22%7Cpbd%7C%22benefit+duration%22%7Cwba%7C%22weekly+benefit+amount%22%7C%22replacement+rate%22+%22unemployment+insurance%22&hl=en&as_sdt=0,5"
4,"SJ Blaustein","Diverse Treatment of Claimants by States",1980,"Unemployment Compensation: Studies and …","books.google.com","https://books.google.com/books?hl=en&lr=&id=qWEoMy6et3sC&oi=fnd&pg=PA187&dq=duration+%22standard+error%22%7C%22standard+errors%22%7Cpbd%7C%22benefit+duration%22%7Cwba%7C%22weekly+benefit+amount%22%7C%22replacement+rate%22+%22unemployment+insurance%22&ots=Zm9Dc6eqtw&sig=1NXxyraS6I1igDeL_A_HLOTrI54","https://scholar.google.com/scholar?cites=10618749092711734847&as_sdt=2005&sciodt=0,5&hl=en",985,"2022-08-15 21:28:05","HTML","","","",,,,,4,0.10,4,1,42,"… S tate unemployment insurance (UI) eligibility and within some bounds, there is little or no … US average wage, the WBA's and wage of the AWW earned during the base period. Two test …","https://books.google.com/books?hl=en&lr=&id=qWEoMy6et3sC&oi=fnd&pg=PA187&dq=duration+%22standard+error%22%7C%22standard+errors%22%7Cpbd%7C%22benefit+duration%22%7Cwba%7C%22weekly+benefit+amount%22%7C%22replacement+rate%22+%22unemployment+insurance%22&ots=Zm9Dc6eqtw&sig=1NXxyraS6I1igDeL_A_HLOTrI54","https://scholar.google.com/scholar?q=related:P54VDgpgXZMJ:scholar.google.com/&scioq=duration+%22standard+error%22%7C%22standard+errors%22%7Cpbd%7C%22benefit+duration%22%7Cwba%7C%22weekly+benefit+amount%22%7C%22replacement+rate%22+%22unemployment+insurance%22&hl=en&as_sdt=0,5"
126,"SJ Blaustein, WJ Cohen, W Haber, William. Haber","Unemployment insurance in the United States: the first half century",1993,"","core.ac.uk","https://core.ac.uk/download/pdf/217642559.pdf","https://scholar.google.com/scholar?cites=10429558941501662337&as_sdt=2005&sciodt=0,5&hl=en",285,"2022-08-15 21:28:05","BOOK","","","",,,,,126,4.34,32,4,29,"… had happened in unemployment insurance since the mid-1960s, and it was time to consider … The program's response to this problem, involving adjustments in its benefit duration limits, …","https://core.ac.uk/download/pdf/217642559.pdf","https://scholar.google.com/scholar?q=related:gaQ0YJk8vZAJ:scholar.google.com/&scioq=duration+%22standard+error%22%7C%22standard+errors%22%7Cpbd%7C%22benefit+duration%22%7Cwba%7C%22weekly+benefit+amount%22%7C%22replacement+rate%22+%22unemployment+insurance%22&hl=en&as_sdt=0,5"
2,"SM Hills","UNEMPLOYMENT INSURANCE, JOB SEARCH, AND THE DURATION OF UNEMPLOYMENT.",1975,"","search.proquest.com","https://search.proquest.com/openview/fd040f8b0074281a3732665c818ec5a8/1?pq-origsite=gscholar&cbl=18750&diss=y","https://scholar.google.com/scholar?cites=13353801308905012616&as_sdt=2005&sciodt=0,5&hl=en",930,"2022-08-15 21:28:05","BOOK","","","",,,,,2,0.04,2,1,47,"… of the weekly benefit amount for those eligible and the determination of the duration for … the States in the area of the weekly benefit amount by periodically establishing goals for the …","","https://scholar.google.com/scholar?q=related:iP1t-ok7UrkJ:scholar.google.com/&scioq=duration+%22standard+error%22%7C%22standard+errors%22%7Cpbd%7C%22benefit+duration%22%7Cwba%7C%22weekly+benefit+amount%22%7C%22replacement+rate%22+%22unemployment+insurance%22&hl=en&as_sdt=0,5"
151,"SR Baker, A Fradkin","The impact of unemployment insurance on job search: Evidence from Google search data",2017,"Review of Economics and Statistics","direct.mit.edu","https://direct.mit.edu/rest/article-abstract/99/5/756/58430","https://scholar.google.com/scholar?cites=13744015496284498431&as_sdt=2005&sciodt=0,5&hl=en",13,"2022-08-15 21:28:05","","","","",,,,,151,30.20,76,2,5,"… in unemployment insurance policy in the period between 2005 and 2014. We find that job search does respond to the potential benefit duration (PBD) of unemployment insurance. …","https://scholar.google.comftp://dlib.info/opt/ReDIF/RePEc/sip/12-018.pdf","https://scholar.google.com/scholar?q=related:_2mAY0aNvL4J:scholar.google.com/&scioq=duration+%22standard+error%22%7C%22standard+errors%22%7Cpbd%7C%22benefit+duration%22%7Cwba%7C%22weekly+benefit+amount%22%7C%22replacement+rate%22+%22unemployment+insurance%22&hl=en&as_sdt=0,5"
185,"SRG Jones","The relationship between unemployment spells and reservation wages as a test of search theory",1988,"The Quarterly Journal of Economics","academic.oup.com","https://academic.oup.com/qje/article-abstract/103/4/741/1942307","https://scholar.google.com/scholar?cites=8014922458304210963&as_sdt=2005&sciodt=0,5&hl=en",957,"2022-08-15 21:28:05","","","","",,,,,185,5.44,185,1,34,"… In particular, we shall use cost of search variables, especially unemployment insurance … estimates from the full sample, but the standard errors also rise markedly, and we cannot reject …","","https://scholar.google.com/scholar?q=related:E-iFzYK5Om8J:scholar.google.com/&scioq=duration+%22standard+error%22%7C%22standard+errors%22%7Cpbd%7C%22benefit+duration%22%7Cwba%7C%22weekly+benefit+amount%22%7C%22replacement+rate%22+%22unemployment+insurance%22&hl=en&as_sdt=0,5"
18,"SS Pandya","Retrofitting Unemployment Insurance to Cover Temporary Workers",1998,"Yale L. & Pol'y Rev.","HeinOnline","https://heinonline.org/hol-cgi-bin/get_pdf.cgi?handle=hein.journals/yalpr17&section=37","https://scholar.google.com/scholar?cites=15697403971646392204&as_sdt=2005&sciodt=0,5&hl=en",714,"2022-08-15 21:28:05","","","","",,,,,18,0.75,18,1,24,"… period. In Arkansas, off-season wages of less than 30 times the weekly benefit amount qualify … a two- to sixmonth operating period. If the industry has a seven- to eight- month operating …","https://opencommons.uconn.edu/cgi/viewcontent.cgi?article=1077&context=law_papers","https://scholar.google.com/scholar?q=related:jAfKab5h2NkJ:scholar.google.com/&scioq=duration+%22standard+error%22%7C%22standard+errors%22%7Cpbd%7C%22benefit+duration%22%7Cwba%7C%22weekly+benefit+amount%22%7C%22replacement+rate%22+%22unemployment+insurance%22&hl=en&as_sdt=0,5"
402,"ST Marston","Two views of the geographic distribution of unemployment",1985,"The Quarterly Journal of Economics","academic.oup.com","https://academic.oup.com/qje/article-abstract/100/1/57/1879189","https://scholar.google.com/scholar?cites=4003787382018785446&as_sdt=2005&sciodt=0,5&hl=en",941,"2022-08-15 21:28:05","","","","",,,,,402,10.86,402,1,37,"… , high wages, and high unemployment insurance. It argues that … The length of the sample period is important because the … including multiple estimates and standard errors that cannot be …","","https://scholar.google.com/scholar?q=related:psBrNWlPkDcJ:scholar.google.com/&scioq=duration+%22standard+error%22%7C%22standard+errors%22%7Cpbd%7C%22benefit+duration%22%7Cwba%7C%22weekly+benefit+amount%22%7C%22replacement+rate%22+%22unemployment+insurance%22&hl=en&as_sdt=0,5"
109,"ST Marston, RE Hall, CC Holt, MS Feldstein","The impact of unemployment insurance on job search",1975,"Brookings Papers on …","JSTOR","https://www.jstor.org/stable/2534059","https://scholar.google.com/scholar?cites=1298691811269101282&as_sdt=2005&sciodt=0,5&hl=en",736,"2022-08-15 21:28:05","","","","",,,,,109,2.32,27,4,47,"… by unemployment insurance for a specified minimum period and … replacement rate is uncertain, but it must lie between one-half and twothirds. Thus, while unemployment insurance …","","https://scholar.google.com/scholar?q=related:4kZnU1LhBRIJ:scholar.google.com/&scioq=duration+%22standard+error%22%7C%22standard+errors%22%7Cpbd%7C%22benefit+duration%22%7Cwba%7C%22weekly+benefit+amount%22%7C%22replacement+rate%22+%22unemployment+insurance%22&hl=en&as_sdt=0,5"
0,"SV Lyk-Jensen, CD Weatherall","A SPIKE AT BENEFIT EXHAUSTION: STILL POSSIBLE AFTER FOUR YEARS OF UNEMPLOYMENT?",,"pure.vive.dk","","https://pure.vive.dk/ws/files/232653/WP_08_2013.pdf","",619,"2022-08-15 21:28:05","PDF","","","",,,,,0,0.00,0,2,,"… unemployment insurance (UI) may become eligible for other benefits, this paper investigates whether the shortening of PBD … the maximum duration period of UI in our analysis period, …","https://pure.vive.dk/ws/files/232653/WP_08_2013.pdf","https://scholar.google.com/scholar?q=related:evF0lbmkvcUJ:scholar.google.com/&scioq=duration+%22standard+error%22%7C%22standard+errors%22%7Cpbd%7C%22benefit+duration%22%7Cwba%7C%22weekly+benefit+amount%22%7C%22replacement+rate%22+%22unemployment+insurance%22&hl=en&as_sdt=0,5"
10,"T Ahn","Assessing the effects of reemployment bonuses on job search: a regression discontinuity approach",2018,"Journal of Public Economics","Elsevier","https://www.sciencedirect.com/science/article/pii/S0047272718301282","https://scholar.google.com/scholar?cites=15031448448659268649&as_sdt=2005&sciodt=0,5&hl=en",509,"2022-08-15 21:28:05","","","","",,,,,10,2.50,10,1,4,"… to unemployment insurance (UI) recipients who find a job within a specified period, using … the bonus path of an individual with maximum benefit duration of 180 days (6 months) as an …","","https://scholar.google.com/scholar?q=related:KaTuWblumtAJ:scholar.google.com/&scioq=duration+%22standard+error%22%7C%22standard+errors%22%7Cpbd%7C%22benefit+duration%22%7Cwba%7C%22weekly+benefit+amount%22%7C%22replacement+rate%22+%22unemployment+insurance%22&hl=en&as_sdt=0,5"
3,"T Deroyon, T Le Barbanchon","The effect of potential unemployment benefits duration on unemployment exits to work and on job quality",2011,"Document de recherche de la …","conference.iza.org","https://conference.iza.org/conference_files/SUMS2010/le_barbanchon_t4613.pdf","https://scholar.google.com/scholar?cites=13937721738703125498&as_sdt=2005&sciodt=0,5&hl=en",566,"2022-08-15 21:28:05","PDF","","","",,,,,3,0.27,2,2,11,"… and job quality, and thus a negative link between unemployment insurance generosity and … benefit duration on unemployment exits to work and on subsequent employment duration …","https://conference.iza.org/conference_files/SUMS2010/le_barbanchon_t4613.pdf","https://scholar.google.com/scholar?q=related:-rujfRO8bMEJ:scholar.google.com/&scioq=duration+%22standard+error%22%7C%22standard+errors%22%7Cpbd%7C%22benefit+duration%22%7Cwba%7C%22weekly+benefit+amount%22%7C%22replacement+rate%22+%22unemployment+insurance%22&hl=en&as_sdt=0,5"
81,"T Ferrarini, K Nelson, O Sjöberg","Unemployment insurance and deteriorating self-rated health in 23 European countries",2014,"J Epidemiol Community Health","jech.bmj.com","https://jech.bmj.com/content/68/7/657.short","https://scholar.google.com/scholar?cites=5791178520058822026&as_sdt=2005&sciodt=0,5&hl=en",149,"2022-08-15 21:28:05","","","","",,,,,81,10.13,27,3,8,"… The net replacement rate shows the size of benefits after … This replacement rate data is based on model family estimation … changes to unemployment insurance over the studied period. …","https://jech.bmj.com/content/68/7/657.long","https://scholar.google.com/scholar?q=related:in36Vi5mXlAJ:scholar.google.com/&scioq=duration+%22standard+error%22%7C%22standard+errors%22%7Cpbd%7C%22benefit+duration%22%7Cwba%7C%22weekly+benefit+amount%22%7C%22replacement+rate%22+%22unemployment+insurance%22&hl=en&as_sdt=0,5"
88,"T Ferrarini, K Nelson, W Korpi…","Social citizenship rights and social insurance replacement rate validity: pitfalls and possibilities",2013,"Journal of European Public …","Taylor & Francis","https://www.tandfonline.com/doi/abs/10.1080/13501763.2013.822907","https://scholar.google.com/scholar?cites=7558137172758985435&as_sdt=2005&sciodt=0,5&hl=en",45,"2022-08-15 21:28:05","","10.1080/13501763.2013.822907","","",,,,,88,9.78,22,4,9,"… sickness and unemployment insurance replacement rates in … 1960s, duration of sickness and unemployment insurance in … and the United States for unemployment insurance. In the …","https://www.researchgate.net/profile/Kenneth-Nelson-4/publication/263193787_Social_citizenship_rights_and_social_insurance_replacement_rate_validity_Pitfalls_and_possibilities/links/5dbaa11ea6fdcc2128f0e4fa/Social-citizenship-rights-and-social-insurance-replacement-rate-validity-Pitfalls-and-possibilities.pdf","https://scholar.google.com/scholar?q=related:23r5wbbl42gJ:scholar.google.com/&scioq=duration+%22standard+error%22%7C%22standard+errors%22%7Cpbd%7C%22benefit+duration%22%7Cwba%7C%22weekly+benefit+amount%22%7C%22replacement+rate%22+%22unemployment+insurance%22&hl=en&as_sdt=0,5"
4,"T Filges, AB Jonassen…","Reducing unemployment benefit duration to increase job finding rates: a systematic review",2018,"Campbell Systematic …","Wiley Online Library","https://onlinelibrary.wiley.com/doi/abs/10.4073/csr.2018.2","https://scholar.google.com/scholar?cites=2299890197309936141&as_sdt=2005&sciodt=0,5&hl=en",187,"2022-08-15 21:28:05","","10.4073/csr.2018.2","","",,,,,4,1.00,1,3,4,"… The replacement rate is the ratio of the unemployment benefit to that of previous earnings. are low and duration … In 2005, the maximum duration of unemployment insurance entitlement …","https://onlinelibrary.wiley.com/doi/pdf/10.4073/csr.2018.2","https://scholar.google.com/scholar?q=related:DdIP-fLZ6h8J:scholar.google.com/&scioq=duration+%22standard+error%22%7C%22standard+errors%22%7Cpbd%7C%22benefit+duration%22%7Cwba%7C%22weekly+benefit+amount%22%7C%22replacement+rate%22+%22unemployment+insurance%22&hl=en&as_sdt=0,5"
22,"T Gabe, JM Whittaker","Antipoverty effects of unemployment insurance",2012,"","ecommons.cornell.edu","https://ecommons.cornell.edu/handle/1813/79328","https://scholar.google.com/scholar?cites=16935268202529439463&as_sdt=2005&sciodt=0,5&hl=en",401,"2022-08-15 21:28:05","","","","",,,,,22,2.20,11,2,10,"… 25-year period examined. The … Unemployment Insurance (UI) benefits. Generally, an unemployed worker would not notice a change in the type of benefit, as the weekly benefit amount …","https://ecommons.cornell.edu/bitstream/handle/1813/79328/CRS_Antipoverty_effects_of_unemployment_insurance.pdf?sequence=1","https://scholar.google.com/scholar?q=related:5z68C7QoBusJ:scholar.google.com/&scioq=duration+%22standard+error%22%7C%22standard+errors%22%7Cpbd%7C%22benefit+duration%22%7Cwba%7C%22weekly+benefit+amount%22%7C%22replacement+rate%22+%22unemployment+insurance%22&hl=en&as_sdt=0,5"
84,"T Kyyrä","Partial unemployment insurance benefits and the transition rate to regular work",2010,"European economic review","Elsevier","https://www.sciencedirect.com/science/article/pii/S0014292110000280","https://scholar.google.com/scholar?cites=15631910364940238362&as_sdt=2005&sciodt=0,5&hl=en",161,"2022-08-15 21:28:05","","","","",,,,,84,7.00,84,1,12,"… full-time job. Although the gross replacement rate is limited to 90%, the net replacement rate can be … It is evident that, compared to either full-time working or full-time unemployment, the …","http://citeseerx.ist.psu.edu/viewdoc/download?doi=10.1.1.187.2055&rep=rep1&type=pdf","https://scholar.google.com/scholar?q=related:Gn4Cz6ez79gJ:scholar.google.com/&scioq=duration+%22standard+error%22%7C%22standard+errors%22%7Cpbd%7C%22benefit+duration%22%7Cwba%7C%22weekly+benefit+amount%22%7C%22replacement+rate%22+%22unemployment+insurance%22&hl=en&as_sdt=0,5"
7,"T Kyyrä, H Pesola","The effects of unemployment benefit duration: Evidence from residual benefit duration",2020,"Labour Economics","Elsevier","https://www.sciencedirect.com/science/article/pii/S0927537120300634","https://scholar.google.com/scholar?cites=14245360299482329307&as_sdt=2005&sciodt=0,5&hl=en",30,"2022-08-15 21:28:05","","","","",,,,,7,3.50,4,2,2,"… unemployment insurance (UI) literature is how the length of the benefit period affects the duration … is to find exogenous variation in the length of the benefit period. The most convincing …","","https://scholar.google.com/scholar?q=related:27AYnLevscUJ:scholar.google.com/&scioq=duration+%22standard+error%22%7C%22standard+errors%22%7Cpbd%7C%22benefit+duration%22%7Cwba%7C%22weekly+benefit+amount%22%7C%22replacement+rate%22+%22unemployment+insurance%22&hl=en&as_sdt=0,5"
2,"T Kyyrä, H Pesola","The effects of unemployment insurance benefits on subsequent labor market outcomes: Evidence from an RKD approach",2015,"","sole-jole.org","https://www.sole-jole.org/assets/docs/2015Pesola.pdf","https://scholar.google.com/scholar?cites=15391110927523948999&as_sdt=2005&sciodt=0,5&hl=en",580,"2022-08-15 21:28:05","PDF","","","",,,,,2,0.29,1,2,7,"… benefit level on unemployment duration, subsequent employment duration as well as post-… by an estimated bias term, and the standard error estimates are adjusted for the additional …","https://www.sole-jole.org/assets/docs/2015Pesola.pdf","https://scholar.google.com/scholar?q=related:x6myzdc1mNUJ:scholar.google.com/&scioq=duration+%22standard+error%22%7C%22standard+errors%22%7Cpbd%7C%22benefit+duration%22%7Cwba%7C%22weekly+benefit+amount%22%7C%22replacement+rate%22+%22unemployment+insurance%22&hl=en&as_sdt=0,5"
25,"T Kyyrä, H Pesola, A Rissanen","Unemployment insurance in Finland: A review of recent changes and empirical evidence on behavioral responses",2017,"VATT Research Reports","papers.ssrn.com","https://papers.ssrn.com/sol3/papers.cfm?abstract_id=2921065","https://scholar.google.com/scholar?cites=7364980344753311486&as_sdt=2005&sciodt=0,5&hl=en",331,"2022-08-15 21:28:05","","","","",,,,,25,5.00,8,3,5,"… benefit duration since 2000.We also assess how these changes have affected the overall generosity of the UI scheme over time… benefit duration on unemployment inflow, unemployment …","https://www.talouspolitiikanarviointineuvosto.fi/wordpress/wp-content/uploads/2017/01/unemployment-insurance-in-finland-a-review-of-recent-changes-and-empirical-evidence-on-behavioral-responses.pdf","https://scholar.google.com/scholar?q=related:_k7BKpqqNWYJ:scholar.google.com/&scioq=duration+%22standard+error%22%7C%22standard+errors%22%7Cpbd%7C%22benefit+duration%22%7Cwba%7C%22weekly+benefit+amount%22%7C%22replacement+rate%22+%22unemployment+insurance%22&hl=en&as_sdt=0,5"
3,"T Kyyrä, H Pesola, J Verho","The spike at benefit exhaustion: The role of measurement error in benefit eligibility",2019,"Labour Economics","Elsevier","https://www.sciencedirect.com/science/article/pii/S0927537119300570","https://scholar.google.com/scholar?cites=13119672965734496290&as_sdt=2005&sciodt=0,5&hl=en",589,"2022-08-15 21:28:05","","","","",,,,,3,1.00,1,3,3,"… unemployment insurance benefits to employment increases at the end of the entitlement period… (ie we allow also the level of the hazard function to depend on the initial benefit duration). …","","https://scholar.google.com/scholar?q=related:InjmIw1xErYJ:scholar.google.com/&scioq=duration+%22standard+error%22%7C%22standard+errors%22%7Cpbd%7C%22benefit+duration%22%7Cwba%7C%22weekly+benefit+amount%22%7C%22replacement+rate%22+%22unemployment+insurance%22&hl=en&as_sdt=0,5"
79,"T Le Barbanchon","The effect of the potential duration of unemployment benefits on unemployment exits to work and match quality in France",2016,"Labour Economics","Elsevier","https://www.sciencedirect.com/science/article/pii/S0927537116300550","https://scholar.google.com/scholar?cites=12092511831780700840&as_sdt=2005&sciodt=0,5&hl=en",65,"2022-08-15 21:28:05","","","","",,,,,79,13.17,79,1,6,"… on the impact of unemployment insurance (UI) generosity. … thanks to extended potential benefit duration (PBD). They are … 7 to 15 months in potential benefit duration (PBD). In the 2000–…","","https://scholar.google.com/scholar?q=related:qDJ_L3E70acJ:scholar.google.com/&scioq=duration+%22standard+error%22%7C%22standard+errors%22%7Cpbd%7C%22benefit+duration%22%7Cwba%7C%22weekly+benefit+amount%22%7C%22replacement+rate%22+%22unemployment+insurance%22&hl=en&as_sdt=0,5"
8,"T Le Barbanchon","Partial unemployment insurance",2016,"Manuscript, Bocconi University","cemmap.ac.uk","https://www.cemmap.ac.uk/wp-content/legacy/uploads/draft_partial_UI_LeBarbanchon-1.pdf","https://scholar.google.com/scholar?cites=7375331483811933449&as_sdt=2005&sciodt=0,5&hl=en",89,"2022-08-15 21:28:05","PDF","","","",,,,,8,1.33,8,1,6,"… The product of the WBA and the PBD is called the (total) benefit … PBD in Tier 1) as the early 80s is a period of high unemployment, and of UI extensions. The average claiming duration is …","https://www.cemmap.ac.uk/wp-content/legacy/uploads/draft_partial_UI_LeBarbanchon-1.pdf","https://scholar.google.com/scholar?q=related:CW1diehwWmYJ:scholar.google.com/&scioq=duration+%22standard+error%22%7C%22standard+errors%22%7Cpbd%7C%22benefit+duration%22%7Cwba%7C%22weekly+benefit+amount%22%7C%22replacement+rate%22+%22unemployment+insurance%22&hl=en&as_sdt=0,5"
25,"T Le Barbanchon","The effect of the potential duration of unemployment benefits on unemployment exits to work and match quality in france",2012,"","crest.science","https://crest.science/RePEc/wpstorage/2012-21.pdf","https://scholar.google.com/scholar?cites=10736999161571616761&as_sdt=2005&sciodt=0,5&hl=en",141,"2022-08-15 21:28:05","BOOK","","","",,,,,25,2.50,25,1,10,"… thanks to extended potential benefit duration (PBD). They are … 7 to 15 months in potential benefit duration (PBD). In the 2000-… be greatly affected by unemployment insurance generosity. …","https://crest.science/RePEc/wpstorage/2012-21.pdf","https://scholar.google.com/scholar?q=related:-acks9l7AZUJ:scholar.google.com/&scioq=duration+%22standard+error%22%7C%22standard+errors%22%7Cpbd%7C%22benefit+duration%22%7Cwba%7C%22weekly+benefit+amount%22%7C%22replacement+rate%22+%22unemployment+insurance%22&hl=en&as_sdt=0,5"
15,"T Le Barbanchon","Optimal partial unemployment insurance: Evidence from bunching in the US",2016,"Work. Pap., Bocconi Univ., Milan","","","https://scholar.google.com/scholar?cites=9259257988523756410&as_sdt=2005&sciodt=0,5&hl=en",815,"2022-08-15 21:28:05","CITATION","","","",,,,,15,2.50,15,1,6,"","","https://scholar.google.com/scholar?q=related:eguoORV-f4AJ:scholar.google.com/&scioq=duration+%22standard+error%22%7C%22standard+errors%22%7Cpbd%7C%22benefit+duration%22%7Cwba%7C%22weekly+benefit+amount%22%7C%22replacement+rate%22+%22unemployment+insurance%22&hl=en&as_sdt=0,5"
3,"T Le Barbanchon","Taxes Today, Benefits Tomorrow",2020,"","bc.edu","https://www.bc.edu/content/dam/bc1/schools/mcas/economics/pdf/CV/draft_partial_UI_LeBarbanchon.pdf","https://scholar.google.com/scholar?cites=1471256019109286098&as_sdt=2005&sciodt=0,5&hl=en",900,"2022-08-15 21:28:05","PDF","","","",,,,,3,1.50,3,1,2,"… I study partial unemployment insurance programs that are … of UB capital that depreciates over time with UB payments. If … their WBA, and their benefits lapse after PBD = B0/WBA weeks…","https://www.bc.edu/content/dam/bc1/schools/mcas/economics/pdf/CV/draft_partial_UI_LeBarbanchon.pdf","https://scholar.google.com/scholar?q=related:0hCq6I3zahQJ:scholar.google.com/&scioq=duration+%22standard+error%22%7C%22standard+errors%22%7Cpbd%7C%22benefit+duration%22%7Cwba%7C%22weekly+benefit+amount%22%7C%22replacement+rate%22+%22unemployment+insurance%22&hl=en&as_sdt=0,5"
69,"T Le Barbanchon, R Rathelot, A Roulet","Unemployment insurance and reservation wages: Evidence from administrative data",2019,"Journal of Public Economics","Elsevier","https://www.sciencedirect.com/science/article/pii/S0047272717300671","https://scholar.google.com/scholar?cites=4598839296721689194&as_sdt=2005&sciodt=0,5&hl=en",2,"2022-08-15 21:28:05","","","","",,,,,69,23.00,23,3,3,"… The elasticity of the actual duration of benefits with respect to PBD, estimated at 0.3, is in line … find any significant effect of PBD on the maximum commuting time/distance that job seekers …","https://www.nber.org/system/files/working_papers/w23406/w23406.pdf","https://scholar.google.com/scholar?q=related:aho0hPlb0j8J:scholar.google.com/&scioq=duration+%22standard+error%22%7C%22standard+errors%22%7Cpbd%7C%22benefit+duration%22%7Cwba%7C%22weekly+benefit+amount%22%7C%22replacement+rate%22+%22unemployment+insurance%22&hl=en&as_sdt=0,5"
0,"T Le Barbanchon, R Rathelot, A Roulet","DP12030 Unemployment Insurance and Reservation Wages: Evidence from Administrative Data",2017,"","","","",708,"2022-08-15 21:28:05","CITATION","","","",,,,,0,0.00,0,3,5,"","",""
87,"T Lemieux, WB MacLeod","Supply side hysteresis: the case of the Canadian unemployment insurance system",2000,"Journal of Public Economics","Elsevier","https://www.sciencedirect.com/science/article/pii/S0047272799001140","https://scholar.google.com/scholar?cites=5973466148225129825&as_sdt=2005&sciodt=0,5&hl=en",600,"2022-08-15 21:28:05","","","","",,,,,87,3.95,44,2,22,"… subsidy rate (replacement rate×number … time use of the unemployment insurance system in Canada increases the probability of future use. As workers are exposed to UI for the first time …","https://www.nber.org/system/files/working_papers/w6732/w6732.pdf","https://scholar.google.com/scholar?q=related:YZ3HItAD5lIJ:scholar.google.com/&scioq=duration+%22standard+error%22%7C%22standard+errors%22%7Cpbd%7C%22benefit+duration%22%7Cwba%7C%22weekly+benefit+amount%22%7C%22replacement+rate%22+%22unemployment+insurance%22&hl=en&as_sdt=0,5"
8,"T Regev","Unemployment compensation under partial program coverage",2012,"Labour economics","Elsevier","https://www.sciencedirect.com/science/article/pii/S0927537112001017","https://scholar.google.com/scholar?cites=12123387858622604980&as_sdt=2005&sciodt=0,5&hl=en",920,"2022-08-15 21:28:05","","","","",,,,,8,0.80,8,1,10,"… are not covered by unemployment insurance. For them the … gaps and unemployment duration differentials between the … = 0.7), which is the replacement rate observed across US states. …","","https://scholar.google.com/scholar?q=related:tOZ7YwbtPqgJ:scholar.google.com/&scioq=duration+%22standard+error%22%7C%22standard+errors%22%7Cpbd%7C%22benefit+duration%22%7Cwba%7C%22weekly+benefit+amount%22%7C%22replacement+rate%22+%22unemployment+insurance%22&hl=en&as_sdt=0,5"
9,"T Taskin","Unemployment insurance and home production",2011,"","cadmus.eui.eu","https://cadmus.eui.eu/handle/1814/18894","https://scholar.google.com/scholar?cites=670819757351045202&as_sdt=2005&sciodt=0,5&hl=en",281,"2022-08-15 21:28:05","","","","",,,,,9,0.82,9,1,11,"… time as partial insurance against the drop in income due to unemployment. In the benchmark model, we find that the optimal replacement rate … model’s optimal replacement rate of 65%.…","https://cadmus.eui.eu/bitstream/handle/1814/18894/MWP_Taskin_2011_29.pdf","https://scholar.google.com/scholar?q=related:Ugg54QM7TwkJ:scholar.google.com/&scioq=duration+%22standard+error%22%7C%22standard+errors%22%7Cpbd%7C%22benefit+duration%22%7Cwba%7C%22weekly+benefit+amount%22%7C%22replacement+rate%22+%22unemployment+insurance%22&hl=en&as_sdt=0,5"
11,"T Von Wachter","Unemployment insurance reform",2019,"The ANNALS of the American Academy of …","journals.sagepub.com","https://journals.sagepub.com/doi/abs/10.1177/0002716219885339","https://scholar.google.com/scholar?cites=15052642667399398585&as_sdt=2005&sciodt=0,5&hl=en",258,"2022-08-15 21:28:05","","10.1177/0002716219885339","","",,,,,11,3.67,11,1,3,"… weekly benefit amount is $619 compared to $454 in Texas. In addition, the duration of the … 26 weeks of maximum duration, but for instance, in Florida, the maximum duration of benefits …","","https://scholar.google.com/scholar?q=related:ucQ68cC65dAJ:scholar.google.com/&scioq=duration+%22standard+error%22%7C%22standard+errors%22%7Cpbd%7C%22benefit+duration%22%7Cwba%7C%22weekly+benefit+amount%22%7C%22replacement+rate%22+%22unemployment+insurance%22&hl=en&as_sdt=0,5"
3,"T von Wachter","A Proposal for Scaling Enrollments in Work Sharing (Short-Time Compensation) Programs During the Covid-19 Crisis: The Case of California",2020,"Unpublished manuscript","econ.ucla.edu","http://www.econ.ucla.edu/tvwachter/covid19/Scaling_STC_memo_vonWachter.pdf","https://scholar.google.com/scholar?cites=8792640186447893983&as_sdt=2005&sciodt=0,5&hl=en",990,"2022-08-15 21:28:05","PDF","","","",,,,,3,1.50,3,1,2,"… made up through payments of Unemployment insurance (UI) … prorated fraction of their Weekly Benefit Amount (WBA).At the … “WBA” refers to the weekly benefit amount an STC employee …","http://www.econ.ucla.edu/tvwachter/covid19/Scaling_STC_memo_vonWachter.pdf","https://scholar.google.com/scholar?q=related:3xUNB6q7BXoJ:scholar.google.com/&scioq=duration+%22standard+error%22%7C%22standard+errors%22%7Cpbd%7C%22benefit+duration%22%7Cwba%7C%22weekly+benefit+amount%22%7C%22replacement+rate%22+%22unemployment+insurance%22&hl=en&as_sdt=0,5"
0,"TETH No","ADVISORY: UNEMPLOYMENT INSURANCE PROGRAM LETTER NO. 17-10 Change 2",2011,"","oui.doleta.gov","http://oui.doleta.gov/dmstree/uipl/uipl2k10/uipl_1710c2.pdf","",940,"2022-08-15 21:28:05","PDF","","","",,,,,0,0.00,0,1,11,"… 10 are less than or equal to 120 percent of the WBA and thus not excessive, and there are no … a specific time period, the validation is intended to verify the transaction data at the time the …","http://oui.doleta.gov/dmstree/uipl/uipl2k10/uipl_1710c2.pdf","https://scholar.google.com/scholar?q=related:vSqwOdaD9d0J:scholar.google.com/&scioq=duration+%22standard+error%22%7C%22standard+errors%22%7Cpbd%7C%22benefit+duration%22%7Cwba%7C%22weekly+benefit+amount%22%7C%22replacement+rate%22+%22unemployment+insurance%22&hl=en&as_sdt=0,5"
22,"TF Crossley, H Low","Borrowing constraints, the cost of precautionary saving and unemployment insurance",2011,"International Tax and Public Finance","Springer","https://link.springer.com/article/10.1007/s10797-011-9172-1","https://scholar.google.com/scholar?cites=9804627465943817200&as_sdt=2005&sciodt=0,5&hl=en",424,"2022-08-15 21:28:05","","10.1007/s10797-011-9172-1","","",,,,,22,2.00,11,2,11,"… We next show the effects of varying the UI replacement rate on savings, consumption loss on … Each graph plots the duration of investment against the replacement rate. The graphs differ …","","https://scholar.google.com/scholar?q=related:8JuerrsIEYgJ:scholar.google.com/&scioq=duration+%22standard+error%22%7C%22standard+errors%22%7Cpbd%7C%22benefit+duration%22%7Cwba%7C%22weekly+benefit+amount%22%7C%22replacement+rate%22+%22unemployment+insurance%22&hl=en&as_sdt=0,5"
7,"TF Crossley, H Low","When Might Unemployment Insurance Matter?: Credit Constraints and the Cost of Saving",2004,"","researchgate.net","https://www.researchgate.net/profile/Hamish-Low-2/publication/228409661_When_Might_Unemployment_Insurance_Matter_Credit_Constraints_and_the_Cost_of_Saving/links/02e7e5226e1586cf0a000000/When-Might-Unemployment-Insurance-Matter-Credit-Constraints-and-the-Cost-of-Saving.pdf","https://scholar.google.com/scholar?cites=16566868126140675768&as_sdt=2005&sciodt=0,5&hl=en",772,"2022-08-15 21:28:05","BOOK","","","",,,,,7,0.39,4,2,18,"… that unemployment insurance can smooth consumption both over states and over time. … All of the models are probit models and we report marginal effects and their standard errors. …","https://www.researchgate.net/profile/Hamish-Low-2/publication/228409661_When_Might_Unemployment_Insurance_Matter_Credit_Constraints_and_the_Cost_of_Saving/links/02e7e5226e1586cf0a000000/When-Might-Unemployment-Insurance-Matter-Credit-Constraints-and-the-Cost-of-Saving.pdf","https://scholar.google.com/scholar?q=related:uDZbI8lW6eUJ:scholar.google.com/&scioq=duration+%22standard+error%22%7C%22standard+errors%22%7Cpbd%7C%22benefit+duration%22%7Cwba%7C%22weekly+benefit+amount%22%7C%22replacement+rate%22+%22unemployment+insurance%22&hl=en&as_sdt=0,5"
15,"TF Crossley, H Low","Borrowing constraints, the cost of precautionary saving and unemployment insurance",2005,"","econstor.eu","https://www.econstor.eu/handle/10419/71536","https://scholar.google.com/scholar?cites=13464120685453072931&as_sdt=2005&sciodt=0,5&hl=en",866,"2022-08-15 21:28:05","","","","",,,,,15,0.88,8,2,17,"… , unemployment insurance may have a benefit that derives from smoothing consumption over time, … We show the effects of varying the replacement rate on savings, consumption loss on …","https://www.econstor.eu/bitstream/10419/71536/1/478462492.pdf","https://scholar.google.com/scholar?q=related:I1prbW0q2roJ:scholar.google.com/&scioq=duration+%22standard+error%22%7C%22standard+errors%22%7Cpbd%7C%22benefit+duration%22%7Cwba%7C%22weekly+benefit+amount%22%7C%22replacement+rate%22+%22unemployment+insurance%22&hl=en&as_sdt=0,5"
42,"TG Andersen, M Svarer","Business cycle dependent unemployment insurance",2009,"","papers.ssrn.com","https://papers.ssrn.com/sol3/papers.cfm?abstract_id=1433930","https://scholar.google.com/scholar?cites=16193037930180466068&as_sdt=2005&sciodt=0,5&hl=en",571,"2022-08-15 21:28:05","","","","",,,,,42,3.23,21,2,13,"… At the same time, it may be conjectured that the distortions from unemployment insurance may be … dimension of the unemployment insurance to make the benefit duration business cycle …","https://www.econstor.eu/bitstream/10419/46056/1/659026295.pdf","https://scholar.google.com/scholar?q=related:lFXV_jM6ueAJ:scholar.google.com/&scioq=duration+%22standard+error%22%7C%22standard+errors%22%7Cpbd%7C%22benefit+duration%22%7Cwba%7C%22weekly+benefit+amount%22%7C%22replacement+rate%22+%22unemployment+insurance%22&hl=en&as_sdt=0,5"
12,"TJ Hedin, G Schnorr, T Von Wachter","An Analysis of Unemployment Insurance Claims in California During the COVID-19 Pandemic",2020,"Policy Brief. Los Angeles …","capolicylab.org","https://www.capolicylab.org/wp-content/uploads/2020/06/June-11th-Analysis-of-CA-UI-Claims-During-the-COVID-19-Pandemic.pdf","https://scholar.google.com/scholar?cites=15465417857611062707&as_sdt=2005&sciodt=0,5&hl=en",114,"2022-08-15 21:28:05","PDF","","","",,,,,12,6.00,4,3,2,"… the benefit replacement rate. We define the replacement rate to be the ratio of the weekly benefit amount to average weekly earnings in the highest paid quarter of the base period.The …","https://www.capolicylab.org/wp-content/uploads/2020/06/June-11th-Analysis-of-CA-UI-Claims-During-the-COVID-19-Pandemic.pdf","https://scholar.google.com/scholar?q=related:s93jKZozoNYJ:scholar.google.com/&scioq=duration+%22standard+error%22%7C%22standard+errors%22%7Cpbd%7C%22benefit+duration%22%7Cwba%7C%22weekly+benefit+amount%22%7C%22replacement+rate%22+%22unemployment+insurance%22&hl=en&as_sdt=0,5"
2,"TL Hunt, CJ O'Leary, WJ Huang","Interstate Differences in Employer Tax Costs and Worker Benefits of Unemployment Insurance: A Micro-simulation Approach",1990,"","research.upjohn.org","https://research.upjohn.org/reports/167/","https://scholar.google.com/scholar?cites=12595892355346851367&as_sdt=2005&sciodt=0,5&hl=en",868,"2022-08-15 21:28:05","","","","",,,,,2,0.06,1,3,32,"… Thus, in this study a 20-period average of total UI tax costs is used to approximate the full … -half for workers receiving the maximum weekly benefit amount. Furthermore, of those workers …","https://research.upjohn.org/cgi/viewcontent.cgi?article=1170&context=reports","https://scholar.google.com/scholar?q=related:J-aBfVyZza4J:scholar.google.com/&scioq=duration+%22standard+error%22%7C%22standard+errors%22%7Cpbd%7C%22benefit+duration%22%7Cwba%7C%22weekly+benefit+amount%22%7C%22replacement+rate%22+%22unemployment+insurance%22&hl=en&as_sdt=0,5"
16,"TM Andersen","Tuning unemployment insurance to the business cycle",2014,"IZA World of Labor","wol.iza.org","https://wol.iza.org/articles/tuning-unemployment-insurance-to-the-business-cycle/long","https://scholar.google.com/scholar?cites=6186254277761693099&as_sdt=2005&sciodt=0,5&hl=en",202,"2022-08-15 21:28:05","HTML","","","",,,,,16,2.00,16,1,8,"… of unemployment insurance (replacement rate, benefit duration… Unemployment insurance is thus more important at such … over time (see Figure 1), and yet unemployment insurance is …","https://wol.iza.org/articles/tuning-unemployment-insurance-to-the-business-cycle/long","https://scholar.google.com/scholar?q=related:q_U5TH392VUJ:scholar.google.com/&scioq=duration+%22standard+error%22%7C%22standard+errors%22%7Cpbd%7C%22benefit+duration%22%7Cwba%7C%22weekly+benefit+amount%22%7C%22replacement+rate%22+%22unemployment+insurance%22&hl=en&as_sdt=0,5"
324,"TM Andersen, M Svarer","Flexicurity—labour market performance in Denmark",2007,"CESifo Economic Studies","academic.oup.com","https://academic.oup.com/cesifo/article-abstract/53/3/389/353568","https://scholar.google.com/scholar?cites=17258707669338628766&as_sdt=2005&sciodt=0,5&hl=en",662,"2022-08-15 21:28:05","","","","",,,,,324,21.60,162,2,15,"… and their duration as well as introduced workfare elements into unemployment insurance and … countries Note: Replacement rate in unemployment insurance schemes calculated on the …","https://www.econstor.eu/bitstream/10419/26153/1/555973581.PDF","https://scholar.google.com/scholar?q=related:niI9SS8_g-8J:scholar.google.com/&scioq=duration+%22standard+error%22%7C%22standard+errors%22%7Cpbd%7C%22benefit+duration%22%7Cwba%7C%22weekly+benefit+amount%22%7C%22replacement+rate%22+%22unemployment+insurance%22&hl=en&as_sdt=0,5"
9,"TM Andersen, MS Kristoffersen, M Svarer","Benefit reentitlement conditions in unemployment insurance schemes",2018,"Labour Economics","Elsevier","https://www.sciencedirect.com/science/article/pii/S0927537118300174","https://scholar.google.com/scholar?cites=977801939473458573&as_sdt=2005&sciodt=0,5&hl=en",352,"2022-08-15 21:28:05","","","","",,,,,9,2.25,3,3,4,"… duration. We show that the employment requirement can work as a substitute to the benefit duration in … the optimal design of the unemployment insurance system. The optimal scheme is …","https://www.econstor.eu/bitstream/10419/147424/1/826930565.pdf","https://scholar.google.com/scholar?q=related:jeUA767ZkQ0J:scholar.google.com/&scioq=duration+%22standard+error%22%7C%22standard+errors%22%7Cpbd%7C%22benefit+duration%22%7Cwba%7C%22weekly+benefit+amount%22%7C%22replacement+rate%22+%22unemployment+insurance%22&hl=en&as_sdt=0,5"
44,"TR Johnson","Evaluation of the impacts of the Washington alternative work search experiment",1991,"","books.google.com","https://books.google.com/books?hl=en&lr=&id=IDHabaVOsVMC&oi=fnd&pg=PP13&dq=duration+%22standard+error%22%7C%22standard+errors%22%7Cpbd%7C%22benefit+duration%22%7Cwba%7C%22weekly+benefit+amount%22%7C%22replacement+rate%22+%22unemployment+insurance%22&ots=RYJUvQ7mhu&sig=poZX6csdD1W6Sf7kK_nKxmHt0uA","https://scholar.google.com/scholar?cites=15851451901391907081&as_sdt=2005&sciodt=0,5&hl=en",972,"2022-08-15 21:28:05","BOOK","","","",,,,,44,1.42,44,1,31,"… analyses dealing with unemployment insurance issues. Papers are … At the same time that this new policy was being designed, … The mean WBA for our sample was $146 and the average …","https://books.google.com/books?hl=en&lr=&id=IDHabaVOsVMC&oi=fnd&pg=PP13&dq=duration+%22standard+error%22%7C%22standard+errors%22%7Cpbd%7C%22benefit+duration%22%7Cwba%7C%22weekly+benefit+amount%22%7C%22replacement+rate%22+%22unemployment+insurance%22&ots=RYJUvQ7mhu&sig=poZX6csdD1W6Sf7kK_nKxmHt0uA","https://scholar.google.com/scholar?q=related:CamnDIWr-9sJ:scholar.google.com/&scioq=duration+%22standard+error%22%7C%22standard+errors%22%7Cpbd%7C%22benefit+duration%22%7Cwba%7C%22weekly+benefit+amount%22%7C%22replacement+rate%22+%22unemployment+insurance%22&hl=en&as_sdt=0,5"
146,"TR Johnson, DH Klepinger","Experimental evidence on unemployment insurance work-search policies",1994,"Journal of Human Resources","JSTOR","https://www.jstor.org/stable/146249","https://scholar.google.com/scholar?cites=8997681681339743207&as_sdt=2005&sciodt=0,5&hl=en",426,"2022-08-15 21:28:05","","","","",,,,,146,5.21,73,2,28,"… The mean UI weekly benefit amount (WBA) for our sample was $146 and the average … the base-period earnings that would be replaced at the annualized value of the WBA-was slightly …","","https://scholar.google.com/scholar?q=related:53tLQtEv3nwJ:scholar.google.com/&scioq=duration+%22standard+error%22%7C%22standard+errors%22%7Cpbd%7C%22benefit+duration%22%7Cwba%7C%22weekly+benefit+amount%22%7C%22replacement+rate%22+%22unemployment+insurance%22&hl=en&as_sdt=0,5"
3,"U Insurance","S. AURAY1 DL. FULLER2",2018,"","crest.science","https://crest.science/RePEc/wpstorage/2018-18.pdf","https://scholar.google.com/scholar?cites=6807998611347403037&as_sdt=2005&sciodt=0,5&hl=en",385,"2022-08-15 21:28:05","PDF","","","",,,,,3,0.75,3,1,4,"… Specifically we consider changes in the UI replacement rate … to increases in the UI replacement rate when the costs of … The expected length of the unemployment spell also potentially …","https://crest.science/RePEc/wpstorage/2018-18.pdf","https://scholar.google.com/scholar?q=related:HfG2rKreel4J:scholar.google.com/&scioq=duration+%22standard+error%22%7C%22standard+errors%22%7Cpbd%7C%22benefit+duration%22%7Cwba%7C%22weekly+benefit+amount%22%7C%22replacement+rate%22+%22unemployment+insurance%22&hl=en&as_sdt=0,5"
0,"U Insurance, D Insurance","BENEFIT",1999,"Group","homecareassistanceroseville.com","https://www.homecareassistanceroseville.com/wp-content/uploads/2021/07/New-Hires-EDD.pdf","",673,"2022-08-15 21:28:05","PDF","","","",,,,,0,0.00,0,2,23,"… during the base period determines your weekly benefit amount (WBA). The WBA ranges from … the weekly benefit amount or one-half of the total base period wages, whichever is less. …","https://www.homecareassistanceroseville.com/wp-content/uploads/2021/07/New-Hires-EDD.pdf",""
0,"U Insurance, FC Casillas","An Analysis of the 1981-82, Changes h the Benefit Program",,"oui.doleta.gov","","http://oui.doleta.gov/dmstree/op/op85/op_01-85.pdf","",700,"2022-08-15 21:28:05","PDF","","","",,,,,0,0.00,0,2,,"… program to extend the duration of unemployment insurance benefits during periods of high … for these predictions have high Rzs, standard errors are still relatively large ranging between …","http://oui.doleta.gov/dmstree/op/op85/op_01-85.pdf","https://scholar.google.com/scholar?q=related:cY_fbw3_ZzIJ:scholar.google.com/&scioq=duration+%22standard+error%22%7C%22standard+errors%22%7Cpbd%7C%22benefit+duration%22%7Cwba%7C%22weekly+benefit+amount%22%7C%22replacement+rate%22+%22unemployment+insurance%22&hl=en&as_sdt=0,5"
0,"U Insurance, FC Casillas","h the Extended Benefit Program",,"Occasional Paper","mathematica-mpr.com","http://www.mathematica-mpr.com/~/media/publications/PDFs/labor/extended_benefit_1981-82.pdf","",701,"2022-08-15 21:28:05","PDF","","","",,,,,0,0.00,0,2,,"… to extend the duration of unemployment insurance benefits … than ten times their respective standard errors. As before, the … average potential duration (APD) and uniform duration policies …","http://www.mathematica-mpr.com/~/media/publications/PDFs/labor/extended_benefit_1981-82.pdf","https://scholar.google.com/scholar?q=related:ASha2eGRFvsJ:scholar.google.com/&scioq=duration+%22standard+error%22%7C%22standard+errors%22%7Cpbd%7C%22benefit+duration%22%7Cwba%7C%22weekly+benefit+amount%22%7C%22replacement+rate%22+%22unemployment+insurance%22&hl=en&as_sdt=0,5"
0,"U Insurance, RL Bramucci","UI Research Exchange",,"Occasional Paper","oui.doleta.gov","http://oui.doleta.gov/dmstree/op/op99/op_05-99.pdf","",719,"2022-08-15 21:28:05","PDF","","","",,,,,0,0.00,0,2,,"… , the weekly benefit amount was … duration of eligibility for UI benefits has essentially ensured exhaustion of their benefits. Claimants who have very short benefit duration have less time …","http://oui.doleta.gov/dmstree/op/op99/op_05-99.pdf","https://scholar.google.com/scholar?q=related:Ipy3AY6vMQsJ:scholar.google.com/&scioq=duration+%22standard+error%22%7C%22standard+errors%22%7Cpbd%7C%22benefit+duration%22%7Cwba%7C%22weekly+benefit+amount%22%7C%22replacement+rate%22+%22unemployment+insurance%22&hl=en&as_sdt=0,5"
0,"U Insurance, RT Jones","i Analysis of Pooled Evidence from the Pennsylvania and Washington Reemployment Bonus Demonstrations",,"Occasional Paper","wdr.doleta.gov","http://wdr.doleta.gov/research/FullText_Documents/An%20Analysis%20of%20Pooled%20Evidence%20From%20the%20Pennsylvania%20and%20Washington%20Reemployment%20Bonus%20Demonstrations.pdf","",649,"2022-08-15 21:28:05","PDF","","","",,,,,0,0.00,0,2,,"… weekly benefit amount (WBA): two times the claimant's WBA, four times the claimant's WBA or six times the claimant's WBA. … the UI weekly benefit amount and potential UI duration in the …","http://wdr.doleta.gov/research/FullText_Documents/An%20Analysis%20of%20Pooled%20Evidence%20From%20the%20Pennsylvania%20and%20Washington%20Reemployment%20Bonus%20Demonstrations.pdf","https://scholar.google.com/scholar?q=related:rU0zklHiW0YJ:scholar.google.com/&scioq=duration+%22standard+error%22%7C%22standard+errors%22%7Cpbd%7C%22benefit+duration%22%7Cwba%7C%22weekly+benefit+amount%22%7C%22replacement+rate%22+%22unemployment+insurance%22&hl=en&as_sdt=0,5"
18,"V Amarante, R Arim, A Dean","Unemployment Insurance Design and Its Effects: Evidence for Uruguay",2013,"Revista Desarrollo y …","revistas.uniandes.edu.co","https://revistas.uniandes.edu.co/doi/abs/10.13043/dys.71.1","https://scholar.google.com/scholar?cites=4486733442800342261&as_sdt=2005&sciodt=0,5&hl=en",284,"2022-08-15 21:28:05","","10.13043/dys.71.1","","",,,,,18,2.00,6,3,9,"Using unemployment insurance records and social security labor histories, we provide … unemployment insurance system of Uruguay. We estimate the effects on unemployment duration …","https://revistas.uniandes.edu.co/doi/pdf/10.13043/dys.71.1","https://scholar.google.com/scholar?q=related:9dT6Y0sURD4J:scholar.google.com/&scioq=duration+%22standard+error%22%7C%22standard+errors%22%7Cpbd%7C%22benefit+duration%22%7Cwba%7C%22weekly+benefit+amount%22%7C%22replacement+rate%22+%22unemployment+insurance%22&hl=en&as_sdt=0,5"
26,"V Amarante, R Arim, A Dean","The effects of being out of the labor market on subsequent wages: evidence for Uruguay",2014,"Journal of Labor Research","Springer","https://link.springer.com/article/10.1007/s12122-013-9171-3","https://scholar.google.com/scholar?cites=6023202575619092026&as_sdt=2005&sciodt=0,5&hl=en",934,"2022-08-15 21:28:05","","10.1007/s12122-013-9171-3","","",,,,,26,3.25,9,3,8,"… workers’ earnings histories and unemployment insurance benefits, we document short and … report standard errors for estimations at certain points in time in the tables. Standard errors …","https://www.colibri.udelar.edu.uy/jspui/bitstream/20.500.12008/4272/5/dt-10-12.pdf","https://scholar.google.com/scholar?q=related:Om7-idS2llMJ:scholar.google.com/&scioq=duration+%22standard+error%22%7C%22standard+errors%22%7Cpbd%7C%22benefit+duration%22%7Cwba%7C%22weekly+benefit+amount%22%7C%22replacement+rate%22+%22unemployment+insurance%22&hl=en&as_sdt=0,5"
9,"V Scrutinio","The medium-term effects of unemployment benefits",2019,"London School of Economics Working Paper","","","https://scholar.google.com/scholar?cites=11680528044421688226&as_sdt=2005&sciodt=0,5&hl=en",765,"2022-08-15 21:28:05","CITATION","","","",,,,,9,3.00,9,1,3,"","","https://scholar.google.com/scholar?q=related:oiu-zF6SGaIJ:scholar.google.com/&scioq=duration+%22standard+error%22%7C%22standard+errors%22%7Cpbd%7C%22benefit+duration%22%7Cwba%7C%22weekly+benefit+amount%22%7C%22replacement+rate%22+%22unemployment+insurance%22&hl=en&as_sdt=0,5"
28,"V Spiezia","The effects of benefits on unemployment and wages: A comparison of unemployment compensation systems",2000,"Int'l Lab. Rev.","HeinOnline","https://heinonline.org/hol-cgi-bin/get_pdf.cgi?handle=hein.journals/intlr139&section=9","https://scholar.google.com/scholar?cites=1546112748878257679&as_sdt=2005&sciodt=0,5&hl=en",961,"2022-08-15 21:28:05","","","","",,,,,28,1.27,28,1,22,"… that a 10 percentage point increase in the replacement rate (ie the ratio of unemployment … , unemployment insurance is more a means for the transfer of a worker's earnings through time …","https://www.researchgate.net/profile/Vincenzo-Spiezia/publication/247689685_The_effects_of_benefits_on_unemployment_and_wages_A_comparison_of_unemployment_compensation_systems/links/607e96278ea909241e106f59/The-effects-of-benefits-on-unemployment-and-wages-A-comparison-of-unemployment-compensation-systems.pdf","https://scholar.google.com/scholar?q=related:D16Xe1rldBUJ:scholar.google.com/&scioq=duration+%22standard+error%22%7C%22standard+errors%22%7Cpbd%7C%22benefit+duration%22%7Cwba%7C%22weekly+benefit+amount%22%7C%22replacement+rate%22+%22unemployment+insurance%22&hl=en&as_sdt=0,5"
1,"V de Rugy","A Timely Redux for Personal Unemployment Insurance Savings Accounts",2020,"Mercatus Special Edition Policy Brief","papers.ssrn.com","https://papers.ssrn.com/sol3/papers.cfm?abstract_id=3592936","https://scholar.google.com/scholar?cites=15660703438061407418&as_sdt=2005&sciodt=0,5&hl=en",905,"2022-08-15 21:28:05","","","","",,,,,1,0.50,1,1,2,"… The act will also provide funding to states that already have or will implement a short-time com… This study finds that raising the replacement rate for UI (the percentage UI covers of a …","https://www.mercatus.org/system/files/de-rugy-unemployment-savings-mercatus-v1.pdf","https://scholar.google.com/scholar?q=related:uoxjjs3-VdkJ:scholar.google.com/&scioq=duration+%22standard+error%22%7C%22standard+errors%22%7Cpbd%7C%22benefit+duration%22%7Cwba%7C%22weekly+benefit+amount%22%7C%22replacement+rate%22+%22unemployment+insurance%22&hl=en&as_sdt=0,5"
10,"VP Reno, DN Price","Relationship between the retirement, disability, and unemployment insurance programs: the US experience",1985,"Soc. Sec. Bull.","HeinOnline","https://heinonline.org/hol-cgi-bin/get_pdf.cgi?handle=hein.journals/ssbul48&section=42","https://scholar.google.com/scholar?cites=5025461961250361376&as_sdt=2005&sciodt=0,5&hl=en",671,"2022-08-15 21:28:05","","","","",,,,,10,0.27,5,2,37,"… unemployment insurance system, the evolution of programs that extend benefit duration … for that employer (in the unemployment insurance ""base period"") counted toward the worker's …","","https://scholar.google.com/scholar?q=related:INCQGAcHvkUJ:scholar.google.com/&scioq=duration+%22standard+error%22%7C%22standard+errors%22%7Cpbd%7C%22benefit+duration%22%7Cwba%7C%22weekly+benefit+amount%22%7C%22replacement+rate%22+%22unemployment+insurance%22&hl=en&as_sdt=0,5"
0,"W Chi","Unemployment Insurance Receipt and Unemployment Durations of Immigrants",2005,"LERA For Libraries","lerachapters.org","http://lerachapters.org/OJS/ojs-2.4.4-1/index.php/PFL/article/view/508/0","",635,"2022-08-15 21:28:05","","","","",,,,,0,0.00,0,1,17,"… We also included the weekly benefit amount (WBA) … unemployment insurance benefits could potentially be endogenous because those who anticipated longer unemployment duration …","http://lerachapters.org/OJS/ojs-2.4.4-1/index.php/PFL/article/download/508/504","https://scholar.google.com/scholar?q=related:fVkSZqQkwNUJ:scholar.google.com/&scioq=duration+%22standard+error%22%7C%22standard+errors%22%7Cpbd%7C%22benefit+duration%22%7Cwba%7C%22weekly+benefit+amount%22%7C%22replacement+rate%22+%22unemployment+insurance%22&hl=en&as_sdt=0,5"
25,"W Corson","A Study of Unemployment Insurance Recipients and Exhaustees: Findings from a National Survey",1990,"","books.google.com","https://books.google.com/books?hl=en&lr=&id=TwESY8tCQwIC&oi=fnd&pg=PR13&dq=duration+%22standard+error%22%7C%22standard+errors%22%7Cpbd%7C%22benefit+duration%22%7Cwba%7C%22weekly+benefit+amount%22%7C%22replacement+rate%22+%22unemployment+insurance%22&ots=_tYptKgmk3&sig=A2Aq5aFHjRGpfDs0tNA4kGVuQHM","https://scholar.google.com/scholar?cites=3685991686508845097&as_sdt=2005&sciodt=0,5&hl=en",265,"2022-08-15 21:28:05","BOOK","","","",,,,,25,0.78,25,1,32,"… The primary purpose of the unemployment insurance (UI) … the duration of UI benefit receipt. In most states, the limit is 26 weeks for the regular state program. Due to the limited duration …","https://books.google.com/books?hl=en&lr=&id=TwESY8tCQwIC&oi=fnd&pg=PR13&dq=duration+%22standard+error%22%7C%22standard+errors%22%7Cpbd%7C%22benefit+duration%22%7Cwba%7C%22weekly+benefit+amount%22%7C%22replacement+rate%22+%22unemployment+insurance%22&ots=_tYptKgmk3&sig=A2Aq5aFHjRGpfDs0tNA4kGVuQHM","https://scholar.google.com/scholar?q=related:KRhn3-hFJzMJ:scholar.google.com/&scioq=duration+%22standard+error%22%7C%22standard+errors%22%7Cpbd%7C%22benefit+duration%22%7Cwba%7C%22weekly+benefit+amount%22%7C%22replacement+rate%22+%22unemployment+insurance%22&hl=en&as_sdt=0,5"
33,"W Corson","The New Jersey Unemployment Insurance Reemployment Demonstration Project: Six-year Followup and Summary Report: Revised",1996,"","books.google.com","https://books.google.com/books?hl=en&lr=&id=YsApAQAAMAAJ&oi=fnd&pg=PR9&dq=duration+%22standard+error%22%7C%22standard+errors%22%7Cpbd%7C%22benefit+duration%22%7Cwba%7C%22weekly+benefit+amount%22%7C%22replacement+rate%22+%22unemployment+insurance%22&ots=73boTif8xO&sig=GaVpmHvY54ao4bnkwTtK3dPS-88","https://scholar.google.com/scholar?cites=3105311982209046226&as_sdt=2005&sciodt=0,5&hl=en",308,"2022-08-15 21:28:05","BOOK","","","",,,,,33,1.27,33,1,26,"… hall; expectation of recall; potential duration; weekly benefit amount; and local office. Tables 11.6 to … Hence, the standard error of our earnings impact estimates are too large to detect the …","https://books.google.com/books?hl=en&lr=&id=YsApAQAAMAAJ&oi=fnd&pg=PR9&dq=duration+%22standard+error%22%7C%22standard+errors%22%7Cpbd%7C%22benefit+duration%22%7Cwba%7C%22weekly+benefit+amount%22%7C%22replacement+rate%22+%22unemployment+insurance%22&ots=73boTif8xO&sig=GaVpmHvY54ao4bnkwTtK3dPS-88","https://scholar.google.com/scholar?q=related:0pZVkMtIGCsJ:scholar.google.com/&scioq=duration+%22standard+error%22%7C%22standard+errors%22%7Cpbd%7C%22benefit+duration%22%7Cwba%7C%22weekly+benefit+amount%22%7C%22replacement+rate%22+%22unemployment+insurance%22&hl=en&as_sdt=0,5"
12,"W Corson","The New Jersey Unemployment Insurance Reemployment Demonstration Project: Six-year Followup and Summary Report",1995,"","books.google.com","https://books.google.com/books?hl=en&lr=&id=KMApAQAAMAAJ&oi=fnd&pg=PR9&dq=duration+%22standard+error%22%7C%22standard+errors%22%7Cpbd%7C%22benefit+duration%22%7Cwba%7C%22weekly+benefit+amount%22%7C%22replacement+rate%22+%22unemployment+insurance%22&ots=RvMJi5nBE5&sig=89qvu-4k8C2fY1k9sdGunuQ4vZA","https://scholar.google.com/scholar?cites=2404274588610856913&as_sdt=2005&sciodt=0,5&hl=en",529,"2022-08-15 21:28:05","BOOK","","","",,,,,12,0.44,12,1,27,"… period earnings; industry; use of a union hiring hall; expectation of recall; potential duration; weekly benefit amount; … Hence, the standard error of our earnings impact estimates are too …","https://books.google.com/books?hl=en&lr=&id=KMApAQAAMAAJ&oi=fnd&pg=PR9&dq=duration+%22standard+error%22%7C%22standard+errors%22%7Cpbd%7C%22benefit+duration%22%7Cwba%7C%22weekly+benefit+amount%22%7C%22replacement+rate%22+%22unemployment+insurance%22&ots=RvMJi5nBE5&sig=89qvu-4k8C2fY1k9sdGunuQ4vZA","https://scholar.google.com/scholar?q=related:0Qem_P-yXSEJ:scholar.google.com/&scioq=duration+%22standard+error%22%7C%22standard+errors%22%7Cpbd%7C%22benefit+duration%22%7Cwba%7C%22weekly+benefit+amount%22%7C%22replacement+rate%22+%22unemployment+insurance%22&hl=en&as_sdt=0,5"
10,"W Corson, W Nicholson","The Federal Supplemental Benefits Program. An Appraisal of Emergency Extended Unemployment Insurance Benefits.",1982,"","ERIC","https://eric.ed.gov/?id=ED218434","https://scholar.google.com/scholar?cites=14653085254587598510&as_sdt=2005&sciodt=0,5&hl=en",584,"2022-08-15 21:28:05","BOOK","","","",,,,,10,0.25,5,2,40,"… a high level and unemployment insurance claims were lower than … their benefit duration provisions: the average period over … The increase in the maximum duration of benefits continued …","https://files.eric.ed.gov/fulltext/ED218434.pdf","https://scholar.google.com/scholar?q=related:rkY1V2c3WssJ:scholar.google.com/&scioq=duration+%22standard+error%22%7C%22standard+errors%22%7Cpbd%7C%22benefit+duration%22%7Cwba%7C%22weekly+benefit+amount%22%7C%22replacement+rate%22+%22unemployment+insurance%22&hl=en&as_sdt=0,5"
100,"W Eichhorst, M Grienberger-Zingerle…","Activating labor market and social policies in Germany: from status protection to basic income support",2010,"German Policy …","search.proquest.com","https://search.proquest.com/openview/213d87c4409d972b4d8764c601797f3f/1?pq-origsite=gscholar&cbl=27765","https://scholar.google.com/scholar?cites=16880600327893713717&as_sdt=2005&sciodt=0,5&hl=en",578,"2022-08-15 21:28:05","","","","",,,,,100,8.33,33,3,12,"… insurance benefit duration is shorter … unemployment insurance. In the old system, a person becoming unemployed was entitled to unemployment insurance benefits for a certain period if …","","https://scholar.google.com/scholar?q=related:NYNym4_wQ-oJ:scholar.google.com/&scioq=duration+%22standard+error%22%7C%22standard+errors%22%7Cpbd%7C%22benefit+duration%22%7Cwba%7C%22weekly+benefit+amount%22%7C%22replacement+rate%22+%22unemployment+insurance%22&hl=en&as_sdt=0,5"
20,"W Fu, F Liu","Unemployment insurance and cigarette smoking",2019,"Journal of health economics","Elsevier","https://www.sciencedirect.com/science/article/pii/S0167629618300560","https://scholar.google.com/scholar?cites=6021615727088608143&as_sdt=2005&sciodt=0,5&hl=en",117,"2022-08-15 21:28:05","","","","",,,,,20,6.67,10,2,3,"… specific linear time trend to capture the differential linear time trend … The replacement rate is defined as the UI payment as a … of weekly UI benefits (WBA) that individuals receive and their …","https://fu-wei.net/files/pdf/research/2019-JHE.pdf","https://scholar.google.com/scholar?q=related:j6MFk5kTkVMJ:scholar.google.com/&scioq=duration+%22standard+error%22%7C%22standard+errors%22%7Cpbd%7C%22benefit+duration%22%7Cwba%7C%22weekly+benefit+amount%22%7C%22replacement+rate%22+%22unemployment+insurance%22&hl=en&as_sdt=0,5"
344,"W Koeniger, M Leonardi, L Nunziata","Labor market institutions and wage inequality",2007,"ILR review","journals.sagepub.com","https://journals.sagepub.com/doi/abs/10.1177/001979390706000302","https://scholar.google.com/scholar?cites=13421790523160733430&as_sdt=2005&sciodt=0,5&hl=en",269,"2022-08-15 21:28:05","","10.1177/001979390706000302","","",,,,,344,22.93,115,3,15,"… longer time period for men than for women and the male wage is less affected by changes in labor … the interactions of institutions are included), and a similar reduction in benefit duration …","https://www.econstor.eu/bitstream/10419/20557/1/dp1291.pdf","https://scholar.google.com/scholar?q=related:9iazfl7HQ7oJ:scholar.google.com/&scioq=duration+%22standard+error%22%7C%22standard+errors%22%7Cpbd%7C%22benefit+duration%22%7Cwba%7C%22weekly+benefit+amount%22%7C%22replacement+rate%22+%22unemployment+insurance%22&hl=en&as_sdt=0,5"
10,"W Nicholson","A statistical model of exhaustion of unemployment insurance benefits",1981,"The Journal of Human Resources","JSTOR","https://www.jstor.org/stable/145223","https://scholar.google.com/scholar?cites=8964573988314361629&as_sdt=2005&sciodt=0,5&hl=en",776,"2022-08-15 21:28:05","","","","",,,,,10,0.24,10,1,41,"… duration (APD) and unemployment rate (IUR) variables were more than ten times their estimated standard errors … also quite respectable, the standard error of estimate was relatively …","","https://scholar.google.com/scholar?q=related:HS8vyIuQaHwJ:scholar.google.com/&scioq=duration+%22standard+error%22%7C%22standard+errors%22%7Cpbd%7C%22benefit+duration%22%7Cwba%7C%22weekly+benefit+amount%22%7C%22replacement+rate%22+%22unemployment+insurance%22&hl=en&as_sdt=0,5"
88,"W Nicholson, K Needels","Unemployment insurance: Strengthening the relationship between theory and policy",2006,"Journal of Economic Perspectives","aeaweb.org","https://www.aeaweb.org/articles?id=10.1257/jep.20.3.47","https://scholar.google.com/scholar?cites=1005050927604301421&as_sdt=2005&sciodt=0,5&hl=en",200,"2022-08-15 21:28:05","","","","",,,,,88,5.50,44,2,16,"… duration of benefits in the regular unemployment insurance … weekly unemployment benefit and r is the replacement rate r … The worker can collect unemployment insurance benefits for …","https://pubs.aeaweb.org/doi/pdf/10.1257%2Fjep.20.3.47","https://scholar.google.com/scholar?q=related:bf4HYX6o8g0J:scholar.google.com/&scioq=duration+%22standard+error%22%7C%22standard+errors%22%7Cpbd%7C%22benefit+duration%22%7Cwba%7C%22weekly+benefit+amount%22%7C%22replacement+rate%22+%22unemployment+insurance%22&hl=en&as_sdt=0,5"
11,"W Nicholson, K Needels, H Hock","Unemployment compensation during the great recession: Theory and evidence",2014,"National Tax Journal","journals.uchicago.edu","https://www.journals.uchicago.edu/doi/abs/10.17310/ntj.2014.1.06","https://scholar.google.com/scholar?cites=228365153179126116&as_sdt=2005&sciodt=0,5&hl=en",984,"2022-08-15 21:28:05","","10.17310/ntj.2014.1.06","","",,,,,11,1.38,4,3,8,"… the term ""unemployment insurance"" to refer … duration of benefits should be infinite under an optimal progra The authors point out that an actuarially fair increase in benefit duration will …","https://www.researchgate.net/profile/Heinrich-Hock/publication/276392695_Unemployment_Compensation_During_the_Great_Recession_Theory_and_Evidence/links/600c7ba092851c13fe320ba0/Unemployment-Compensation-During-the-Great-Recession-Theory-and-Evidence.pdf","https://scholar.google.com/scholar?q=related:ZMlRmuVQKwMJ:scholar.google.com/&scioq=duration+%22standard+error%22%7C%22standard+errors%22%7Cpbd%7C%22benefit+duration%22%7Cwba%7C%22weekly+benefit+amount%22%7C%22replacement+rate%22+%22unemployment+insurance%22&hl=en&as_sdt=0,5"
4,"W Vroman","The Alternative Base Period in Unemployment Insurance",1995,"","books.google.com","https://books.google.com/books?hl=en&lr=&id=MsApAQAAMAAJ&oi=fnd&pg=PA1&dq=duration+%22standard+error%22%7C%22standard+errors%22%7Cpbd%7C%22benefit+duration%22%7Cwba%7C%22weekly+benefit+amount%22%7C%22replacement+rate%22+%22unemployment+insurance%22&ots=nEz6aph_gd&sig=2_UHUokxFlF-yorDMM8gCVtMUzk","https://scholar.google.com/scholar?cites=15194601416873546532&as_sdt=2005&sciodt=0,5&hl=en",115,"2022-08-15 21:28:05","BOOK","","","",,,,,4,0.15,4,1,27,"… for the maximum WBA during the two halves of 1993. The low level of the maximum WBA also helps explain why the WBA for ABP eligibles is higher relative to the WBA for regular BP …","https://books.google.com/books?hl=en&lr=&id=MsApAQAAMAAJ&oi=fnd&pg=PA1&dq=duration+%22standard+error%22%7C%22standard+errors%22%7Cpbd%7C%22benefit+duration%22%7Cwba%7C%22weekly+benefit+amount%22%7C%22replacement+rate%22+%22unemployment+insurance%22&ots=nEz6aph_gd&sig=2_UHUokxFlF-yorDMM8gCVtMUzk","https://scholar.google.com/scholar?q=related:JBNl9HsR3tIJ:scholar.google.com/&scioq=duration+%22standard+error%22%7C%22standard+errors%22%7Cpbd%7C%22benefit+duration%22%7Cwba%7C%22weekly+benefit+amount%22%7C%22replacement+rate%22+%22unemployment+insurance%22&hl=en&as_sdt=0,5"
2,"W Vroman","Report on Unemployment Insurance Benefits and Actuarial Modeling in Washington",2006,"no. April","webarchive.urban.org","http://webarchive.urban.org/UploadedPDF/411340_UIBenefits.pdf","https://scholar.google.com/scholar?cites=210305320344477363&as_sdt=2005&sciodt=0,5&hl=en",171,"2022-08-15 21:28:05","PDF","","","",,,,,2,0.13,2,1,16,"… of the base period for setting the weekly benefit amount (WBA). Prior to 2004 the WBA had been determined using the average of the high two quarters of the base period. The change …","http://webarchive.urban.org/UploadedPDF/411340_UIBenefits.pdf","https://scholar.google.com/scholar?q=related:s96BGZMn6wIJ:scholar.google.com/&scioq=duration+%22standard+error%22%7C%22standard+errors%22%7Cpbd%7C%22benefit+duration%22%7Cwba%7C%22weekly+benefit+amount%22%7C%22replacement+rate%22+%22unemployment+insurance%22&hl=en&as_sdt=0,5"
5,"W Vroman","Unemployment insurance benefits: Performance since the great recession",2018,"","policycommons.net","https://policycommons.net/artifacts/631210/unemployment-insurance-benefits/1612478/","https://scholar.google.com/scholar?cites=12816132791819982012&as_sdt=2005&sciodt=0,5&hl=en",188,"2022-08-15 21:28:05","","","","",,,,,5,1.25,5,1,4,"… decline in the benefit recipiency rate for state unemployment insurance (UI) programs (ie, UI … duration of benefits below 26 weeks, which has reduced average actual benefit duration; (2) …","","https://scholar.google.com/scholar?q=related:vFSqEt8M3LEJ:scholar.google.com/&scioq=duration+%22standard+error%22%7C%22standard+errors%22%7Cpbd%7C%22benefit+duration%22%7Cwba%7C%22weekly+benefit+amount%22%7C%22replacement+rate%22+%22unemployment+insurance%22&hl=en&as_sdt=0,5"
66,"W Vroman","Role of Unemployment Insurance as an Automatic Stabilizer During a Recession",2010,"","books.google.com","https://books.google.com/books?hl=en&lr=&id=75STCDKRX5MC&oi=fnd&pg=PP2&dq=duration+%22standard+error%22%7C%22standard+errors%22%7Cpbd%7C%22benefit+duration%22%7Cwba%7C%22weekly+benefit+amount%22%7C%22replacement+rate%22+%22unemployment+insurance%22&ots=LVDHLsAR8K&sig=6Ytw0bnaZYcwhD139rPxKnHWzzQ","https://scholar.google.com/scholar?cites=12089036049206475280&as_sdt=2005&sciodt=0,5&hl=en",231,"2022-08-15 21:28:05","BOOK","","","",,,,,66,5.50,66,1,12,"… 0.70 or higher, while just four explain less than half the time series variation in the replacement rate. Also indicative of generally good explanatory power, the regressions usually have …","https://books.google.com/books?hl=en&lr=&id=75STCDKRX5MC&oi=fnd&pg=PP2&dq=duration+%22standard+error%22%7C%22standard+errors%22%7Cpbd%7C%22benefit+duration%22%7Cwba%7C%22weekly+benefit+amount%22%7C%22replacement+rate%22+%22unemployment+insurance%22&ots=LVDHLsAR8K&sig=6Ytw0bnaZYcwhD139rPxKnHWzzQ","https://scholar.google.com/scholar?q=related:EPrXfTzixKcJ:scholar.google.com/&scioq=duration+%22standard+error%22%7C%22standard+errors%22%7Cpbd%7C%22benefit+duration%22%7Cwba%7C%22weekly+benefit+amount%22%7C%22replacement+rate%22+%22unemployment+insurance%22&hl=en&as_sdt=0,5"
41,"W Vroman","Low benefit recipiency in state unemployment insurance programs",2002,"","oui.doleta.gov","https://oui.doleta.gov/dmstree/op/op2k1/op_05-01.pdf","https://scholar.google.com/scholar?cites=14321389991947680055&as_sdt=2005&sciodt=0,5&hl=en",237,"2022-08-15 21:28:05","BOOK","","","",,,,,41,2.05,41,1,20,"… Relative unemployment duration, ie, duration of UI benefits relative to overall unemployment duration, was strongly linked to potential UI benefit duration, the partial benefits share, the …","https://oui.doleta.gov/dmstree/op/op2k1/op_05-01.pdf","https://scholar.google.com/scholar?q=related:Nzng11HMv8YJ:scholar.google.com/&scioq=duration+%22standard+error%22%7C%22standard+errors%22%7Cpbd%7C%22benefit+duration%22%7Cwba%7C%22weekly+benefit+amount%22%7C%22replacement+rate%22+%22unemployment+insurance%22&hl=en&as_sdt=0,5"
39,"W Vroman","Effects of welfare reform on unemployment insurance",1998,"","webarchive.urban.org","http://webarchive.urban.org/publications/url.cfm?renderforprint=1&ID=308031&buildstatic=1","https://scholar.google.com/scholar?cites=11953394015510495691&as_sdt=2005&sciodt=0,5&hl=en",278,"2022-08-15 21:28:05","HTML","","","",,,,,39,1.63,39,1,24,"… Aver age benefit duration ranges between 13 and 16 weeks, with a limit of … period earnings would limit former welfare recipients’ weekly benefits and weeks of potential benefit duration. …","http://webarchive.urban.org/publications/url.cfm?renderforprint=1&ID=308031&buildstatic=1","https://scholar.google.com/scholar?q=related:y4HIeob84qUJ:scholar.google.com/&scioq=duration+%22standard+error%22%7C%22standard+errors%22%7Cpbd%7C%22benefit+duration%22%7Cwba%7C%22weekly+benefit+amount%22%7C%22replacement+rate%22+%22unemployment+insurance%22&hl=en&as_sdt=0,5"
32,"W Vroman","Unemployment insurance and unemployment assistance: a comparison",2001,"","webarchive.urban.org","http://webarchive.urban.org/publications/url.cfm?renderforprint=1&ID=410228&buildstatic=1","https://scholar.google.com/scholar?cites=8230962073232806472&as_sdt=2005&sciodt=0,5&hl=en",346,"2022-08-15 21:28:05","HTML","","","",,,,,32,1.52,32,1,21,"… level of the periodic payment, but only UI specifies potential benefit duration at the time of initial entry into benefit status. A UA program may or may not limit potential duration. Potential …","http://webarchive.urban.org/publications/url.cfm?renderforprint=1&ID=410228&buildstatic=1","https://scholar.google.com/scholar?q=related:SBLBZmVAOnIJ:scholar.google.com/&scioq=duration+%22standard+error%22%7C%22standard+errors%22%7Cpbd%7C%22benefit+duration%22%7Cwba%7C%22weekly+benefit+amount%22%7C%22replacement+rate%22+%22unemployment+insurance%22&hl=en&as_sdt=0,5"
4,"W Vroman","The big states and unemployment insurance financing",2016,"… 2000661The-Big-States-and-Unemployment-Insurance …","urban.org","https://www.urban.org/sites/default/files/publication/78776/2000661The-Big-States-and-Unemployment-Insurance-Financing.pdf","https://scholar.google.com/scholar?cites=15484473453032715480&as_sdt=2005&sciodt=0,5&hl=en",407,"2022-08-15 21:28:05","PDF","","","",,,,,4,0.67,4,1,6,"… replacement rate (the ratio of the weekly benefit amount to average weekly wages). The unemployment rate is determined mainly by macroeconomic developments beyond the control …","https://www.urban.org/sites/default/files/publication/78776/2000661The-Big-States-and-Unemployment-Insurance-Financing.pdf","https://scholar.google.com/scholar?q=related:2DT7tZDm49YJ:scholar.google.com/&scioq=duration+%22standard+error%22%7C%22standard+errors%22%7Cpbd%7C%22benefit+duration%22%7Cwba%7C%22weekly+benefit+amount%22%7C%22replacement+rate%22+%22unemployment+insurance%22&hl=en&as_sdt=0,5"
14,"W Vroman","Unemployment insurance: Current situation and potential reforms",2009,"","urban.org","https://www.urban.org/sites/default/files/publication/30116/411835-Unemployment-Insurance-Current-Situation-and-Potential-Reforms.PDF","https://scholar.google.com/scholar?cites=18360029194629266696&as_sdt=2005&sciodt=0,5&hl=en",415,"2022-08-15 21:28:05","BOOK","","","",,,,,14,1.08,14,1,13,"… by 2.96 million while unemployment for the same period increased by 3.57 million. Total … to include a further extension of EUC benefit duration, perhaps provisions related to state UI …","https://www.urban.org/sites/default/files/publication/30116/411835-Unemployment-Insurance-Current-Situation-and-Potential-Reforms.PDF","https://scholar.google.com/scholar?q=related:CL2t40bty_4J:scholar.google.com/&scioq=duration+%22standard+error%22%7C%22standard+errors%22%7Cpbd%7C%22benefit+duration%22%7Cwba%7C%22weekly+benefit+amount%22%7C%22replacement+rate%22+%22unemployment+insurance%22&hl=en&as_sdt=0,5"
0,"W Vroman","Systemic Disincentive Effects of the Unemployment Insurance Program",2005,"","wdr.doleta.gov","http://wdr.doleta.gov/research/FullText_Documents/Systemic%20Disincentive%20Effects%20of%20the%20Unemployment%20Insurance%20Program%20Report.pdf","",493,"2022-08-15 21:28:05","BOOK","","","",,,,,0,0.00,0,1,17,"… of changing the replacement rate (and the WBA) on actual benefit duration should account … to experience reductions in potential duration if the WBA (or replacement rate) were higher. …","http://wdr.doleta.gov/research/FullText_Documents/Systemic%20Disincentive%20Effects%20of%20the%20Unemployment%20Insurance%20Program%20Report.pdf",""
1,"W Vroman","Unemployment Insurance Financing Options in Massachusetts",2003,"Washington, DC, Urban Institute)(December)","malegislature.gov","https://malegislature.gov/Reports/11426/Vroman-Unemployment-Insurance-Financing-Options-in-Massachusetts%202003.PDF","https://scholar.google.com/scholar?cites=3529805070191004195&as_sdt=2005&sciodt=0,5&hl=en",569,"2022-08-15 21:28:05","PDF","","","",,,,,1,0.05,1,1,19,"… to a uniform replacement rate of 50 percent for workers at all levels of base period wages. … volatility of the recipiency rate vis-à-vis the replacement rate for the 1967-2002 period. The …","https://malegislature.gov/Reports/11426/Vroman-Unemployment-Insurance-Financing-Options-in-Massachusetts%202003.PDF","https://scholar.google.com/scholar?q=related:I4obdwJj_DAJ:scholar.google.com/&scioq=duration+%22standard+error%22%7C%22standard+errors%22%7Cpbd%7C%22benefit+duration%22%7Cwba%7C%22weekly+benefit+amount%22%7C%22replacement+rate%22+%22unemployment+insurance%22&hl=en&as_sdt=0,5"
4,"W Vroman","State UI financing response to the great recession",2018,"Unemployment insurance reform: Fixing a broken …","JSTOR","https://www.jstor.org/stable/pdf/j.ctvh4zfsf.7.pdf","https://scholar.google.com/scholar?cites=14270842971674330403&as_sdt=2005&sciodt=0,5&hl=en",581,"2022-08-15 21:28:05","","","","",,,,,4,1.00,4,1,4,"… replacement rate for the 31 years from 1985 to 2015. The figure identifies three multiyear periods when the national replacement rate … period has the lowest average replacement rate of …","https://research.upjohn.org/cgi/viewcontent.cgi?filename=3&article=1268&context=up_press&type=additional","https://scholar.google.com/scholar?q=related:I0UHlBI4DMYJ:scholar.google.com/&scioq=duration+%22standard+error%22%7C%22standard+errors%22%7Cpbd%7C%22benefit+duration%22%7Cwba%7C%22weekly+benefit+amount%22%7C%22replacement+rate%22+%22unemployment+insurance%22&hl=en&as_sdt=0,5"
8,"W Vroman","Unemployment Insurance in the American Recovery and Reinvestment Act (HR1)",2009,"Urban Institute. http://www. urban. org/publications …","urban.org","https://www.urban.org/sites/default/files/publication/30191/411851-Unemployment-Insurance-in-the-American-Recovery-and-Reinvestment-Act-HR-.pdf","https://scholar.google.com/scholar?cites=15597226821747963702&as_sdt=2005&sciodt=0,5&hl=en",692,"2022-08-15 21:28:05","PDF","","","",,,,,8,0.62,8,1,13,"… In the past, potential benefit duration was extended by TFB programs, but weekly benefits … -time. States would decide how to treat a previous full-time worker now seeking a part-time job. …","https://www.urban.org/sites/default/files/publication/30191/411851-Unemployment-Insurance-in-the-American-Recovery-and-Reinvestment-Act-HR-.pdf","https://scholar.google.com/scholar?q=related:Nnd7Hyh7dNgJ:scholar.google.com/&scioq=duration+%22standard+error%22%7C%22standard+errors%22%7Cpbd%7C%22benefit+duration%22%7Cwba%7C%22weekly+benefit+amount%22%7C%22replacement+rate%22+%22unemployment+insurance%22&hl=en&as_sdt=0,5"
13,"W Vroman","Unemployment insurance trust fund adequacy in the 1990s",1990,"","core.ac.uk","https://core.ac.uk/download/pdf/217642971.pdf","https://scholar.google.com/scholar?cites=15999293163020812554&as_sdt=2005&sciodt=0,5&hl=en",716,"2022-08-15 21:28:05","BOOK","","","",,,,,13,0.41,13,1,32,"… 6 The standard devia tion of the eight projection errors was .0184 compared to the equation's standard error of .0115 for the 1949-1979 estimation period. Most of the explanation for the …","https://core.ac.uk/download/pdf/217642971.pdf","https://scholar.google.com/scholar?q=related:CgExJ13oCN4J:scholar.google.com/&scioq=duration+%22standard+error%22%7C%22standard+errors%22%7Cpbd%7C%22benefit+duration%22%7Cwba%7C%22weekly+benefit+amount%22%7C%22replacement+rate%22+%22unemployment+insurance%22&hl=en&as_sdt=0,5"
13,"W Vroman","Unemployment protection in Chile",2003,"","webarchive.urban.org","http://webarchive.urban.org/publications/url.cfm?renderforprint=1&ID=410841&buildstatic=1","https://scholar.google.com/scholar?cites=6192213617562098340&as_sdt=2005&sciodt=0,5&hl=en",801,"2022-08-15 21:28:05","HTML","","","",,,,,13,0.68,13,1,19,"… and in receipt of unemployment insurance or other social … time interval between the base period, ie, the pre-separation … of UI benefits and reduced the replacement rate (See Table III-3 …","http://webarchive.urban.org/publications/url.cfm?renderforprint=1&ID=410841&buildstatic=1","https://scholar.google.com/scholar?q=related:pBogOHop71UJ:scholar.google.com/&scioq=duration+%22standard+error%22%7C%22standard+errors%22%7Cpbd%7C%22benefit+duration%22%7Cwba%7C%22weekly+benefit+amount%22%7C%22replacement+rate%22+%22unemployment+insurance%22&hl=en&as_sdt=0,5"
27,"W Vroman","The Great Recession, Unemployment Insurance and Poverty",2010,"Washington, DC: The Urban. Institute. http://www …","urban.org","https://www.urban.org/sites/default/files/publication/28541/412072-The-Great-Recession-Unemployment-Insurance-and-Poverty.PDF","https://scholar.google.com/scholar?cites=17062863889575683346&as_sdt=2005&sciodt=0,5&hl=en",828,"2022-08-15 21:28:05","PDF","","","",,,,,27,2.25,27,1,12,"… duration is also obvious. The poverty rate is 0.116 for unemployment duration of 1–13 weeks but 0.261 for duration of … The ad hoc extensions of potential UI benefit duration of 2008–10 …","https://www.urban.org/sites/default/files/publication/28541/412072-The-Great-Recession-Unemployment-Insurance-and-Poverty.PDF","https://scholar.google.com/scholar?q=related:EqX__E14y-wJ:scholar.google.com/&scioq=duration+%22standard+error%22%7C%22standard+errors%22%7Cpbd%7C%22benefit+duration%22%7Cwba%7C%22weekly+benefit+amount%22%7C%22replacement+rate%22+%22unemployment+insurance%22&hl=en&as_sdt=0,5"
16,"W Vroman","The funding crisis in state unemployment insurance",1986,"","core.ac.uk","https://core.ac.uk/download/pdf/217642838.pdf","https://scholar.google.com/scholar?cites=777275573888719442&as_sdt=2005&sciodt=0,5&hl=en",865,"2022-08-15 21:28:05","BOOK","","","",,,,,16,0.44,16,1,36,"… Workers collect UI benefits for a limited time period until they are recalled, find another job, … benefit duration allowed under state laws is usually 26 weeks or less, but the actual duration …","https://core.ac.uk/download/pdf/217642838.pdf","https://scholar.google.com/scholar?q=related:Upo5KgRwyQoJ:scholar.google.com/&scioq=duration+%22standard+error%22%7C%22standard+errors%22%7Cpbd%7C%22benefit+duration%22%7Cwba%7C%22weekly+benefit+amount%22%7C%22replacement+rate%22+%22unemployment+insurance%22&hl=en&as_sdt=0,5"
20,"W Vroman","Labor Market Changes and Unemployment Insurance Benefit Availablility",1998,"","books.google.com","https://books.google.com/books?hl=en&lr=&id=j8ApAQAAMAAJ&oi=fnd&pg=PP14&dq=duration+%22standard+error%22%7C%22standard+errors%22%7Cpbd%7C%22benefit+duration%22%7Cwba%7C%22weekly+benefit+amount%22%7C%22replacement+rate%22+%22unemployment+insurance%22&ots=SwvZJOa9lF&sig=AtUrVnPVfrNFqXgFTEJOiCiUXao","https://scholar.google.com/scholar?cites=16097994068212167477&as_sdt=2005&sciodt=0,5&hl=en",980,"2022-08-15 21:28:05","BOOK","","","",,,,,20,0.83,20,1,24,"… about the same length of time in unemployment as wage and salary workers. Although the self-employed are excluded from coverage under unemployment insurance, measurable …","https://books.google.com/books?hl=en&lr=&id=j8ApAQAAMAAJ&oi=fnd&pg=PP14&dq=duration+%22standard+error%22%7C%22standard+errors%22%7Cpbd%7C%22benefit+duration%22%7Cwba%7C%22weekly+benefit+amount%22%7C%22replacement+rate%22+%22unemployment+insurance%22&ots=SwvZJOa9lF&sig=AtUrVnPVfrNFqXgFTEJOiCiUXao","https://scholar.google.com/scholar?q=related:NbMhcFCQZ98J:scholar.google.com/&scioq=duration+%22standard+error%22%7C%22standard+errors%22%7Cpbd%7C%22benefit+duration%22%7Cwba%7C%22weekly+benefit+amount%22%7C%22replacement+rate%22+%22unemployment+insurance%22&hl=en&as_sdt=0,5"
11,"W Vroman, JB Wenger…","Extended unemployment benefits",2003,"Employment Research …","research.upjohn.org","https://research.upjohn.org/cgi/viewcontent.cgi?article=1143&context=empl_research","https://scholar.google.com/scholar?cites=18001691117418913124&as_sdt=2005&sciodt=0,5&hl=en",504,"2022-08-15 21:28:05","PDF","","","",,,,,11,0.58,4,3,19,"… by 50 percent of their regular benefit duration, up to 13 weeks… their regular UI benefits, an all-time high. Also, in the last year… then the demand for unemployment insurance would also fall…","https://research.upjohn.org/cgi/viewcontent.cgi?article=1143&context=empl_research","https://scholar.google.com/scholar?q=related:ZB0PurHa0vkJ:scholar.google.com/&scioq=duration+%22standard+error%22%7C%22standard+errors%22%7Cpbd%7C%22benefit+duration%22%7Cwba%7C%22weekly+benefit+amount%22%7C%22replacement+rate%22+%22unemployment+insurance%22&hl=en&as_sdt=0,5"
16,"W Vroman, SA Woodbury","Trend and cycle analysis of unemployment insurance and the employment service",2004,"","research.upjohn.org","https://research.upjohn.org/externalpapers/25/","https://scholar.google.com/scholar?cites=1112062873941993852&as_sdt=2005&sciodt=0,5&hl=en",526,"2022-08-15 21:28:05","","","","",,,,,16,0.89,8,2,18,"… This project documents the cyclical patterns of participation in Unemployment Insurance (UI… duration and reviews important aspects of the state UI programs that affect UI benefit duration…","https://research.upjohn.org/cgi/viewcontent.cgi?article=1029&context=externalpapers","https://scholar.google.com/scholar?q=related:fGk2uUrXbg8J:scholar.google.com/&scioq=duration+%22standard+error%22%7C%22standard+errors%22%7Cpbd%7C%22benefit+duration%22%7Cwba%7C%22weekly+benefit+amount%22%7C%22replacement+rate%22+%22unemployment+insurance%22&hl=en&as_sdt=0,5"
33,"W Vroman, SA Woodbury","Financing unemployment insurance",2014,"National Tax Journal","journals.uchicago.edu","https://www.journals.uchicago.edu/doi/abs/10.17310/ntj.2014.1.08","https://scholar.google.com/scholar?cites=2689200943341047161&as_sdt=2005&sciodt=0,5&hl=en",928,"2022-08-15 21:28:05","","10.17310/ntj.2014.1.08","","",,,,,33,4.13,17,2,8,"… First, if earnings increase over time, then tax revenues must increase in proportion to earnings to fund benefits with a 50 percent replacement rate (unless the unemployment rate were …","https://www.econstor.eu/bitstream/10419/98594/1/781891973.pdf","https://scholar.google.com/scholar?q=related:eQ19jQL2USUJ:scholar.google.com/&scioq=duration+%22standard+error%22%7C%22standard+errors%22%7Cpbd%7C%22benefit+duration%22%7Cwba%7C%22weekly+benefit+amount%22%7C%22replacement+rate%22+%22unemployment+insurance%22&hl=en&as_sdt=0,5"
3,"WB Conerly","Unemployment Insurance in a Free Society",2005,"National Center for Policy Analysis Report","ncpathinktank.org","http://www.ncpathinktank.org/pdfs/st274.pdf","https://scholar.google.com/scholar?cites=9376423305102098018&as_sdt=2005&sciodt=0,5&hl=en",554,"2022-08-15 21:28:05","PDF","","","",,,,,3,0.18,3,1,17,"… (Some states in America will not provide unemployment insurance benefits for a person who is only looking for part-time work, but such regulations are seldom enforced.) …","http://www.ncpathinktank.org/pdfs/st274.pdf","https://scholar.google.com/scholar?q=related:Yv5NTFG_H4IJ:scholar.google.com/&scioq=duration+%22standard+error%22%7C%22standard+errors%22%7Cpbd%7C%22benefit+duration%22%7Cwba%7C%22weekly+benefit+amount%22%7C%22replacement+rate%22+%22unemployment+insurance%22&hl=en&as_sdt=0,5"
23,"WD Larson, TM Sinclair","Nowcasting unemployment insurance claims in the time of COVID-19",2022,"International journal of forecasting","Elsevier","https://www.sciencedirect.com/science/article/pii/S0169207021000017","https://scholar.google.com/scholar?cites=17609438420997755068&as_sdt=2005&sciodt=0,5&hl=en",524,"2022-08-15 21:28:05","HTML","","","",,,,,23,23.00,12,2,1,"… These models exploit a long time series of an aggregate to provide precise, consistent estimates… information for predicting the national quantity of initial unemployment insurance claims. …","https://www.sciencedirect.com/science/article/pii/S0169207021000017","https://scholar.google.com/scholar?q=related:vNCv8fFKYfQJ:scholar.google.com/&scioq=duration+%22standard+error%22%7C%22standard+errors%22%7Cpbd%7C%22benefit+duration%22%7Cwba%7C%22weekly+benefit+amount%22%7C%22replacement+rate%22+%22unemployment+insurance%22&hl=en&as_sdt=0,5"
0,"WGAO FOUND","UNEMPLOYMENT INSURANCE: FACTORS ASSOCIATED WITH BENEFIT RECEIPT",2003,"Advances in Sociology Research","Nova Science Publishers","","",819,"2022-08-15 21:28:05","CITATION","","","",,,,,0,0.00,0,1,19,"","","https://scholar.google.com/scholar?q=related:nZW5gj6f3r8J:scholar.google.com/&scioq=duration+%22standard+error%22%7C%22standard+errors%22%7Cpbd%7C%22benefit+duration%22%7Cwba%7C%22weekly+benefit+amount%22%7C%22replacement+rate%22+%22unemployment+insurance%22&hl=en&as_sdt=0,5"
0,"WH Hoyt","Interstate competition in unemployment insurance programs",2000,"Research in Employment Policy","JAI Press","","",805,"2022-08-15 21:28:05","CITATION","","","",,,,,0,0.00,0,1,22,"","","https://scholar.google.com/scholar?q=related:-IvmHXoFa2IJ:scholar.google.com/&scioq=duration+%22standard+error%22%7C%22standard+errors%22%7Cpbd%7C%22benefit+duration%22%7Cwba%7C%22weekly+benefit+amount%22%7C%22replacement+rate%22+%22unemployment+insurance%22&hl=en&as_sdt=0,5"
3,"WN Cooke","The behavior of unemployment insurance recipients under adverse market conditions",1981,"ILR Review","journals.sagepub.com","https://journals.sagepub.com/doi/abs/10.1177/001979398103400305","https://scholar.google.com/scholar?cites=6971781803379447665&as_sdt=2005&sciodt=0,5&hl=en",427,"2022-08-15 21:28:05","","10.1177/001979398103400305","","",,,,,3,0.07,3,1,41,"… In Maine during the 1974 - 76 period the maximum WBA (excluding allowances for dependents) … the WBA preferred. However, as in the ratio, the WBA is truncated at the legal maximum …","","https://scholar.google.com/scholar?q=related:cdf2sZy-wGAJ:scholar.google.com/&scioq=duration+%22standard+error%22%7C%22standard+errors%22%7Cpbd%7C%22benefit+duration%22%7Cwba%7C%22weekly+benefit+amount%22%7C%22replacement+rate%22+%22unemployment+insurance%22&hl=en&as_sdt=0,5"
0,"WR Delivered","Employment Insurance",,"cdhowe.org","","https://www.cdhowe.org/sites/default/files/attachments/research_papers/mixed/backgrounder_82.pdf","",855,"2022-08-15 21:28:05","PDF","","","",,,,,0,0.00,0,1,,"… Parliament passed Bill C-12, replacing the unemployment insurance (UI) regime with the far-… , while the replacement rate would increase progressively with the length of the qualifying …","https://www.cdhowe.org/sites/default/files/attachments/research_papers/mixed/backgrounder_82.pdf","https://scholar.google.com/scholar?q=related:W2mRRo-6UJYJ:scholar.google.com/&scioq=duration+%22standard+error%22%7C%22standard+errors%22%7Cpbd%7C%22benefit+duration%22%7Cwba%7C%22weekly+benefit+amount%22%7C%22replacement+rate%22+%22unemployment+insurance%22&hl=en&as_sdt=0,5"
4,"WS Moon","실업급여 지급기간 변화의 효과 분석 (The Effect of the Extended Benefit Duration on the Aggregate Labor Market)",2010,"KDI Journal of Economic Policy","papers.ssrn.com","https://papers.ssrn.com/sol3/papers.cfm?abstract_id=2773928","https://scholar.google.com/scholar?cites=2728785897710669528&as_sdt=2005&sciodt=0,5&hl=en",996,"2022-08-15 21:28:05","","","","",,,,,4,0.33,4,1,12,"… The effect of the extended maximum duration of unemployment insurance benefits on the … The benchmark benefit duration is set to three months. As maximum benefit duration is …","https://www.koreascience.or.kr/article/JAKO201024236535469.pdf","https://scholar.google.com/scholar?q=related:2M4j9VCY3iUJ:scholar.google.com/&scioq=duration+%22standard+error%22%7C%22standard+errors%22%7Cpbd%7C%22benefit+duration%22%7Cwba%7C%22weekly+benefit+amount%22%7C%22replacement+rate%22+%22unemployment+insurance%22&hl=en&as_sdt=0,5"
10,"WS Woytinsky","Principles of cost estimates in unemployment insurance",1948,"","books.google.com","https://books.google.com/books?hl=en&lr=&id=eHLQAAAAMAAJ&oi=fnd&pg=PA1&dq=duration+%22standard+error%22%7C%22standard+errors%22%7Cpbd%7C%22benefit+duration%22%7Cwba%7C%22weekly+benefit+amount%22%7C%22replacement+rate%22+%22unemployment+insurance%22&ots=5qgPcfSliW&sig=KgynG2WJQ0aABI82gxMWVVQg6kQ","https://scholar.google.com/scholar?cites=16239378274252012205&as_sdt=2005&sciodt=0,5&hl=en",591,"2022-08-15 21:28:05","BOOK","","","",,,,,10,0.14,10,1,74,"… during a benefit year rather than to benefit duration during a single spell of unemployment. This method of computation shortens the duration of benefits awarded to a separated worker …","https://books.google.com/books?hl=en&lr=&id=eHLQAAAAMAAJ&oi=fnd&pg=PA1&dq=duration+%22standard+error%22%7C%22standard+errors%22%7Cpbd%7C%22benefit+duration%22%7Cwba%7C%22weekly+benefit+amount%22%7C%22replacement+rate%22+%22unemployment+insurance%22&ots=5qgPcfSliW&sig=KgynG2WJQ0aABI82gxMWVVQg6kQ","https://scholar.google.com/scholar?q=related:rbr8IYDcXeEJ:scholar.google.com/&scioq=duration+%22standard+error%22%7C%22standard+errors%22%7Cpbd%7C%22benefit+duration%22%7Cwba%7C%22weekly+benefit+amount%22%7C%22replacement+rate%22+%22unemployment+insurance%22&hl=en&as_sdt=0,5"
289,"Y Algan, P Cahuc","Civic virtue and labor market institutions",2009,"American Economic Journal: Macroeconomics","aeaweb.org","https://www.aeaweb.org/articles?id=10.1257/mac.1.1.111","https://scholar.google.com/scholar?cites=4919806285879119551&as_sdt=2005&sciodt=0,5&hl=en",436,"2022-08-15 21:28:05","","","","",,,,,289,22.23,145,2,13,"… on the design of unemployment insurance and job protection.… on the replacement rate and the length of benefits. The … use the replacement rate and the benefit duration indicators since …","https://hal.archives-ouvertes.fr/hal-03384694/document","https://scholar.google.com/scholar?q=related:vw6PMcCpRkQJ:scholar.google.com/&scioq=duration+%22standard+error%22%7C%22standard+errors%22%7Cpbd%7C%22benefit+duration%22%7Cwba%7C%22weekly+benefit+amount%22%7C%22replacement+rate%22+%22unemployment+insurance%22&hl=en&as_sdt=0,5"
5,"Y Chocolaad, W Vroman…","Unemployment Insurance",2013,"The American Recovery …","research.upjohn.org","https://research.upjohn.org/cgi/viewcontent.cgi?filename=7&article=1241&context=up_press&type=additional","https://scholar.google.com/scholar?cites=12185177845808178014&as_sdt=2005&sciodt=0,5&hl=en",617,"2022-08-15 21:28:05","PDF","","","",,,,,5,0.56,2,3,9,"… , well before the depth and duration of the Great Recession were … more than $200 billion for the 2008–2012 time period. … 50 percent of the original weekly benefit amount for up to 20 …","https://research.upjohn.org/cgi/viewcontent.cgi?filename=7&article=1241&context=up_press&type=additional","https://scholar.google.com/scholar?q=related:XiNb4LByGqkJ:scholar.google.com/&scioq=duration+%22standard+error%22%7C%22standard+errors%22%7Cpbd%7C%22benefit+duration%22%7Cwba%7C%22weekly+benefit+amount%22%7C%22replacement+rate%22+%22unemployment+insurance%22&hl=en&as_sdt=0,5"
113,"Y Dou, M Khan, Y Zou","Labor unemployment insurance and earnings management",2016,"Journal of Accounting and Economics","Elsevier","https://www.sciencedirect.com/science/article/pii/S0165410115000452","https://scholar.google.com/scholar?cites=12776886970317900499&as_sdt=2005&sciodt=0,5&hl=en",440,"2022-08-15 21:28:05","","","","",,,,,113,18.83,38,3,6,"… maximum weekly benefit amount and the maximum duration … in the UI replacement rate (=UI replacement rate in the event … Treatment sample using the replacement rate formula above. …","","https://scholar.google.com/scholar?q=related:04odMQGfULEJ:scholar.google.com/&scioq=duration+%22standard+error%22%7C%22standard+errors%22%7Cpbd%7C%22benefit+duration%22%7Cwba%7C%22weekly+benefit+amount%22%7C%22replacement+rate%22+%22unemployment+insurance%22&hl=en&as_sdt=0,5"
25,"Y Pei, Z Xie","A quantitative theory of time-consistent unemployment insurance",2021,"Journal of Monetary Economics","Elsevier","https://www.sciencedirect.com/science/article/pii/S0304393220300799","https://scholar.google.com/scholar?cites=6590689396125661807&as_sdt=2005&sciodt=0,5&hl=en",138,"2022-08-15 21:28:05","","","","",,,,,25,25.00,13,2,1,"… of a worker’s base period wage that he gets as weekly benefit amount in unemployment, … wage and weekly benefit amount data from the Unemployment Insurance Benefit Accuracy …","https://www.econstor.eu/bitstream/10419/172908/1/872317056.pdf","https://scholar.google.com/scholar?q=related:b_oAORbVdlsJ:scholar.google.com/&scioq=duration+%22standard+error%22%7C%22standard+errors%22%7Cpbd%7C%22benefit+duration%22%7Cwba%7C%22weekly+benefit+amount%22%7C%22replacement+rate%22+%22unemployment+insurance%22&hl=en&as_sdt=0,5"
93,"Y Rebollo-Sanz","Unemployment insurance and job turnover in Spain",2012,"Labour Economics","Elsevier","https://www.sciencedirect.com/science/article/pii/S092753711200019X","https://scholar.google.com/scholar?cites=17184359281530853306&as_sdt=2005&sciodt=0,5&hl=en",36,"2022-08-15 21:28:05","","","","",,,,,93,9.30,93,1,10,"… 12 combines the estimated effects of benefit exhaustion and unemployment spell duration. We display each hazard rate in relation to unemployment duration for a worker with a PBD of …","https://dialnet.unirioja.es/descarga/articulo/3630985.pdf","https://scholar.google.com/scholar?q=related:uldVTLgbe-4J:scholar.google.com/&scioq=duration+%22standard+error%22%7C%22standard+errors%22%7Cpbd%7C%22benefit+duration%22%7Cwba%7C%22weekly+benefit+amount%22%7C%22replacement+rate%22+%22unemployment+insurance%22&hl=en&as_sdt=0,5"
0,"Y Shen","Labor unemployment insurance and bank loans",2022,"Journal of Corporate Finance","Elsevier","https://www.sciencedirect.com/science/article/pii/S0929119922000979","",748,"2022-08-15 21:28:05","","","","",,,,,0,0.00,0,1,1,"… Each issue provides details about the maximum weekly benefit amount, maximum duration (in number of weeks) for eligible claimants, and tax-related information for employers. Under …","","https://scholar.google.com/scholar?q=related:KzhXYIUKz9IJ:scholar.google.com/&scioq=duration+%22standard+error%22%7C%22standard+errors%22%7Cpbd%7C%22benefit+duration%22%7Cwba%7C%22weekly+benefit+amount%22%7C%22replacement+rate%22+%22unemployment+insurance%22&hl=en&as_sdt=0,5"
0,"YB Kim","A Structural Model of Taxation and Unemployment Insurance on Search Dynamics",2014,"","search.proquest.com","https://search.proquest.com/openview/e63b64dcf1fd0148f3b2bba092654540/1?pq-origsite=gscholar&cbl=18750","",637,"2022-08-15 21:28:05","","","","",,,,,0,0.00,0,1,8,"… the current Unemployment Insurance and taxation policies. The maximum benefit-… period extension and increase in the UI replacement rate raise search and unemployment duration, …","https://ir.stonybrook.edu/xmlui/bitstream/handle/11401/77420/Kim_grad.sunysb_0771E_11893.pdf?sequence=1","https://scholar.google.com/scholar?q=related:YFX7GRiIwYcJ:scholar.google.com/&scioq=duration+%22standard+error%22%7C%22standard+errors%22%7Cpbd%7C%22benefit+duration%22%7Cwba%7C%22weekly+benefit+amount%22%7C%22replacement+rate%22+%22unemployment+insurance%22&hl=en&as_sdt=0,5"
2,"YC Ho","The effects on legislative structure and political parties in the state: Evidence from state fiscal policy and unemployment insurance",2003,"","search.proquest.com","https://search.proquest.com/openview/1346acf6353878c3729f24c7f8a346a7/1?pq-origsite=gscholar&cbl=18750&diss=y","https://scholar.google.com/scholar?cites=3462676053327175193&as_sdt=2005&sciodt=0,5&hl=en",755,"2022-08-15 21:28:05","BOOK","","","",,,,,2,0.11,2,1,19,"… and executives controlled by different parties may occur about 50% of the time. Actual US state observations, in this research period from 1977 to 1997, in 47 states, single party controls …","","https://scholar.google.com/scholar?q=related:GV7RQoblDTAJ:scholar.google.com/&scioq=duration+%22standard+error%22%7C%22standard+errors%22%7Cpbd%7C%22benefit+duration%22%7Cwba%7C%22weekly+benefit+amount%22%7C%22replacement+rate%22+%22unemployment+insurance%22&hl=en&as_sdt=0,5"
33,"YF Rebollo-Sanz, JI García-Pérez","Are unemployment benefits harmful to the stability of working careers? The case of Spain",2015,"SERIEs","Springer","https://link.springer.com/article/10.1007/s13209-014-0120-z","https://scholar.google.com/scholar?cites=3119207018888986970&as_sdt=2005&sciodt=0,5&hl=en",445,"2022-08-15 21:28:05","HTML","10.1007/s13209-014-0120-z","","",,,,,33,4.71,17,2,7,"… Unemployment insurance is usually found to show negative effects in the transition from … at whether benefit duration is positively correlated with subsequent employment duration. In …","https://link.springer.com/article/10.1007/s13209-014-0120-z","https://scholar.google.com/scholar?q=related:WoHI5UGmSSsJ:scholar.google.com/&scioq=duration+%22standard+error%22%7C%22standard+errors%22%7Cpbd%7C%22benefit+duration%22%7Cwba%7C%22weekly+benefit+amount%22%7C%22replacement+rate%22+%22unemployment+insurance%22&hl=en&as_sdt=0,5"
0,"YF Rebollo-Sanz, JIG Pérez","WP ECON 14.02",2014,"","upo.es","http://www.upo.es/serv/bib/wps/econ1402.pdf","",754,"2022-08-15 21:28:05","PDF","","","",,,,,0,0.00,0,2,8,"… Our paper starts with a brief description of the Spanish unemployment insurance system … at whether benefit duration is positively correlated with subsequent employment duration. In …","http://www.upo.es/serv/bib/wps/econ1402.pdf","https://scholar.google.com/scholar?q=related:uNWodbH0N2kJ:scholar.google.com/&scioq=duration+%22standard+error%22%7C%22standard+errors%22%7Cpbd%7C%22benefit+duration%22%7Cwba%7C%22weekly+benefit+amount%22%7C%22replacement+rate%22+%22unemployment+insurance%22&hl=en&as_sdt=0,5"
0,"YF Rebollo-Sanz, UP de Olavide, JI García-Pérez","ESTUDIOS SOBRE LA ECONOMÍA ESPAÑOLA-2015/04",,"documentos.fedea.net","","https://documentos.fedea.net/pubs/eee/eee2015-04.pdf","",771,"2022-08-15 21:28:05","PDF","","","",,,,,0,0.00,0,3,,"… ABSTRACT Unemployment insurance is usually found to show negative effects in the … at whether benefit duration is positively correlated with subsequent employment duration. In …","https://documentos.fedea.net/pubs/eee/eee2015-04.pdf","https://scholar.google.com/scholar?q=related:r1vGqclhHdIJ:scholar.google.com/&scioq=duration+%22standard+error%22%7C%22standard+errors%22%7Cpbd%7C%22benefit+duration%22%7Cwba%7C%22weekly+benefit+amount%22%7C%22replacement+rate%22+%22unemployment+insurance%22&hl=en&as_sdt=0,5"
30,"YF Rebollo-Sanz…","When the Going Gets Tough… Financial Incentives, Duration of Unemployment, and Job-Match Quality",2020,"Journal of Human …","jhr.uwpress.org","http://jhr.uwpress.org/content/55/1/119.short","https://scholar.google.com/scholar?cites=10981986925940723905&as_sdt=2005&sciodt=0,5&hl=en",201,"2022-08-15 21:28:05","","","","",,,,,30,15.00,15,2,2,"… reform decreased unemployment insurance expenditures by … results to clustering the standard errors on the distinct values of … Unfortunately, we were unable to cluster standard errors on …","https://www.econstor.eu/bitstream/10419/145178/1/dp10044.pdf","https://scholar.google.com/scholar?q=related:wVCukOzaZ5gJ:scholar.google.com/&scioq=duration+%22standard+error%22%7C%22standard+errors%22%7Cpbd%7C%22benefit+duration%22%7Cwba%7C%22weekly+benefit+amount%22%7C%22replacement+rate%22+%22unemployment+insurance%22&hl=en&as_sdt=0,5"
4,"YK Shin, T Kemppainen, K Kuitto","Precarious Work, Unemployment Benefit Generosity and Universal Basic Income Preferences: A Multilevel Study on 21 European Countries",2021,"Journal of Social Policy","cambridge.org","https://www.cambridge.org/core/journals/journal-of-social-policy/article/precarious-work-unemploymentbenefit-generosity-and-universal-basic-income-preferences-a-multilevel-study-on-21-europeancountries/E53F5FA54F973530E7C76F772FF61C00","https://scholar.google.com/scholar?cites=12279020602348603489&as_sdt=2005&sciodt=0,5&hl=en",606,"2022-08-15 21:28:05","","","","",,,,,4,4.00,1,3,1,"… unemployment insurance benefits. The payment duration refers to the maximum benefit duration in each country, while the qualifying period indicates the minimum employment or …","https://helda.helsinki.fi/bitstream/handle/10138/328643/Shin_et_al_2020_JSP.pdf?sequence=1","https://scholar.google.com/scholar?q=related:YQixSC7YZ6oJ:scholar.google.com/&scioq=duration+%22standard+error%22%7C%22standard+errors%22%7Cpbd%7C%22benefit+duration%22%7Cwba%7C%22weekly+benefit+amount%22%7C%22replacement+rate%22+%22unemployment+insurance%22&hl=en&as_sdt=0,5"
11,"YL Chang","Unequal social protection under the federalist system: Three unemployment insurance approaches in the United States, 2007–2015",2020,"Journal of Social Policy","cambridge.org","https://www.cambridge.org/core/journals/journal-of-social-policy/article/unequal-social-protection-under-the-federalist-system-three-unemployment-insurance-approaches-in-the-united-states-20072015/C9DB6DB52DE5214B581006113A2D5E8F","https://scholar.google.com/scholar?cites=11811618371781821254&as_sdt=2005&sciodt=0,5&hl=en",170,"2022-08-15 21:28:05","","","","",,,,,11,5.50,11,1,2,"… Replacement rate was defined as the average weekly benefit amount as a percentage of … maximum duration as predictors of the recipiency rate while controlling for the reserve ratio and …","https://www.cambridge.org/core/services/aop-cambridge-core/content/view/C9DB6DB52DE5214B581006113A2D5E8F/S0047279419000217a.pdf/div-class-title-unequal-social-protection-under-the-federalist-system-three-unemployment-insurance-approaches-in-the-united-states-2007-2015-div.pdf","https://scholar.google.com/scholar?q=related:RoOIGFRM66MJ:scholar.google.com/&scioq=duration+%22standard+error%22%7C%22standard+errors%22%7Cpbd%7C%22benefit+duration%22%7Cwba%7C%22weekly+benefit+amount%22%7C%22replacement+rate%22+%22unemployment+insurance%22&hl=en&as_sdt=0,5"
3,"YR Sanz","Unemployment insurance and job turnover in Spain",2010,"","academia.edu","https://www.academia.edu/download/47503613/Unemployment_insurance_and_job_turnover_20160725-24183-134kraq.pdf","https://scholar.google.com/scholar?cites=18403657043623436995&as_sdt=2005&sciodt=0,5&hl=en",236,"2022-08-15 21:28:05","PDF","","","",,,,,3,0.25,3,1,12,"… relationships between the unemployment insurance system and the … embedded in the unemployment insurance system, depending … as affected first by the ER and then by the PBD. The …","https://www.academia.edu/download/47503613/Unemployment_insurance_and_job_turnover_20160725-24183-134kraq.pdf","https://scholar.google.com/scholar?q=related:w2JKDZPsZv8J:scholar.google.com/&scioq=duration+%22standard+error%22%7C%22standard+errors%22%7Cpbd%7C%22benefit+duration%22%7Cwba%7C%22weekly+benefit+amount%22%7C%22replacement+rate%22+%22unemployment+insurance%22&hl=en&as_sdt=0,5"
0,"YR Sanz","¿ Does the design of the Unemployment Insurance System increase labor market rotation in Spain?",,"","","","",747,"2022-08-15 21:28:05","CITATION","","","",,,,,0,0.00,0,1,,"","","https://scholar.google.com/scholar?q=related:ryr9Ktcp_asJ:scholar.google.com/&scioq=duration+%22standard+error%22%7C%22standard+errors%22%7Cpbd%7C%22benefit+duration%22%7Cwba%7C%22weekly+benefit+amount%22%7C%22replacement+rate%22+%22unemployment+insurance%22&hl=en&as_sdt=0,5"
0,"YR Sanz","WP ECON 10.08",,"upo.es","","http://www.upo.es/serv/bib/wps/econ1008R.pdf","",761,"2022-08-15 21:28:05","PDF","","","",,,,,0,0.00,0,1,,"… relationships between the unemployment insurance system and … embedded in the unemployment insurance system have a … to unemployment duration for a worker with a PBD of six …","http://www.upo.es/serv/bib/wps/econ1008R.pdf","https://scholar.google.com/scholar?q=related:bIWouRloPxkJ:scholar.google.com/&scioq=duration+%22standard+error%22%7C%22standard+errors%22%7Cpbd%7C%22benefit+duration%22%7Cwba%7C%22weekly+benefit+amount%22%7C%22replacement+rate%22+%22unemployment+insurance%22&hl=en&as_sdt=0,5"
59,"Z Lin","Employment insurance in Canada: Recent trends and policy changes",1998,"Can. Tax J.","HeinOnline","https://heinonline.org/hol-cgi-bin/get_pdf.cgi?handle=hein.journals/cdntj46&section=7","https://scholar.google.com/scholar?cites=8791863532989630117&as_sdt=2005&sciodt=0,5&hl=en",720,"2022-08-15 21:28:05","","","","",,,,,59,2.46,59,1,24,"… insurance (until 1997, unemployment insurance). It also … For the sake of consistency over time, our calculations of the … C-113 reduced the replacement rate for new claimants to 57 …","https://citeseerx.ist.psu.edu/viewdoc/download?doi=10.1.1.199.1203&rep=rep1&type=pdf","https://scholar.google.com/scholar?q=related:pcaOTU35AnoJ:scholar.google.com/&scioq=duration+%22standard+error%22%7C%22standard+errors%22%7Cpbd%7C%22benefit+duration%22%7Cwba%7C%22weekly+benefit+amount%22%7C%22replacement+rate%22+%22unemployment+insurance%22&hl=en&as_sdt=0,5"
4,"Z Xie","Changes in State Unemployment Insurance Rules during the COVID-19 Outbreak in the US",2020,"Atlanta Fed Policy Hub","papers.ssrn.com","https://papers.ssrn.com/sol3/papers.cfm?abstract_id=3586747","https://scholar.google.com/scholar?cites=4615682073521821017&as_sdt=2005&sciodt=0,5&hl=en",442,"2022-08-15 21:28:05","","","","",,,,,4,2.00,4,1,2,"… 1 In the US the unemployment insurance program is a “federal… “spend all of their available resources in every pay period.” … weekly benefit amount and the maximum benefit duration. …","https://mpra.ub.uni-muenchen.de/99915/8/MPRA_paper_99915.pdf","https://scholar.google.com/scholar?q=related:WRVoFGQyDkAJ:scholar.google.com/&scioq=duration+%22standard+error%22%7C%22standard+errors%22%7Cpbd%7C%22benefit+duration%22%7Cwba%7C%22weekly+benefit+amount%22%7C%22replacement+rate%22+%22unemployment+insurance%22&hl=en&as_sdt=0,5"
11,"Á Ábrahám, JB Sousa, R Marimon…","On the design of a European unemployment insurance system",2018,"Available at SSRN …","papers.ssrn.com","https://papers.ssrn.com/sol3/papers.cfm?abstract_id=4102732","https://scholar.google.com/scholar?cites=15220432416759177799&as_sdt=2005&sciodt=0,5&hl=en",245,"2022-08-15 21:28:05","","","","",,,,,11,2.75,3,4,4,"… At the same time, for the same reason, welfare gains are also … the tax burden of unemployment insurance when aggregate … the same duration of eligibility and the same replacement rate …","https://repositori.upf.edu/bitstream/handle/10230/35490/Ademu-WP-106-2018%20On%20the%20Design%20of%20a%20European%20Unemploy.pdf?sequence=1&isAllowed=y","https://scholar.google.com/scholar?q=related:R2LFSKTWOdMJ:scholar.google.com/&scioq=duration+%22standard+error%22%7C%22standard+errors%22%7Cpbd%7C%22benefit+duration%22%7Cwba%7C%22weekly+benefit+amount%22%7C%22replacement+rate%22+%22unemployment+insurance%22&hl=en&as_sdt=0,5"
9,"Á Ábrahám, JB de Sousa, R Marimon, L Mayr","On the design of a european unemployment insurance mechanism",2017,"Draft, European University …","eui.eu","https://www.eui.eu/Documents/DepartmentsCentres/Economics/Researchandteaching/Conferences/ADEMUWorkshopMay2016/ADEMU-Workshop-Presentations/Brogueira-de-Sousa.pdf","https://scholar.google.com/scholar?cites=16871703191086947431&as_sdt=2005&sciodt=0,5&hl=en",503,"2022-08-15 21:28:05","PDF","","","",,,,,9,1.80,2,4,5,"… delivery of unemployment insurance very difficult in countries under economic distress. … • UI financed by a tax on employed agents and it is parametrized with a replacement rate b0 …","https://www.eui.eu/Documents/DepartmentsCentres/Economics/Researchandteaching/Conferences/ADEMUWorkshopMay2016/ADEMU-Workshop-Presentations/Brogueira-de-Sousa.pdf","https://scholar.google.com/scholar?q=related:Z9yPhKlUJOoJ:scholar.google.com/&scioq=duration+%22standard+error%22%7C%22standard+errors%22%7Cpbd%7C%22benefit+duration%22%7Cwba%7C%22weekly+benefit+amount%22%7C%22replacement+rate%22+%22unemployment+insurance%22&hl=en&as_sdt=0,5"
2,"É Farvaque, F Huart","Drowned by Numbers?: Designing an EU-wide Unemployment Insurance",2016,"","ofce.sciences-po.fr","https://www.ofce.sciences-po.fr/pdf-articles/actu/Farvaque-Huart-EA-Unemployment-Insurance-151118.pdf","https://scholar.google.com/scholar?cites=11863661482096355319&as_sdt=2005&sciodt=0,5&hl=en",715,"2022-08-15 21:28:05","BOOK","","","",,,,,2,0.33,1,2,6,"… from the EU unemployment insurance scheme at all time (ie … Most of the time, the duration of benefits is one year, the … across countries, namely the replacement rate (RR). We take the …","https://www.ofce.sciences-po.fr/pdf-articles/actu/Farvaque-Huart-EA-Unemployment-Insurance-151118.pdf","https://scholar.google.com/scholar?q=related:92fW90IxpKQJ:scholar.google.com/&scioq=duration+%22standard+error%22%7C%22standard+errors%22%7Cpbd%7C%22benefit+duration%22%7Cwba%7C%22weekly+benefit+amount%22%7C%22replacement+rate%22+%22unemployment+insurance%22&hl=en&as_sdt=0,5"
20,"ŞN Akın, BC Platt","Running out of time: Limited unemployment benefits and reservation wages",2012,"Review of Economic Dynamics","Elsevier","https://www.sciencedirect.com/science/article/pii/S109420251100024X","https://scholar.google.com/scholar?cites=1037719359839682809&as_sdt=2005&sciodt=0,5&hl=en",429,"2022-08-15 21:28:05","","","","",,,,,20,2.00,10,2,10,"… benefit duration Wage dispersion Equilibrium search Hazard rates We study unemployment insurance … only receive benefits for a finite length of time. Although all workers have identical …","","https://scholar.google.com/scholar?q=related:-UDKe0K4Zg4J:scholar.google.com/&scioq=duration+%22standard+error%22%7C%22standard+errors%22%7Cpbd%7C%22benefit+duration%22%7Cwba%7C%22weekly+benefit+amount%22%7C%22replacement+rate%22+%22unemployment+insurance%22&hl=en&as_sdt=0,5"
61,"Š Jurajda","Estimating the effect of unemployment insurance compensation on the labor market histories of displaced workers",2002,"Journal of Econometrics","Elsevier","https://www.sciencedirect.com/science/article/pii/S030440760100135X","https://scholar.google.com/scholar?cites=9929527221887111698&as_sdt=2005&sciodt=0,5&hl=en",861,"2022-08-15 21:28:05","","","","",,,,,61,3.05,61,1,20,"… the effect of unemployment insurance compensation (UIC) on duration of unemployment, … Note that the standard errors reported in this paper correspond to the maximum number of …","https://www.econstor.eu/bitstream/10419/21147/1/dp294.pdf","https://scholar.google.com/scholar?q=related:EhInQGbEzIkJ:scholar.google.com/&scioq=duration+%22standard+error%22%7C%22standard+errors%22%7Cpbd%7C%22benefit+duration%22%7Cwba%7C%22weekly+benefit+amount%22%7C%22replacement+rate%22+%22unemployment+insurance%22&hl=en&as_sdt=0,5"
16,"Š Jurajda","Recalls and unemployment insurance taxes",2004,"Applied Economics Letters","Taylor & Francis","https://www.tandfonline.com/doi/abs/10.1080/1350485042000238861","https://scholar.google.com/scholar?cites=7554052750266567594&as_sdt=2005&sciodt=0,5&hl=en",943,"2022-08-15 21:28:05","","10.1080/1350485042000238861","","",,,,,16,0.89,16,1,18,"… duration of unemployment. This article finds some evidence that higher layoff tax costs shorten the duration of … MTC with the weekly UI benefit amount (WBA) – the actual weekly tax cost. …","https://www.researchgate.net/profile/Stepan-Jurajda/publication/24067964_Recalls_and_unemployment_insurance_taxes/links/0912f50f5146a6f818000000/Recalls-and-unemployment-insurance-taxes.pdf","https://scholar.google.com/scholar?q=related:qoszCvRi1WgJ:scholar.google.com/&scioq=duration+%22standard+error%22%7C%22standard+errors%22%7Cpbd%7C%22benefit+duration%22%7Cwba%7C%22weekly+benefit+amount%22%7C%22replacement+rate%22+%22unemployment+insurance%22&hl=en&as_sdt=0,5"
70,"Š Jurajda, FJ Tannery","Unemployment durations and extended unemployment benefits in local labor markets",2003,"ILR Review","journals.sagepub.com","https://journals.sagepub.com/doi/abs/10.1177/001979390305600207","https://scholar.google.com/scholar?cites=17358423521215731637&as_sdt=2005&sciodt=0,5&hl=en",812,"2022-08-15 21:28:05","","10.1177/001979390305600207","","",,,,,70,3.68,35,2,19,"… (UI) entitlement leads to longer unemployment duration. Most of those … in the maximum benefit duration coming from extended … We measure the effect of unemployment insurance on …","http://home.cerge-ei.cz/jurajda/ilrr.pdf","https://scholar.google.com/scholar?q=related:tVfZQjmC5fAJ:scholar.google.com/&scioq=duration+%22standard+error%22%7C%22standard+errors%22%7Cpbd%7C%22benefit+duration%22%7Cwba%7C%22weekly+benefit+amount%22%7C%22replacement+rate%22+%22unemployment+insurance%22&hl=en&as_sdt=0,5"
